#include <lvgl.h>

static const uint8_t background_map[] = {
    0x64, 0x10, 0x64, 0x10, 0x64, 0x10, 0x64, 0x10, 0x64, 0x10, 0x64, 0x10, 0x64, 0x10, 0x64, 0x10, 0x64, 0x10, 0x64, 0x10, 0x64, 0x10, 0x64, 0x10, 0x64, 0x10, 0x64, 0x10, 0x64, 0x10, 0x64, 0x10,
    0x64, 0x10, 0x64, 0x10, 0x64, 0x10, 0x64, 0x10, 0x64, 0x10, 0x64, 0x10, 0x64, 0x10, 0x64, 0x10, 0x64, 0x10, 0x64, 0x10, 0x64, 0x10, 0x64, 0x10, 0x64, 0x10, 0x64, 0x10, 0x64, 0x10, 0x64, 0x10,
    0x64, 0x10, 0x64, 0x10, 0x64, 0x10, 0x64, 0x10, 0x64, 0x10, 0x64, 0x10, 0x64, 0x10, 0x64, 0x10, 0x64, 0x10, 0x64, 0x10, 0x64, 0x10, 0x64, 0x10, 0x64, 0x10, 0x64, 0x10, 0x64, 0x10, 0x64, 0x10,
    0x64, 0x10, 0x64, 0x10, 0x64, 0x10, 0x64, 0x10, 0x64, 0x10, 0x64, 0x10, 0x64, 0x10, 0x64, 0x10, 0x64, 0x10, 0x64, 0x10, 0x64, 0x10, 0x64, 0x10, 0x64, 0x10, 0x64, 0x10, 0x64, 0x10, 0x64, 0x10,
    0x64, 0x10, 0x64, 0x10, 0x64, 0x10, 0x64, 0x10, 0x64, 0x10, 0x64, 0x10, 0x64, 0x10, 0x64, 0x10, 0x64, 0x10, 0x64, 0x10, 0x64, 0x10, 0x64, 0x10, 0x64, 0x10, 0x64, 0x10, 0x64, 0x10, 0x64, 0x10,
    0x64, 0x10, 0x64, 0x10, 0x64, 0x10, 0x64, 0x10, 0x64, 0x10, 0x64, 0x10, 0x64, 0x10, 0x64, 0x10, 0x64, 0x10, 0x64, 0x10, 0x64, 0x10, 0x64, 0x10, 0x64, 0x10, 0x64, 0x10, 0x64, 0x10, 0x64, 0x10,
    0x64, 0x10, 0x64, 0x10, 0x64, 0x10, 0x64, 0x10, 0x64, 0x10, 0x64, 0x10, 0x64, 0x10, 0x64, 0x10, 0x64, 0x10, 0x64, 0x10, 0x64, 0x10, 0x64, 0x10, 0x64, 0x10, 0x64, 0x10, 0x64, 0x10, 0x64, 0x10,
    0x64, 0x10, 0x64, 0x10, 0x64, 0x10, 0x64, 0x10, 0x64, 0x10, 0x64, 0x10, 0x64, 0x10, 0x64, 0x10, 0x64, 0x10, 0x64, 0x10, 0x64, 0x10, 0x64, 0x10, 0x64, 0x10, 0x64, 0x10, 0x64, 0x10, 0x64, 0x10,
    0x64, 0x10, 0x64, 0x10, 0x64, 0x10, 0x64, 0x10, 0x64, 0x10, 0x64, 0x10, 0x64, 0x10, 0x64, 0x10, 0x64, 0x10, 0x64, 0x10, 0x64, 0x10, 0x64, 0x10, 0x64, 0x10, 0x64, 0x10, 0x64, 0x10, 0x64, 0x10,
    0x64, 0x10, 0x64, 0x10, 0x64, 0x10, 0x64, 0x10, 0x64, 0x10, 0x64, 0x10, 0x64, 0x10, 0x64, 0x10, 0x64, 0x10, 0x64, 0x10, 0x64, 0x10, 0x64, 0x10, 0x64, 0x10, 0x64, 0x10, 0x64, 0x10, 0x64, 0x10,
    0x64, 0x10, 0x64, 0x10, 0x64, 0x10, 0x64, 0x10, 0x64, 0x10, 0x64, 0x10, 0x64, 0x10, 0x64, 0x10, 0x64, 0x10, 0x64, 0x10, 0x64, 0x10, 0x64, 0x10, 0x64, 0x10, 0x64, 0x10, 0x64, 0x10, 0x64, 0x10,
    0x64, 0x10, 0x64, 0x10, 0x64, 0x10, 0x64, 0x10, 0x64, 0x10, 0x64, 0x10, 0x64, 0x10, 0x64, 0x10, 0x64, 0x10, 0x64, 0x10, 0x64, 0x10, 0x64, 0x10, 0x64, 0x10, 0x64, 0x10, 0x64, 0x10, 0x64, 0x10,
    0x64, 0x10, 0x64, 0x10, 0x64, 0x10, 0x64, 0x10, 0x64, 0x10, 0x64, 0x10, 0x64, 0x10, 0x64, 0x10, 0x64, 0x10, 0x64, 0x10, 0x64, 0x10, 0x64, 0x10, 0x64, 0x10, 0x64, 0x10, 0x64, 0x10, 0x64, 0x10,
    0x64, 0x10, 0x64, 0x10, 0x64, 0x10, 0x64, 0x10, 0x64, 0x10, 0x64, 0x10, 0x64, 0x10, 0x64, 0x10, 0x64, 0x10, 0x64, 0x10, 0x64, 0x10, 0x64, 0x10, 0x64, 0x10, 0x64, 0x10, 0x64, 0x10, 0x64, 0x10,
    0x64, 0x10, 0x64, 0x10, 0x64, 0x10, 0x64, 0x10, 0x64, 0x10, 0x64, 0x10, 0x64, 0x10, 0x64, 0x10, 0x64, 0x10, 0x64, 0x10, 0x64, 0x10, 0x64, 0x10, 0x64, 0x10, 0x64, 0x10, 0x64, 0x10, 0x64, 0x10,
    0x64, 0x10, 0x64, 0x10, 0x64, 0x10, 0x64, 0x10, 0x64, 0x10, 0x64, 0x10, 0x64, 0x10, 0x64, 0x10, 0x64, 0x10, 0x64, 0x10, 0x64, 0x10, 0x64, 0x10, 0x64, 0x10, 0x64, 0x10, 0x64, 0x10, 0x64, 0x10,
    0x64, 0x10, 0x64, 0x10, 0x64, 0x10, 0x64, 0x10, 0x64, 0x10, 0x64, 0x10, 0x64, 0x10, 0x64, 0x10, 0x64, 0x10, 0x64, 0x10, 0x64, 0x10, 0x64, 0x10, 0x64, 0x10, 0x64, 0x10, 0x64, 0x10, 0x64, 0x10,
    0x64, 0x10, 0x64, 0x10, 0x64, 0x10, 0x64, 0x10, 0x64, 0x10, 0x64, 0x10, 0x64, 0x10, 0x64, 0x10, 0x64, 0x10, 0x64, 0x10, 0x64, 0x10, 0x64, 0x10, 0x64, 0x10, 0x64, 0x10, 0x64, 0x10, 0x64, 0x10,
    0x64, 0x10, 0x64, 0x10, 0x64, 0x10, 0x64, 0x10, 0x64, 0x10, 0x64, 0x10, 0x64, 0x10, 0x64, 0x10, 0x64, 0x10, 0x64, 0x10, 0x64, 0x10, 0x64, 0x10, 0x64, 0x10, 0x64, 0x10, 0x64, 0x10, 0x64, 0x10,
    0x64, 0x10, 0x64, 0x10, 0x64, 0x10, 0x64, 0x10, 0x64, 0x10, 0x64, 0x10, 0x64, 0x10, 0x64, 0x10, 0x64, 0x10, 0x64, 0x10, 0x64, 0x10, 0x64, 0x10, 0x64, 0x10, 0x64, 0x10, 0x64, 0x10, 0x64, 0x10,
    0x64, 0x10, 0x64, 0x10, 0x64, 0x10, 0x64, 0x10, 0x64, 0x10, 0x64, 0x10, 0x64, 0x10, 0x64, 0x10, 0x64, 0x10, 0x64, 0x10, 0x64, 0x10, 0x64, 0x10, 0x64, 0x10, 0x64, 0x10, 0x64, 0x10, 0x64, 0x10,
    0x64, 0x10, 0x64, 0x10, 0x64, 0x10, 0x64, 0x10, 0x64, 0x10, 0x64, 0x10, 0x64, 0x10, 0x64, 0x10, 0x64, 0x10, 0x64, 0x10, 0x64, 0x10, 0x64, 0x10, 0x64, 0x10, 0x64, 0x10, 0x64, 0x10, 0x64, 0x10,
    0x64, 0x10, 0x64, 0x10, 0x64, 0x10, 0x64, 0x10, 0x64, 0x10, 0x64, 0x10, 0x64, 0x10, 0x64, 0x10, 0x64, 0x10, 0x64, 0x10, 0x64, 0x10, 0x64, 0x10, 0x64, 0x10, 0x64, 0x10, 0x64, 0x10, 0x64, 0x10,
    0x64, 0x10, 0x64, 0x10, 0x64, 0x10, 0x64, 0x10, 0x64, 0x10, 0x64, 0x10, 0x64, 0x10, 0x64, 0x10, 0x64, 0x10, 0x64, 0x10, 0x64, 0x10, 0x64, 0x10, 0x64, 0x10, 0x64, 0x10, 0x64, 0x10, 0x64, 0x10,
    0x64, 0x10, 0x64, 0x10, 0x64, 0x10, 0x64, 0x10, 0x64, 0x10, 0x64, 0x10, 0x64, 0x10, 0x64, 0x10, 0x64, 0x10, 0x64, 0x10, 0x64, 0x10, 0x64, 0x10, 0x64, 0x10, 0x64, 0x10, 0x64, 0x10, 0x64, 0x10,
    0x64, 0x10, 0x64, 0x10, 0x64, 0x10, 0x64, 0x10, 0x64, 0x10, 0x64, 0x10, 0x64, 0x10, 0x64, 0x10, 0x64, 0x10, 0x64, 0x10, 0x64, 0x10, 0x64, 0x10, 0x64, 0x10, 0x64, 0x10, 0x64, 0x10, 0x64, 0x10,
    0x64, 0x10, 0x64, 0x10, 0x64, 0x10, 0x64, 0x10, 0x64, 0x10, 0x64, 0x10, 0x64, 0x10, 0x64, 0x10, 0x64, 0x10, 0x64, 0x10, 0x64, 0x10, 0x64, 0x10, 0x64, 0x10, 0x64, 0x10, 0x64, 0x10, 0x64, 0x10,
    0x64, 0x10, 0x64, 0x10, 0x64, 0x10, 0x64, 0x10, 0x64, 0x10, 0x64, 0x10, 0x64, 0x10, 0x64, 0x10, 0x64, 0x10, 0x64, 0x10, 0x64, 0x10, 0x64, 0x10, 0x64, 0x10, 0x64, 0x10, 0x64, 0x10, 0x64, 0x10,
    0x64, 0x10, 0x64, 0x10, 0x64, 0x10, 0x64, 0x10, 0x64, 0x10, 0x64, 0x10, 0x64, 0x10, 0x64, 0x10, 0x64, 0x10, 0x64, 0x10, 0x64, 0x10, 0x64, 0x10, 0x64, 0x10, 0x64, 0x10, 0x64, 0x10, 0x64, 0x10,
    0x64, 0x10, 0x64, 0x10, 0x64, 0x10, 0x64, 0x10, 0x64, 0x10, 0x64, 0x10, 0x64, 0x10, 0x64, 0x10, 0x64, 0x10, 0x64, 0x10, 0x64, 0x10, 0x64, 0x10, 0x64, 0x10, 0x64, 0x10, 0x64, 0x10, 0x64, 0x10,
    0x64, 0x10, 0x64, 0x10, 0x64, 0x10, 0x64, 0x10, 0x64, 0x10, 0x64, 0x10, 0x64, 0x10, 0x64, 0x10, 0x64, 0x10, 0x64, 0x10, 0x64, 0x10, 0x64, 0x10, 0x64, 0x10, 0x64, 0x10, 0x64, 0x10, 0x64, 0x10,
    0x64, 0x10, 0x64, 0x10, 0x64, 0x10, 0x64, 0x10, 0x64, 0x10, 0x64, 0x10, 0x64, 0x10, 0x64, 0x10, 0x64, 0x10, 0x64, 0x10, 0x64, 0x10, 0x64, 0x10, 0x64, 0x10, 0x64, 0x10, 0x64, 0x10, 0x64, 0x10,
    0x64, 0x10, 0x64, 0x10, 0x64, 0x10, 0x64, 0x10, 0x64, 0x10, 0x64, 0x10, 0x64, 0x10, 0x64, 0x10, 0x64, 0x10, 0x64, 0x10, 0x64, 0x10, 0x64, 0x10, 0x64, 0x10, 0x64, 0x10, 0x64, 0x10, 0x64, 0x10,
    0x64, 0x10, 0x64, 0x10, 0x64, 0x10, 0x64, 0x10, 0x64, 0x10, 0x64, 0x10, 0x64, 0x10, 0x64, 0x10, 0x64, 0x10, 0x64, 0x10, 0x64, 0x10, 0x64, 0x10, 0x64, 0x10, 0x64, 0x10, 0x64, 0x10, 0x64, 0x10,
    0x64, 0x10, 0x64, 0x10, 0x64, 0x10, 0x64, 0x10, 0x64, 0x10, 0x64, 0x10, 0x64, 0x10, 0x64, 0x10, 0x64, 0x10, 0x64, 0x10, 0x64, 0x10, 0x64, 0x10, 0x64, 0x10, 0x64, 0x10, 0x64, 0x10, 0x64, 0x10,
    0x64, 0x10, 0x64, 0x10, 0x64, 0x10, 0x64, 0x10, 0x64, 0x10, 0x64, 0x10, 0x64, 0x10, 0x64, 0x10, 0x64, 0x10, 0x64, 0x10, 0x64, 0x10, 0x64, 0x10, 0x64, 0x10, 0x64, 0x10, 0x64, 0x10, 0x64, 0x10,
    0x64, 0x10, 0x64, 0x10, 0x64, 0x10, 0x64, 0x10, 0x64, 0x10, 0x64, 0x10, 0x64, 0x10, 0x64, 0x10, 0x64, 0x10, 0x64, 0x10, 0x64, 0x10, 0x64, 0x10, 0x64, 0x10, 0x64, 0x10, 0x64, 0x10, 0x64, 0x10,
    0x64, 0x10, 0x64, 0x10, 0x64, 0x10, 0x64, 0x10, 0x64, 0x10, 0x64, 0x10, 0x64, 0x10, 0x64, 0x10, 0x64, 0x10, 0x64, 0x10, 0x64, 0x10, 0x64, 0x10, 0x64, 0x10, 0x64, 0x10, 0x64, 0x10, 0x64, 0x10,
    0x64, 0x10, 0x64, 0x10, 0x64, 0x10, 0x64, 0x10, 0x64, 0x10, 0x64, 0x10, 0x64, 0x10, 0x64, 0x10, 0x64, 0x10, 0x64, 0x10, 0x64, 0x10, 0x64, 0x10, 0x64, 0x10, 0x64, 0x10, 0x64, 0x10, 0x64, 0x10,
    0x64, 0x10, 0x64, 0x10, 0x64, 0x10, 0x64, 0x10, 0x64, 0x10, 0x64, 0x10, 0x64, 0x10, 0x64, 0x10, 0x64, 0x10, 0x64, 0x10, 0x64, 0x10, 0x64, 0x10, 0x64, 0x10, 0x64, 0x10, 0x64, 0x10, 0x64, 0x10,
    0x64, 0x10, 0x64, 0x10, 0x64, 0x10, 0x64, 0x10, 0x64, 0x10, 0x64, 0x10, 0x64, 0x10, 0x64, 0x10, 0x64, 0x10, 0x64, 0x10, 0x64, 0x10, 0x64, 0x10, 0x64, 0x10, 0x64, 0x10, 0x64, 0x10, 0x64, 0x10,
    0x64, 0x10, 0x64, 0x10, 0x64, 0x10, 0x64, 0x10, 0x64, 0x10, 0x64, 0x10, 0x64, 0x10, 0x64, 0x10, 0x64, 0x10, 0x64, 0x10, 0x64, 0x10, 0x64, 0x10, 0x64, 0x10, 0x64, 0x10, 0x64, 0x10, 0x64, 0x10,
    0x64, 0x10, 0x64, 0x10, 0x64, 0x10, 0x64, 0x10, 0x64, 0x10, 0x64, 0x10, 0x64, 0x10, 0x64, 0x10, 0x64, 0x10, 0x64, 0x10, 0x64, 0x10, 0x64, 0x10, 0x64, 0x10, 0x64, 0x10, 0x64, 0x10, 0x64, 0x10,
    0x64, 0x10, 0x64, 0x10, 0x64, 0x10, 0x64, 0x10, 0x64, 0x10, 0x64, 0x10, 0x64, 0x10, 0x64, 0x10, 0x64, 0x10, 0x64, 0x10, 0x64, 0x10, 0x64, 0x10, 0x64, 0x10, 0x64, 0x10, 0x64, 0x10, 0x64, 0x10,
    0x64, 0x10, 0x64, 0x10, 0x64, 0x10, 0x64, 0x10, 0x64, 0x10, 0x64, 0x10, 0x64, 0x10, 0x64, 0x10, 0x64, 0x10, 0x64, 0x10, 0x64, 0x10, 0x64, 0x10, 0x64, 0x10, 0x64, 0x10, 0x64, 0x10, 0x64, 0x10,
    0x64, 0x10, 0x64, 0x10, 0x64, 0x10, 0x64, 0x10, 0x64, 0x10, 0x64, 0x10, 0x64, 0x10, 0x64, 0x10, 0x64, 0x10, 0x64, 0x10, 0x64, 0x10, 0x64, 0x10, 0x64, 0x10, 0x64, 0x10, 0x64, 0x10, 0x64, 0x10,
    0x64, 0x10, 0x64, 0x10, 0x64, 0x10, 0x64, 0x10, 0x64, 0x10, 0x64, 0x10, 0x64, 0x10, 0x64, 0x10, 0x64, 0x10, 0x64, 0x10, 0x64, 0x10, 0x64, 0x10, 0x64, 0x10, 0x64, 0x10, 0x64, 0x10, 0x64, 0x10,
    0x64, 0x10, 0x64, 0x10, 0x64, 0x10, 0x64, 0x10, 0x64, 0x10, 0x64, 0x10, 0x64, 0x10, 0x64, 0x10, 0x64, 0x10, 0x64, 0x10, 0x64, 0x10, 0x64, 0x10, 0x64, 0x10, 0x64, 0x10, 0x64, 0x10, 0x64, 0x10,
    0x64, 0x10, 0x64, 0x10, 0x64, 0x10, 0x64, 0x10, 0x64, 0x10, 0x64, 0x10, 0x64, 0x10, 0x64, 0x10, 0x64, 0x10, 0x64, 0x10, 0x64, 0x10, 0x64, 0x10, 0x64, 0x10, 0x64, 0x10, 0x64, 0x10, 0x64, 0x10,
    0x64, 0x10, 0x64, 0x10, 0x64, 0x10, 0x64, 0x10, 0x64, 0x10, 0x64, 0x10, 0x64, 0x10, 0x64, 0x10, 0x64, 0x10, 0x64, 0x10, 0x64, 0x10, 0x64, 0x10, 0x64, 0x10, 0x64, 0x10, 0x64, 0x10, 0x64, 0x10,
    0x64, 0x10, 0x64, 0x10, 0x64, 0x10, 0x64, 0x10, 0x64, 0x10, 0x64, 0x10, 0x64, 0x10, 0x64, 0x10, 0x64, 0x10, 0x64, 0x10, 0x64, 0x10, 0x64, 0x10, 0x64, 0x10, 0x64, 0x10, 0x64, 0x10, 0x64, 0x10,
    0x64, 0x10, 0x64, 0x10, 0x64, 0x10, 0x64, 0x10, 0x64, 0x10, 0x64, 0x10, 0x64, 0x10, 0x64, 0x10, 0x64, 0x10, 0x64, 0x10, 0x64, 0x10, 0x64, 0x10, 0x64, 0x10, 0x64, 0x10, 0x64, 0x10, 0x64, 0x10,
    0x64, 0x10, 0x64, 0x10, 0x64, 0x10, 0x64, 0x10, 0x64, 0x10, 0x64, 0x10, 0x64, 0x10, 0x64, 0x10, 0x64, 0x10, 0x64, 0x10, 0x64, 0x10, 0x64, 0x10, 0x64, 0x10, 0x64, 0x10, 0x64, 0x10, 0x64, 0x10,
    0x64, 0x10, 0x64, 0x10, 0x64, 0x10, 0x64, 0x10, 0x64, 0x10, 0x64, 0x10, 0x64, 0x10, 0x64, 0x10, 0x64, 0x10, 0x64, 0x10, 0x64, 0x10, 0x64, 0x10, 0x64, 0x10, 0x64, 0x10, 0x64, 0x10, 0x64, 0x10,
    0x64, 0x10, 0x64, 0x10, 0x64, 0x10, 0x64, 0x10, 0x64, 0x10, 0x64, 0x10, 0x64, 0x10, 0x64, 0x10, 0x64, 0x10, 0x64, 0x10, 0x64, 0x10, 0x64, 0x10, 0x64, 0x10, 0x64, 0x10, 0x64, 0x10, 0x64, 0x10,
    0x64, 0x10, 0x64, 0x10, 0x64, 0x10, 0x64, 0x10, 0x64, 0x10, 0x64, 0x10, 0x64, 0x10, 0x64, 0x10, 0x64, 0x10, 0x64, 0x10, 0x64, 0x10, 0x64, 0x10, 0x64, 0x10, 0x64, 0x10, 0x64, 0x10, 0x64, 0x10,
    0x64, 0x10, 0x64, 0x10, 0x64, 0x10, 0x64, 0x10, 0x64, 0x10, 0x64, 0x10, 0x64, 0x10, 0x64, 0x10, 0x64, 0x10, 0x64, 0x10, 0x64, 0x10, 0x64, 0x10, 0x64, 0x10, 0x64, 0x10, 0x64, 0x10, 0x64, 0x10,
    0x64, 0x10, 0x64, 0x10, 0x64, 0x10, 0x64, 0x10, 0x64, 0x10, 0x64, 0x10, 0x64, 0x10, 0x64, 0x10, 0x64, 0x10, 0x64, 0x10, 0x64, 0x10, 0x64, 0x10, 0x64, 0x10, 0x64, 0x10, 0x64, 0x10, 0x64, 0x10,
    0x64, 0x10, 0x64, 0x10, 0x64, 0x10, 0x64, 0x10, 0x64, 0x10, 0x64, 0x10, 0x64, 0x10, 0x64, 0x10, 0x64, 0x10, 0x64, 0x10, 0x64, 0x10, 0x64, 0x10, 0x64, 0x10, 0x64, 0x10, 0x64, 0x10, 0x64, 0x10,
    0x64, 0x10, 0x64, 0x10, 0x64, 0x10, 0x64, 0x10, 0x64, 0x10, 0x64, 0x10, 0x64, 0x10, 0x64, 0x10, 0x64, 0x10, 0x64, 0x10, 0x64, 0x10, 0x64, 0x10, 0x64, 0x10, 0x64, 0x10, 0x64, 0x10, 0x64, 0x10,
    0x64, 0x10, 0x64, 0x10, 0x64, 0x10, 0x64, 0x10, 0x64, 0x10, 0x64, 0x10, 0x64, 0x10, 0x64, 0x10, 0x64, 0x10, 0x64, 0x10, 0x64, 0x10, 0x64, 0x10, 0x64, 0x10, 0x64, 0x10, 0x64, 0x10, 0x64, 0x10,
    0x64, 0x10, 0x64, 0x10, 0x64, 0x10, 0x64, 0x10, 0x64, 0x10, 0x64, 0x10, 0x64, 0x10, 0x64, 0x10, 0x64, 0x10, 0x64, 0x10, 0x64, 0x10, 0x64, 0x10, 0x64, 0x10, 0x64, 0x10, 0x64, 0x10, 0x64, 0x10,
    0x64, 0x10, 0x64, 0x10, 0x64, 0x10, 0x64, 0x10, 0x64, 0x10, 0x64, 0x10, 0x64, 0x10, 0x64, 0x10, 0x64, 0x10, 0x64, 0x10, 0x64, 0x10, 0x64, 0x10, 0x64, 0x10, 0x64, 0x10, 0x64, 0x10, 0x64, 0x10,
    0x64, 0x10, 0x64, 0x10, 0x64, 0x10, 0x64, 0x10, 0x64, 0x10, 0x64, 0x10, 0x64, 0x10, 0x64, 0x10, 0x64, 0x10, 0x64, 0x10, 0x64, 0x10, 0x64, 0x10, 0x64, 0x10, 0x64, 0x10, 0x64, 0x10, 0x64, 0x10,
    0x64, 0x10, 0x64, 0x10, 0x64, 0x10, 0x64, 0x10, 0x64, 0x10, 0x64, 0x10, 0x64, 0x10, 0x64, 0x10, 0x64, 0x10, 0x64, 0x10, 0x64, 0x10, 0x64, 0x10, 0x64, 0x10, 0x64, 0x10, 0x64, 0x10, 0x64, 0x10,
    0x64, 0x10, 0x64, 0x10, 0x64, 0x10, 0x64, 0x10, 0x64, 0x10, 0x64, 0x10, 0x64, 0x10, 0x64, 0x10, 0x64, 0x10, 0x64, 0x10, 0x64, 0x10, 0x64, 0x10, 0x64, 0x10, 0x64, 0x10, 0x64, 0x10, 0x64, 0x10,
    0x64, 0x10, 0x64, 0x10, 0x64, 0x10, 0x64, 0x10, 0x64, 0x10, 0x64, 0x10, 0x64, 0x10, 0x64, 0x10, 0x64, 0x10, 0x64, 0x10, 0x64, 0x10, 0x64, 0x10, 0x64, 0x10, 0x64, 0x10, 0x64, 0x10, 0x64, 0x10,
    0x64, 0x10, 0x64, 0x10, 0x64, 0x10, 0x64, 0x10, 0x64, 0x10, 0x64, 0x10, 0x64, 0x10, 0x64, 0x10, 0x64, 0x10, 0x64, 0x10, 0x64, 0x10, 0x64, 0x10, 0x64, 0x10, 0x64, 0x10, 0x64, 0x10, 0x64, 0x10,
    0x64, 0x10, 0x64, 0x10, 0x64, 0x10, 0x64, 0x10, 0x64, 0x10, 0x64, 0x10, 0x64, 0x10, 0x64, 0x10, 0x64, 0x10, 0x64, 0x10, 0x64, 0x10, 0x64, 0x10, 0x64, 0x10, 0x64, 0x10, 0x64, 0x10, 0x64, 0x10,
    0x64, 0x10, 0x64, 0x10, 0x64, 0x10, 0x64, 0x10, 0x64, 0x10, 0x64, 0x10, 0x64, 0x10, 0x64, 0x10, 0x64, 0x10, 0x64, 0x10, 0x64, 0x10, 0x64, 0x10, 0x64, 0x10, 0x64, 0x10, 0x64, 0x10, 0x64, 0x10,
    0x64, 0x10, 0x64, 0x10, 0x64, 0x10, 0x64, 0x10, 0x64, 0x10, 0x64, 0x10, 0x64, 0x10, 0x64, 0x10, 0x64, 0x10, 0x64, 0x10, 0x64, 0x10, 0x64, 0x10, 0x64, 0x10, 0x64, 0x10, 0x64, 0x10, 0x64, 0x10,
    0x64, 0x10, 0x64, 0x10, 0x64, 0x10, 0x64, 0x10, 0x64, 0x10, 0x64, 0x10, 0x64, 0x10, 0x64, 0x10, 0x64, 0x10, 0x64, 0x10, 0x64, 0x10, 0x64, 0x10, 0x64, 0x10, 0x64, 0x10, 0x64, 0x10, 0x64, 0x10,
    0x64, 0x10, 0x64, 0x10, 0x64, 0x10, 0x64, 0x10, 0x64, 0x10, 0x64, 0x10, 0x64, 0x10, 0x64, 0x10, 0x64, 0x10, 0x64, 0x10, 0x64, 0x10, 0x64, 0x10, 0x64, 0x10, 0x64, 0x10, 0x64, 0x10, 0x64, 0x10,
    0x64, 0x10, 0x64, 0x10, 0x64, 0x10, 0x64, 0x10, 0x64, 0x10, 0x64, 0x10, 0x64, 0x10, 0x64, 0x10, 0x64, 0x10, 0x64, 0x10, 0x64, 0x10, 0x64, 0x10, 0x64, 0x10, 0x64, 0x10, 0x64, 0x10, 0x64, 0x10,
    0x64, 0x10, 0x64, 0x10, 0x64, 0x10, 0x64, 0x10, 0x64, 0x10, 0x64, 0x10, 0x64, 0x10, 0x64, 0x10, 0x64, 0x10, 0x64, 0x10, 0x64, 0x10, 0x64, 0x10, 0x64, 0x10, 0x64, 0x10, 0x64, 0x10, 0x64, 0x10,
    0x64, 0x10, 0x64, 0x10, 0x64, 0x10, 0x64, 0x10, 0x64, 0x10, 0x64, 0x10, 0x64, 0x10, 0x64, 0x10, 0x64, 0x10, 0x64, 0x10, 0x64, 0x10, 0x64, 0x10, 0x64, 0x10, 0x64, 0x10, 0x64, 0x10, 0x64, 0x10,
    0x64, 0x10, 0x64, 0x10, 0x64, 0x10, 0x64, 0x10, 0x64, 0x10, 0x64, 0x10, 0x64, 0x10, 0x64, 0x10, 0x64, 0x10, 0x64, 0x10, 0x64, 0x10, 0x64, 0x10, 0x64, 0x10, 0x64, 0x10, 0x64, 0x10, 0x64, 0x10,
    0x64, 0x10, 0x64, 0x10, 0x64, 0x10, 0x64, 0x10, 0x64, 0x10, 0x64, 0x10, 0x64, 0x10, 0x64, 0x10, 0x64, 0x10, 0x64, 0x10, 0x64, 0x10, 0x64, 0x10, 0x64, 0x10, 0x64, 0x10, 0x64, 0x10, 0x64, 0x10,
    0x64, 0x10, 0x64, 0x10, 0x64, 0x10, 0x64, 0x10, 0x64, 0x10, 0x64, 0x10, 0x64, 0x10, 0x64, 0x10, 0x64, 0x10, 0x64, 0x10, 0x64, 0x10, 0x64, 0x10, 0x64, 0x10, 0x64, 0x10, 0x64, 0x10, 0x64, 0x10,
    0x64, 0x10, 0x64, 0x10, 0x64, 0x10, 0x64, 0x10, 0x64, 0x10, 0x64, 0x10, 0x64, 0x10, 0x64, 0x10, 0x64, 0x10, 0x64, 0x10, 0x64, 0x10, 0x64, 0x10, 0x64, 0x10, 0x64, 0x10, 0x64, 0x10, 0x64, 0x10,
    0x64, 0x10, 0x64, 0x10, 0x64, 0x10, 0x64, 0x10, 0x64, 0x10, 0x64, 0x10, 0x64, 0x10, 0x64, 0x10, 0x64, 0x10, 0x64, 0x10, 0x64, 0x10, 0x64, 0x10, 0x64, 0x10, 0x64, 0x10, 0x64, 0x10, 0x64, 0x10,
    0x64, 0x10, 0x64, 0x10, 0x64, 0x10, 0x64, 0x10, 0x64, 0x10, 0x64, 0x10, 0x64, 0x10, 0x64, 0x10, 0x64, 0x10, 0x64, 0x10, 0x64, 0x10, 0x64, 0x10, 0x64, 0x10, 0x64, 0x10, 0x64, 0x10, 0x64, 0x10,
    0x64, 0x10, 0x64, 0x10, 0x64, 0x10, 0x64, 0x10, 0x64, 0x10, 0x64, 0x10, 0x64, 0x10, 0x64, 0x10, 0x64, 0x10, 0x64, 0x10, 0x64, 0x10, 0x64, 0x10, 0x64, 0x10, 0x64, 0x10, 0x64, 0x10, 0x64, 0x10,
    0x64, 0x10, 0x64, 0x10, 0x64, 0x10, 0x64, 0x10, 0x64, 0x10, 0x64, 0x10, 0x64, 0x10, 0x64, 0x10, 0x64, 0x10, 0x64, 0x10, 0x64, 0x10, 0x64, 0x10, 0x64, 0x10, 0x64, 0x10, 0x64, 0x10, 0x64, 0x10,
    0x64, 0x10, 0x64, 0x10, 0x64, 0x10, 0x64, 0x10, 0x64, 0x10, 0x64, 0x10, 0x64, 0x10, 0x64, 0x10, 0x64, 0x10, 0x64, 0x10, 0x64, 0x10, 0x64, 0x10, 0x64, 0x10, 0x64, 0x10, 0x64, 0x10, 0x64, 0x10,
    0x64, 0x10, 0x64, 0x10, 0x64, 0x10, 0x64, 0x10, 0x64, 0x10, 0x64, 0x10, 0x64, 0x10, 0x64, 0x10, 0x64, 0x10, 0x64, 0x10, 0x64, 0x10, 0x64, 0x10, 0x64, 0x10, 0x64, 0x10, 0x64, 0x10, 0x64, 0x10,
    0x64, 0x10, 0x64, 0x10, 0x64, 0x10, 0x64, 0x10, 0x64, 0x10, 0x64, 0x10, 0x64, 0x10, 0x64, 0x10, 0x64, 0x10, 0x64, 0x10, 0x64, 0x10, 0x64, 0x10, 0x64, 0x10, 0x64, 0x10, 0x64, 0x10, 0x64, 0x10,
    0x64, 0x10, 0x64, 0x10, 0x64, 0x10, 0x64, 0x10, 0x64, 0x10, 0x64, 0x10, 0x64, 0x10, 0x64, 0x10, 0x64, 0x10, 0x64, 0x10, 0x64, 0x10, 0x64, 0x10, 0x64, 0x10, 0x64, 0x10, 0x64, 0x10, 0x64, 0x10,
    0x64, 0x10, 0x64, 0x10, 0x64, 0x10, 0x64, 0x10, 0x64, 0x10, 0x64, 0x10, 0x64, 0x10, 0x64, 0x10, 0x64, 0x10, 0x64, 0x10, 0x64, 0x10, 0x64, 0x10, 0x64, 0x10, 0x64, 0x10, 0x64, 0x10, 0x64, 0x10,
    0x64, 0x10, 0x64, 0x10, 0x64, 0x10, 0x64, 0x10, 0x64, 0x10, 0x64, 0x10, 0x64, 0x10, 0x64, 0x10, 0x64, 0x10, 0x64, 0x10, 0x64, 0x10, 0x64, 0x10, 0x64, 0x10, 0x64, 0x10, 0x64, 0x10, 0x64, 0x10,
    0x64, 0x10, 0x64, 0x10, 0x64, 0x10, 0x64, 0x10, 0x64, 0x10, 0x64, 0x10, 0x64, 0x10, 0x64, 0x10, 0x64, 0x10, 0x64, 0x10, 0x64, 0x10, 0x64, 0x10, 0x64, 0x10, 0x64, 0x10, 0x64, 0x10, 0x64, 0x10,
    0x64, 0x10, 0x64, 0x10, 0x64, 0x10, 0x64, 0x10, 0x64, 0x10, 0x64, 0x10, 0x64, 0x10, 0x64, 0x10, 0x64, 0x10, 0x64, 0x10, 0x64, 0x10, 0x64, 0x10, 0x64, 0x10, 0x64, 0x10, 0x64, 0x10, 0x64, 0x10,
    0x64, 0x10, 0x64, 0x10, 0x64, 0x10, 0x64, 0x10, 0x64, 0x10, 0x64, 0x10, 0x64, 0x10, 0x64, 0x10, 0x64, 0x10, 0x64, 0x10, 0x64, 0x10, 0x64, 0x10, 0x64, 0x10, 0x64, 0x10, 0x64, 0x10, 0x64, 0x10,
    0x64, 0x10, 0x64, 0x10, 0x64, 0x10, 0x64, 0x10, 0x64, 0x10, 0x64, 0x10, 0x64, 0x10, 0x64, 0x10, 0x64, 0x10, 0x64, 0x10, 0x64, 0x10, 0x64, 0x10, 0x64, 0x10, 0x64, 0x10, 0x64, 0x10, 0x64, 0x10,
    0x64, 0x10, 0x64, 0x10, 0x64, 0x10, 0x64, 0x10, 0x64, 0x10, 0x64, 0x10, 0x64, 0x10, 0x64, 0x10, 0x64, 0x10, 0x64, 0x10, 0x64, 0x10, 0x64, 0x10, 0x64, 0x10, 0x64, 0x10, 0x64, 0x10, 0x64, 0x10,
    0x64, 0x10, 0x64, 0x10, 0x64, 0x10, 0x64, 0x10, 0x64, 0x10, 0x64, 0x10, 0x64, 0x10, 0x64, 0x10, 0x64, 0x10, 0x64, 0x10, 0x64, 0x10, 0x64, 0x10, 0x64, 0x10, 0x64, 0x10, 0x64, 0x10, 0x64, 0x10,
    0x64, 0x10, 0x64, 0x10, 0x64, 0x10, 0x64, 0x10, 0x64, 0x10, 0x64, 0x10, 0x64, 0x10, 0x64, 0x10, 0x64, 0x10, 0x64, 0x10, 0x64, 0x10, 0x64, 0x10, 0x64, 0x10, 0x64, 0x10, 0x64, 0x10, 0x64, 0x10,
    0x64, 0x10, 0x64, 0x10, 0x64, 0x10, 0x64, 0x10, 0x64, 0x10, 0x64, 0x10, 0x64, 0x10, 0x64, 0x10, 0x64, 0x10, 0x64, 0x10, 0x64, 0x10, 0x64, 0x10, 0x64, 0x10, 0x64, 0x10, 0x64, 0x10, 0x64, 0x10,
    0x64, 0x10, 0x64, 0x10, 0x64, 0x10, 0x64, 0x10, 0x64, 0x10, 0x64, 0x10, 0x64, 0x10, 0x64, 0x10, 0x64, 0x10, 0x64, 0x10, 0x64, 0x10, 0x64, 0x10, 0x64, 0x10, 0x64, 0x10, 0x64, 0x10, 0x64, 0x10,
    0x64, 0x10, 0x64, 0x10, 0x64, 0x10, 0x64, 0x10, 0x64, 0x10, 0x64, 0x10, 0x64, 0x10, 0x64, 0x10, 0x64, 0x10, 0x64, 0x10, 0x64, 0x10, 0x64, 0x10, 0x64, 0x10, 0x64, 0x10, 0x64, 0x10, 0x64, 0x10,
    0x64, 0x10, 0x64, 0x10, 0x64, 0x10, 0x64, 0x10, 0x64, 0x10, 0x64, 0x10, 0x64, 0x10, 0x64, 0x10, 0x64, 0x10, 0x64, 0x10, 0x64, 0x10, 0x64, 0x10, 0x64, 0x10, 0x64, 0x10, 0x64, 0x10, 0x64, 0x10,
    0x64, 0x10, 0x64, 0x10, 0x64, 0x10, 0x64, 0x10, 0x64, 0x10, 0x64, 0x10, 0x64, 0x10, 0x64, 0x10, 0x64, 0x10, 0x64, 0x10, 0x64, 0x10, 0x64, 0x10, 0x64, 0x10, 0x64, 0x10, 0x64, 0x10, 0x64, 0x10,
    0x64, 0x10, 0x64, 0x10, 0x64, 0x10, 0x64, 0x10, 0x64, 0x10, 0x64, 0x10, 0x64, 0x10, 0x64, 0x10, 0x64, 0x10, 0x64, 0x10, 0x64, 0x10, 0x64, 0x10, 0x64, 0x10, 0x64, 0x10, 0x64, 0x10, 0x64, 0x10,
    0x64, 0x10, 0x64, 0x10, 0x64, 0x10, 0x64, 0x10, 0x64, 0x10, 0x64, 0x10, 0x64, 0x10, 0x64, 0x10, 0x64, 0x10, 0x64, 0x10, 0x64, 0x10, 0x64, 0x10, 0x64, 0x10, 0x64, 0x10, 0x64, 0x10, 0x64, 0x10,
    0x64, 0x10, 0x64, 0x10, 0x64, 0x10, 0x64, 0x10, 0x64, 0x10, 0x64, 0x10, 0x64, 0x10, 0x64, 0x10, 0x64, 0x10, 0x64, 0x10, 0x64, 0x10, 0x64, 0x10, 0x64, 0x10, 0x64, 0x10, 0x64, 0x10, 0x64, 0x10,
    0x64, 0x10, 0x64, 0x10, 0x64, 0x10, 0x64, 0x10, 0x64, 0x10, 0x64, 0x10, 0x64, 0x10, 0x64, 0x10, 0x64, 0x10, 0x64, 0x10, 0x64, 0x10, 0x64, 0x10, 0x64, 0x10, 0x64, 0x10, 0x64, 0x10, 0x64, 0x10,
    0x64, 0x10, 0x64, 0x10, 0x64, 0x10, 0x64, 0x10, 0x64, 0x10, 0x64, 0x10, 0x64, 0x10, 0x64, 0x10, 0x64, 0x10, 0x64, 0x10, 0x64, 0x10, 0x64, 0x10, 0x64, 0x10, 0x64, 0x10, 0x64, 0x10, 0x64, 0x10,
    0x64, 0x10, 0x64, 0x10, 0x64, 0x10, 0x64, 0x10, 0x64, 0x10, 0x64, 0x10, 0x64, 0x10, 0x64, 0x10, 0x64, 0x10, 0x64, 0x10, 0x64, 0x10, 0x64, 0x10, 0x64, 0x10, 0x64, 0x10, 0x64, 0x10, 0x64, 0x10,
    0x64, 0x10, 0x64, 0x10, 0x64, 0x10, 0x64, 0x10, 0x64, 0x10, 0x64, 0x10, 0x64, 0x10, 0x64, 0x10, 0x64, 0x10, 0x64, 0x10, 0x64, 0x10, 0x64, 0x10, 0x64, 0x10, 0x64, 0x10, 0x64, 0x10, 0x64, 0x10,
    0x64, 0x10, 0x64, 0x10, 0x64, 0x10, 0x64, 0x10, 0x64, 0x10, 0x64, 0x10, 0x64, 0x10, 0x64, 0x10, 0x64, 0x10, 0x64, 0x10, 0x64, 0x10, 0x64, 0x10, 0x64, 0x10, 0x64, 0x10, 0x64, 0x10, 0x64, 0x10,
    0x64, 0x10, 0x64, 0x10, 0x64, 0x10, 0x64, 0x10, 0x64, 0x10, 0x64, 0x10, 0x64, 0x10, 0x64, 0x10, 0x64, 0x10, 0x64, 0x10, 0x64, 0x10, 0x64, 0x10, 0x64, 0x10, 0x64, 0x10, 0x64, 0x10, 0x64, 0x10,
    0x64, 0x10, 0x64, 0x10, 0x64, 0x10, 0x64, 0x10, 0x64, 0x10, 0x64, 0x10, 0x64, 0x10, 0x64, 0x10, 0x64, 0x10, 0x64, 0x10, 0x64, 0x10, 0x64, 0x10, 0x64, 0x10, 0x64, 0x10, 0x64, 0x10, 0x64, 0x10,
    0x64, 0x10, 0x64, 0x10, 0x64, 0x10, 0x64, 0x10, 0x64, 0x10, 0x64, 0x10, 0x64, 0x10, 0x64, 0x10, 0x64, 0x10, 0x64, 0x10, 0x64, 0x10, 0x64, 0x10, 0x64, 0x10, 0x64, 0x10, 0x64, 0x10, 0x64, 0x10,
    0x64, 0x10, 0x64, 0x10, 0x64, 0x10, 0x64, 0x10, 0x64, 0x10, 0x64, 0x10, 0x64, 0x10, 0x64, 0x10, 0x64, 0x10, 0x64, 0x10, 0x64, 0x10, 0x64, 0x10, 0x64, 0x10, 0x64, 0x10, 0x64, 0x10, 0x64, 0x10,
    0x64, 0x10, 0x64, 0x10, 0x64, 0x10, 0x64, 0x10, 0x64, 0x10, 0x64, 0x10, 0x64, 0x10, 0x64, 0x10, 0x64, 0x10, 0x64, 0x10, 0x64, 0x10, 0x64, 0x10, 0x64, 0x10, 0x64, 0x10, 0x64, 0x10, 0x64, 0x10,
    0x64, 0x10, 0x64, 0x10, 0x64, 0x10, 0x64, 0x10, 0x64, 0x10, 0x64, 0x10, 0x64, 0x10, 0x64, 0x10, 0x64, 0x10, 0x64, 0x10, 0x64, 0x10, 0x64, 0x10, 0x64, 0x10, 0x64, 0x10, 0x64, 0x10, 0x64, 0x10,
    0x64, 0x10, 0x64, 0x10, 0x64, 0x10, 0x64, 0x10, 0x64, 0x10, 0x64, 0x10, 0x64, 0x10, 0x64, 0x10, 0x64, 0x10, 0x64, 0x10, 0x64, 0x10, 0x64, 0x10, 0x64, 0x10, 0x64, 0x10, 0x64, 0x10, 0x64, 0x10,
    0x64, 0x10, 0x64, 0x10, 0x64, 0x10, 0x64, 0x10, 0x64, 0x10, 0x64, 0x10, 0x64, 0x10, 0x64, 0x10, 0x64, 0x10, 0x64, 0x10, 0x64, 0x10, 0x64, 0x10, 0x64, 0x10, 0x64, 0x10, 0x64, 0x10, 0x64, 0x10,
    0x64, 0x10, 0x64, 0x10, 0x64, 0x10, 0x64, 0x10, 0x64, 0x10, 0x64, 0x10, 0x64, 0x10, 0x64, 0x10, 0x64, 0x10, 0x64, 0x10, 0x64, 0x10, 0x64, 0x10, 0x64, 0x10, 0x64, 0x10, 0x64, 0x10, 0x64, 0x10,
    0x64, 0x10, 0x64, 0x10, 0x64, 0x10, 0x64, 0x10, 0x64, 0x10, 0x64, 0x10, 0x64, 0x10, 0x64, 0x10, 0x64, 0x10, 0x64, 0x10, 0x64, 0x10, 0x64, 0x10, 0x64, 0x10, 0x64, 0x10, 0x64, 0x10, 0x64, 0x10,
    0x64, 0x10, 0x64, 0x10, 0x64, 0x10, 0x64, 0x10, 0x64, 0x10, 0x64, 0x10, 0x64, 0x10, 0x64, 0x10, 0x64, 0x10, 0x64, 0x10, 0x64, 0x10, 0x64, 0x10, 0x64, 0x10, 0x64, 0x10, 0x64, 0x10, 0x64, 0x10,
    0x64, 0x10, 0x64, 0x10, 0x64, 0x10, 0x64, 0x10, 0x64, 0x10, 0x64, 0x10, 0x64, 0x10, 0x64, 0x10, 0x64, 0x10, 0x64, 0x10, 0x64, 0x10, 0x64, 0x10, 0x64, 0x10, 0x64, 0x10, 0x64, 0x10, 0x64, 0x10,
    0x64, 0x10, 0x64, 0x10, 0x64, 0x10, 0x64, 0x10, 0x64, 0x10, 0x64, 0x10, 0x64, 0x10, 0x64, 0x10, 0x64, 0x10, 0x64, 0x10, 0x64, 0x10, 0x64, 0x10, 0x64, 0x10, 0x64, 0x10, 0x64, 0x10, 0x64, 0x10,
    0x64, 0x10, 0x64, 0x10, 0x64, 0x10, 0x64, 0x10, 0x64, 0x10, 0x64, 0x10, 0x64, 0x10, 0x64, 0x10, 0x64, 0x10, 0x64, 0x10, 0x64, 0x10, 0x64, 0x10, 0x64, 0x10, 0x64, 0x10, 0x64, 0x10, 0x64, 0x10,
    0x64, 0x10, 0x64, 0x10, 0x64, 0x10, 0x64, 0x10, 0x64, 0x10, 0x64, 0x10, 0x64, 0x10, 0x64, 0x10, 0x64, 0x10, 0x64, 0x10, 0x64, 0x10, 0x64, 0x10, 0x64, 0x10, 0x64, 0x10, 0x64, 0x10, 0x64, 0x10,
    0x64, 0x10, 0x64, 0x10, 0x64, 0x10, 0x64, 0x10, 0x64, 0x10, 0x64, 0x10, 0x64, 0x10, 0x64, 0x10, 0x64, 0x10, 0x64, 0x10, 0x64, 0x10, 0x64, 0x10, 0x64, 0x10, 0x64, 0x10, 0x64, 0x10, 0x64, 0x10,
    0x64, 0x10, 0x64, 0x10, 0x64, 0x10, 0x64, 0x10, 0x64, 0x10, 0x64, 0x10, 0x64, 0x10, 0x64, 0x10, 0x64, 0x10, 0x64, 0x10, 0x64, 0x10, 0x64, 0x10, 0x64, 0x10, 0x64, 0x10, 0x64, 0x10, 0x64, 0x10,
    0x64, 0x10, 0x64, 0x10, 0x64, 0x10, 0x64, 0x10, 0x64, 0x10, 0x64, 0x10, 0x64, 0x10, 0x64, 0x10, 0x64, 0x10, 0x64, 0x10, 0x64, 0x10, 0x64, 0x10, 0x64, 0x10, 0x64, 0x10, 0x64, 0x10, 0x64, 0x10,
    0x64, 0x10, 0x64, 0x10, 0x64, 0x10, 0x64, 0x10, 0x64, 0x10, 0x64, 0x10, 0x64, 0x10, 0x64, 0x10, 0x64, 0x10, 0x64, 0x10, 0x64, 0x10, 0x64, 0x10, 0x64, 0x10, 0x64, 0x10, 0x64, 0x10, 0x64, 0x10,
    0x64, 0x10, 0x64, 0x10, 0x64, 0x10, 0x64, 0x10, 0x64, 0x10, 0x64, 0x10, 0x64, 0x10, 0x64, 0x10, 0x64, 0x10, 0x64, 0x10, 0x64, 0x10, 0x64, 0x10, 0x64, 0x10, 0x64, 0x10, 0x64, 0x10, 0x64, 0x10,
    0x64, 0x10, 0x64, 0x10, 0x64, 0x10, 0x64, 0x10, 0x64, 0x10, 0x64, 0x10, 0x64, 0x10, 0x64, 0x10, 0x64, 0x10, 0x64, 0x10, 0x64, 0x10, 0x64, 0x10, 0x64, 0x10, 0x64, 0x10, 0x64, 0x10, 0x64, 0x10,
    0x64, 0x10, 0x64, 0x10, 0x64, 0x10, 0x64, 0x10, 0x64, 0x10, 0x64, 0x10, 0x64, 0x10, 0x64, 0x10, 0x64, 0x10, 0x64, 0x10, 0x64, 0x10, 0x64, 0x10, 0x64, 0x10, 0x64, 0x10, 0x64, 0x10, 0x64, 0x10,
    0x64, 0x10, 0x64, 0x10, 0x64, 0x10, 0x64, 0x10, 0x64, 0x10, 0x64, 0x10, 0x64, 0x10, 0x64, 0x10, 0x64, 0x10, 0x64, 0x10, 0x64, 0x10, 0x64, 0x10, 0x64, 0x10, 0x64, 0x10, 0x64, 0x10, 0x64, 0x10,
    0x64, 0x10, 0x64, 0x10, 0x64, 0x10, 0x64, 0x10, 0x64, 0x10, 0x64, 0x10, 0x64, 0x10, 0x64, 0x10, 0x64, 0x10, 0x64, 0x10, 0x64, 0x10, 0x64, 0x10, 0x64, 0x10, 0x64, 0x10, 0x64, 0x10, 0x64, 0x10,
    0x64, 0x10, 0x64, 0x10, 0x64, 0x10, 0x64, 0x10, 0x64, 0x10, 0x64, 0x10, 0x64, 0x10, 0x64, 0x10, 0x64, 0x10, 0x64, 0x10, 0x64, 0x10, 0x64, 0x10, 0x64, 0x10, 0x64, 0x10, 0x64, 0x10, 0x64, 0x10,
    0x64, 0x10, 0x64, 0x10, 0x64, 0x10, 0x64, 0x10, 0x64, 0x10, 0x64, 0x10, 0x64, 0x10, 0x64, 0x10, 0x64, 0x10, 0x64, 0x10, 0x64, 0x10, 0x64, 0x10, 0x64, 0x10, 0x64, 0x10, 0x64, 0x10, 0x64, 0x10,
    0x64, 0x10, 0x64, 0x10, 0x64, 0x10, 0x64, 0x10, 0x64, 0x10, 0x64, 0x10, 0x64, 0x10, 0x64, 0x10, 0x64, 0x10, 0x64, 0x10, 0x64, 0x10, 0x64, 0x10, 0x64, 0x10, 0x64, 0x10, 0x64, 0x10, 0x64, 0x10,
    0x64, 0x10, 0x64, 0x10, 0x64, 0x10, 0x64, 0x10, 0x64, 0x10, 0x64, 0x10, 0x64, 0x10, 0x64, 0x10, 0x64, 0x10, 0x64, 0x10, 0x64, 0x10, 0x64, 0x10, 0x64, 0x10, 0x64, 0x10, 0x64, 0x10, 0x64, 0x10,
    0x64, 0x10, 0x64, 0x10, 0x64, 0x10, 0x64, 0x10, 0x64, 0x10, 0x64, 0x10, 0x64, 0x10, 0x64, 0x10, 0x64, 0x10, 0x64, 0x10, 0x64, 0x10, 0x64, 0x10, 0x64, 0x10, 0x64, 0x10, 0x64, 0x10, 0x64, 0x10,
    0x64, 0x10, 0x64, 0x10, 0x64, 0x10, 0x64, 0x10, 0x64, 0x10, 0x64, 0x10, 0x64, 0x10, 0x64, 0x10, 0x64, 0x10, 0x64, 0x10, 0x64, 0x10, 0x64, 0x10, 0x64, 0x10, 0x64, 0x10, 0x64, 0x10, 0x64, 0x10,
    0x64, 0x10, 0x64, 0x10, 0x64, 0x10, 0x64, 0x10, 0x64, 0x10, 0x64, 0x10, 0x64, 0x10, 0x64, 0x10, 0x64, 0x10, 0x64, 0x10, 0x64, 0x10, 0x64, 0x10, 0x64, 0x10, 0x64, 0x10, 0x64, 0x10, 0x64, 0x10,
    0x64, 0x10, 0x64, 0x10, 0x64, 0x10, 0x64, 0x10, 0x64, 0x10, 0x64, 0x10, 0x64, 0x10, 0x64, 0x10, 0x64, 0x10, 0x64, 0x10, 0x64, 0x10, 0x64, 0x10, 0x64, 0x10, 0x64, 0x10, 0x64, 0x10, 0x64, 0x10,
    0x64, 0x10, 0x64, 0x10, 0x64, 0x10, 0x64, 0x10, 0x64, 0x10, 0x64, 0x10, 0x64, 0x10, 0x64, 0x10, 0x64, 0x10, 0x64, 0x10, 0x64, 0x10, 0x64, 0x10, 0x64, 0x10, 0x64, 0x10, 0x64, 0x10, 0x64, 0x10,
    0x64, 0x10, 0x64, 0x10, 0x64, 0x10, 0x64, 0x10, 0x64, 0x10, 0x64, 0x10, 0x64, 0x10, 0x64, 0x10, 0x64, 0x10, 0x64, 0x10, 0x64, 0x10, 0x64, 0x10, 0x64, 0x10, 0x64, 0x10, 0x64, 0x10, 0x64, 0x10,
    0x64, 0x10, 0x64, 0x10, 0x64, 0x10, 0x64, 0x10, 0x64, 0x10, 0x64, 0x10, 0x64, 0x10, 0x64, 0x10, 0x64, 0x10, 0x64, 0x10, 0x64, 0x10, 0x64, 0x10, 0x64, 0x10, 0x64, 0x10, 0x64, 0x10, 0x64, 0x10,
    0x64, 0x10, 0x64, 0x10, 0x64, 0x10, 0x64, 0x10, 0x64, 0x10, 0x64, 0x10, 0x64, 0x10, 0x64, 0x10, 0x64, 0x10, 0x64, 0x10, 0x64, 0x10, 0x64, 0x10, 0x64, 0x10, 0x64, 0x10, 0x64, 0x10, 0x64, 0x10,
    0x64, 0x10, 0x64, 0x10, 0x64, 0x10, 0x64, 0x10, 0x64, 0x10, 0x64, 0x10, 0x64, 0x10, 0x64, 0x10, 0x64, 0x10, 0x64, 0x10, 0x64, 0x10, 0x64, 0x10, 0x64, 0x10, 0x64, 0x10, 0x64, 0x10, 0x64, 0x10,
    0x64, 0x10, 0x64, 0x10, 0x64, 0x10, 0x64, 0x10, 0x64, 0x10, 0x64, 0x10, 0x64, 0x10, 0x64, 0x10, 0x64, 0x10, 0x64, 0x10, 0x64, 0x10, 0x64, 0x10, 0x64, 0x10, 0x64, 0x10, 0x64, 0x10, 0x64, 0x10,
    0x64, 0x10, 0x64, 0x10, 0x64, 0x10, 0x64, 0x10, 0x64, 0x10, 0x64, 0x10, 0x64, 0x10, 0x64, 0x10, 0x64, 0x10, 0x64, 0x10, 0x64, 0x10, 0x64, 0x10, 0x64, 0x10, 0x64, 0x10, 0x64, 0x10, 0x64, 0x10,
    0x64, 0x10, 0x64, 0x10, 0x64, 0x10, 0x64, 0x10, 0x64, 0x10, 0x64, 0x10, 0x64, 0x10, 0x64, 0x10, 0x64, 0x10, 0x64, 0x10, 0x64, 0x10, 0x64, 0x10, 0x64, 0x10, 0x64, 0x10, 0x64, 0x10, 0x64, 0x10,
    0x64, 0x10, 0x64, 0x10, 0x64, 0x10, 0x64, 0x10, 0x64, 0x10, 0x64, 0x10, 0x64, 0x10, 0x64, 0x10, 0x64, 0x10, 0x64, 0x10, 0x64, 0x10, 0x64, 0x10, 0x64, 0x10, 0x64, 0x10, 0x64, 0x10, 0x64, 0x10,
    0x64, 0x10, 0x64, 0x10, 0x64, 0x10, 0x64, 0x10, 0x64, 0x10, 0x64, 0x10, 0x64, 0x10, 0x64, 0x10, 0x64, 0x10, 0x64, 0x10, 0x64, 0x10, 0x64, 0x10, 0x64, 0x10, 0x64, 0x10, 0x64, 0x10, 0x64, 0x10,
    0x64, 0x10, 0x64, 0x10, 0x64, 0x10, 0x64, 0x10, 0x64, 0x10, 0x64, 0x10, 0x64, 0x10, 0x64, 0x10, 0x64, 0x10, 0x64, 0x10, 0x64, 0x10, 0x64, 0x10, 0x64, 0x10, 0x64, 0x10, 0x64, 0x10, 0x64, 0x10,
    0x64, 0x10, 0x64, 0x10, 0x64, 0x10, 0x64, 0x10, 0x64, 0x10, 0x64, 0x10, 0x64, 0x10, 0x64, 0x10, 0x64, 0x10, 0x64, 0x10, 0x64, 0x10, 0x64, 0x10, 0x64, 0x10, 0x64, 0x10, 0x64, 0x10, 0x64, 0x10,
    0x64, 0x10, 0x64, 0x10, 0x64, 0x10, 0x64, 0x10, 0x64, 0x10, 0x64, 0x10, 0x64, 0x10, 0x64, 0x10, 0x64, 0x10, 0x64, 0x10, 0x64, 0x10, 0x64, 0x10, 0x64, 0x10, 0x64, 0x10, 0x64, 0x10, 0x64, 0x10,
    0x64, 0x10, 0x64, 0x10, 0x64, 0x10, 0x64, 0x10, 0x64, 0x10, 0x64, 0x10, 0x64, 0x10, 0x64, 0x10, 0x64, 0x10, 0x64, 0x10, 0x64, 0x10, 0x64, 0x10, 0x64, 0x10, 0x64, 0x10, 0x64, 0x10, 0x64, 0x10,
    0x64, 0x10, 0x64, 0x10, 0x64, 0x10, 0x64, 0x10, 0x64, 0x10, 0x64, 0x10, 0x64, 0x10, 0x64, 0x10, 0x64, 0x10, 0x64, 0x10, 0x64, 0x10, 0x64, 0x10, 0x64, 0x10, 0x64, 0x10, 0x64, 0x10, 0x64, 0x10,
    0x64, 0x10, 0x64, 0x10, 0x64, 0x10, 0x64, 0x10, 0x64, 0x10, 0x64, 0x10, 0x64, 0x10, 0x64, 0x10, 0x64, 0x10, 0x64, 0x10, 0x64, 0x10, 0x64, 0x10, 0x64, 0x10, 0x64, 0x10, 0x64, 0x10, 0x64, 0x10,
    0x64, 0x10, 0x64, 0x10, 0x64, 0x10, 0x64, 0x10, 0x64, 0x10, 0x64, 0x10, 0x64, 0x10, 0x64, 0x10, 0x64, 0x10, 0x64, 0x10, 0x64, 0x10, 0x64, 0x10, 0x64, 0x10, 0x64, 0x10, 0x64, 0x10, 0x64, 0x10,
    0x64, 0x10, 0x64, 0x10, 0x64, 0x10, 0x64, 0x10, 0x64, 0x10, 0x64, 0x10, 0x64, 0x10, 0x64, 0x10, 0x64, 0x10, 0x64, 0x10, 0x64, 0x10, 0x64, 0x10, 0x64, 0x10, 0x64, 0x10, 0x64, 0x10, 0x64, 0x10,
    0x64, 0x10, 0x64, 0x10, 0x64, 0x10, 0x64, 0x10, 0x64, 0x10, 0x64, 0x10, 0x64, 0x10, 0x64, 0x10, 0x64, 0x10, 0x64, 0x10, 0x64, 0x10, 0x64, 0x10, 0x64, 0x10, 0x64, 0x10, 0x64, 0x10, 0x64, 0x10,
    0x64, 0x10, 0x64, 0x10, 0x64, 0x10, 0x64, 0x10, 0x64, 0x10, 0x64, 0x10, 0x64, 0x10, 0x64, 0x10, 0x64, 0x10, 0x64, 0x10, 0x64, 0x10, 0x64, 0x10, 0x64, 0x10, 0x64, 0x10, 0x64, 0x10, 0x64, 0x10,
    0x64, 0x10, 0x64, 0x10, 0x64, 0x10, 0x64, 0x10, 0x64, 0x10, 0x64, 0x10, 0x64, 0x10, 0x64, 0x10, 0x64, 0x10, 0x64, 0x10, 0x64, 0x10, 0x64, 0x10, 0x64, 0x10, 0x64, 0x10, 0x64, 0x10, 0x64, 0x10,
    0x64, 0x10, 0x64, 0x10, 0x64, 0x10, 0x64, 0x10, 0x64, 0x10, 0x64, 0x10, 0x64, 0x10, 0x64, 0x10, 0x64, 0x10, 0x64, 0x10, 0x64, 0x10, 0x64, 0x10, 0x64, 0x10, 0x64, 0x10, 0x64, 0x10, 0x64, 0x10,
    0x64, 0x10, 0x64, 0x10, 0x64, 0x10, 0x64, 0x10, 0x64, 0x10, 0x64, 0x10, 0x64, 0x10, 0x64, 0x10, 0x64, 0x10, 0x64, 0x10, 0x64, 0x10, 0x64, 0x10, 0x64, 0x10, 0x64, 0x10, 0x64, 0x10, 0x64, 0x10,
    0x64, 0x10, 0x64, 0x10, 0x64, 0x10, 0x64, 0x10, 0x64, 0x10, 0x64, 0x10, 0x64, 0x10, 0x64, 0x10, 0x64, 0x10, 0x64, 0x10, 0x64, 0x10, 0x64, 0x10, 0x64, 0x10, 0x64, 0x10, 0x64, 0x10, 0x64, 0x10,
    0x64, 0x10, 0x64, 0x10, 0x64, 0x10, 0x64, 0x10, 0x64, 0x10, 0x64, 0x10, 0x64, 0x10, 0x64, 0x10, 0x64, 0x10, 0x64, 0x10, 0x64, 0x10, 0x64, 0x10, 0x64, 0x10, 0x64, 0x10, 0x64, 0x10, 0x64, 0x10,
    0x64, 0x10, 0x64, 0x10, 0x64, 0x10, 0x64, 0x10, 0x64, 0x10, 0x64, 0x10, 0x64, 0x10, 0x64, 0x10, 0x64, 0x10, 0x64, 0x10, 0x64, 0x10, 0x64, 0x10, 0x64, 0x10, 0x64, 0x10, 0x64, 0x10, 0x64, 0x10,
    0x64, 0x10, 0x64, 0x10, 0x64, 0x10, 0x64, 0x10, 0x64, 0x10, 0x64, 0x10, 0x64, 0x10, 0x64, 0x10, 0x64, 0x10, 0x64, 0x10, 0x64, 0x10, 0x64, 0x10, 0x64, 0x10, 0x64, 0x10, 0x64, 0x10, 0x64, 0x10,
    0x64, 0x10, 0x64, 0x10, 0x64, 0x10, 0x64, 0x10, 0x64, 0x10, 0x64, 0x10, 0x64, 0x10, 0x64, 0x10, 0x64, 0x10, 0x64, 0x10, 0x64, 0x10, 0x64, 0x10, 0x64, 0x10, 0x64, 0x10, 0x64, 0x10, 0x64, 0x10,
    0x64, 0x10, 0x64, 0x10, 0x64, 0x10, 0x64, 0x10, 0x64, 0x10, 0x64, 0x10, 0x64, 0x10, 0x64, 0x10, 0x64, 0x10, 0x64, 0x10, 0x64, 0x10, 0x64, 0x10, 0x64, 0x10, 0x64, 0x10, 0x64, 0x10, 0x64, 0x10,
    0x64, 0x10, 0x64, 0x10, 0x64, 0x10, 0x64, 0x10, 0x64, 0x10, 0x64, 0x10, 0x64, 0x10, 0x64, 0x10, 0x64, 0x10, 0x64, 0x10, 0x64, 0x10, 0x64, 0x10, 0x64, 0x10, 0x64, 0x10, 0x64, 0x10, 0x64, 0x10,
    0x64, 0x10, 0x64, 0x10, 0x64, 0x10, 0x64, 0x10, 0x64, 0x10, 0x64, 0x10, 0x64, 0x10, 0x64, 0x10, 0x64, 0x10, 0x64, 0x10, 0x64, 0x10, 0x64, 0x10, 0x64, 0x10, 0x64, 0x10, 0x64, 0x10, 0x64, 0x10,
    0x64, 0x10, 0x64, 0x10, 0x64, 0x10, 0x64, 0x10, 0x64, 0x10, 0x64, 0x10, 0x64, 0x10, 0x64, 0x10, 0x64, 0x10, 0x64, 0x10, 0x64, 0x10, 0x64, 0x10, 0x64, 0x10, 0x64, 0x10, 0x64, 0x10, 0x64, 0x10,
    0x64, 0x10, 0x64, 0x10, 0x64, 0x10, 0x64, 0x10, 0x64, 0x10, 0x64, 0x10, 0x64, 0x10, 0x64, 0x10, 0x64, 0x10, 0x64, 0x10, 0x64, 0x10, 0x64, 0x10, 0x64, 0x10, 0x64, 0x10, 0x64, 0x10, 0x64, 0x10,
    0x64, 0x10, 0x64, 0x10, 0x64, 0x10, 0x64, 0x10, 0x64, 0x10, 0x64, 0x10, 0x64, 0x10, 0x64, 0x10, 0x64, 0x10, 0x64, 0x10, 0x64, 0x10, 0x64, 0x10, 0x64, 0x10, 0x64, 0x10, 0x64, 0x10, 0x64, 0x10,
    0x64, 0x10, 0x64, 0x10, 0x64, 0x10, 0x64, 0x10, 0x64, 0x10, 0x64, 0x10, 0x64, 0x10, 0x64, 0x10, 0x64, 0x10, 0x64, 0x10, 0x64, 0x10, 0x64, 0x10, 0x64, 0x10, 0x64, 0x10, 0x64, 0x10, 0x64, 0x10,
    0x64, 0x10, 0x64, 0x10, 0x64, 0x10, 0x64, 0x10, 0x64, 0x10, 0x64, 0x10, 0x64, 0x10, 0x64, 0x10, 0x64, 0x10, 0x64, 0x10, 0x64, 0x10, 0x64, 0x10, 0x64, 0x10, 0x64, 0x10, 0x64, 0x10, 0x64, 0x10,
    0x64, 0x10, 0x64, 0x10, 0x64, 0x10, 0x64, 0x10, 0x64, 0x10, 0x64, 0x10, 0x64, 0x10, 0x64, 0x10, 0x64, 0x10, 0x64, 0x10, 0x64, 0x10, 0x64, 0x10, 0x64, 0x10, 0x64, 0x10, 0x64, 0x10, 0x64, 0x10,
    0x64, 0x10, 0x64, 0x10, 0x64, 0x10, 0x64, 0x10, 0x64, 0x10, 0x64, 0x10, 0x64, 0x10, 0x64, 0x10, 0x64, 0x10, 0x64, 0x10, 0x64, 0x10, 0x64, 0x10, 0x64, 0x10, 0x64, 0x10, 0x64, 0x10, 0x64, 0x10,
    0x64, 0x10, 0x64, 0x10, 0x64, 0x10, 0x64, 0x10, 0x64, 0x10, 0x64, 0x10, 0x64, 0x10, 0x64, 0x10, 0x64, 0x10, 0x64, 0x10, 0x64, 0x10, 0x64, 0x10, 0x64, 0x10, 0x64, 0x10, 0x64, 0x10, 0x64, 0x10,
    0x64, 0x10, 0x64, 0x10, 0x64, 0x10, 0x64, 0x10, 0x64, 0x10, 0x64, 0x10, 0x64, 0x10, 0x64, 0x10, 0x64, 0x10, 0x64, 0x10, 0x64, 0x10, 0x64, 0x10, 0x64, 0x10, 0x64, 0x10, 0x64, 0x10, 0x64, 0x10,
    0x64, 0x10, 0x64, 0x10, 0x64, 0x10, 0x64, 0x10, 0x64, 0x10, 0x64, 0x10, 0x64, 0x10, 0x64, 0x10, 0x64, 0x10, 0x64, 0x10, 0x64, 0x10, 0x64, 0x10, 0x64, 0x10, 0x64, 0x10, 0x64, 0x10, 0x64, 0x10,
    0x64, 0x10, 0x64, 0x10, 0x64, 0x10, 0x64, 0x10, 0x64, 0x10, 0x64, 0x10, 0x64, 0x10, 0x64, 0x10, 0x64, 0x10, 0x64, 0x10, 0x64, 0x10, 0x64, 0x10, 0x64, 0x10, 0x64, 0x10, 0x64, 0x10, 0x64, 0x10,
    0x64, 0x10, 0x64, 0x10, 0x64, 0x10, 0x64, 0x10, 0x64, 0x10, 0x64, 0x10, 0x64, 0x10, 0x64, 0x10, 0x64, 0x10, 0x64, 0x10, 0x64, 0x10, 0x64, 0x10, 0x64, 0x10, 0x64, 0x10, 0x64, 0x10, 0x64, 0x10,
    0x64, 0x10, 0x64, 0x10, 0x64, 0x10, 0x64, 0x10, 0x64, 0x10, 0x64, 0x10, 0x64, 0x10, 0x64, 0x10, 0x64, 0x10, 0x64, 0x10, 0x64, 0x10, 0x64, 0x10, 0x64, 0x10, 0x64, 0x10, 0x64, 0x10, 0x64, 0x10,
    0x64, 0x10, 0x64, 0x10, 0x64, 0x10, 0x64, 0x10, 0x64, 0x10, 0x64, 0x10, 0x64, 0x10, 0x64, 0x10, 0x64, 0x10, 0x64, 0x10, 0x64, 0x10, 0x64, 0x10, 0x64, 0x10, 0x64, 0x10, 0x64, 0x10, 0x64, 0x10,
    0x64, 0x10, 0x64, 0x10, 0x64, 0x10, 0x64, 0x10, 0x64, 0x10, 0x64, 0x10, 0x64, 0x10, 0x64, 0x10, 0x64, 0x10, 0x64, 0x10, 0x64, 0x10, 0x64, 0x10, 0x64, 0x10, 0x64, 0x10, 0x64, 0x10, 0x64, 0x10,
    0x64, 0x10, 0x64, 0x10, 0x64, 0x10, 0x64, 0x10, 0x64, 0x10, 0x64, 0x10, 0x64, 0x10, 0x64, 0x10, 0x64, 0x10, 0x64, 0x10, 0x64, 0x10, 0x64, 0x10, 0x64, 0x10, 0x64, 0x10, 0x64, 0x10, 0x64, 0x10,
    0x64, 0x10, 0x64, 0x10, 0x64, 0x10, 0x64, 0x10, 0x64, 0x10, 0x64, 0x10, 0x64, 0x10, 0x64, 0x10, 0x64, 0x10, 0x64, 0x10, 0x64, 0x10, 0x64, 0x10, 0x64, 0x10, 0x64, 0x10, 0x64, 0x10, 0x64, 0x10,
    0x64, 0x10, 0x64, 0x10, 0x64, 0x10, 0x64, 0x10, 0x64, 0x10, 0x64, 0x10, 0x64, 0x10, 0x64, 0x10, 0x64, 0x10, 0x64, 0x10, 0x64, 0x10, 0x64, 0x10, 0x64, 0x10, 0x64, 0x10, 0x64, 0x10, 0x64, 0x10,
    0x64, 0x10, 0x64, 0x10, 0x64, 0x10, 0x64, 0x10, 0x64, 0x10, 0x64, 0x10, 0x64, 0x10, 0x64, 0x10, 0x64, 0x10, 0x64, 0x10, 0x64, 0x10, 0x64, 0x10, 0x64, 0x10, 0x64, 0x10, 0x64, 0x10, 0x64, 0x10,
    0x64, 0x10, 0x64, 0x10, 0x64, 0x10, 0x64, 0x10, 0x64, 0x10, 0x64, 0x10, 0x64, 0x10, 0x64, 0x10, 0x64, 0x10, 0x64, 0x10, 0x64, 0x10, 0x64, 0x10, 0x64, 0x10, 0x64, 0x10, 0x64, 0x10, 0x64, 0x10,
    0x64, 0x10, 0x64, 0x10, 0x64, 0x10, 0x64, 0x10, 0x64, 0x10, 0x64, 0x10, 0x64, 0x10, 0x64, 0x10, 0x64, 0x10, 0x64, 0x10, 0x64, 0x10, 0x64, 0x10, 0x64, 0x10, 0x64, 0x10, 0x64, 0x10, 0x64, 0x10,
    0x64, 0x10, 0x64, 0x10, 0x64, 0x10, 0x64, 0x10, 0x64, 0x10, 0x64, 0x10, 0x64, 0x10, 0x64, 0x10, 0x64, 0x10, 0x64, 0x10, 0x64, 0x10, 0x64, 0x10, 0x64, 0x10, 0x64, 0x10, 0x64, 0x10, 0x64, 0x10,
    0x64, 0x10, 0x64, 0x10, 0x64, 0x10, 0x64, 0x10, 0x64, 0x10, 0x64, 0x10, 0x64, 0x10, 0x64, 0x10, 0x64, 0x10, 0x64, 0x10, 0x64, 0x10, 0x64, 0x10, 0x64, 0x10, 0x64, 0x10, 0x64, 0x10, 0x64, 0x10,
    0x64, 0x10, 0x64, 0x10, 0x64, 0x10, 0x64, 0x10, 0x64, 0x10, 0x64, 0x10, 0x64, 0x10, 0x64, 0x10, 0x64, 0x10, 0x64, 0x10, 0x64, 0x10, 0x64, 0x10, 0x64, 0x10, 0x64, 0x10, 0x64, 0x10, 0x64, 0x10,
    0x64, 0x10, 0x64, 0x10, 0x64, 0x10, 0x64, 0x10, 0x64, 0x10, 0x64, 0x10, 0x64, 0x10, 0x64, 0x10, 0x64, 0x10, 0x64, 0x10, 0x64, 0x10, 0x64, 0x10, 0x64, 0x10, 0x64, 0x10, 0x64, 0x10, 0x64, 0x10,
    0x64, 0x10, 0x64, 0x10, 0x64, 0x10, 0x64, 0x10, 0x64, 0x10, 0x64, 0x10, 0x64, 0x10, 0x64, 0x10, 0x64, 0x10, 0x64, 0x10, 0x64, 0x10, 0x64, 0x10, 0x64, 0x10, 0x64, 0x10, 0x64, 0x10, 0x64, 0x10,
    0x64, 0x10, 0x64, 0x10, 0x64, 0x10, 0x64, 0x10, 0x64, 0x10, 0x64, 0x10, 0x64, 0x10, 0x64, 0x10, 0x64, 0x10, 0x64, 0x10, 0x64, 0x10, 0x64, 0x10, 0x64, 0x10, 0x64, 0x10, 0x64, 0x10, 0x64, 0x10,
    0x64, 0x10, 0x64, 0x10, 0x64, 0x10, 0x64, 0x10, 0x64, 0x10, 0x64, 0x10, 0x64, 0x10, 0x64, 0x10, 0x64, 0x10, 0x64, 0x10, 0x64, 0x10, 0x64, 0x10, 0x64, 0x10, 0x64, 0x10, 0x64, 0x10, 0x64, 0x10,
    0x64, 0x10, 0x64, 0x10, 0x64, 0x10, 0x64, 0x10, 0x64, 0x10, 0x64, 0x10, 0x64, 0x10, 0x64, 0x10, 0x64, 0x10, 0x64, 0x10, 0x64, 0x10, 0x64, 0x10, 0x64, 0x10, 0x64, 0x10, 0x64, 0x10, 0x64, 0x10,
    0x64, 0x10, 0x64, 0x10, 0x64, 0x10, 0x64, 0x10, 0x64, 0x10, 0x64, 0x10, 0x64, 0x10, 0x64, 0x10, 0x64, 0x10, 0x64, 0x10, 0x64, 0x10, 0x64, 0x10, 0x64, 0x10, 0x64, 0x10, 0x64, 0x10, 0x64, 0x10,
    0x64, 0x10, 0x64, 0x10, 0x64, 0x10, 0x64, 0x10, 0x64, 0x10, 0x64, 0x10, 0x64, 0x10, 0x64, 0x10, 0x64, 0x10, 0x64, 0x10, 0x64, 0x10, 0x64, 0x10, 0x64, 0x10, 0x64, 0x10, 0x64, 0x10, 0x64, 0x10,
    0x64, 0x10, 0x64, 0x10, 0x64, 0x10, 0x64, 0x10, 0x64, 0x10, 0x64, 0x10, 0x64, 0x10, 0x64, 0x10, 0x64, 0x10, 0x64, 0x10, 0x64, 0x10, 0x64, 0x10, 0x64, 0x10, 0x64, 0x10, 0x64, 0x10, 0x64, 0x10,
    0x64, 0x10, 0x64, 0x10, 0x64, 0x10, 0x64, 0x10, 0x64, 0x10, 0x64, 0x10, 0x64, 0x10, 0x64, 0x10, 0x64, 0x10, 0x64, 0x10, 0x64, 0x10, 0x64, 0x10, 0x64, 0x10, 0x64, 0x10, 0x64, 0x10, 0x64, 0x10,
    0x64, 0x10, 0x64, 0x10, 0x64, 0x10, 0x64, 0x10, 0x64, 0x10, 0x64, 0x10, 0x64, 0x10, 0x64, 0x10, 0x64, 0x10, 0x64, 0x10, 0x64, 0x10, 0x64, 0x10, 0x64, 0x10, 0x64, 0x10, 0x64, 0x10, 0x64, 0x10,
    0x64, 0x10, 0x64, 0x10, 0x64, 0x10, 0x64, 0x10, 0x64, 0x10, 0x64, 0x10, 0x64, 0x10, 0x64, 0x10, 0x64, 0x10, 0x64, 0x10, 0x64, 0x10, 0x64, 0x10, 0x64, 0x10, 0x64, 0x10, 0x64, 0x10, 0x64, 0x10,
    0x64, 0x10, 0x64, 0x10, 0x64, 0x10, 0x64, 0x10, 0x64, 0x10, 0x64, 0x10, 0x64, 0x10, 0x64, 0x10, 0x64, 0x10, 0x64, 0x10, 0x64, 0x10, 0x64, 0x10, 0x64, 0x10, 0x64, 0x10, 0x64, 0x10, 0x64, 0x10,
    0x64, 0x10, 0x64, 0x10, 0x64, 0x10, 0x64, 0x10, 0x64, 0x10, 0x64, 0x10, 0x64, 0x10, 0x64, 0x10, 0x64, 0x10, 0x64, 0x10, 0x64, 0x10, 0x64, 0x10, 0x64, 0x10, 0x64, 0x10, 0x64, 0x10, 0x64, 0x10,
    0x64, 0x10, 0x64, 0x10, 0x64, 0x10, 0x64, 0x10, 0x64, 0x10, 0x64, 0x10, 0x64, 0x10, 0x64, 0x10, 0x64, 0x10, 0x64, 0x10, 0x64, 0x10, 0x64, 0x10, 0x64, 0x10, 0x64, 0x10, 0x64, 0x10, 0x64, 0x10,
    0x64, 0x10, 0x64, 0x10, 0x64, 0x10, 0x64, 0x10, 0x64, 0x10, 0x64, 0x10, 0x64, 0x10, 0x64, 0x10, 0x64, 0x10, 0x64, 0x10, 0x64, 0x10, 0x64, 0x10, 0x64, 0x10, 0x64, 0x10, 0x64, 0x10, 0x64, 0x10,
    0x64, 0x10, 0x64, 0x10, 0x64, 0x10, 0x64, 0x10, 0x64, 0x10, 0x64, 0x10, 0x64, 0x10, 0x64, 0x10, 0x64, 0x10, 0x64, 0x10, 0x64, 0x10, 0x64, 0x10, 0x64, 0x10, 0x64, 0x10, 0x64, 0x10, 0x64, 0x10,
    0x64, 0x10, 0x64, 0x10, 0x64, 0x10, 0x64, 0x10, 0x64, 0x10, 0x64, 0x10, 0x64, 0x10, 0x64, 0x10, 0x64, 0x10, 0x64, 0x10, 0x64, 0x10, 0x64, 0x10, 0x64, 0x10, 0x64, 0x10, 0x64, 0x10, 0x64, 0x10,
    0x64, 0x10, 0x64, 0x10, 0x64, 0x10, 0x64, 0x10, 0x64, 0x10, 0x64, 0x10, 0x64, 0x10, 0x64, 0x10, 0x64, 0x10, 0x64, 0x10, 0x64, 0x10, 0x64, 0x10, 0x64, 0x10, 0x64, 0x10, 0x64, 0x10, 0x64, 0x10,
    0x64, 0x10, 0x64, 0x10, 0x64, 0x10, 0x64, 0x10, 0x64, 0x10, 0x64, 0x10, 0x64, 0x10, 0x64, 0x10, 0x64, 0x10, 0x64, 0x10, 0x64, 0x10, 0x64, 0x10, 0x64, 0x10, 0x64, 0x10, 0x64, 0x10, 0x64, 0x10,
    0x64, 0x10, 0x64, 0x10, 0x64, 0x10, 0x64, 0x10, 0x64, 0x10, 0x64, 0x10, 0x64, 0x10, 0x64, 0x10, 0x64, 0x10, 0x64, 0x10, 0x64, 0x10, 0x64, 0x10, 0x64, 0x10, 0x64, 0x10, 0x64, 0x10, 0x64, 0x10,
    0x64, 0x10, 0x64, 0x10, 0x64, 0x10, 0x64, 0x10, 0x64, 0x10, 0x64, 0x10, 0x64, 0x10, 0x64, 0x10, 0x64, 0x10, 0x64, 0x10, 0x64, 0x10, 0x64, 0x10, 0x64, 0x10, 0x64, 0x10, 0x64, 0x10, 0x64, 0x10,
    0x64, 0x10, 0x64, 0x10, 0x64, 0x10, 0x64, 0x10, 0x64, 0x10, 0x64, 0x10, 0x64, 0x10, 0x64, 0x10, 0x64, 0x10, 0x64, 0x10, 0x64, 0x10, 0x64, 0x10, 0x64, 0x10, 0x64, 0x10, 0x64, 0x10, 0x64, 0x10,
    0x64, 0x10, 0x64, 0x10, 0x64, 0x10, 0x64, 0x10, 0x64, 0x10, 0x64, 0x10, 0x64, 0x10, 0x64, 0x10, 0x64, 0x10, 0x64, 0x10, 0x64, 0x10, 0x64, 0x10, 0x64, 0x10, 0x64, 0x10, 0x64, 0x10, 0x64, 0x10,
    0x64, 0x10, 0x64, 0x10, 0x64, 0x10, 0x64, 0x10, 0x64, 0x10, 0x64, 0x10, 0x64, 0x10, 0x64, 0x10, 0x64, 0x10, 0x64, 0x10, 0x64, 0x10, 0x64, 0x10, 0x64, 0x10, 0x64, 0x10, 0x64, 0x10, 0x64, 0x10,
    0x64, 0x10, 0x64, 0x10, 0x64, 0x10, 0x64, 0x10, 0x64, 0x10, 0x64, 0x10, 0x64, 0x10, 0x64, 0x10, 0x64, 0x10, 0x64, 0x10, 0x64, 0x10, 0x64, 0x10, 0x64, 0x10, 0x64, 0x10, 0x64, 0x10, 0x64, 0x10,
    0x64, 0x10, 0x64, 0x10, 0x64, 0x10, 0x64, 0x10, 0x64, 0x10, 0x64, 0x10, 0x64, 0x10, 0x64, 0x10, 0x64, 0x10, 0x64, 0x10, 0x64, 0x10, 0x64, 0x10, 0x64, 0x10, 0x64, 0x10, 0x64, 0x10, 0x64, 0x10,
    0x64, 0x10, 0x64, 0x10, 0x64, 0x10, 0x64, 0x10, 0x64, 0x10, 0x64, 0x10, 0x64, 0x10, 0x64, 0x10, 0x64, 0x10, 0x64, 0x10, 0x64, 0x10, 0x64, 0x10, 0x64, 0x10, 0x64, 0x10, 0x64, 0x10, 0x64, 0x10,
    0x64, 0x10, 0x64, 0x10, 0x64, 0x10, 0x64, 0x10, 0x64, 0x10, 0x64, 0x10, 0x64, 0x10, 0x64, 0x10, 0x64, 0x10, 0x64, 0x10, 0x64, 0x10, 0x64, 0x10, 0x64, 0x10, 0x64, 0x10, 0x64, 0x10, 0x64, 0x10,
    0x64, 0x10, 0x64, 0x10, 0x64, 0x10, 0x64, 0x10, 0x64, 0x10, 0x64, 0x10, 0x64, 0x10, 0x64, 0x10, 0x64, 0x10, 0x64, 0x10, 0x64, 0x10, 0x64, 0x10, 0x64, 0x10, 0x64, 0x10, 0x64, 0x10, 0x64, 0x10,
    0x64, 0x10, 0x64, 0x10, 0x64, 0x10, 0x64, 0x10, 0x64, 0x10, 0x64, 0x10, 0x64, 0x10, 0x64, 0x10, 0x64, 0x10, 0x64, 0x10, 0x64, 0x10, 0x64, 0x10, 0x64, 0x10, 0x64, 0x10, 0x64, 0x10, 0x64, 0x10,
    0x64, 0x10, 0x64, 0x10, 0x64, 0x10, 0x64, 0x10, 0x64, 0x10, 0x64, 0x10, 0x64, 0x10, 0x64, 0x10, 0x64, 0x10, 0x64, 0x10, 0x64, 0x10, 0x64, 0x10, 0x64, 0x10, 0x64, 0x10, 0x64, 0x10, 0x64, 0x10,
    0x64, 0x10, 0x64, 0x10, 0x64, 0x10, 0x64, 0x10, 0x64, 0x10, 0x64, 0x10, 0x64, 0x10, 0x64, 0x10, 0x64, 0x10, 0x64, 0x10, 0x64, 0x10, 0x64, 0x10, 0x64, 0x10, 0x64, 0x10, 0x64, 0x10, 0x64, 0x10,
    0x64, 0x10, 0x64, 0x10, 0x64, 0x10, 0x64, 0x10, 0x64, 0x10, 0x64, 0x10, 0x64, 0x10, 0x64, 0x10, 0x64, 0x10, 0x64, 0x10, 0x64, 0x10, 0x64, 0x10, 0x64, 0x10, 0x64, 0x10, 0x64, 0x10, 0x64, 0x10,
    0x64, 0x10, 0x64, 0x10, 0x64, 0x10, 0x64, 0x10, 0x64, 0x10, 0x64, 0x10, 0x64, 0x10, 0x64, 0x10, 0x64, 0x10, 0x64, 0x10, 0x64, 0x10, 0x64, 0x10, 0x64, 0x10, 0x64, 0x10, 0x64, 0x10, 0x64, 0x10,
    0x64, 0x10, 0x64, 0x10, 0x64, 0x10, 0x64, 0x10, 0x64, 0x10, 0x64, 0x10, 0x64, 0x10, 0x64, 0x10, 0x64, 0x10, 0x64, 0x10, 0x64, 0x10, 0x64, 0x10, 0x64, 0x10, 0x64, 0x10, 0x64, 0x10, 0x64, 0x10,
    0x64, 0x10, 0x64, 0x10, 0x64, 0x10, 0x64, 0x10, 0x64, 0x10, 0x64, 0x10, 0x64, 0x10, 0x64, 0x10, 0x64, 0x10, 0x64, 0x10, 0x64, 0x10, 0x64, 0x10, 0x64, 0x10, 0x64, 0x10, 0x64, 0x10, 0x64, 0x10,
    0x64, 0x10, 0x64, 0x10, 0x64, 0x10, 0x64, 0x10, 0x64, 0x10, 0x64, 0x10, 0x64, 0x10, 0x64, 0x10, 0x64, 0x10, 0x64, 0x10, 0x64, 0x10, 0x64, 0x10, 0x64, 0x10, 0x64, 0x10, 0x64, 0x10, 0x64, 0x10,
    0x64, 0x10, 0x64, 0x10, 0x64, 0x10, 0x64, 0x10, 0x64, 0x10, 0x64, 0x10, 0x64, 0x10, 0x64, 0x10, 0x64, 0x10, 0x64, 0x10, 0x64, 0x10, 0x64, 0x10, 0x64, 0x10, 0x64, 0x10, 0x64, 0x10, 0x64, 0x10,
    0x64, 0x10, 0x64, 0x10, 0x64, 0x10, 0x64, 0x10, 0x64, 0x10, 0x64, 0x10, 0x64, 0x10, 0x64, 0x10, 0x64, 0x10, 0x64, 0x10, 0x64, 0x10, 0x64, 0x10, 0x64, 0x10, 0x64, 0x10, 0x64, 0x10, 0x64, 0x10,
    0x64, 0x10, 0x64, 0x10, 0x64, 0x10, 0x64, 0x10, 0x64, 0x10, 0x64, 0x10, 0x64, 0x10, 0x64, 0x10, 0x64, 0x10, 0x64, 0x10, 0x64, 0x10, 0x64, 0x10, 0x64, 0x10, 0x64, 0x10, 0x64, 0x10, 0x64, 0x10,
    0x64, 0x10, 0x64, 0x10, 0x64, 0x10, 0x64, 0x10, 0x64, 0x10, 0x64, 0x10, 0x64, 0x10, 0x64, 0x10, 0x64, 0x10, 0x64, 0x10, 0x64, 0x10, 0x64, 0x10, 0x64, 0x10, 0x64, 0x10, 0x64, 0x10, 0x64, 0x10,
    0x64, 0x10, 0x64, 0x10, 0x64, 0x10, 0x64, 0x10, 0x64, 0x10, 0x64, 0x10, 0x64, 0x10, 0x64, 0x10, 0x64, 0x10, 0x64, 0x10, 0x64, 0x10, 0x64, 0x10, 0x64, 0x10, 0x64, 0x10, 0x64, 0x10, 0x64, 0x10,
    0x64, 0x10, 0x64, 0x10, 0x64, 0x10, 0x64, 0x10, 0x64, 0x10, 0x64, 0x10, 0x64, 0x10, 0x64, 0x10, 0x64, 0x10, 0x64, 0x10, 0x64, 0x10, 0x64, 0x10, 0x64, 0x10, 0x64, 0x10, 0x64, 0x10, 0x64, 0x10,
    0x64, 0x10, 0x64, 0x10, 0x64, 0x10, 0x64, 0x10, 0x64, 0x10, 0x64, 0x10, 0x64, 0x10, 0x64, 0x10, 0x64, 0x10, 0x64, 0x10, 0x64, 0x10, 0x64, 0x10, 0x64, 0x10, 0x64, 0x10, 0x64, 0x10, 0x64, 0x10,
    0x64, 0x10, 0x64, 0x10, 0x64, 0x10, 0x64, 0x10, 0x64, 0x10, 0x64, 0x10, 0x64, 0x10, 0x64, 0x10, 0x64, 0x10, 0x64, 0x10, 0x64, 0x10, 0x64, 0x10, 0x64, 0x10, 0x64, 0x10, 0x64, 0x10, 0x64, 0x10,
    0x64, 0x10, 0x64, 0x10, 0x64, 0x10, 0x64, 0x10, 0x64, 0x10, 0x64, 0x10, 0x64, 0x10, 0x64, 0x10, 0x64, 0x10, 0x64, 0x10, 0x64, 0x10, 0x64, 0x10, 0x64, 0x10, 0x64, 0x10, 0x64, 0x10, 0x64, 0x10,
    0x64, 0x10, 0x64, 0x10, 0x64, 0x10, 0x64, 0x10, 0x64, 0x10, 0x64, 0x10, 0x64, 0x10, 0x64, 0x10, 0x64, 0x10, 0x64, 0x10, 0x64, 0x10, 0x64, 0x10, 0x64, 0x10, 0x64, 0x10, 0x64, 0x10, 0x64, 0x10,
    0x64, 0x10, 0x64, 0x10, 0x64, 0x10, 0x64, 0x10, 0x64, 0x10, 0x64, 0x10, 0x64, 0x10, 0x64, 0x10, 0x64, 0x10, 0x64, 0x10, 0x64, 0x10, 0x64, 0x10, 0x64, 0x10, 0x64, 0x10, 0x64, 0x10, 0x64, 0x10,
    0x64, 0x10, 0x64, 0x10, 0x64, 0x10, 0x64, 0x10, 0x64, 0x10, 0x64, 0x10, 0x64, 0x10, 0x64, 0x10, 0x64, 0x10, 0x64, 0x10, 0x64, 0x10, 0x64, 0x10, 0x64, 0x10, 0x64, 0x10, 0x64, 0x10, 0x64, 0x10,
    0x64, 0x10, 0x64, 0x10, 0x64, 0x10, 0x64, 0x10, 0x64, 0x10, 0x64, 0x10, 0x64, 0x10, 0x64, 0x10, 0x64, 0x10, 0x64, 0x10, 0x64, 0x10, 0x64, 0x10, 0x64, 0x10, 0x64, 0x10, 0x64, 0x10, 0x64, 0x10,
    0x64, 0x10, 0x64, 0x10, 0x64, 0x10, 0x64, 0x10, 0x64, 0x10, 0x64, 0x10, 0x64, 0x10, 0x64, 0x10, 0x64, 0x10, 0x64, 0x10, 0x64, 0x10, 0x64, 0x10, 0x64, 0x10, 0x64, 0x10, 0x64, 0x10, 0x64, 0x10,
    0x64, 0x10, 0x64, 0x10, 0x64, 0x10, 0x64, 0x10, 0x64, 0x10, 0x64, 0x10, 0x64, 0x10, 0x64, 0x10, 0x64, 0x10, 0x64, 0x10, 0x64, 0x10, 0x64, 0x10, 0x64, 0x10, 0x64, 0x10, 0x64, 0x10, 0x64, 0x10,
    0x64, 0x10, 0x64, 0x10, 0x64, 0x10, 0x64, 0x10, 0x64, 0x10, 0x64, 0x10, 0x64, 0x10, 0x64, 0x10, 0x64, 0x10, 0x64, 0x10, 0x64, 0x10, 0x64, 0x10, 0x64, 0x10, 0x64, 0x10, 0x64, 0x10, 0x64, 0x10,
    0x64, 0x10, 0x64, 0x10, 0x64, 0x10, 0x64, 0x10, 0x64, 0x10, 0x64, 0x10, 0x64, 0x10, 0x64, 0x10, 0x64, 0x10, 0x64, 0x10, 0x64, 0x10, 0x64, 0x10, 0x64, 0x10, 0x64, 0x10, 0x64, 0x10, 0x64, 0x10,
    0x64, 0x10, 0x64, 0x10, 0x64, 0x10, 0x64, 0x10, 0x64, 0x10, 0x64, 0x10, 0x64, 0x10, 0x64, 0x10, 0x64, 0x10, 0x64, 0x10, 0x64, 0x10, 0x64, 0x10, 0x64, 0x10, 0x64, 0x10, 0x64, 0x10, 0x64, 0x10,
    0x64, 0x10, 0x64, 0x10, 0x64, 0x10, 0x64, 0x10, 0x64, 0x10, 0x64, 0x10, 0x64, 0x10, 0x64, 0x10, 0x64, 0x10, 0x64, 0x10, 0x64, 0x10, 0x64, 0x10, 0x64, 0x10, 0x64, 0x10, 0x64, 0x10, 0x64, 0x10,
    0x64, 0x10, 0x64, 0x10, 0x64, 0x10, 0x64, 0x10, 0x64, 0x10, 0x64, 0x10, 0x64, 0x10, 0x64, 0x10, 0x64, 0x10, 0x64, 0x10, 0x64, 0x10, 0x64, 0x10, 0x64, 0x10, 0x64, 0x10, 0x64, 0x10, 0x64, 0x10,
    0x64, 0x10, 0x64, 0x10, 0x64, 0x10, 0x64, 0x10, 0x64, 0x10, 0x64, 0x10, 0x64, 0x10, 0x64, 0x10, 0x64, 0x10, 0x64, 0x10, 0x64, 0x10, 0x64, 0x10, 0x64, 0x10, 0x64, 0x10, 0x64, 0x10, 0x64, 0x10,
    0x64, 0x10, 0x64, 0x10, 0x64, 0x10, 0x64, 0x10, 0x64, 0x10, 0x64, 0x10, 0x64, 0x10, 0x64, 0x10, 0x64, 0x10, 0x64, 0x10, 0x64, 0x10, 0x64, 0x10, 0x64, 0x10, 0x64, 0x10, 0x64, 0x10, 0x64, 0x10,
    0x64, 0x10, 0x64, 0x10, 0x64, 0x10, 0x64, 0x10, 0x64, 0x10, 0x64, 0x10, 0x64, 0x10, 0x64, 0x10, 0x64, 0x10, 0x64, 0x10, 0x64, 0x10, 0x64, 0x10, 0x64, 0x10, 0x64, 0x10, 0x64, 0x10, 0x64, 0x10,
    0x64, 0x10, 0x64, 0x10, 0x64, 0x10, 0x64, 0x10, 0x64, 0x10, 0x64, 0x10, 0x64, 0x10, 0x64, 0x10, 0x64, 0x10, 0x64, 0x10, 0x64, 0x10, 0x64, 0x10, 0x64, 0x10, 0x64, 0x10, 0x64, 0x10, 0x64, 0x10,
    0x64, 0x10, 0x64, 0x10, 0x64, 0x10, 0x64, 0x10, 0x64, 0x10, 0x64, 0x10, 0x64, 0x10, 0x64, 0x10, 0x64, 0x10, 0x64, 0x10, 0x64, 0x10, 0x64, 0x10, 0x64, 0x10, 0x64, 0x10, 0x64, 0x10, 0x64, 0x10,
    0x64, 0x10, 0x64, 0x10, 0x64, 0x10, 0x64, 0x10, 0x64, 0x10, 0x64, 0x10, 0x64, 0x10, 0x64, 0x10, 0x64, 0x10, 0x64, 0x10, 0x64, 0x10, 0x64, 0x10, 0x64, 0x10, 0x64, 0x10, 0x64, 0x10, 0x64, 0x10,
    0x64, 0x10, 0x64, 0x10, 0x64, 0x10, 0x64, 0x10, 0x64, 0x10, 0x64, 0x10, 0x64, 0x10, 0x64, 0x10, 0x64, 0x10, 0x64, 0x10, 0x64, 0x10, 0x64, 0x10, 0x64, 0x10, 0x64, 0x10, 0x64, 0x10, 0x64, 0x10,
    0x64, 0x10, 0x64, 0x10, 0x64, 0x10, 0x64, 0x10, 0x64, 0x10, 0x64, 0x10, 0x64, 0x10, 0x64, 0x10, 0x64, 0x10, 0x64, 0x10, 0x64, 0x10, 0x64, 0x10, 0x64, 0x10, 0x64, 0x10, 0x64, 0x10, 0x64, 0x10,
    0x64, 0x10, 0x64, 0x10, 0x64, 0x10, 0x64, 0x10, 0x64, 0x10, 0x64, 0x10, 0x64, 0x10, 0x64, 0x10, 0x64, 0x10, 0x64, 0x10, 0x64, 0x10, 0x64, 0x10, 0x64, 0x10, 0x64, 0x10, 0x64, 0x10, 0x64, 0x10,
    0x64, 0x10, 0x64, 0x10, 0x64, 0x10, 0x64, 0x10, 0x64, 0x10, 0x64, 0x10, 0x64, 0x10, 0x64, 0x10, 0x64, 0x10, 0x64, 0x10, 0x64, 0x10, 0x64, 0x10, 0x64, 0x10, 0x64, 0x10, 0x64, 0x10, 0x64, 0x10,
    0x64, 0x10, 0x64, 0x10, 0x64, 0x10, 0x64, 0x10, 0x64, 0x10, 0x64, 0x10, 0x64, 0x10, 0x64, 0x10, 0x64, 0x10, 0x64, 0x10, 0x64, 0x10, 0x64, 0x10, 0x64, 0x10, 0x64, 0x10, 0x64, 0x10, 0x64, 0x10,
    0x64, 0x10, 0x64, 0x10, 0x64, 0x10, 0x64, 0x10, 0x64, 0x10, 0x64, 0x10, 0x64, 0x10, 0x64, 0x10, 0x64, 0x10, 0x64, 0x10, 0x64, 0x10, 0x64, 0x10, 0x64, 0x10, 0x64, 0x10, 0x64, 0x10, 0x64, 0x10,
    0x64, 0x10, 0x64, 0x10, 0x64, 0x10, 0x64, 0x10, 0x64, 0x10, 0x64, 0x10, 0x64, 0x10, 0x64, 0x10, 0x64, 0x10, 0x64, 0x10, 0x64, 0x10, 0x64, 0x10, 0x64, 0x10, 0x64, 0x10, 0x64, 0x10, 0x64, 0x10,
    0x64, 0x10, 0x64, 0x10, 0x64, 0x10, 0x64, 0x10, 0x64, 0x10, 0x64, 0x10, 0x64, 0x10, 0x64, 0x10, 0x64, 0x10, 0x64, 0x10, 0x64, 0x10, 0x64, 0x10, 0x64, 0x10, 0x64, 0x10, 0x64, 0x10, 0x64, 0x10,
    0x64, 0x10, 0x64, 0x10, 0x64, 0x10, 0x64, 0x10, 0x64, 0x10, 0x64, 0x10, 0x64, 0x10, 0x64, 0x10, 0x64, 0x10, 0x64, 0x10, 0x64, 0x10, 0x64, 0x10, 0x64, 0x10, 0x64, 0x10, 0x64, 0x10, 0x64, 0x10,
    0x64, 0x10, 0x64, 0x10, 0x64, 0x10, 0x64, 0x10, 0x64, 0x10, 0x64, 0x10, 0x64, 0x10, 0x64, 0x10, 0x64, 0x10, 0x64, 0x10, 0x64, 0x10, 0x64, 0x10, 0x64, 0x10, 0x64, 0x10, 0x64, 0x10, 0x64, 0x10,
    0x64, 0x10, 0x64, 0x10, 0x64, 0x10, 0x64, 0x10, 0x64, 0x10, 0x64, 0x10, 0x64, 0x10, 0x64, 0x10, 0x64, 0x10, 0x64, 0x10, 0x64, 0x10, 0x64, 0x10, 0x64, 0x10, 0x64, 0x10, 0x64, 0x10, 0x64, 0x10,
    0x64, 0x10, 0x64, 0x10, 0x64, 0x10, 0x64, 0x10, 0x64, 0x10, 0x64, 0x10, 0x64, 0x10, 0x64, 0x10, 0x64, 0x10, 0x64, 0x10, 0x64, 0x10, 0x64, 0x10, 0x64, 0x10, 0x64, 0x10, 0x64, 0x10, 0x64, 0x10,
    0x64, 0x10, 0x64, 0x10, 0x64, 0x10, 0x64, 0x10, 0x64, 0x10, 0x64, 0x10, 0x64, 0x10, 0x64, 0x10, 0x64, 0x10, 0x64, 0x10, 0x64, 0x10, 0x64, 0x10, 0x64, 0x10, 0x64, 0x10, 0x64, 0x10, 0x64, 0x10,
    0x64, 0x10, 0x64, 0x10, 0x64, 0x10, 0x64, 0x10, 0x64, 0x10, 0x64, 0x10, 0x64, 0x10, 0x64, 0x10, 0x64, 0x10, 0x64, 0x10, 0x64, 0x10, 0x64, 0x10, 0x64, 0x10, 0x64, 0x10, 0x64, 0x10, 0x64, 0x10,
    0x64, 0x10, 0x64, 0x10, 0x64, 0x10, 0x64, 0x10, 0x64, 0x10, 0x64, 0x10, 0x64, 0x10, 0x64, 0x10, 0x64, 0x10, 0x64, 0x10, 0x64, 0x10, 0x64, 0x10, 0x64, 0x10, 0x64, 0x10, 0x64, 0x10, 0x64, 0x10,
    0x64, 0x10, 0x64, 0x10, 0x64, 0x10, 0x64, 0x10, 0x64, 0x10, 0x64, 0x10, 0x64, 0x10, 0x64, 0x10, 0x64, 0x10, 0x64, 0x10, 0x64, 0x10, 0x64, 0x10, 0x64, 0x10, 0x64, 0x10, 0x64, 0x10, 0x64, 0x10,
    0x64, 0x10, 0x64, 0x10, 0x64, 0x10, 0x64, 0x10, 0x64, 0x10, 0x64, 0x10, 0x64, 0x10, 0x64, 0x10, 0x64, 0x10, 0x64, 0x10, 0x64, 0x10, 0x64, 0x10, 0x64, 0x10, 0x64, 0x10, 0x64, 0x10, 0x64, 0x10,
    0x64, 0x10, 0x64, 0x10, 0x64, 0x10, 0x64, 0x10, 0x64, 0x10, 0x64, 0x10, 0x64, 0x10, 0x64, 0x10, 0x64, 0x10, 0x64, 0x10, 0x64, 0x10, 0x64, 0x10, 0x64, 0x10, 0x64, 0x10, 0x64, 0x10, 0x64, 0x10,
    0x64, 0x10, 0x64, 0x10, 0x64, 0x10, 0x64, 0x10, 0x64, 0x10, 0x64, 0x10, 0x64, 0x10, 0x64, 0x10, 0x64, 0x10, 0x64, 0x10, 0x64, 0x10, 0x64, 0x10, 0x64, 0x10, 0x64, 0x10, 0x64, 0x10, 0x64, 0x10,
    0x64, 0x10, 0x64, 0x10, 0x64, 0x10, 0x64, 0x10, 0x64, 0x10, 0x64, 0x10, 0x64, 0x10, 0x64, 0x10, 0x64, 0x10, 0x64, 0x10, 0x64, 0x10, 0x64, 0x10, 0x64, 0x10, 0x64, 0x10, 0x64, 0x10, 0x64, 0x10,
    0x64, 0x10, 0x64, 0x10, 0x64, 0x10, 0x64, 0x10, 0x64, 0x10, 0x64, 0x10, 0x64, 0x10, 0x64, 0x10, 0x64, 0x10, 0x64, 0x10, 0x64, 0x10, 0x64, 0x10, 0x64, 0x10, 0x64, 0x10, 0x64, 0x10, 0x64, 0x10,
    0x64, 0x10, 0x64, 0x10, 0x64, 0x10, 0x64, 0x10, 0x64, 0x10, 0x64, 0x10, 0x64, 0x10, 0x64, 0x10, 0x64, 0x10, 0x64, 0x10, 0x64, 0x10, 0x64, 0x10, 0x64, 0x10, 0x64, 0x10, 0x64, 0x10, 0x64, 0x10,
    0x64, 0x10, 0x64, 0x10, 0x64, 0x10, 0x64, 0x10, 0x64, 0x10, 0x64, 0x10, 0x64, 0x10, 0x64, 0x10, 0x64, 0x10, 0x64, 0x10, 0x64, 0x10, 0x64, 0x10, 0x64, 0x10, 0x64, 0x10, 0x64, 0x10, 0x64, 0x10,
    0x64, 0x10, 0x64, 0x10, 0x64, 0x10, 0x64, 0x10, 0x64, 0x10, 0x64, 0x10, 0x64, 0x10, 0x64, 0x10, 0x64, 0x10, 0x64, 0x10, 0x64, 0x10, 0x64, 0x10, 0x64, 0x10, 0x64, 0x10, 0x64, 0x10, 0x64, 0x10,
    0x64, 0x10, 0x64, 0x10, 0x64, 0x10, 0x64, 0x10, 0x64, 0x10, 0x64, 0x10, 0x64, 0x10, 0x64, 0x10, 0x64, 0x10, 0x64, 0x10, 0x64, 0x10, 0x64, 0x10, 0x64, 0x10, 0x64, 0x10, 0x64, 0x10, 0x64, 0x10,
    0x64, 0x10, 0x64, 0x10, 0x64, 0x10, 0x64, 0x10, 0x64, 0x10, 0x64, 0x10, 0x64, 0x10, 0x64, 0x10, 0x64, 0x10, 0x64, 0x10, 0x64, 0x10, 0x64, 0x10, 0x64, 0x10, 0x64, 0x10, 0x64, 0x10, 0x64, 0x10,
    0x64, 0x10, 0x64, 0x10, 0x64, 0x10, 0x64, 0x10, 0x64, 0x10, 0x64, 0x10, 0x64, 0x10, 0x64, 0x10, 0x64, 0x10, 0x64, 0x10, 0x64, 0x10, 0x64, 0x10, 0x64, 0x10, 0x64, 0x10, 0x64, 0x10, 0x64, 0x10,
    0x64, 0x10, 0x64, 0x10, 0x64, 0x10, 0x64, 0x10, 0x64, 0x10, 0x64, 0x10, 0x64, 0x10, 0x64, 0x10, 0x64, 0x10, 0x64, 0x10, 0x64, 0x10, 0x64, 0x10, 0x64, 0x10, 0x64, 0x10, 0x64, 0x10, 0x64, 0x10,
    0x64, 0x10, 0x64, 0x10, 0x64, 0x10, 0x64, 0x10, 0x64, 0x10, 0x64, 0x10, 0x64, 0x10, 0x64, 0x10, 0x64, 0x10, 0x64, 0x10, 0x64, 0x10, 0x64, 0x10, 0x64, 0x10, 0x64, 0x10, 0x64, 0x10, 0x64, 0x10,
    0x64, 0x10, 0x64, 0x10, 0x64, 0x10, 0x64, 0x10, 0x64, 0x10, 0x64, 0x10, 0x64, 0x10, 0x64, 0x10, 0x64, 0x10, 0x64, 0x10, 0x64, 0x10, 0x64, 0x10, 0x64, 0x10, 0x64, 0x10, 0x64, 0x10, 0x64, 0x10,
    0x64, 0x10, 0x64, 0x10, 0x64, 0x10, 0x64, 0x10, 0x64, 0x10, 0x64, 0x10, 0x64, 0x10, 0x64, 0x10, 0x64, 0x10, 0x64, 0x10, 0x64, 0x10, 0x64, 0x10, 0x64, 0x10, 0x64, 0x10, 0x64, 0x10, 0x64, 0x10,
    0x64, 0x10, 0x64, 0x10, 0x64, 0x10, 0x64, 0x10, 0x64, 0x10, 0x64, 0x10, 0x64, 0x10, 0x64, 0x10, 0x64, 0x10, 0x64, 0x10, 0x64, 0x10, 0x64, 0x10, 0x64, 0x10, 0x64, 0x10, 0x64, 0x10, 0x64, 0x10,
    0x64, 0x10, 0x64, 0x10, 0x64, 0x10, 0x64, 0x10, 0x64, 0x10, 0x64, 0x10, 0x64, 0x10, 0x64, 0x10, 0x64, 0x10, 0x64, 0x10, 0x64, 0x10, 0x64, 0x10, 0x64, 0x10, 0x64, 0x10, 0x64, 0x10, 0x64, 0x10,
    0x64, 0x10, 0x64, 0x10, 0x64, 0x10, 0x64, 0x10, 0x64, 0x10, 0x64, 0x10, 0x64, 0x10, 0x64, 0x10, 0x64, 0x10, 0x64, 0x10, 0x64, 0x10, 0x64, 0x10, 0x64, 0x10, 0x64, 0x10, 0x64, 0x10, 0x64, 0x10,
    0x64, 0x10, 0x64, 0x10, 0x64, 0x10, 0x64, 0x10, 0x64, 0x10, 0x64, 0x10, 0x64, 0x10, 0x64, 0x10, 0x64, 0x10, 0x64, 0x10, 0x64, 0x10, 0x64, 0x10, 0x64, 0x10, 0x64, 0x10, 0x64, 0x10, 0x64, 0x10,
    0x64, 0x10, 0x64, 0x10, 0x64, 0x10, 0x64, 0x10, 0x64, 0x10, 0x64, 0x10, 0x64, 0x10, 0x64, 0x10, 0x64, 0x10, 0x64, 0x10, 0x64, 0x10, 0x64, 0x10, 0x64, 0x10, 0x64, 0x10, 0x64, 0x10, 0x64, 0x10,
    0x64, 0x10, 0x64, 0x10, 0x64, 0x10, 0x64, 0x10, 0x64, 0x10, 0x64, 0x10, 0x64, 0x10, 0x64, 0x10, 0x64, 0x10, 0x64, 0x10, 0x64, 0x10, 0x64, 0x10, 0x64, 0x10, 0x64, 0x10, 0x64, 0x10, 0x64, 0x10,
    0x64, 0x10, 0x64, 0x10, 0x64, 0x10, 0x64, 0x10, 0x64, 0x10, 0x64, 0x10, 0x64, 0x10, 0x64, 0x10, 0x64, 0x10, 0x64, 0x10, 0x64, 0x10, 0x64, 0x10, 0x64, 0x10, 0x64, 0x10, 0x64, 0x10, 0x64, 0x10,
    0x64, 0x10, 0x64, 0x10, 0x64, 0x10, 0x64, 0x10, 0x64, 0x10, 0x64, 0x10, 0x64, 0x10, 0x64, 0x10, 0x64, 0x10, 0x64, 0x10, 0x64, 0x10, 0x64, 0x10, 0x64, 0x10, 0x64, 0x10, 0x64, 0x10, 0x64, 0x10,
    0x64, 0x10, 0x64, 0x10, 0x64, 0x10, 0x64, 0x10, 0x64, 0x10, 0x64, 0x10, 0x64, 0x10, 0x64, 0x10, 0x64, 0x10, 0x64, 0x10, 0x64, 0x10, 0x64, 0x10, 0x64, 0x10, 0x64, 0x10, 0x64, 0x10, 0x64, 0x10,
    0x64, 0x10, 0x64, 0x10, 0x64, 0x10, 0x64, 0x10, 0x64, 0x10, 0x64, 0x10, 0x64, 0x10, 0x64, 0x10, 0x64, 0x10, 0x64, 0x10, 0x64, 0x10, 0x64, 0x10, 0x64, 0x10, 0x64, 0x10, 0x64, 0x10, 0x64, 0x10,
    0x64, 0x10, 0x64, 0x10, 0x64, 0x10, 0x64, 0x10, 0x64, 0x10, 0x64, 0x10, 0x64, 0x10, 0x64, 0x10, 0x64, 0x10, 0x64, 0x10, 0x64, 0x10, 0x64, 0x10, 0x64, 0x10, 0x64, 0x10, 0x64, 0x10, 0x64, 0x10,
    0x64, 0x10, 0x64, 0x10, 0x64, 0x10, 0x64, 0x10, 0x64, 0x10, 0x64, 0x10, 0x64, 0x10, 0x64, 0x10, 0x64, 0x10, 0x64, 0x10, 0x64, 0x10, 0x64, 0x10, 0x64, 0x10, 0x64, 0x10, 0x64, 0x10, 0x64, 0x10,
    0x64, 0x10, 0x64, 0x10, 0x64, 0x10, 0x64, 0x10, 0x64, 0x10, 0x64, 0x10, 0x64, 0x10, 0x64, 0x10, 0x64, 0x10, 0x64, 0x10, 0x64, 0x10, 0x64, 0x10, 0x64, 0x10, 0x64, 0x10, 0x64, 0x10, 0x64, 0x10,
    0x64, 0x10, 0x64, 0x10, 0x64, 0x10, 0x64, 0x10, 0x64, 0x10, 0x64, 0x10, 0x64, 0x10, 0x64, 0x10, 0x64, 0x10, 0x64, 0x10, 0x64, 0x10, 0x64, 0x10, 0x64, 0x10, 0x64, 0x10, 0x64, 0x10, 0x64, 0x10,
    0x64, 0x10, 0x64, 0x10, 0x64, 0x10, 0x64, 0x10, 0x64, 0x10, 0x64, 0x10, 0x64, 0x10, 0x64, 0x10, 0x64, 0x10, 0x64, 0x10, 0x64, 0x10, 0x64, 0x10, 0x64, 0x10, 0x64, 0x10, 0x64, 0x10, 0x64, 0x10,
    0x64, 0x10, 0x64, 0x10, 0x64, 0x10, 0x64, 0x10, 0x64, 0x10, 0x64, 0x10, 0x64, 0x10, 0x64, 0x10, 0x64, 0x10, 0x64, 0x10, 0x64, 0x10, 0x64, 0x10, 0x64, 0x10, 0x64, 0x10, 0x64, 0x10, 0x64, 0x10,
    0x64, 0x10, 0x64, 0x10, 0x64, 0x10, 0x64, 0x10, 0x64, 0x10, 0x64, 0x10, 0x64, 0x10, 0x64, 0x10, 0x64, 0x10, 0x64, 0x10, 0x64, 0x10, 0x64, 0x10, 0x64, 0x10, 0x64, 0x10, 0x64, 0x10, 0x64, 0x10,
    0x64, 0x10, 0x64, 0x10, 0x64, 0x10, 0x64, 0x10, 0x64, 0x10, 0x64, 0x10, 0x64, 0x10, 0x64, 0x10, 0x64, 0x10, 0x64, 0x10, 0x64, 0x10, 0x64, 0x10, 0x64, 0x10, 0x64, 0x10, 0x64, 0x10, 0x64, 0x10,
    0x64, 0x10, 0x64, 0x10, 0x64, 0x10, 0x64, 0x10, 0x64, 0x10, 0x64, 0x10, 0x64, 0x10, 0x64, 0x10, 0x64, 0x10, 0x64, 0x10, 0x64, 0x10, 0x64, 0x10, 0x64, 0x10, 0x64, 0x10, 0x64, 0x10, 0x64, 0x10,
    0x64, 0x10, 0x64, 0x10, 0x64, 0x10, 0x64, 0x10, 0x64, 0x10, 0x64, 0x10, 0x64, 0x10, 0x64, 0x10, 0x64, 0x10, 0x64, 0x10, 0x64, 0x10, 0x64, 0x10, 0x64, 0x10, 0x64, 0x10, 0x64, 0x10, 0x64, 0x10,
    0x64, 0x10, 0x64, 0x10, 0x64, 0x10, 0x64, 0x10, 0x64, 0x10, 0x64, 0x10, 0x64, 0x10, 0x64, 0x10, 0x64, 0x10, 0x64, 0x10, 0x64, 0x10, 0x64, 0x10, 0x64, 0x10, 0x64, 0x10, 0x64, 0x10, 0x64, 0x10,
    0x64, 0x10, 0x64, 0x10, 0x64, 0x10, 0x64, 0x10, 0x64, 0x10, 0x64, 0x10, 0x64, 0x10, 0x64, 0x10, 0x64, 0x10, 0x64, 0x10, 0x64, 0x10, 0x64, 0x10, 0x64, 0x10, 0x64, 0x10, 0x64, 0x10, 0x64, 0x10,
    0x64, 0x10, 0x64, 0x10, 0x64, 0x10, 0x64, 0x10, 0x64, 0x10, 0x64, 0x10, 0x64, 0x10, 0x64, 0x10, 0x64, 0x10, 0x64, 0x10, 0x64, 0x10, 0x64, 0x10, 0x64, 0x10, 0x64, 0x10, 0x64, 0x10, 0x64, 0x10,
    0x64, 0x10, 0x64, 0x10, 0x64, 0x10, 0x64, 0x10, 0x64, 0x10, 0x64, 0x10, 0x64, 0x10, 0x64, 0x10, 0x64, 0x10, 0x64, 0x10, 0x64, 0x10, 0x64, 0x10, 0x64, 0x10, 0x64, 0x10, 0x64, 0x10, 0x64, 0x10,
    0x64, 0x10, 0x64, 0x10, 0x64, 0x10, 0x64, 0x10, 0x64, 0x10, 0x64, 0x10, 0x64, 0x10, 0x64, 0x10, 0x64, 0x10, 0x64, 0x10, 0x64, 0x10, 0x64, 0x10, 0x64, 0x10, 0x64, 0x10, 0x64, 0x10, 0x64, 0x10,
    0x64, 0x10, 0x64, 0x10, 0x64, 0x10, 0x64, 0x10, 0x64, 0x10, 0x64, 0x10, 0x64, 0x10, 0x64, 0x10, 0x64, 0x10, 0x64, 0x10, 0x64, 0x10, 0x64, 0x10, 0x64, 0x10, 0x64, 0x10, 0x64, 0x10, 0x64, 0x10,
    0x64, 0x10, 0x64, 0x10, 0x64, 0x10, 0x64, 0x10, 0x64, 0x10, 0x64, 0x10, 0x64, 0x10, 0x64, 0x10, 0x64, 0x10, 0x64, 0x10, 0x64, 0x10, 0x64, 0x10, 0x64, 0x10, 0x64, 0x10, 0x64, 0x10, 0x64, 0x10,
    0x64, 0x10, 0x64, 0x10, 0x64, 0x10, 0x64, 0x10, 0x64, 0x10, 0x64, 0x10, 0x64, 0x10, 0x64, 0x10, 0x64, 0x10, 0x64, 0x10, 0x64, 0x10, 0x64, 0x10, 0x64, 0x10, 0x64, 0x10, 0x64, 0x10, 0x64, 0x10,
    0x64, 0x10, 0x64, 0x10, 0x64, 0x10, 0x64, 0x10, 0x64, 0x10, 0x64, 0x10, 0x64, 0x10, 0x64, 0x10, 0x64, 0x10, 0x64, 0x10, 0x64, 0x10, 0x64, 0x10, 0x64, 0x10, 0x64, 0x10, 0x64, 0x10, 0x64, 0x10,
    0x64, 0x10, 0x64, 0x10, 0x64, 0x10, 0x64, 0x10, 0x64, 0x10, 0x64, 0x10, 0x64, 0x10, 0x64, 0x10, 0x64, 0x10, 0x64, 0x10, 0x64, 0x10, 0x64, 0x10, 0x64, 0x10, 0x64, 0x10, 0x64, 0x10, 0x64, 0x10,
    0x64, 0x10, 0x64, 0x10, 0x64, 0x10, 0x64, 0x10, 0x64, 0x10, 0x64, 0x10, 0x64, 0x10, 0x64, 0x10, 0x64, 0x10, 0x64, 0x10, 0x64, 0x10, 0x64, 0x10, 0x64, 0x10, 0x64, 0x10, 0x64, 0x10, 0x64, 0x10,
    0x64, 0x10, 0x64, 0x10, 0x64, 0x10, 0x64, 0x10, 0x64, 0x10, 0x64, 0x10, 0x64, 0x10, 0x64, 0x10, 0x64, 0x10, 0x64, 0x10, 0x64, 0x10, 0x64, 0x10, 0x64, 0x10, 0x64, 0x10, 0x64, 0x10, 0x64, 0x10,
    0x64, 0x10, 0x64, 0x10, 0x64, 0x10, 0x64, 0x10, 0x64, 0x10, 0x64, 0x10, 0x64, 0x10, 0x64, 0x10, 0x64, 0x10, 0x64, 0x10, 0x64, 0x10, 0x64, 0x10, 0x64, 0x10, 0x64, 0x10, 0x64, 0x10, 0x64, 0x10,
    0x64, 0x10, 0x64, 0x10, 0x64, 0x10, 0x64, 0x10, 0x64, 0x10, 0x64, 0x10, 0x64, 0x10, 0x64, 0x10, 0x64, 0x10, 0x64, 0x10, 0x64, 0x10, 0x64, 0x10, 0x64, 0x10, 0x64, 0x10, 0x64, 0x10, 0x64, 0x10,
    0x64, 0x10, 0x64, 0x10, 0x64, 0x10, 0x64, 0x10, 0x64, 0x10, 0x64, 0x10, 0x64, 0x10, 0x64, 0x10, 0x64, 0x10, 0x64, 0x10, 0x64, 0x10, 0x64, 0x10, 0x64, 0x10, 0x64, 0x10, 0x64, 0x10, 0x64, 0x10,
    0x64, 0x10, 0x64, 0x10, 0x64, 0x10, 0x64, 0x10, 0x64, 0x10, 0x64, 0x10, 0x64, 0x10, 0x64, 0x10, 0x64, 0x10, 0x64, 0x10, 0x64, 0x10, 0x64, 0x10, 0x64, 0x10, 0x64, 0x10, 0x64, 0x10, 0x64, 0x10,
    0x64, 0x10, 0x64, 0x10, 0x64, 0x10, 0x64, 0x10, 0x64, 0x10, 0x64, 0x10, 0x64, 0x10, 0x64, 0x10, 0x64, 0x10, 0x64, 0x10, 0x64, 0x10, 0x64, 0x10, 0x64, 0x10, 0x64, 0x10, 0x64, 0x10, 0x64, 0x10,
    0x64, 0x10, 0x64, 0x10, 0x64, 0x10, 0x64, 0x10, 0x64, 0x10, 0x64, 0x10, 0x64, 0x10, 0x64, 0x10, 0x64, 0x10, 0x64, 0x10, 0x64, 0x10, 0x64, 0x10, 0x64, 0x10, 0x64, 0x10, 0x64, 0x10, 0x64, 0x10,
    0x64, 0x10, 0x64, 0x10, 0x64, 0x10, 0x64, 0x10, 0x64, 0x10, 0x64, 0x10, 0x64, 0x10, 0x64, 0x10, 0x64, 0x10, 0x64, 0x10, 0x64, 0x10, 0x64, 0x10, 0x64, 0x10, 0x64, 0x10, 0x64, 0x10, 0x64, 0x10,
    0x64, 0x10, 0x64, 0x10, 0x64, 0x10, 0x64, 0x10, 0x64, 0x10, 0x64, 0x10, 0x64, 0x10, 0x64, 0x10, 0x64, 0x10, 0x64, 0x10, 0x64, 0x10, 0x64, 0x10, 0x64, 0x10, 0x64, 0x10, 0x64, 0x10, 0x64, 0x10,
    0x64, 0x10, 0x64, 0x10, 0x64, 0x10, 0x64, 0x10, 0x64, 0x10, 0x64, 0x10, 0x64, 0x10, 0x64, 0x10, 0x64, 0x10, 0x64, 0x10, 0x64, 0x10, 0x64, 0x10, 0x64, 0x10, 0x64, 0x10, 0x64, 0x10, 0x64, 0x10,
    0x64, 0x10, 0x64, 0x10, 0x64, 0x10, 0x64, 0x10, 0x64, 0x10, 0x64, 0x10, 0x64, 0x10, 0x64, 0x10, 0x64, 0x10, 0x64, 0x10, 0x64, 0x10, 0x64, 0x10, 0x64, 0x10, 0x64, 0x10, 0x64, 0x10, 0x64, 0x10,
    0x64, 0x10, 0x64, 0x10, 0x64, 0x10, 0x64, 0x10, 0x64, 0x10, 0x64, 0x10, 0x64, 0x10, 0x64, 0x10, 0x64, 0x10, 0x64, 0x10, 0x64, 0x10, 0x64, 0x10, 0x64, 0x10, 0x64, 0x10, 0x64, 0x10, 0x64, 0x10,
    0x64, 0x10, 0x64, 0x10, 0x64, 0x10, 0x64, 0x10, 0x64, 0x10, 0x64, 0x10, 0x64, 0x10, 0x64, 0x10, 0x64, 0x10, 0x64, 0x10, 0x64, 0x10, 0x64, 0x10, 0x64, 0x10, 0x64, 0x10, 0x64, 0x10, 0x64, 0x10,
    0x64, 0x10, 0x64, 0x10, 0x64, 0x10, 0x64, 0x10, 0x64, 0x10, 0x64, 0x10, 0x64, 0x10, 0x64, 0x10, 0x64, 0x10, 0x64, 0x10, 0x64, 0x10, 0x64, 0x10, 0x64, 0x10, 0x64, 0x10, 0x64, 0x10, 0x64, 0x10,
    0x64, 0x10, 0x64, 0x10, 0x64, 0x10, 0x64, 0x10, 0x64, 0x10, 0x64, 0x10, 0x64, 0x10, 0x64, 0x10, 0x64, 0x10, 0x64, 0x10, 0x64, 0x10, 0x64, 0x10, 0x64, 0x10, 0x64, 0x10, 0x64, 0x10, 0x64, 0x10,
    0x64, 0x10, 0x64, 0x10, 0x64, 0x10, 0x64, 0x10, 0x64, 0x10, 0x64, 0x10, 0x64, 0x10, 0x64, 0x10, 0x64, 0x10, 0x64, 0x10, 0x64, 0x10, 0x64, 0x10, 0x64, 0x10, 0x64, 0x10, 0x64, 0x10, 0x64, 0x10,
    0x64, 0x10, 0x64, 0x10, 0x64, 0x10, 0x64, 0x10, 0x64, 0x10, 0x64, 0x10, 0x64, 0x10, 0x64, 0x10, 0x64, 0x10, 0x64, 0x10, 0x64, 0x10, 0x64, 0x10, 0x64, 0x10, 0x64, 0x10, 0x64, 0x10, 0x64, 0x10,
    0x64, 0x10, 0x64, 0x10, 0x64, 0x10, 0x64, 0x10, 0x64, 0x10, 0x64, 0x10, 0x64, 0x10, 0x64, 0x10, 0x64, 0x10, 0x64, 0x10, 0x64, 0x10, 0x64, 0x10, 0x64, 0x10, 0x64, 0x10, 0x64, 0x10, 0x64, 0x10,
    0x64, 0x10, 0x64, 0x10, 0x64, 0x10, 0x64, 0x10, 0x64, 0x10, 0x64, 0x10, 0x64, 0x10, 0x64, 0x10, 0x64, 0x10, 0x64, 0x10, 0x64, 0x10, 0x64, 0x10, 0x64, 0x10, 0x64, 0x10, 0x64, 0x10, 0x64, 0x10,
    0x64, 0x10, 0x64, 0x10, 0x64, 0x10, 0x64, 0x10, 0x64, 0x10, 0x64, 0x10, 0x64, 0x10, 0x64, 0x10, 0x64, 0x10, 0x64, 0x10, 0x64, 0x10, 0x64, 0x10, 0x64, 0x10, 0x64, 0x10, 0x64, 0x10, 0x64, 0x10,
    0x64, 0x10, 0x64, 0x10, 0x64, 0x10, 0x64, 0x10, 0x64, 0x10, 0x64, 0x10, 0x64, 0x10, 0x64, 0x10, 0x64, 0x10, 0x64, 0x10, 0x64, 0x10, 0x64, 0x10, 0x64, 0x10, 0x64, 0x10, 0x64, 0x10, 0x64, 0x10,
    0x64, 0x10, 0x64, 0x10, 0x64, 0x10, 0x64, 0x10, 0x64, 0x10, 0x64, 0x10, 0x64, 0x10, 0x64, 0x10, 0x64, 0x10, 0x64, 0x10, 0x64, 0x10, 0x64, 0x10, 0x64, 0x10, 0x64, 0x10, 0x64, 0x10, 0x64, 0x10,
    0x64, 0x10, 0x64, 0x10, 0x64, 0x10, 0x64, 0x10, 0x64, 0x10, 0x64, 0x10, 0x64, 0x10, 0x64, 0x10, 0x64, 0x10, 0x64, 0x10, 0x64, 0x10, 0x64, 0x10, 0x64, 0x10, 0x64, 0x10, 0x64, 0x10, 0x64, 0x10,
    0x64, 0x10, 0x64, 0x10, 0x64, 0x10, 0x64, 0x10, 0x64, 0x10, 0x64, 0x10, 0x64, 0x10, 0x64, 0x10, 0x64, 0x10, 0x64, 0x10, 0x64, 0x10, 0x64, 0x10, 0x64, 0x10, 0x64, 0x10, 0x64, 0x10, 0x64, 0x10,
    0x64, 0x10, 0x64, 0x10, 0x64, 0x10, 0x64, 0x10, 0x64, 0x10, 0x64, 0x10, 0x64, 0x10, 0x64, 0x10, 0x64, 0x10, 0x64, 0x10, 0x64, 0x10, 0x64, 0x10, 0x64, 0x10, 0x64, 0x10, 0x64, 0x10, 0x64, 0x10,
    0x64, 0x10, 0x64, 0x10, 0x64, 0x10, 0x64, 0x10, 0x64, 0x10, 0x64, 0x10, 0x64, 0x10, 0x64, 0x10, 0x64, 0x10, 0x64, 0x10, 0x64, 0x10, 0x64, 0x10, 0x64, 0x10, 0x64, 0x10, 0x64, 0x10, 0x64, 0x10,
    0x64, 0x10, 0x64, 0x10, 0x64, 0x10, 0x64, 0x10, 0x64, 0x10, 0x64, 0x10, 0x64, 0x10, 0x64, 0x10, 0x64, 0x10, 0x64, 0x10, 0x64, 0x10, 0x64, 0x10, 0x64, 0x10, 0x64, 0x10, 0x64, 0x10, 0x64, 0x10,
    0x64, 0x10, 0x64, 0x10, 0x64, 0x10, 0x64, 0x10, 0x64, 0x10, 0x64, 0x10, 0x64, 0x10, 0x64, 0x10, 0x64, 0x10, 0x64, 0x10, 0x64, 0x10, 0x64, 0x10, 0x64, 0x10, 0x64, 0x10, 0x64, 0x10, 0x64, 0x10,
    0x64, 0x10, 0x64, 0x10, 0x64, 0x10, 0x64, 0x10, 0x64, 0x10, 0x64, 0x10, 0x64, 0x10, 0x64, 0x10, 0x64, 0x10, 0x64, 0x10, 0x64, 0x10, 0x64, 0x10, 0x64, 0x10, 0x64, 0x10, 0x64, 0x10, 0x64, 0x10,
    0x64, 0x10, 0x64, 0x10, 0x64, 0x10, 0x64, 0x10, 0x64, 0x10, 0x64, 0x10, 0x64, 0x10, 0x64, 0x10, 0x64, 0x10, 0x64, 0x10, 0x64, 0x10, 0x64, 0x10, 0x64, 0x10, 0x64, 0x10, 0x64, 0x10, 0x64, 0x10,
    0x64, 0x10, 0x64, 0x10, 0x64, 0x10, 0x64, 0x10, 0x64, 0x10, 0x64, 0x10, 0x64, 0x10, 0x64, 0x10, 0x64, 0x10, 0x64, 0x10, 0x64, 0x10, 0x64, 0x10, 0x64, 0x10, 0x64, 0x10, 0x64, 0x10, 0x64, 0x10,
    0x64, 0x10, 0x64, 0x10, 0x64, 0x10, 0x64, 0x10, 0x64, 0x10, 0x64, 0x10, 0x64, 0x10, 0x64, 0x10, 0x64, 0x10, 0x64, 0x10, 0x64, 0x10, 0x64, 0x10, 0x64, 0x10, 0x64, 0x10, 0x64, 0x10, 0x64, 0x10,
    0x64, 0x10, 0x64, 0x10, 0x64, 0x10, 0x64, 0x10, 0x64, 0x10, 0x64, 0x10, 0x64, 0x10, 0x64, 0x10, 0x64, 0x10, 0x64, 0x10, 0x64, 0x10, 0x64, 0x10, 0x64, 0x10, 0x64, 0x10, 0x64, 0x10, 0x64, 0x10,
    0x64, 0x10, 0x64, 0x10, 0x64, 0x10, 0x64, 0x10, 0x64, 0x10, 0x64, 0x10, 0x64, 0x10, 0x64, 0x10, 0x64, 0x10, 0x64, 0x10, 0x64, 0x10, 0x64, 0x10, 0x64, 0x10, 0x64, 0x10, 0x64, 0x10, 0x64, 0x10,
    0x64, 0x10, 0x64, 0x10, 0x64, 0x10, 0x64, 0x10, 0x64, 0x10, 0x64, 0x10, 0x64, 0x10, 0x64, 0x10, 0x64, 0x10, 0x64, 0x10, 0x64, 0x10, 0x64, 0x10, 0x64, 0x10, 0x64, 0x10, 0x64, 0x10, 0x64, 0x10,
    0x64, 0x10, 0x64, 0x10, 0x64, 0x10, 0x64, 0x10, 0x64, 0x10, 0x64, 0x10, 0x64, 0x10, 0x64, 0x10, 0x64, 0x10, 0x64, 0x10, 0x64, 0x10, 0x64, 0x10, 0x64, 0x10, 0x64, 0x10, 0x64, 0x10, 0x64, 0x10,
    0x64, 0x10, 0x64, 0x10, 0x64, 0x10, 0x64, 0x10, 0x64, 0x10, 0x64, 0x10, 0x64, 0x10, 0x64, 0x10, 0x64, 0x10, 0x64, 0x10, 0x64, 0x10, 0x64, 0x10, 0x64, 0x10, 0x64, 0x10, 0x64, 0x10, 0x64, 0x10,
    0x64, 0x10, 0x64, 0x10, 0x64, 0x10, 0x64, 0x10, 0x64, 0x10, 0x64, 0x10, 0x64, 0x10, 0x64, 0x10, 0x64, 0x10, 0x64, 0x10, 0x64, 0x10, 0x64, 0x10, 0x64, 0x10, 0x64, 0x10, 0x64, 0x10, 0x64, 0x10,
    0x64, 0x10, 0x64, 0x10, 0x64, 0x10, 0x64, 0x10, 0x64, 0x10, 0x64, 0x10, 0x64, 0x10, 0x64, 0x10, 0x64, 0x10, 0x64, 0x10, 0x64, 0x10, 0x64, 0x10, 0x64, 0x10, 0x64, 0x10, 0x64, 0x10, 0x64, 0x10,
    0x64, 0x10, 0x64, 0x10, 0x64, 0x10, 0x64, 0x10, 0x64, 0x10, 0x64, 0x10, 0x64, 0x10, 0x64, 0x10, 0x64, 0x10, 0x64, 0x10, 0x64, 0x10, 0x64, 0x10, 0x64, 0x10, 0x64, 0x10, 0x64, 0x10, 0x64, 0x10,
    0x64, 0x10, 0x64, 0x10, 0x64, 0x10, 0x64, 0x10, 0x64, 0x10, 0x64, 0x10, 0x64, 0x10, 0x64, 0x10, 0x64, 0x10, 0x64, 0x10, 0x64, 0x10, 0x64, 0x10, 0x64, 0x10, 0x64, 0x10, 0x64, 0x10, 0x64, 0x10,
    0x64, 0x10, 0x64, 0x10, 0x64, 0x10, 0x64, 0x10, 0x64, 0x10, 0x64, 0x10, 0x64, 0x10, 0x64, 0x10, 0x64, 0x10, 0x64, 0x10, 0x64, 0x10, 0x64, 0x10, 0x64, 0x10, 0x64, 0x10, 0x64, 0x10, 0x64, 0x10,
    0x64, 0x10, 0x64, 0x10, 0x64, 0x10, 0x64, 0x10, 0x64, 0x10, 0x64, 0x10, 0x64, 0x10, 0x64, 0x10, 0x64, 0x10, 0x64, 0x10, 0x64, 0x10, 0x64, 0x10, 0x64, 0x10, 0x64, 0x10, 0x64, 0x10, 0x64, 0x10,
    0x64, 0x10, 0x64, 0x10, 0x64, 0x10, 0x64, 0x10, 0x64, 0x10, 0x64, 0x10, 0x64, 0x10, 0x64, 0x10, 0x64, 0x10, 0x64, 0x10, 0x64, 0x10, 0x64, 0x10, 0x64, 0x10, 0x64, 0x10, 0x64, 0x10, 0x64, 0x10,
    0x64, 0x10, 0x64, 0x10, 0x64, 0x10, 0x64, 0x10, 0x64, 0x10, 0x64, 0x10, 0x64, 0x10, 0x64, 0x10, 0x64, 0x10, 0x64, 0x10, 0x64, 0x10, 0x64, 0x10, 0x64, 0x10, 0x64, 0x10, 0x64, 0x10, 0x64, 0x10,
    0x64, 0x10, 0x64, 0x10, 0x64, 0x10, 0x64, 0x10, 0x64, 0x10, 0x64, 0x10, 0x64, 0x10, 0x64, 0x10, 0x64, 0x10, 0x64, 0x10, 0x64, 0x10, 0x64, 0x10, 0x64, 0x10, 0x64, 0x10, 0x64, 0x10, 0x64, 0x10,
    0x64, 0x10, 0x64, 0x10, 0x64, 0x10, 0x64, 0x10, 0x64, 0x10, 0x64, 0x10, 0x64, 0x10, 0x64, 0x10, 0x64, 0x10, 0x64, 0x10, 0x64, 0x10, 0x64, 0x10, 0x64, 0x10, 0x64, 0x10, 0x64, 0x10, 0x64, 0x10,
    0x64, 0x10, 0x64, 0x10, 0x64, 0x10, 0x64, 0x10, 0x64, 0x10, 0x64, 0x10, 0x64, 0x10, 0x64, 0x10, 0x64, 0x10, 0x64, 0x10, 0x64, 0x10, 0x64, 0x10, 0x64, 0x10, 0x64, 0x10, 0x64, 0x10, 0x64, 0x10,
    0x64, 0x10, 0x64, 0x10, 0x64, 0x10, 0x64, 0x10, 0x64, 0x10, 0x64, 0x10, 0x64, 0x10, 0x64, 0x10, 0x64, 0x10, 0x64, 0x10, 0x64, 0x10, 0x64, 0x10, 0x64, 0x10, 0x64, 0x10, 0x64, 0x10, 0x64, 0x10,
    0x64, 0x10, 0x64, 0x10, 0x64, 0x10, 0x64, 0x10, 0x64, 0x10, 0x64, 0x10, 0x64, 0x10, 0x64, 0x10, 0x64, 0x10, 0x64, 0x10, 0x64, 0x10, 0x64, 0x10, 0x64, 0x10, 0x64, 0x10, 0x64, 0x10, 0x64, 0x10,
    0x64, 0x10, 0x64, 0x10, 0x64, 0x10, 0x64, 0x10, 0x64, 0x10, 0x64, 0x10, 0x64, 0x10, 0x64, 0x10, 0x64, 0x10, 0x64, 0x10, 0x64, 0x10, 0x64, 0x10, 0x64, 0x10, 0x64, 0x10, 0x64, 0x10, 0x64, 0x10,
    0x64, 0x10, 0x64, 0x10, 0x64, 0x10, 0x64, 0x10, 0x64, 0x10, 0x64, 0x10, 0x64, 0x10, 0x64, 0x10, 0x64, 0x10, 0x64, 0x10, 0x64, 0x10, 0x64, 0x10, 0x64, 0x10, 0x64, 0x10, 0x64, 0x10, 0x64, 0x10,
    0x64, 0x10, 0x64, 0x10, 0x64, 0x10, 0x64, 0x10, 0x64, 0x10, 0x64, 0x10, 0x64, 0x10, 0x64, 0x10, 0x64, 0x10, 0x64, 0x10, 0x64, 0x10, 0x64, 0x10, 0x64, 0x10, 0x64, 0x10, 0x64, 0x10, 0x64, 0x10,
    0x64, 0x10, 0x64, 0x10, 0x64, 0x10, 0x64, 0x10, 0x64, 0x10, 0x64, 0x10, 0x64, 0x10, 0x64, 0x10, 0x64, 0x10, 0x64, 0x10, 0x64, 0x10, 0x64, 0x10, 0x64, 0x10, 0x64, 0x10, 0x64, 0x10, 0x64, 0x10,
    0x64, 0x10, 0x64, 0x10, 0x64, 0x10, 0x64, 0x10, 0x64, 0x10, 0x64, 0x10, 0x64, 0x10, 0x64, 0x10, 0x64, 0x10, 0x64, 0x10, 0x64, 0x10, 0x64, 0x10, 0x64, 0x10, 0x64, 0x10, 0x64, 0x10, 0x64, 0x10,
    0x64, 0x10, 0x64, 0x10, 0x64, 0x10, 0x64, 0x10, 0x64, 0x10, 0x64, 0x10, 0x64, 0x10, 0x64, 0x10, 0x64, 0x10, 0x64, 0x10, 0x64, 0x10, 0x64, 0x10, 0x64, 0x10, 0x64, 0x10, 0x64, 0x10, 0x64, 0x10,
    0x64, 0x10, 0x64, 0x10, 0x64, 0x10, 0x64, 0x10, 0x64, 0x10, 0x64, 0x10, 0x64, 0x10, 0x64, 0x10, 0x64, 0x10, 0x64, 0x10, 0x64, 0x10, 0x64, 0x10, 0x64, 0x10, 0x64, 0x10, 0x64, 0x10, 0x64, 0x10,
    0x64, 0x10, 0x64, 0x10, 0x64, 0x10, 0x64, 0x10, 0x64, 0x10, 0x64, 0x10, 0x64, 0x10, 0x64, 0x10, 0x64, 0x10, 0x64, 0x10, 0x64, 0x10, 0x64, 0x10, 0x64, 0x10, 0x64, 0x10, 0x64, 0x10, 0x64, 0x10,
    0x64, 0x10, 0x64, 0x10, 0x64, 0x10, 0x64, 0x10, 0x64, 0x10, 0x64, 0x10, 0x64, 0x10, 0x64, 0x10, 0x64, 0x10, 0x64, 0x10, 0x64, 0x10, 0x64, 0x10, 0x64, 0x10, 0x64, 0x10, 0x64, 0x10, 0x64, 0x10,
    0x64, 0x10, 0x64, 0x10, 0x64, 0x10, 0x64, 0x10, 0x64, 0x10, 0x64, 0x10, 0x64, 0x10, 0x64, 0x10, 0x64, 0x10, 0x64, 0x10, 0x64, 0x10, 0x64, 0x10, 0x64, 0x10, 0x64, 0x10, 0x64, 0x10, 0x64, 0x10,
    0x64, 0x10, 0x64, 0x10, 0x64, 0x10, 0x64, 0x10, 0x64, 0x10, 0x64, 0x10, 0x64, 0x10, 0x64, 0x10, 0x64, 0x10, 0x64, 0x10, 0x64, 0x10, 0x64, 0x10, 0x64, 0x10, 0x64, 0x10, 0x64, 0x10, 0x64, 0x10,
    0x64, 0x10, 0x64, 0x10, 0x64, 0x10, 0x64, 0x10, 0x64, 0x10, 0x64, 0x10, 0x64, 0x10, 0x64, 0x10, 0x64, 0x10, 0x64, 0x10, 0x64, 0x10, 0x64, 0x10, 0x64, 0x10, 0x64, 0x10, 0x64, 0x10, 0x64, 0x10,
    0x64, 0x10, 0x64, 0x10, 0x64, 0x10, 0x64, 0x10, 0x64, 0x10, 0x64, 0x10, 0x64, 0x10, 0x64, 0x10, 0x64, 0x10, 0x64, 0x10, 0x64, 0x10, 0x64, 0x10, 0x64, 0x10, 0x64, 0x10, 0x64, 0x10, 0x64, 0x10,
    0x64, 0x10, 0x64, 0x10, 0x64, 0x10, 0x64, 0x10, 0x64, 0x10, 0x64, 0x10, 0x64, 0x10, 0x64, 0x10, 0x64, 0x10, 0x64, 0x10, 0x64, 0x10, 0x64, 0x10, 0x64, 0x10, 0x64, 0x10, 0x64, 0x10, 0x64, 0x10,
    0x64, 0x10, 0x64, 0x10, 0x64, 0x10, 0x64, 0x10, 0x64, 0x10, 0x64, 0x10, 0x64, 0x10, 0x64, 0x10, 0x64, 0x10, 0x64, 0x10, 0x64, 0x10, 0x64, 0x10, 0x64, 0x10, 0x64, 0x10, 0x64, 0x10, 0x64, 0x10,
    0x64, 0x10, 0x64, 0x10, 0x64, 0x10, 0x64, 0x10, 0x64, 0x10, 0x64, 0x10, 0x64, 0x10, 0x64, 0x10, 0x64, 0x10, 0x64, 0x10, 0x64, 0x10, 0x64, 0x10, 0x64, 0x10, 0x64, 0x10, 0x64, 0x10, 0x64, 0x10,
    0x64, 0x10, 0x64, 0x10, 0x64, 0x10, 0x64, 0x10, 0x64, 0x10, 0x64, 0x10, 0x64, 0x10, 0x64, 0x10, 0x64, 0x10, 0x64, 0x10, 0x64, 0x10, 0x64, 0x10, 0x64, 0x10, 0x64, 0x10, 0x64, 0x10, 0x64, 0x10,
    0x64, 0x10, 0x64, 0x10, 0x64, 0x10, 0x64, 0x10, 0x64, 0x10, 0x64, 0x10, 0x64, 0x10, 0x64, 0x10, 0x64, 0x10, 0x64, 0x10, 0x64, 0x10, 0x64, 0x10, 0x64, 0x10, 0x64, 0x10, 0x64, 0x10, 0x64, 0x10,
    0x64, 0x10, 0x64, 0x10, 0x64, 0x10, 0x64, 0x10, 0x64, 0x10, 0x64, 0x10, 0x64, 0x10, 0x64, 0x10, 0x64, 0x10, 0x64, 0x10, 0x64, 0x10, 0x64, 0x10, 0x64, 0x10, 0x64, 0x10, 0x64, 0x10, 0x64, 0x10,
    0x64, 0x10, 0x64, 0x10, 0x64, 0x10, 0x64, 0x10, 0x64, 0x10, 0x64, 0x10, 0x64, 0x10, 0x64, 0x10, 0x64, 0x10, 0x64, 0x10, 0x64, 0x10, 0x64, 0x10, 0x64, 0x10, 0x64, 0x10, 0x64, 0x10, 0x64, 0x10,
    0x64, 0x10, 0x64, 0x10, 0x64, 0x10, 0x64, 0x10, 0x64, 0x10, 0x64, 0x10, 0x64, 0x10, 0x64, 0x10, 0x64, 0x10, 0x64, 0x10, 0x64, 0x10, 0x64, 0x10, 0x64, 0x10, 0x64, 0x10, 0x64, 0x10, 0x64, 0x10,
    0x64, 0x10, 0x64, 0x10, 0x64, 0x10, 0x64, 0x10, 0x64, 0x10, 0x64, 0x10, 0x64, 0x10, 0x64, 0x10, 0x64, 0x10, 0x64, 0x10, 0x64, 0x10, 0x64, 0x10, 0x64, 0x10, 0x64, 0x10, 0x64, 0x10, 0x64, 0x10,
    0x64, 0x10, 0x64, 0x10, 0x64, 0x10, 0x64, 0x10, 0x64, 0x10, 0x64, 0x10, 0x64, 0x10, 0x64, 0x10, 0x64, 0x10, 0x64, 0x10, 0x64, 0x10, 0x64, 0x10, 0x64, 0x10, 0x64, 0x10, 0x64, 0x10, 0x64, 0x10,
    0x64, 0x10, 0x64, 0x10, 0x64, 0x10, 0x64, 0x10, 0x64, 0x10, 0x64, 0x10, 0x64, 0x10, 0x64, 0x10, 0x64, 0x10, 0x64, 0x10, 0x64, 0x10, 0x64, 0x10, 0x64, 0x10, 0x64, 0x10, 0x64, 0x10, 0x64, 0x10,
    0x64, 0x10, 0x64, 0x10, 0x64, 0x10, 0x64, 0x10, 0x64, 0x10, 0x64, 0x10, 0x64, 0x10, 0x64, 0x10, 0x64, 0x10, 0x64, 0x10, 0x64, 0x10, 0x64, 0x10, 0x64, 0x10, 0x64, 0x10, 0x64, 0x10, 0x64, 0x10,
    0x64, 0x10, 0x64, 0x10, 0x64, 0x10, 0x64, 0x10, 0x64, 0x10, 0x64, 0x10, 0x64, 0x10, 0x64, 0x10, 0x64, 0x10, 0x64, 0x10, 0x64, 0x10, 0x64, 0x10, 0x64, 0x10, 0x64, 0x10, 0x64, 0x10, 0x64, 0x10,
    0x64, 0x10, 0x64, 0x10, 0x64, 0x10, 0x64, 0x10, 0x64, 0x10, 0x64, 0x10, 0x64, 0x10, 0x64, 0x10, 0x64, 0x10, 0x64, 0x10, 0x64, 0x10, 0x64, 0x10, 0x64, 0x10, 0x64, 0x10, 0x64, 0x10, 0x64, 0x10,
    0x64, 0x10, 0x64, 0x10, 0x64, 0x10, 0x64, 0x10, 0x64, 0x10, 0x64, 0x10, 0x64, 0x10, 0x64, 0x10, 0x64, 0x10, 0x64, 0x10, 0x64, 0x10, 0x64, 0x10, 0x64, 0x10, 0x64, 0x10, 0x64, 0x10, 0x64, 0x10,
    0x64, 0x10, 0x64, 0x10, 0x64, 0x10, 0x64, 0x10, 0x64, 0x10, 0x64, 0x10, 0x64, 0x10, 0x64, 0x10, 0x64, 0x10, 0x64, 0x10, 0x64, 0x10, 0x64, 0x10, 0x64, 0x10, 0x64, 0x10, 0x64, 0x10, 0x64, 0x10,
    0x64, 0x10, 0x64, 0x10, 0x64, 0x10, 0x64, 0x10, 0x64, 0x10, 0x64, 0x10, 0x64, 0x10, 0x64, 0x10, 0x64, 0x10, 0x64, 0x10, 0x64, 0x10, 0x64, 0x10, 0x64, 0x10, 0x64, 0x10, 0x64, 0x10, 0x64, 0x10,
    0x64, 0x10, 0x64, 0x10, 0x64, 0x10, 0x64, 0x10, 0x64, 0x10, 0x64, 0x10, 0x64, 0x10, 0x64, 0x10, 0x64, 0x10, 0x64, 0x10, 0x64, 0x10, 0x64, 0x10, 0x64, 0x10, 0x64, 0x10, 0x64, 0x10, 0x64, 0x10,
    0x64, 0x10, 0x64, 0x10, 0x64, 0x10, 0x64, 0x10, 0x64, 0x10, 0x64, 0x10, 0x64, 0x10, 0x64, 0x10, 0x64, 0x10, 0x64, 0x10, 0x64, 0x10, 0x64, 0x10, 0x64, 0x10, 0x64, 0x10, 0x64, 0x10, 0x64, 0x10,
    0x64, 0x10, 0x64, 0x10, 0x64, 0x10, 0x64, 0x10, 0x64, 0x10, 0x64, 0x10, 0x64, 0x10, 0x64, 0x10, 0x64, 0x10, 0x64, 0x10, 0x64, 0x10, 0x64, 0x10, 0x64, 0x10, 0x64, 0x10, 0x64, 0x10, 0x64, 0x10,
    0x64, 0x10, 0x64, 0x10, 0x64, 0x10, 0x64, 0x10, 0x64, 0x10, 0x64, 0x10, 0x64, 0x10, 0x64, 0x10, 0x64, 0x10, 0x64, 0x10, 0x64, 0x10, 0x64, 0x10, 0x64, 0x10, 0x64, 0x10, 0x64, 0x10, 0x64, 0x10,
    0x64, 0x10, 0x64, 0x10, 0x64, 0x10, 0x64, 0x10, 0x64, 0x10, 0x64, 0x10, 0x64, 0x10, 0x64, 0x10, 0x64, 0x10, 0x64, 0x10, 0x64, 0x10, 0x64, 0x10, 0x64, 0x10, 0x64, 0x10, 0x64, 0x10, 0x64, 0x10,
    0x64, 0x10, 0x64, 0x10, 0x64, 0x10, 0x64, 0x10, 0x64, 0x10, 0x64, 0x10, 0x64, 0x10, 0x64, 0x10, 0x64, 0x10, 0x64, 0x10, 0x64, 0x10, 0x64, 0x10, 0x64, 0x10, 0x64, 0x10, 0x64, 0x10, 0x64, 0x10,
    0x64, 0x10, 0x64, 0x10, 0x64, 0x10, 0x64, 0x10, 0x64, 0x10, 0x64, 0x10, 0x64, 0x10, 0x64, 0x10, 0x64, 0x10, 0x64, 0x10, 0x64, 0x10, 0x64, 0x10, 0x64, 0x10, 0x64, 0x10, 0x64, 0x10, 0x64, 0x10,
    0x64, 0x10, 0x64, 0x10, 0x64, 0x10, 0x64, 0x10, 0x64, 0x10, 0x64, 0x10, 0x64, 0x10, 0x64, 0x10, 0x64, 0x10, 0x64, 0x10, 0x64, 0x10, 0x64, 0x10, 0x64, 0x10, 0x64, 0x10, 0x64, 0x10, 0x64, 0x10,
    0x64, 0x10, 0x64, 0x10, 0x64, 0x10, 0x64, 0x10, 0x64, 0x10, 0x64, 0x10, 0x64, 0x10, 0x64, 0x10, 0x64, 0x10, 0x64, 0x10, 0x64, 0x10, 0x64, 0x10, 0x64, 0x10, 0x64, 0x10, 0x64, 0x10, 0x64, 0x10,
    0x64, 0x10, 0x64, 0x10, 0x64, 0x10, 0x64, 0x10, 0x64, 0x10, 0x64, 0x10, 0x64, 0x10, 0x64, 0x10, 0x64, 0x10, 0x64, 0x10, 0x64, 0x10, 0x64, 0x10, 0x64, 0x10, 0x64, 0x10, 0x64, 0x10, 0x64, 0x10,
    0x64, 0x10, 0x64, 0x10, 0x64, 0x10, 0x64, 0x10, 0x64, 0x10, 0x64, 0x10, 0x64, 0x10, 0x64, 0x10, 0x64, 0x10, 0x64, 0x10, 0x64, 0x10, 0x64, 0x10, 0x64, 0x10, 0x64, 0x10, 0x64, 0x10, 0x64, 0x10,
    0x64, 0x10, 0x64, 0x10, 0x64, 0x10, 0x64, 0x10, 0x64, 0x10, 0x64, 0x10, 0x64, 0x10, 0x64, 0x10, 0x64, 0x10, 0x64, 0x10, 0x64, 0x10, 0x64, 0x10, 0x64, 0x10, 0x64, 0x10, 0x64, 0x10, 0x64, 0x10,
    0x64, 0x10, 0x64, 0x10, 0x64, 0x10, 0x64, 0x10, 0x64, 0x10, 0x64, 0x10, 0x64, 0x10, 0x64, 0x10, 0x64, 0x10, 0x64, 0x10, 0x64, 0x10, 0x64, 0x10, 0x64, 0x10, 0x64, 0x10, 0x64, 0x10, 0x64, 0x10,
    0x64, 0x10, 0x64, 0x10, 0x64, 0x10, 0x64, 0x10, 0x64, 0x10, 0x64, 0x10, 0x64, 0x10, 0x64, 0x10, 0x64, 0x10, 0x64, 0x10, 0x64, 0x10, 0x64, 0x10, 0x64, 0x10, 0x64, 0x10, 0x64, 0x10, 0x64, 0x10,
    0x64, 0x10, 0x64, 0x10, 0x64, 0x10, 0x64, 0x10, 0x64, 0x10, 0x64, 0x10, 0x64, 0x10, 0x64, 0x10, 0x64, 0x10, 0x64, 0x10, 0x64, 0x10, 0x64, 0x10, 0x64, 0x10, 0x64, 0x10, 0x64, 0x10, 0x64, 0x10,
    0x64, 0x10, 0x64, 0x10, 0x64, 0x10, 0x64, 0x10, 0x64, 0x10, 0x64, 0x10, 0x64, 0x10, 0x64, 0x10, 0x64, 0x10, 0x64, 0x10, 0x64, 0x10, 0x64, 0x10, 0x64, 0x10, 0x64, 0x10, 0x64, 0x10, 0x64, 0x10,
    0x64, 0x10, 0x64, 0x10, 0x64, 0x10, 0x64, 0x10, 0x64, 0x10, 0x64, 0x10, 0x64, 0x10, 0x64, 0x10, 0x64, 0x10, 0x64, 0x10, 0x64, 0x10, 0x64, 0x10, 0x64, 0x10, 0x64, 0x10, 0x64, 0x10, 0x64, 0x10,
    0x64, 0x10, 0x64, 0x10, 0x64, 0x10, 0x64, 0x10, 0x64, 0x10, 0x64, 0x10, 0x64, 0x10, 0x64, 0x10, 0x64, 0x10, 0x64, 0x10, 0x64, 0x10, 0x64, 0x10, 0x64, 0x10, 0x64, 0x10, 0x64, 0x10, 0x64, 0x10,
    0x64, 0x10, 0x64, 0x10, 0x64, 0x10, 0x64, 0x10, 0x64, 0x10, 0x64, 0x10, 0x64, 0x10, 0x64, 0x10, 0x64, 0x10, 0x64, 0x10, 0x64, 0x10, 0x64, 0x10, 0x64, 0x10, 0x64, 0x10, 0x64, 0x10, 0x64, 0x10,
    0x64, 0x10, 0x64, 0x10, 0x64, 0x10, 0x64, 0x10, 0x64, 0x10, 0x64, 0x10, 0x64, 0x10, 0x64, 0x10, 0x64, 0x10, 0x64, 0x10, 0x64, 0x10, 0x64, 0x10, 0x64, 0x10, 0x64, 0x10, 0x64, 0x10, 0x64, 0x10,
    0x64, 0x10, 0x64, 0x10, 0x64, 0x10, 0x64, 0x10, 0x64, 0x10, 0x64, 0x10, 0x64, 0x10, 0x64, 0x10, 0x64, 0x10, 0x64, 0x10, 0x64, 0x10, 0x64, 0x10, 0x64, 0x10, 0x64, 0x10, 0x64, 0x10, 0x64, 0x10,
    0x64, 0x10, 0x64, 0x10, 0x64, 0x10, 0x64, 0x10, 0x64, 0x10, 0x64, 0x10, 0x64, 0x10, 0x64, 0x10, 0x64, 0x10, 0x64, 0x10, 0x64, 0x10, 0x64, 0x10, 0x64, 0x10, 0x64, 0x10, 0x64, 0x10, 0x64, 0x10,
    0x64, 0x10, 0x64, 0x10, 0x64, 0x10, 0x64, 0x10, 0x64, 0x10, 0x64, 0x10, 0x64, 0x10, 0x64, 0x10, 0x64, 0x10, 0x64, 0x10, 0x64, 0x10, 0x64, 0x10, 0x64, 0x10, 0x64, 0x10, 0x64, 0x10, 0x64, 0x10,
    0x64, 0x10, 0x64, 0x10, 0x64, 0x10, 0x64, 0x10, 0x64, 0x10, 0x64, 0x10, 0x64, 0x10, 0x64, 0x10, 0x64, 0x10, 0x64, 0x10, 0x64, 0x10, 0x64, 0x10, 0x64, 0x10, 0x64, 0x10, 0x64, 0x10, 0x64, 0x10,
    0x64, 0x10, 0x64, 0x10, 0x64, 0x10, 0x64, 0x10, 0x64, 0x10, 0x64, 0x10, 0x64, 0x10, 0x64, 0x10, 0x64, 0x10, 0x64, 0x10, 0x64, 0x10, 0x64, 0x10, 0x64, 0x10, 0x64, 0x10, 0x64, 0x10, 0x64, 0x10,
    0x64, 0x10, 0x64, 0x10, 0x64, 0x10, 0x64, 0x10, 0x64, 0x10, 0x64, 0x10, 0x64, 0x10, 0x64, 0x10, 0x64, 0x10, 0x64, 0x10, 0x64, 0x10, 0x64, 0x10, 0x64, 0x10, 0x64, 0x10, 0x64, 0x10, 0x64, 0x10,
    0x64, 0x10, 0x64, 0x10, 0x64, 0x10, 0x64, 0x10, 0x64, 0x10, 0x64, 0x10, 0x64, 0x10, 0x64, 0x10, 0x64, 0x10, 0x64, 0x10, 0x64, 0x10, 0x64, 0x10, 0x64, 0x10, 0x64, 0x10, 0x64, 0x10, 0x64, 0x10,
    0x64, 0x10, 0x64, 0x10, 0x64, 0x10, 0x64, 0x10, 0x64, 0x10, 0x64, 0x10, 0x64, 0x10, 0x64, 0x10, 0x64, 0x10, 0x64, 0x10, 0x64, 0x10, 0x64, 0x10, 0x64, 0x10, 0x64, 0x10, 0x64, 0x10, 0x64, 0x10,
    0x64, 0x10, 0x64, 0x10, 0x64, 0x10, 0x64, 0x10, 0x64, 0x10, 0x64, 0x10, 0x64, 0x10, 0x64, 0x10, 0x64, 0x10, 0x64, 0x10, 0x64, 0x10, 0x64, 0x10, 0x64, 0x10, 0x64, 0x10, 0x64, 0x10, 0x64, 0x10,
    0x64, 0x10, 0x64, 0x10, 0x64, 0x10, 0x64, 0x10, 0x64, 0x10, 0x64, 0x10, 0x64, 0x10, 0x64, 0x10, 0x64, 0x10, 0x64, 0x10, 0x64, 0x10, 0x64, 0x10, 0x64, 0x10, 0x64, 0x10, 0x64, 0x10, 0x64, 0x10,
    0x64, 0x10, 0x64, 0x10, 0x64, 0x10, 0x64, 0x10, 0x64, 0x10, 0x64, 0x10, 0x64, 0x10, 0x64, 0x10, 0x64, 0x10, 0x64, 0x10, 0x64, 0x10, 0x64, 0x10, 0x64, 0x10, 0x64, 0x10, 0x64, 0x10, 0x64, 0x10,
    0x64, 0x10, 0x64, 0x10, 0x64, 0x10, 0x64, 0x10, 0x64, 0x10, 0x64, 0x10, 0x64, 0x10, 0x64, 0x10, 0x64, 0x10, 0x64, 0x10, 0x64, 0x10, 0x64, 0x10, 0x64, 0x10, 0x64, 0x10, 0x64, 0x10, 0x64, 0x10,
    0x64, 0x10, 0x64, 0x10, 0x64, 0x10, 0x64, 0x10, 0x64, 0x10, 0x64, 0x10, 0x64, 0x10, 0x64, 0x10, 0x64, 0x10, 0x64, 0x10, 0x64, 0x10, 0x64, 0x10, 0x64, 0x10, 0x64, 0x10, 0x64, 0x10, 0x64, 0x10,
    0x64, 0x10, 0x64, 0x10, 0x64, 0x10, 0x64, 0x10, 0x64, 0x10, 0x64, 0x10, 0x64, 0x10, 0x64, 0x10, 0x64, 0x10, 0x64, 0x10, 0x64, 0x10, 0x64, 0x10, 0x64, 0x10, 0x64, 0x10, 0x64, 0x10, 0x64, 0x10,
    0x64, 0x10, 0x64, 0x10, 0x64, 0x10, 0x64, 0x10, 0x64, 0x10, 0x64, 0x10, 0x64, 0x10, 0x64, 0x10, 0x64, 0x10, 0x64, 0x10, 0x64, 0x10, 0x64, 0x10, 0x64, 0x10, 0x64, 0x10, 0x64, 0x10, 0x64, 0x10,
    0x64, 0x10, 0x64, 0x10, 0x64, 0x10, 0x64, 0x10, 0x64, 0x10, 0x64, 0x10, 0x64, 0x10, 0x64, 0x10, 0x64, 0x10, 0x64, 0x10, 0x64, 0x10, 0x64, 0x10, 0x64, 0x10, 0x64, 0x10, 0x64, 0x10, 0x64, 0x10,
    0x64, 0x10, 0x64, 0x10, 0x64, 0x10, 0x64, 0x10, 0x64, 0x10, 0x64, 0x10, 0x64, 0x10, 0x64, 0x10, 0x64, 0x10, 0x64, 0x10, 0x64, 0x10, 0x64, 0x10, 0x64, 0x10, 0x64, 0x10, 0x64, 0x10, 0x64, 0x10,
    0x64, 0x10, 0x64, 0x10, 0x64, 0x10, 0x64, 0x10, 0x64, 0x10, 0x64, 0x10, 0x64, 0x10, 0x64, 0x10, 0x64, 0x10, 0x64, 0x10, 0x64, 0x10, 0x64, 0x10, 0x64, 0x10, 0x64, 0x10, 0x64, 0x10, 0x64, 0x10,
    0x64, 0x10, 0x64, 0x10, 0x64, 0x10, 0x64, 0x10, 0x64, 0x10, 0x64, 0x10, 0x64, 0x10, 0x64, 0x10, 0x64, 0x10, 0x64, 0x10, 0x64, 0x10, 0x64, 0x10, 0x64, 0x10, 0x64, 0x10, 0x64, 0x10, 0x64, 0x10,
    0x64, 0x10, 0x64, 0x10, 0x64, 0x10, 0x64, 0x10, 0x64, 0x10, 0x64, 0x10, 0x64, 0x10, 0x64, 0x10, 0x64, 0x10, 0x64, 0x10, 0x64, 0x10, 0x64, 0x10, 0x64, 0x10, 0x64, 0x10, 0x64, 0x10, 0x64, 0x10,
    0x64, 0x10, 0x64, 0x10, 0x64, 0x10, 0x64, 0x10, 0x64, 0x10, 0x64, 0x10, 0x64, 0x10, 0x64, 0x10, 0x64, 0x10, 0x64, 0x10, 0x64, 0x10, 0x64, 0x10, 0x64, 0x10, 0x64, 0x10, 0x64, 0x10, 0x64, 0x10,
    0x64, 0x10, 0x64, 0x10, 0x64, 0x10, 0x64, 0x10, 0x64, 0x10, 0x64, 0x10, 0x64, 0x10, 0x64, 0x10, 0x64, 0x10, 0x64, 0x10, 0x64, 0x10, 0x64, 0x10, 0x64, 0x10, 0x64, 0x10, 0x64, 0x10, 0x64, 0x10,
    0x64, 0x10, 0x64, 0x10, 0x64, 0x10, 0x64, 0x10, 0x64, 0x10, 0x64, 0x10, 0x64, 0x10, 0x64, 0x10, 0x64, 0x10, 0x64, 0x10, 0x64, 0x10, 0x64, 0x10, 0x64, 0x10, 0x64, 0x10, 0x64, 0x10, 0x64, 0x10,
    0x64, 0x10, 0x64, 0x10, 0x64, 0x10, 0x64, 0x10, 0x64, 0x10, 0x64, 0x10, 0x64, 0x10, 0x64, 0x10, 0x64, 0x10, 0x64, 0x10, 0x64, 0x10, 0x64, 0x10, 0x64, 0x10, 0x64, 0x10, 0x64, 0x10, 0x64, 0x10,
    0x64, 0x10, 0x64, 0x10, 0x64, 0x10, 0x64, 0x10, 0x64, 0x10, 0x64, 0x10, 0x64, 0x10, 0x64, 0x10, 0x64, 0x10, 0x64, 0x10, 0x64, 0x10, 0x64, 0x10, 0x64, 0x10, 0x64, 0x10, 0x64, 0x10, 0x64, 0x10,
    0x64, 0x10, 0x64, 0x10, 0x64, 0x10, 0x64, 0x10, 0x64, 0x10, 0x64, 0x10, 0x64, 0x10, 0x64, 0x10, 0x64, 0x10, 0x64, 0x10, 0x64, 0x10, 0x64, 0x10, 0x64, 0x10, 0x64, 0x10, 0x64, 0x10, 0x64, 0x10,
    0x64, 0x10, 0x64, 0x10, 0x64, 0x10, 0x64, 0x10, 0x64, 0x10, 0x64, 0x10, 0x64, 0x10, 0x64, 0x10, 0x64, 0x10, 0x64, 0x10, 0x64, 0x10, 0x64, 0x10, 0x64, 0x10, 0x64, 0x10, 0x64, 0x10, 0x64, 0x10,
    0x64, 0x10, 0x64, 0x10, 0x64, 0x10, 0x64, 0x10, 0x64, 0x10, 0x64, 0x10, 0x64, 0x10, 0x64, 0x10, 0x64, 0x10, 0x64, 0x10, 0x64, 0x10, 0x64, 0x10, 0x64, 0x10, 0x64, 0x10, 0x64, 0x10, 0x64, 0x10,
    0x64, 0x10, 0x64, 0x10, 0x64, 0x10, 0x64, 0x10, 0x64, 0x10, 0x64, 0x10, 0x64, 0x10, 0x64, 0x10, 0x64, 0x10, 0x64, 0x10, 0x64, 0x10, 0x64, 0x10, 0x64, 0x10, 0x64, 0x10, 0x64, 0x10, 0x64, 0x10,
    0x64, 0x10, 0x64, 0x10, 0x64, 0x10, 0x64, 0x10, 0x64, 0x10, 0x64, 0x10, 0x64, 0x10, 0x64, 0x10, 0x64, 0x10, 0x64, 0x10, 0x64, 0x10, 0x64, 0x10, 0x64, 0x10, 0x64, 0x10, 0x64, 0x10, 0x64, 0x10,
    0x64, 0x10, 0x64, 0x10, 0x64, 0x10, 0x64, 0x10, 0x64, 0x10, 0x64, 0x10, 0x64, 0x10, 0x64, 0x10, 0x64, 0x10, 0x64, 0x10, 0x64, 0x10, 0x64, 0x10, 0x64, 0x10, 0x64, 0x10, 0x64, 0x10, 0x64, 0x10,
    0x64, 0x10, 0x64, 0x10, 0x64, 0x10, 0x64, 0x10, 0x64, 0x10, 0x64, 0x10, 0x64, 0x10, 0x64, 0x10, 0x64, 0x10, 0x64, 0x10, 0x64, 0x10, 0x64, 0x10, 0x64, 0x10, 0x64, 0x10, 0x64, 0x10, 0x64, 0x10,
    0x64, 0x10, 0x64, 0x10, 0x64, 0x10, 0x64, 0x10, 0x64, 0x10, 0x64, 0x10, 0x64, 0x10, 0x64, 0x10, 0x64, 0x10, 0x64, 0x10, 0x64, 0x10, 0x64, 0x10, 0x64, 0x10, 0x64, 0x10, 0x64, 0x10, 0x64, 0x10,
    0x64, 0x10, 0x64, 0x10, 0x64, 0x10, 0x64, 0x10, 0x64, 0x10, 0x64, 0x10, 0x64, 0x10, 0x64, 0x10, 0x64, 0x10, 0x64, 0x10, 0x64, 0x10, 0x64, 0x10, 0x64, 0x10, 0x64, 0x10, 0x64, 0x10, 0x64, 0x10,
    0x64, 0x10, 0x64, 0x10, 0x64, 0x10, 0x64, 0x10, 0x64, 0x10, 0x64, 0x10, 0x64, 0x10, 0x64, 0x10, 0x64, 0x10, 0x64, 0x10, 0x64, 0x10, 0x64, 0x10, 0x64, 0x10, 0x64, 0x10, 0x64, 0x10, 0x64, 0x10,
    0x64, 0x10, 0x64, 0x10, 0x64, 0x10, 0x64, 0x10, 0x64, 0x10, 0x64, 0x10, 0x64, 0x10, 0x64, 0x10, 0x64, 0x10, 0x64, 0x10, 0x64, 0x10, 0x64, 0x10, 0x64, 0x10, 0x64, 0x10, 0x64, 0x10, 0x64, 0x10,
    0x64, 0x10, 0x64, 0x10, 0x64, 0x10, 0x64, 0x10, 0x64, 0x10, 0x64, 0x10, 0x64, 0x10, 0x64, 0x10, 0x64, 0x10, 0x64, 0x10, 0x64, 0x10, 0x64, 0x10, 0x64, 0x10, 0x64, 0x10, 0x64, 0x10, 0x64, 0x10,
    0x64, 0x10, 0x64, 0x10, 0x64, 0x10, 0x64, 0x10, 0x64, 0x10, 0x64, 0x10, 0x64, 0x10, 0x64, 0x10, 0x64, 0x10, 0x64, 0x10, 0x64, 0x10, 0x64, 0x10, 0x64, 0x10, 0x64, 0x10, 0x64, 0x10, 0x64, 0x10,
    0x64, 0x10, 0x64, 0x10, 0x64, 0x10, 0x64, 0x10, 0x64, 0x10, 0x64, 0x10, 0x64, 0x10, 0x64, 0x10, 0x64, 0x10, 0x64, 0x10, 0x64, 0x10, 0x64, 0x10, 0x64, 0x10, 0x64, 0x10, 0x64, 0x10, 0x64, 0x10,
    0x64, 0x10, 0x64, 0x10, 0x64, 0x10, 0x64, 0x10, 0x64, 0x10, 0x64, 0x10, 0x64, 0x10, 0x64, 0x10, 0x64, 0x10, 0x64, 0x10, 0x64, 0x10, 0x64, 0x10, 0x64, 0x10, 0x64, 0x10, 0x64, 0x10, 0x64, 0x10,
    0x64, 0x10, 0x64, 0x10, 0x64, 0x10, 0x64, 0x10, 0x64, 0x10, 0x64, 0x10, 0x64, 0x10, 0x64, 0x10, 0x64, 0x10, 0x64, 0x10, 0x64, 0x10, 0x64, 0x10, 0x64, 0x10, 0x64, 0x10, 0x64, 0x10, 0x64, 0x10,
    0x64, 0x10, 0x64, 0x10, 0x64, 0x10, 0x64, 0x10, 0x64, 0x10, 0x64, 0x10, 0x64, 0x10, 0x64, 0x10, 0x64, 0x10, 0x64, 0x10, 0x64, 0x10, 0x64, 0x10, 0x64, 0x10, 0x64, 0x10, 0x64, 0x10, 0x64, 0x10,
    0x64, 0x10, 0x64, 0x10, 0x64, 0x10, 0x64, 0x10, 0x64, 0x10, 0x64, 0x10, 0x64, 0x10, 0x64, 0x10, 0x64, 0x10, 0x64, 0x10, 0x64, 0x10, 0x64, 0x10, 0x64, 0x10, 0x64, 0x10, 0x64, 0x10, 0x64, 0x10,
    0x64, 0x10, 0x64, 0x10, 0x64, 0x10, 0x64, 0x10, 0x64, 0x10, 0x64, 0x10, 0x64, 0x10, 0x64, 0x10, 0x64, 0x10, 0x64, 0x10, 0x64, 0x10, 0x64, 0x10, 0x64, 0x10, 0x64, 0x10, 0x64, 0x10, 0x64, 0x10,
    0x64, 0x10, 0x64, 0x10, 0x64, 0x10, 0x64, 0x10, 0x64, 0x10, 0x64, 0x10, 0x64, 0x10, 0x64, 0x10, 0x64, 0x10, 0x64, 0x10, 0x64, 0x10, 0x64, 0x10, 0x64, 0x10, 0x64, 0x10, 0x64, 0x10, 0x64, 0x10,
    0x64, 0x10, 0x64, 0x10, 0x64, 0x10, 0x64, 0x10, 0x64, 0x10, 0x64, 0x10, 0x64, 0x10, 0x64, 0x10, 0x64, 0x10, 0x64, 0x10, 0x64, 0x10, 0x64, 0x10, 0x64, 0x10, 0x64, 0x10, 0x64, 0x10, 0x64, 0x10,
    0x64, 0x10, 0x64, 0x10, 0x64, 0x10, 0x64, 0x10, 0x64, 0x10, 0x64, 0x10, 0x64, 0x10, 0x64, 0x10, 0x64, 0x10, 0x64, 0x10, 0x64, 0x10, 0x64, 0x10, 0x64, 0x10, 0x64, 0x10, 0x64, 0x10, 0x64, 0x10,
    0x64, 0x10, 0x64, 0x10, 0x64, 0x10, 0x64, 0x10, 0x64, 0x10, 0x64, 0x10, 0x64, 0x10, 0x64, 0x10, 0x64, 0x10, 0x64, 0x10, 0x64, 0x10, 0x64, 0x10, 0x64, 0x10, 0x64, 0x10, 0x64, 0x10, 0x64, 0x10,
    0x64, 0x10, 0x64, 0x10, 0x64, 0x10, 0x64, 0x10, 0x64, 0x10, 0x64, 0x10, 0x64, 0x10, 0x64, 0x10, 0x64, 0x10, 0x64, 0x10, 0x64, 0x10, 0x64, 0x10, 0x64, 0x10, 0x64, 0x10, 0x64, 0x10, 0x64, 0x10,
    0x64, 0x10, 0x64, 0x10, 0x64, 0x10, 0x64, 0x10, 0x64, 0x10, 0x64, 0x10, 0x64, 0x10, 0x64, 0x10, 0x64, 0x10, 0x64, 0x10, 0x64, 0x10, 0x64, 0x10, 0x64, 0x10, 0x64, 0x10, 0x64, 0x10, 0x64, 0x10,
    0x64, 0x10, 0x64, 0x10, 0x64, 0x10, 0x64, 0x10, 0x64, 0x10, 0x64, 0x10, 0x64, 0x10, 0x64, 0x10, 0x64, 0x10, 0x64, 0x10, 0x64, 0x10, 0x64, 0x10, 0x64, 0x10, 0x64, 0x10, 0x64, 0x10, 0x64, 0x10,
    0x64, 0x10, 0x64, 0x10, 0x64, 0x10, 0x64, 0x10, 0x64, 0x10, 0x64, 0x10, 0x64, 0x10, 0x64, 0x10, 0x64, 0x10, 0x64, 0x10, 0x64, 0x10, 0x64, 0x10, 0x64, 0x10, 0x64, 0x10, 0x64, 0x10, 0x64, 0x10,
    0x64, 0x10, 0x64, 0x10, 0x64, 0x10, 0x64, 0x10, 0x64, 0x10, 0x64, 0x10, 0x64, 0x10, 0x64, 0x10, 0x64, 0x10, 0x64, 0x10, 0x64, 0x10, 0x64, 0x10, 0x64, 0x10, 0x64, 0x10, 0x64, 0x10, 0x64, 0x10,
    0x64, 0x10, 0x64, 0x10, 0x64, 0x10, 0x64, 0x10, 0x64, 0x10, 0x64, 0x10, 0x64, 0x10, 0x64, 0x10, 0x64, 0x10, 0x64, 0x10, 0x64, 0x10, 0x64, 0x10, 0x64, 0x10, 0x64, 0x10, 0x64, 0x10, 0x64, 0x10,
    0x64, 0x10, 0x64, 0x10, 0x64, 0x10, 0x64, 0x10, 0x64, 0x10, 0x64, 0x10, 0x64, 0x10, 0x64, 0x10, 0x64, 0x10, 0x64, 0x10, 0x64, 0x10, 0x64, 0x10, 0x64, 0x10, 0x64, 0x10, 0x64, 0x10, 0x64, 0x10,
    0x64, 0x10, 0x64, 0x10, 0x64, 0x10, 0x64, 0x10, 0x64, 0x10, 0x64, 0x10, 0x64, 0x10, 0x64, 0x10, 0x64, 0x10, 0x64, 0x10, 0x64, 0x10, 0x64, 0x10, 0x64, 0x10, 0x64, 0x10, 0x64, 0x10, 0x64, 0x10,
    0x64, 0x10, 0x64, 0x10, 0x64, 0x10, 0x64, 0x10, 0x64, 0x10, 0x64, 0x10, 0x64, 0x10, 0x64, 0x10, 0x64, 0x10, 0x64, 0x10, 0x64, 0x10, 0x64, 0x10, 0x64, 0x10, 0x64, 0x10, 0x64, 0x10, 0x64, 0x10,
    0x64, 0x10, 0x64, 0x10, 0x64, 0x10, 0x64, 0x10, 0x64, 0x10, 0x64, 0x10, 0x64, 0x10, 0x64, 0x10, 0x64, 0x10, 0x64, 0x10, 0x64, 0x10, 0x64, 0x10, 0x64, 0x10, 0x64, 0x10, 0x64, 0x10, 0x64, 0x10,
    0x64, 0x10, 0x64, 0x10, 0x64, 0x10, 0x64, 0x10, 0x64, 0x10, 0x64, 0x10, 0x64, 0x10, 0x64, 0x10, 0x64, 0x10, 0x64, 0x10, 0x64, 0x10, 0x64, 0x10, 0x64, 0x10, 0x64, 0x10, 0x64, 0x10, 0x64, 0x10,
    0x64, 0x10, 0x64, 0x10, 0x64, 0x10, 0x64, 0x10, 0x64, 0x10, 0x64, 0x10, 0x64, 0x10, 0x64, 0x10, 0x64, 0x10, 0x64, 0x10, 0x64, 0x10, 0x64, 0x10, 0x64, 0x10, 0x64, 0x10, 0x64, 0x10, 0x64, 0x10,
    0x64, 0x10, 0x64, 0x10, 0x64, 0x10, 0x64, 0x10, 0x64, 0x10, 0x64, 0x10, 0x64, 0x10, 0x64, 0x10, 0x64, 0x10, 0x64, 0x10, 0x64, 0x10, 0x64, 0x10, 0x64, 0x10, 0x64, 0x10, 0x64, 0x10, 0x64, 0x10,
    0x64, 0x10, 0x64, 0x10, 0x64, 0x10, 0x64, 0x10, 0x64, 0x10, 0x64, 0x10, 0x64, 0x10, 0x64, 0x10, 0x64, 0x10, 0x64, 0x10, 0x64, 0x10, 0x64, 0x10, 0x64, 0x10, 0x64, 0x10, 0x64, 0x10, 0x64, 0x10,
    0x64, 0x10, 0x64, 0x10, 0x64, 0x10, 0x64, 0x10, 0x64, 0x10, 0x64, 0x10, 0x64, 0x10, 0x64, 0x10, 0x64, 0x10, 0x64, 0x10, 0x64, 0x10, 0x64, 0x10, 0x64, 0x10, 0x64, 0x10, 0x64, 0x10, 0x64, 0x10,
    0x64, 0x10, 0x64, 0x10, 0x64, 0x10, 0x64, 0x10, 0x64, 0x10, 0x64, 0x10, 0x64, 0x10, 0x64, 0x10, 0x64, 0x10, 0x64, 0x10, 0x64, 0x10, 0x64, 0x10, 0x64, 0x10, 0x64, 0x10, 0x64, 0x10, 0x64, 0x10,
    0x64, 0x10, 0x64, 0x10, 0x64, 0x10, 0x64, 0x10, 0x64, 0x10, 0x64, 0x10, 0x64, 0x10, 0x64, 0x10, 0x64, 0x10, 0x64, 0x10, 0x64, 0x10, 0x64, 0x10, 0x64, 0x10, 0x64, 0x10, 0x64, 0x10, 0x64, 0x10,
    0x64, 0x10, 0x64, 0x10, 0x64, 0x10, 0x64, 0x10, 0x64, 0x10, 0x64, 0x10, 0x64, 0x10, 0x64, 0x10, 0x64, 0x10, 0x64, 0x10, 0x64, 0x10, 0x64, 0x10, 0x64, 0x10, 0x64, 0x10, 0x64, 0x10, 0x64, 0x10,
    0x64, 0x10, 0x64, 0x10, 0x64, 0x10, 0x64, 0x10, 0x64, 0x10, 0x64, 0x10, 0x64, 0x10, 0x64, 0x10, 0x64, 0x10, 0x64, 0x10, 0x64, 0x10, 0x64, 0x10, 0x64, 0x10, 0x64, 0x10, 0x64, 0x10, 0x64, 0x10,
    0x64, 0x10, 0x64, 0x10, 0x64, 0x10, 0x64, 0x10, 0x64, 0x10, 0x64, 0x10, 0x64, 0x10, 0x64, 0x10, 0x64, 0x10, 0x64, 0x10, 0x64, 0x10, 0x64, 0x10, 0x64, 0x10, 0x64, 0x10, 0x64, 0x10, 0x64, 0x10,
    0x64, 0x10, 0x64, 0x10, 0x64, 0x10, 0x64, 0x10, 0x64, 0x10, 0x64, 0x10, 0x64, 0x10, 0x64, 0x10, 0x64, 0x10, 0x64, 0x10, 0x64, 0x10, 0x64, 0x10, 0x64, 0x10, 0x64, 0x10, 0x64, 0x10, 0x64, 0x10,
    0x64, 0x10, 0x64, 0x10, 0x64, 0x10, 0x64, 0x10, 0x64, 0x10, 0x64, 0x10, 0x64, 0x10, 0x64, 0x10, 0x64, 0x10, 0x64, 0x10, 0x64, 0x10, 0x64, 0x10, 0x64, 0x10, 0x64, 0x10, 0x64, 0x10, 0x64, 0x10,
    0x64, 0x10, 0x64, 0x10, 0x64, 0x10, 0x64, 0x10, 0x64, 0x10, 0x64, 0x10, 0x64, 0x10, 0x64, 0x10, 0x64, 0x10, 0x64, 0x10, 0x64, 0x10, 0x64, 0x10, 0x64, 0x10, 0x64, 0x10, 0x64, 0x10, 0x64, 0x10,
    0x64, 0x10, 0x64, 0x10, 0x64, 0x10, 0x64, 0x10, 0x64, 0x10, 0x64, 0x10, 0x64, 0x10, 0x64, 0x10, 0x64, 0x10, 0x64, 0x10, 0x64, 0x10, 0x64, 0x10, 0x64, 0x10, 0x64, 0x10, 0x64, 0x10, 0x64, 0x10,
    0x64, 0x10, 0x64, 0x10, 0x64, 0x10, 0x64, 0x10, 0x64, 0x10, 0x64, 0x10, 0x64, 0x10, 0x64, 0x10, 0x64, 0x10, 0x64, 0x10, 0x64, 0x10, 0x64, 0x10, 0x64, 0x10, 0x64, 0x10, 0x64, 0x10, 0x64, 0x10,
    0x64, 0x10, 0x64, 0x10, 0x64, 0x10, 0x64, 0x10, 0x64, 0x10, 0x64, 0x10, 0x64, 0x10, 0x64, 0x10, 0x64, 0x10, 0x64, 0x10, 0x64, 0x10, 0x64, 0x10, 0x64, 0x10, 0x64, 0x10, 0x64, 0x10, 0x64, 0x10,
    0x64, 0x10, 0x64, 0x10, 0x64, 0x10, 0x64, 0x10, 0x64, 0x10, 0x64, 0x10, 0x64, 0x10, 0x64, 0x10, 0x64, 0x10, 0x64, 0x10, 0x64, 0x10, 0x64, 0x10, 0x64, 0x10, 0x64, 0x10, 0x64, 0x10, 0x64, 0x10,
    0x64, 0x10, 0x64, 0x10, 0x64, 0x10, 0x64, 0x10, 0x64, 0x10, 0x64, 0x10, 0x64, 0x10, 0x64, 0x10, 0x64, 0x10, 0x64, 0x10, 0x64, 0x10, 0x64, 0x10, 0x64, 0x10, 0x64, 0x10, 0x64, 0x10, 0x64, 0x10,
    0x64, 0x10, 0x64, 0x10, 0x64, 0x10, 0x64, 0x10, 0x64, 0x10, 0x64, 0x10, 0x64, 0x10, 0x64, 0x10, 0x64, 0x10, 0x64, 0x10, 0x64, 0x10, 0x64, 0x10, 0x64, 0x10, 0x64, 0x10, 0x64, 0x10, 0x64, 0x10,
    0x64, 0x10, 0x64, 0x10, 0x64, 0x10, 0x64, 0x10, 0x64, 0x10, 0x64, 0x10, 0x64, 0x10, 0x64, 0x10, 0x64, 0x10, 0x64, 0x10, 0x64, 0x10, 0x64, 0x10, 0x64, 0x10, 0x64, 0x10, 0x64, 0x10, 0x64, 0x10,
    0x64, 0x10, 0x64, 0x10, 0x64, 0x10, 0x64, 0x10, 0x64, 0x10, 0x64, 0x10, 0x64, 0x10, 0x64, 0x10, 0x64, 0x10, 0x64, 0x10, 0x64, 0x10, 0x64, 0x10, 0x64, 0x10, 0x64, 0x10, 0x64, 0x10, 0x64, 0x10,
    0x64, 0x10, 0x64, 0x10, 0x64, 0x10, 0x64, 0x10, 0x64, 0x10, 0x64, 0x10, 0x64, 0x10, 0x64, 0x10, 0x64, 0x10, 0x64, 0x10, 0x64, 0x10, 0x64, 0x10, 0x64, 0x10, 0x64, 0x10, 0x64, 0x10, 0x64, 0x10,
    0x64, 0x10, 0x64, 0x10, 0x64, 0x10, 0x64, 0x10, 0x64, 0x10, 0x64, 0x10, 0x64, 0x10, 0x64, 0x10, 0x64, 0x10, 0x64, 0x10, 0x64, 0x10, 0x64, 0x10, 0x64, 0x10, 0x64, 0x10, 0x64, 0x10, 0x64, 0x10,
    0x64, 0x10, 0x64, 0x10, 0x64, 0x10, 0x64, 0x10, 0x64, 0x10, 0x64, 0x10, 0x64, 0x10, 0x64, 0x10, 0x64, 0x10, 0x64, 0x10, 0x64, 0x10, 0x64, 0x10, 0x64, 0x10, 0x64, 0x10, 0x64, 0x10, 0x64, 0x10,
    0x64, 0x10, 0x64, 0x10, 0x64, 0x10, 0x64, 0x10, 0x64, 0x10, 0x64, 0x10, 0x64, 0x10, 0x64, 0x10, 0x64, 0x10, 0x64, 0x10, 0x64, 0x10, 0x64, 0x10, 0x64, 0x10, 0x64, 0x10, 0x64, 0x10, 0x64, 0x10,
    0x64, 0x10, 0x64, 0x10, 0x64, 0x10, 0x64, 0x10, 0x64, 0x10, 0x64, 0x10, 0x64, 0x10, 0x64, 0x10, 0x64, 0x10, 0x64, 0x10, 0x64, 0x10, 0x64, 0x10, 0x64, 0x10, 0x64, 0x10, 0x64, 0x10, 0x64, 0x10,
    0x64, 0x10, 0x64, 0x10, 0x64, 0x10, 0x64, 0x10, 0x64, 0x10, 0x64, 0x10, 0x64, 0x10, 0x64, 0x10, 0x64, 0x10, 0x64, 0x10, 0x64, 0x10, 0x64, 0x10, 0x64, 0x10, 0x64, 0x10, 0x64, 0x10, 0x64, 0x10,
    0x64, 0x10, 0x64, 0x10, 0x64, 0x10, 0x64, 0x10, 0x64, 0x10, 0x64, 0x10, 0x64, 0x10, 0x64, 0x10, 0x64, 0x10, 0x64, 0x10, 0x64, 0x10, 0x64, 0x10, 0x64, 0x10, 0x64, 0x10, 0x64, 0x10, 0x64, 0x10,
    0x64, 0x10, 0x64, 0x10, 0x64, 0x10, 0x64, 0x10, 0x64, 0x10, 0x64, 0x10, 0x64, 0x10, 0x64, 0x10, 0x64, 0x10, 0x64, 0x10, 0x64, 0x10, 0x64, 0x10, 0x64, 0x10, 0x64, 0x10, 0x64, 0x10, 0x64, 0x10,
    0x64, 0x10, 0x64, 0x10, 0x64, 0x10, 0x64, 0x10, 0x64, 0x10, 0x64, 0x10, 0x64, 0x10, 0x64, 0x10, 0x64, 0x10, 0x64, 0x10, 0x64, 0x10, 0x64, 0x10, 0x64, 0x10, 0x64, 0x10, 0x64, 0x10, 0x64, 0x10,
    0x64, 0x10, 0x64, 0x10, 0x64, 0x10, 0x64, 0x10, 0x64, 0x10, 0x64, 0x10, 0x64, 0x10, 0x64, 0x10, 0x64, 0x10, 0x64, 0x10, 0x64, 0x10, 0x64, 0x10, 0x64, 0x10, 0x64, 0x10, 0x64, 0x10, 0x64, 0x10,
    0x64, 0x10, 0x64, 0x10, 0x64, 0x10, 0x64, 0x10, 0x64, 0x10, 0x64, 0x10, 0x64, 0x10, 0x64, 0x10, 0x64, 0x10, 0x64, 0x10, 0x64, 0x10, 0x64, 0x10, 0x64, 0x10, 0x64, 0x10, 0x64, 0x10, 0x64, 0x10,
    0x64, 0x10, 0x64, 0x10, 0x64, 0x10, 0x64, 0x10, 0x64, 0x10, 0x64, 0x10, 0x64, 0x10, 0x64, 0x10, 0x64, 0x10, 0x64, 0x10, 0x64, 0x10, 0x64, 0x10, 0x64, 0x10, 0x64, 0x10, 0x64, 0x10, 0x64, 0x10,
    0x64, 0x10, 0x64, 0x10, 0x64, 0x10, 0x64, 0x10, 0x64, 0x10, 0x64, 0x10, 0x64, 0x10, 0x64, 0x10, 0x64, 0x10, 0x64, 0x10, 0x64, 0x10, 0x64, 0x10, 0x64, 0x10, 0x64, 0x10, 0x64, 0x10, 0x64, 0x10,
    0x64, 0x10, 0x64, 0x10, 0x64, 0x10, 0x64, 0x10, 0x64, 0x10, 0x64, 0x10, 0x64, 0x10, 0x64, 0x10, 0x64, 0x10, 0x64, 0x10, 0x64, 0x10, 0x64, 0x10, 0x64, 0x10, 0x64, 0x10, 0x64, 0x10, 0x64, 0x10,
    0x64, 0x10, 0x64, 0x10, 0x64, 0x10, 0x64, 0x10, 0x64, 0x10, 0x64, 0x10, 0x64, 0x10, 0x64, 0x10, 0x64, 0x10, 0x64, 0x10, 0x64, 0x10, 0x64, 0x10, 0x64, 0x10, 0x64, 0x10, 0x64, 0x10, 0x64, 0x10,
    0x64, 0x10, 0x64, 0x10, 0x64, 0x10, 0x64, 0x10, 0x64, 0x10, 0x64, 0x10, 0x64, 0x10, 0x64, 0x10, 0x64, 0x10, 0x64, 0x10, 0x64, 0x10, 0x64, 0x10, 0x64, 0x10, 0x64, 0x10, 0x64, 0x10, 0x64, 0x10,
    0x64, 0x10, 0x64, 0x10, 0x64, 0x10, 0x64, 0x10, 0x64, 0x10, 0x64, 0x10, 0x64, 0x10, 0x64, 0x10, 0x64, 0x10, 0x64, 0x10, 0x64, 0x10, 0x64, 0x10, 0x64, 0x10, 0x64, 0x10, 0x64, 0x10, 0x64, 0x10,
    0x64, 0x10, 0x64, 0x10, 0x64, 0x10, 0x64, 0x10, 0x64, 0x10, 0x64, 0x10, 0x64, 0x10, 0x64, 0x10, 0x64, 0x10, 0x64, 0x10, 0x64, 0x10, 0x64, 0x10, 0x64, 0x10, 0x64, 0x10, 0x64, 0x10, 0x64, 0x10,
    0x64, 0x10, 0x64, 0x10, 0x64, 0x10, 0x64, 0x10, 0x64, 0x10, 0x64, 0x10, 0x64, 0x10, 0x64, 0x10, 0x64, 0x10, 0x64, 0x10, 0x64, 0x10, 0x64, 0x10, 0x64, 0x10, 0x64, 0x10, 0x64, 0x10, 0x64, 0x10,
    0x64, 0x10, 0x64, 0x10, 0x64, 0x10, 0x64, 0x10, 0x64, 0x10, 0x64, 0x10, 0x64, 0x10, 0x64, 0x10, 0x64, 0x10, 0x64, 0x10, 0x64, 0x10, 0x64, 0x10, 0x64, 0x10, 0x64, 0x10, 0x64, 0x10, 0x64, 0x10,
    0x64, 0x10, 0x64, 0x10, 0x64, 0x10, 0x64, 0x10, 0x64, 0x10, 0x64, 0x10, 0x64, 0x10, 0x64, 0x10, 0x64, 0x10, 0x64, 0x10, 0x64, 0x10, 0x64, 0x10, 0x64, 0x10, 0x64, 0x10, 0x64, 0x10, 0x64, 0x10,
    0x64, 0x10, 0x64, 0x10, 0x64, 0x10, 0x64, 0x10, 0x64, 0x10, 0x64, 0x10, 0x64, 0x10, 0x64, 0x10, 0x64, 0x10, 0x64, 0x10, 0x64, 0x10, 0x64, 0x10, 0x64, 0x10, 0x64, 0x10, 0x64, 0x10, 0x64, 0x10,
    0x64, 0x10, 0x64, 0x10, 0x64, 0x10, 0x64, 0x10, 0x64, 0x10, 0x64, 0x10, 0x64, 0x10, 0x64, 0x10, 0x64, 0x10, 0x64, 0x10, 0x64, 0x10, 0x64, 0x10, 0x64, 0x10, 0x64, 0x10, 0x64, 0x10, 0x64, 0x10,
    0x64, 0x10, 0x64, 0x10, 0x64, 0x10, 0x64, 0x10, 0x64, 0x10, 0x64, 0x10, 0x64, 0x10, 0x64, 0x10, 0x64, 0x10, 0x64, 0x10, 0x64, 0x10, 0x64, 0x10, 0x64, 0x10, 0x64, 0x10, 0x64, 0x10, 0x64, 0x10,
    0x64, 0x10, 0x64, 0x10, 0x64, 0x10, 0x64, 0x10, 0x64, 0x10, 0x64, 0x10, 0x64, 0x10, 0x64, 0x10, 0x64, 0x10, 0x64, 0x10, 0x64, 0x10, 0x64, 0x10, 0x64, 0x10, 0x64, 0x10, 0x64, 0x10, 0x64, 0x10,
    0x64, 0x10, 0x64, 0x10, 0x64, 0x10, 0x64, 0x10, 0x64, 0x10, 0x64, 0x10, 0x64, 0x10, 0x64, 0x10, 0x64, 0x10, 0x64, 0x10, 0x64, 0x10, 0x64, 0x10, 0x64, 0x10, 0x64, 0x10, 0x64, 0x10, 0x64, 0x10,
    0x64, 0x10, 0x64, 0x10, 0x64, 0x10, 0x64, 0x10, 0x64, 0x10, 0x64, 0x10, 0x64, 0x10, 0x64, 0x10, 0x64, 0x10, 0x64, 0x10, 0x64, 0x10, 0x64, 0x10, 0x64, 0x10, 0x64, 0x10, 0x64, 0x10, 0x64, 0x10,
    0x64, 0x10, 0x64, 0x10, 0x64, 0x10, 0x64, 0x10, 0x64, 0x10, 0x64, 0x10, 0x64, 0x10, 0x64, 0x10, 0x64, 0x10, 0x64, 0x10, 0x64, 0x10, 0x64, 0x10, 0x64, 0x10, 0x64, 0x10, 0x64, 0x10, 0x64, 0x10,
    0x64, 0x10, 0x64, 0x10, 0x64, 0x10, 0x64, 0x10, 0x64, 0x10, 0x64, 0x10, 0x64, 0x10, 0x64, 0x10, 0x64, 0x10, 0x64, 0x10, 0x64, 0x10, 0x64, 0x10, 0x64, 0x10, 0x64, 0x10, 0x64, 0x10, 0x64, 0x10,
    0x64, 0x10, 0x64, 0x10, 0x64, 0x10, 0x64, 0x10, 0x64, 0x10, 0x64, 0x10, 0x64, 0x10, 0x64, 0x10, 0x64, 0x10, 0x64, 0x10, 0x64, 0x10, 0x64, 0x10, 0x64, 0x10, 0x64, 0x10, 0x64, 0x10, 0x64, 0x10,
    0x64, 0x10, 0x64, 0x10, 0x64, 0x10, 0x64, 0x10, 0x64, 0x10, 0x64, 0x10, 0x64, 0x10, 0x64, 0x10, 0x64, 0x10, 0x64, 0x10, 0x64, 0x10, 0x64, 0x10, 0x64, 0x10, 0x64, 0x10, 0x64, 0x10, 0x64, 0x10,
    0x64, 0x10, 0x64, 0x10, 0x64, 0x10, 0x64, 0x10, 0x64, 0x10, 0x64, 0x10, 0x64, 0x10, 0x64, 0x10, 0x64, 0x10, 0x64, 0x10, 0x64, 0x10, 0x64, 0x10, 0x64, 0x10, 0x64, 0x10, 0x64, 0x10, 0x64, 0x10,
    0x64, 0x10, 0x64, 0x10, 0x64, 0x10, 0x64, 0x10, 0x64, 0x10, 0x64, 0x10, 0x64, 0x10, 0x64, 0x10, 0x64, 0x10, 0x64, 0x10, 0x64, 0x10, 0x64, 0x10, 0x64, 0x10, 0x64, 0x10, 0x64, 0x10, 0x64, 0x10,
    0x64, 0x10, 0x64, 0x10, 0x64, 0x10, 0x64, 0x10, 0x64, 0x10, 0x64, 0x10, 0x64, 0x10, 0x64, 0x10, 0x64, 0x10, 0x64, 0x10, 0x64, 0x10, 0x64, 0x10, 0x64, 0x10, 0x64, 0x10, 0x64, 0x10, 0x64, 0x10,
    0x64, 0x10, 0x64, 0x10, 0x64, 0x10, 0x64, 0x10, 0x64, 0x10, 0x64, 0x10, 0x64, 0x10, 0x64, 0x10, 0x64, 0x10, 0x64, 0x10, 0x64, 0x10, 0x64, 0x10, 0x64, 0x10, 0x64, 0x10, 0x64, 0x10, 0x64, 0x10,
    0x64, 0x10, 0x64, 0x10, 0x64, 0x10, 0x64, 0x10, 0x64, 0x10, 0x64, 0x10, 0x64, 0x10, 0x64, 0x10, 0x64, 0x10, 0x64, 0x10, 0x64, 0x10, 0x64, 0x10, 0x64, 0x10, 0x64, 0x10, 0x64, 0x10, 0x64, 0x10,
    0x64, 0x10, 0x64, 0x10, 0x64, 0x10, 0x64, 0x10, 0x64, 0x10, 0x64, 0x10, 0x64, 0x10, 0x64, 0x10, 0x64, 0x10, 0x64, 0x10, 0x64, 0x10, 0x64, 0x10, 0x64, 0x10, 0x64, 0x10, 0x64, 0x10, 0x64, 0x10,
    0x64, 0x10, 0x64, 0x10, 0x64, 0x10, 0x64, 0x10, 0x64, 0x10, 0x64, 0x10, 0x64, 0x10, 0x64, 0x10, 0x64, 0x10, 0x64, 0x10, 0x64, 0x10, 0x64, 0x10, 0x64, 0x10, 0x64, 0x10, 0x64, 0x10, 0x64, 0x10,
    0x64, 0x10, 0x64, 0x10, 0x64, 0x10, 0x64, 0x10, 0x64, 0x10, 0x64, 0x10, 0x64, 0x10, 0x64, 0x10, 0x64, 0x10, 0x64, 0x10, 0x64, 0x10, 0x64, 0x10, 0x64, 0x10, 0x64, 0x10, 0x64, 0x10, 0x64, 0x10,
    0x64, 0x10, 0x64, 0x10, 0x64, 0x10, 0x64, 0x10, 0x64, 0x10, 0x64, 0x10, 0x64, 0x10, 0x64, 0x10, 0x64, 0x10, 0x64, 0x10, 0x64, 0x10, 0x64, 0x10, 0x64, 0x10, 0x64, 0x10, 0x64, 0x10, 0x64, 0x10,
    0x64, 0x10, 0x64, 0x10, 0x64, 0x10, 0x64, 0x10, 0x64, 0x10, 0x64, 0x10, 0x64, 0x10, 0x64, 0x10, 0x64, 0x10, 0x64, 0x10, 0x64, 0x10, 0x64, 0x10, 0x64, 0x10, 0x64, 0x10, 0x64, 0x10, 0x64, 0x10,
    0x64, 0x10, 0x64, 0x10, 0x64, 0x10, 0x64, 0x10, 0x64, 0x10, 0x64, 0x10, 0x64, 0x10, 0x64, 0x10, 0x64, 0x10, 0x64, 0x10, 0x64, 0x10, 0x64, 0x10, 0x64, 0x10, 0x64, 0x10, 0x64, 0x10, 0x64, 0x10,
    0x64, 0x10, 0x64, 0x10, 0x64, 0x10, 0x64, 0x10, 0x64, 0x10, 0x64, 0x10, 0x64, 0x10, 0x64, 0x10, 0x64, 0x10, 0x64, 0x10, 0x64, 0x10, 0x64, 0x10, 0x64, 0x10, 0x64, 0x10, 0x64, 0x10, 0x64, 0x10,
    0x64, 0x10, 0x64, 0x10, 0x64, 0x10, 0x64, 0x10, 0x64, 0x10, 0x64, 0x10, 0x64, 0x10, 0x64, 0x10, 0x64, 0x10, 0x64, 0x10, 0x64, 0x10, 0x64, 0x10, 0x64, 0x10, 0x64, 0x10, 0x64, 0x10, 0x64, 0x10,
    0x64, 0x10, 0x64, 0x10, 0x64, 0x10, 0x64, 0x10, 0x64, 0x10, 0x64, 0x10, 0x64, 0x10, 0x64, 0x10, 0x64, 0x10, 0x64, 0x10, 0x64, 0x10, 0x64, 0x10, 0x64, 0x10, 0x64, 0x10, 0x64, 0x10, 0x64, 0x10,
    0x64, 0x10, 0x64, 0x10, 0x64, 0x10, 0x64, 0x10, 0x64, 0x10, 0x64, 0x10, 0x64, 0x10, 0x64, 0x10, 0x64, 0x10, 0x64, 0x10, 0x64, 0x10, 0x64, 0x10, 0x64, 0x10, 0x64, 0x10, 0x64, 0x10, 0x64, 0x10,
    0x64, 0x10, 0x64, 0x10, 0x64, 0x10, 0x64, 0x10, 0x64, 0x10, 0x64, 0x10, 0x64, 0x10, 0x64, 0x10, 0x64, 0x10, 0x64, 0x10, 0x64, 0x10, 0x64, 0x10, 0x64, 0x10, 0x64, 0x10, 0x64, 0x10, 0x64, 0x10,
    0x64, 0x10, 0x64, 0x10, 0x64, 0x10, 0x64, 0x10, 0x64, 0x10, 0x64, 0x10, 0x64, 0x10, 0x64, 0x10, 0x64, 0x10, 0x64, 0x10, 0x64, 0x10, 0x64, 0x10, 0x64, 0x10, 0x64, 0x10, 0x64, 0x10, 0x64, 0x10,
    0x64, 0x10, 0x64, 0x10, 0x64, 0x10, 0x64, 0x10, 0x64, 0x10, 0x64, 0x10, 0x64, 0x10, 0x64, 0x10, 0x64, 0x10, 0x64, 0x10, 0x64, 0x10, 0x64, 0x10, 0x64, 0x10, 0x64, 0x10, 0x64, 0x10, 0x64, 0x10,
    0x64, 0x10, 0x64, 0x10, 0x64, 0x10, 0x64, 0x10, 0x64, 0x10, 0x64, 0x10, 0x64, 0x10, 0x64, 0x10, 0x64, 0x10, 0x64, 0x10, 0x64, 0x10, 0x64, 0x10, 0x64, 0x10, 0x64, 0x10, 0x64, 0x10, 0x64, 0x10,
    0x64, 0x10, 0x64, 0x10, 0x64, 0x10, 0x64, 0x10, 0x64, 0x10, 0x64, 0x10, 0x64, 0x10, 0x64, 0x10, 0x64, 0x10, 0x64, 0x10, 0x64, 0x10, 0x64, 0x10, 0x64, 0x10, 0x64, 0x10, 0x64, 0x10, 0x64, 0x10,
    0x64, 0x10, 0x64, 0x10, 0x64, 0x10, 0x64, 0x10, 0x64, 0x10, 0x64, 0x10, 0x64, 0x10, 0x64, 0x10, 0x64, 0x10, 0x64, 0x10, 0x64, 0x10, 0x64, 0x10, 0x64, 0x10, 0x64, 0x10, 0x64, 0x10, 0x64, 0x10,
    0x64, 0x10, 0x64, 0x10, 0x64, 0x10, 0x64, 0x10, 0x64, 0x10, 0x64, 0x10, 0x64, 0x10, 0x64, 0x10, 0x64, 0x10, 0x64, 0x10, 0x64, 0x10, 0x64, 0x10, 0x64, 0x10, 0x64, 0x10, 0x64, 0x10, 0x64, 0x10,
    0x64, 0x10, 0x64, 0x10, 0x64, 0x10, 0x64, 0x10, 0x64, 0x10, 0x64, 0x10, 0x64, 0x10, 0x64, 0x10, 0x64, 0x10, 0x64, 0x10, 0x64, 0x10, 0x64, 0x10, 0x64, 0x10, 0x64, 0x10, 0x64, 0x10, 0x64, 0x10,
    0x64, 0x10, 0x64, 0x10, 0x64, 0x10, 0x64, 0x10, 0x64, 0x10, 0x64, 0x10, 0x64, 0x10, 0x64, 0x10, 0x64, 0x10, 0x64, 0x10, 0x64, 0x10, 0x64, 0x10, 0x64, 0x10, 0x64, 0x10, 0x64, 0x10, 0x64, 0x10,
    0x64, 0x10, 0x64, 0x10, 0x64, 0x10, 0x64, 0x10, 0x64, 0x10, 0x64, 0x10, 0x64, 0x10, 0x64, 0x10, 0x64, 0x10, 0x64, 0x10, 0x64, 0x10, 0x64, 0x10, 0x64, 0x10, 0x64, 0x10, 0x64, 0x10, 0x64, 0x10,
    0x64, 0x10, 0x64, 0x10, 0x64, 0x10, 0x64, 0x10, 0x64, 0x10, 0x64, 0x10, 0x64, 0x10, 0x64, 0x10, 0x64, 0x10, 0x64, 0x10, 0x64, 0x10, 0x64, 0x10, 0x64, 0x10, 0x64, 0x10, 0x64, 0x10, 0x64, 0x10,
    0x64, 0x10, 0x64, 0x10, 0x64, 0x10, 0x64, 0x10, 0x64, 0x10, 0x64, 0x10, 0x64, 0x10, 0x64, 0x10, 0x64, 0x10, 0x64, 0x10, 0x64, 0x10, 0x64, 0x10, 0x64, 0x10, 0x64, 0x10, 0x64, 0x10, 0x64, 0x10,
    0x64, 0x10, 0x64, 0x10, 0x64, 0x10, 0x64, 0x10, 0x64, 0x10, 0x64, 0x10, 0x64, 0x10, 0x64, 0x10, 0x64, 0x10, 0x64, 0x10, 0x64, 0x10, 0x64, 0x10, 0x64, 0x10, 0x64, 0x10, 0x64, 0x10, 0x64, 0x10,
    0x64, 0x10, 0x64, 0x10, 0x64, 0x10, 0x64, 0x10, 0x64, 0x10, 0x64, 0x10, 0x64, 0x10, 0x64, 0x10, 0x64, 0x10, 0x64, 0x10, 0x64, 0x10, 0x64, 0x10, 0x64, 0x10, 0x64, 0x10, 0x64, 0x10, 0x64, 0x10,
    0x64, 0x10, 0x64, 0x10, 0x64, 0x10, 0x64, 0x10, 0x64, 0x10, 0x64, 0x10, 0x64, 0x10, 0x64, 0x10, 0x64, 0x10, 0x64, 0x10, 0x64, 0x10, 0x64, 0x10, 0x64, 0x10, 0x64, 0x10, 0x64, 0x10, 0x64, 0x10,
    0x64, 0x10, 0x64, 0x10, 0x64, 0x10, 0x64, 0x10, 0x64, 0x10, 0x64, 0x10, 0x64, 0x10, 0x64, 0x10, 0x64, 0x10, 0x64, 0x10, 0x64, 0x10, 0x64, 0x10, 0x64, 0x10, 0x64, 0x10, 0x64, 0x10, 0x64, 0x10,
    0x64, 0x10, 0x64, 0x10, 0x64, 0x10, 0x64, 0x10, 0x64, 0x10, 0x64, 0x10, 0x64, 0x10, 0x64, 0x10, 0x64, 0x10, 0x64, 0x10, 0x64, 0x10, 0x64, 0x10, 0x64, 0x10, 0x64, 0x10, 0x64, 0x10, 0x64, 0x10,
    0x64, 0x10, 0x64, 0x10, 0x64, 0x10, 0x64, 0x10, 0x64, 0x10, 0x64, 0x10, 0x64, 0x10, 0x64, 0x10, 0x64, 0x10, 0x64, 0x10, 0x64, 0x10, 0x64, 0x10, 0x64, 0x10, 0x64, 0x10, 0x64, 0x10, 0x64, 0x10,
    0x64, 0x10, 0x64, 0x10, 0x64, 0x10, 0x64, 0x10, 0x64, 0x10, 0x64, 0x10, 0x64, 0x10, 0x64, 0x10, 0x64, 0x10, 0x64, 0x10, 0x64, 0x10, 0x64, 0x10, 0x64, 0x10, 0x64, 0x10, 0x64, 0x10, 0x64, 0x10,
    0x64, 0x10, 0x64, 0x10, 0x64, 0x10, 0x64, 0x10, 0x64, 0x10, 0x64, 0x10, 0x64, 0x10, 0x64, 0x10, 0x64, 0x10, 0x64, 0x10, 0x64, 0x10, 0x64, 0x10, 0x64, 0x10, 0x64, 0x10, 0x64, 0x10, 0x64, 0x10,
    0x64, 0x10, 0x64, 0x10, 0x64, 0x10, 0x64, 0x10, 0x64, 0x10, 0x64, 0x10, 0x64, 0x10, 0x64, 0x10, 0x64, 0x10, 0x64, 0x10, 0x64, 0x10, 0x64, 0x10, 0x64, 0x10, 0x64, 0x10, 0x64, 0x10, 0x64, 0x10,
    0x64, 0x10, 0x64, 0x10, 0x64, 0x10, 0x64, 0x10, 0x64, 0x10, 0x64, 0x10, 0x64, 0x10, 0x64, 0x10, 0x64, 0x10, 0x64, 0x10, 0x64, 0x10, 0x64, 0x10, 0x64, 0x10, 0x64, 0x10, 0x64, 0x10, 0x64, 0x10,
    0x64, 0x10, 0x64, 0x10, 0x64, 0x10, 0x64, 0x10, 0x64, 0x10, 0x64, 0x10, 0x64, 0x10, 0x64, 0x10, 0x64, 0x10, 0x64, 0x10, 0x64, 0x10, 0x64, 0x10, 0x64, 0x10, 0x64, 0x10, 0x64, 0x10, 0x64, 0x10,
    0x64, 0x10, 0x64, 0x10, 0x64, 0x10, 0x64, 0x10, 0x64, 0x10, 0x64, 0x10, 0x64, 0x10, 0x64, 0x10, 0x64, 0x10, 0x64, 0x10, 0x64, 0x10, 0x64, 0x10, 0x64, 0x10, 0x64, 0x10, 0x64, 0x10, 0x64, 0x10,
    0x64, 0x10, 0x64, 0x10, 0x64, 0x10, 0x64, 0x10, 0x64, 0x10, 0x64, 0x10, 0x64, 0x10, 0x64, 0x10, 0x64, 0x10, 0x64, 0x10, 0x64, 0x10, 0x64, 0x10, 0x64, 0x10, 0x64, 0x10, 0x64, 0x10, 0x64, 0x10,
    0x64, 0x10, 0x64, 0x10, 0x64, 0x10, 0x64, 0x10, 0x64, 0x10, 0x64, 0x10, 0x64, 0x10, 0x64, 0x10, 0x64, 0x10, 0x64, 0x10, 0x64, 0x10, 0x64, 0x10, 0x64, 0x10, 0x64, 0x10, 0x64, 0x10, 0x64, 0x10,
    0x64, 0x10, 0x64, 0x10, 0x64, 0x10, 0x64, 0x10, 0x64, 0x10, 0x64, 0x10, 0x64, 0x10, 0x64, 0x10, 0x64, 0x10, 0x64, 0x10, 0x64, 0x10, 0x64, 0x10, 0x64, 0x10, 0x64, 0x10, 0x64, 0x10, 0x64, 0x10,
    0x64, 0x10, 0x64, 0x10, 0x64, 0x10, 0x64, 0x10, 0x64, 0x10, 0x64, 0x10, 0x64, 0x10, 0x64, 0x10, 0x64, 0x10, 0x64, 0x10, 0x64, 0x10, 0x64, 0x10, 0x64, 0x10, 0x64, 0x10, 0x64, 0x10, 0x64, 0x10,
    0x64, 0x10, 0x64, 0x10, 0x64, 0x10, 0x64, 0x10, 0x64, 0x10, 0x64, 0x10, 0x64, 0x10, 0x64, 0x10, 0x64, 0x10, 0x64, 0x10, 0x64, 0x10, 0x64, 0x10, 0x64, 0x10, 0x64, 0x10, 0x64, 0x10, 0x64, 0x10,
    0x64, 0x10, 0x64, 0x10, 0x64, 0x10, 0x64, 0x10, 0x64, 0x10, 0x64, 0x10, 0x64, 0x10, 0x64, 0x10, 0x64, 0x10, 0x64, 0x10, 0x64, 0x10, 0x64, 0x10, 0x64, 0x10, 0x64, 0x10, 0x64, 0x10, 0x64, 0x10,
    0x64, 0x10, 0x64, 0x10, 0x64, 0x10, 0x64, 0x10, 0x64, 0x10, 0x64, 0x10, 0x64, 0x10, 0x64, 0x10, 0x64, 0x10, 0x64, 0x10, 0x64, 0x10, 0x64, 0x10, 0x64, 0x10, 0x64, 0x10, 0x64, 0x10, 0x64, 0x10,
    0x64, 0x10, 0x64, 0x10, 0x64, 0x10, 0x64, 0x10, 0x64, 0x10, 0x64, 0x10, 0x64, 0x10, 0x64, 0x10, 0x64, 0x10, 0x64, 0x10, 0x64, 0x10, 0x64, 0x10, 0x64, 0x10, 0x64, 0x10, 0x64, 0x10, 0x64, 0x10,
    0x64, 0x10, 0x64, 0x10, 0x64, 0x10, 0x64, 0x10, 0x64, 0x10, 0x64, 0x10, 0x64, 0x10, 0x64, 0x10, 0x64, 0x10, 0x64, 0x10, 0x64, 0x10, 0x64, 0x10, 0x64, 0x10, 0x64, 0x10, 0x64, 0x10, 0x64, 0x10,
    0x64, 0x10, 0x64, 0x10, 0x64, 0x10, 0x64, 0x10, 0x64, 0x10, 0x64, 0x10, 0x64, 0x10, 0x64, 0x10, 0x64, 0x10, 0x64, 0x10, 0x64, 0x10, 0x64, 0x10, 0x64, 0x10, 0x64, 0x10, 0x64, 0x10, 0x64, 0x10,
    0x64, 0x10, 0x64, 0x10, 0x64, 0x10, 0x64, 0x10, 0x64, 0x10, 0x64, 0x10, 0x64, 0x10, 0x64, 0x10, 0x64, 0x10, 0x64, 0x10, 0x64, 0x10, 0x64, 0x10, 0x64, 0x10, 0x64, 0x10, 0x64, 0x10, 0x64, 0x10,
    0x64, 0x10, 0x64, 0x10, 0x64, 0x10, 0x64, 0x10, 0x64, 0x10, 0x64, 0x10, 0x64, 0x10, 0x64, 0x10, 0x64, 0x10, 0x64, 0x10, 0x64, 0x10, 0x64, 0x10, 0x64, 0x10, 0x64, 0x10, 0x64, 0x10, 0x64, 0x10,
    0x64, 0x10, 0x64, 0x10, 0x64, 0x10, 0x64, 0x10, 0x64, 0x10, 0x64, 0x10, 0x64, 0x10, 0x64, 0x10, 0x64, 0x10, 0x64, 0x10, 0x64, 0x10, 0x64, 0x10, 0x64, 0x10, 0x64, 0x10, 0x64, 0x10, 0x64, 0x10,
    0x64, 0x10, 0x64, 0x10, 0x64, 0x10, 0x64, 0x10, 0x64, 0x10, 0x64, 0x10, 0x64, 0x10, 0x64, 0x10, 0x64, 0x10, 0x64, 0x10, 0x64, 0x10, 0x64, 0x10, 0x64, 0x10, 0x64, 0x10, 0x64, 0x10, 0x64, 0x10,
    0x64, 0x10, 0x64, 0x10, 0x64, 0x10, 0x64, 0x10, 0x64, 0x10, 0x64, 0x10, 0x64, 0x10, 0x64, 0x10, 0x64, 0x10, 0x64, 0x10, 0x64, 0x10, 0x64, 0x10, 0x64, 0x10, 0x64, 0x10, 0x64, 0x10, 0x64, 0x10,
    0x64, 0x10, 0x64, 0x10, 0x64, 0x10, 0x64, 0x10, 0x64, 0x10, 0x64, 0x10, 0x64, 0x10, 0x64, 0x10, 0x64, 0x10, 0x64, 0x10, 0x64, 0x10, 0x64, 0x10, 0x64, 0x10, 0x64, 0x10, 0x64, 0x10, 0x64, 0x10,
    0x64, 0x10, 0x64, 0x10, 0x64, 0x10, 0x64, 0x10, 0x64, 0x10, 0x64, 0x10, 0x64, 0x10, 0x64, 0x10, 0x64, 0x10, 0x64, 0x10, 0x64, 0x10, 0x64, 0x10, 0x64, 0x10, 0x64, 0x10, 0x64, 0x10, 0x64, 0x10,
    0x64, 0x10, 0x64, 0x10, 0x64, 0x10, 0x64, 0x10, 0x64, 0x10, 0x64, 0x10, 0x64, 0x10, 0x64, 0x10, 0x64, 0x10, 0x64, 0x10, 0x64, 0x10, 0x64, 0x10, 0x64, 0x10, 0x64, 0x10, 0x64, 0x10, 0x64, 0x10,
    0x64, 0x10, 0x64, 0x10, 0x64, 0x10, 0x64, 0x10, 0x64, 0x10, 0x64, 0x10, 0x64, 0x10, 0x64, 0x10, 0x64, 0x10, 0x64, 0x10, 0x64, 0x10, 0x64, 0x10, 0x64, 0x10, 0x64, 0x10, 0x64, 0x10, 0x64, 0x10,
    0x64, 0x10, 0x64, 0x10, 0x64, 0x10, 0x64, 0x10, 0x64, 0x10, 0x64, 0x10, 0x64, 0x10, 0x64, 0x10, 0x64, 0x10, 0x64, 0x10, 0x64, 0x10, 0x64, 0x10, 0x64, 0x10, 0x64, 0x10, 0x64, 0x10, 0x64, 0x10,
    0x64, 0x10, 0x64, 0x10, 0x64, 0x10, 0x64, 0x10, 0x64, 0x10, 0x64, 0x10, 0x64, 0x10, 0x64, 0x10, 0x64, 0x10, 0x64, 0x10, 0x64, 0x10, 0x64, 0x10, 0x64, 0x10, 0x64, 0x10, 0x64, 0x10, 0x64, 0x10,
    0x64, 0x10, 0x64, 0x10, 0x64, 0x10, 0x64, 0x10, 0x64, 0x10, 0x64, 0x10, 0x64, 0x10, 0x64, 0x10, 0x64, 0x10, 0x64, 0x10, 0x64, 0x10, 0x64, 0x10, 0x64, 0x10, 0x64, 0x10, 0x64, 0x10, 0x64, 0x10,
    0x64, 0x10, 0x64, 0x10, 0x64, 0x10, 0x64, 0x10, 0x64, 0x10, 0x64, 0x10, 0x64, 0x10, 0x64, 0x10, 0x64, 0x10, 0x64, 0x10, 0x64, 0x10, 0x64, 0x10, 0x64, 0x10, 0x64, 0x10, 0x64, 0x10, 0x64, 0x10,
    0x64, 0x10, 0x64, 0x10, 0x64, 0x10, 0x64, 0x10, 0x64, 0x10, 0x64, 0x10, 0x64, 0x10, 0x64, 0x10, 0x64, 0x10, 0x64, 0x10, 0x64, 0x10, 0x64, 0x10, 0x64, 0x10, 0x64, 0x10, 0x64, 0x10, 0x64, 0x10,
    0x64, 0x10, 0x64, 0x10, 0x64, 0x10, 0x64, 0x10, 0x64, 0x10, 0x64, 0x10, 0x64, 0x10, 0x64, 0x10, 0x64, 0x10, 0x64, 0x10, 0x64, 0x10, 0x64, 0x10, 0x64, 0x10, 0x64, 0x10, 0x64, 0x10, 0x64, 0x10,
    0x64, 0x10, 0x64, 0x10, 0x64, 0x10, 0x64, 0x10, 0x64, 0x10, 0x64, 0x10, 0x64, 0x10, 0x64, 0x10, 0x64, 0x10, 0x64, 0x10, 0x64, 0x10, 0x64, 0x10, 0x64, 0x10, 0x64, 0x10, 0x64, 0x10, 0x64, 0x10,
    0x64, 0x10, 0x64, 0x10, 0x64, 0x10, 0x64, 0x10, 0x64, 0x10, 0x64, 0x10, 0x64, 0x10, 0x64, 0x10, 0x64, 0x10, 0x64, 0x10, 0x64, 0x10, 0x64, 0x10, 0x64, 0x10, 0x64, 0x10, 0x64, 0x10, 0x64, 0x10,
    0x64, 0x10, 0x64, 0x10, 0x64, 0x10, 0x64, 0x10, 0x64, 0x10, 0x64, 0x10, 0x64, 0x10, 0x64, 0x10, 0x64, 0x10, 0x64, 0x10, 0x64, 0x10, 0x64, 0x10, 0x64, 0x10, 0x64, 0x10, 0x64, 0x10, 0x64, 0x10,
    0x64, 0x10, 0x64, 0x10, 0x64, 0x10, 0x64, 0x10, 0x64, 0x10, 0x64, 0x10, 0x64, 0x10, 0x64, 0x10, 0x64, 0x10, 0x64, 0x10, 0x64, 0x10, 0x64, 0x10, 0x64, 0x10, 0x64, 0x10, 0x64, 0x10, 0x64, 0x10,
    0x64, 0x10, 0x64, 0x10, 0x64, 0x10, 0x64, 0x10, 0x64, 0x10, 0x64, 0x10, 0x64, 0x10, 0x64, 0x10, 0x64, 0x10, 0x64, 0x10, 0x64, 0x10, 0x64, 0x10, 0x64, 0x10, 0x64, 0x10, 0x64, 0x10, 0x64, 0x18,
    0x64, 0x18, 0x64, 0x18, 0x64, 0x18, 0x63, 0x20, 0x63, 0x20, 0x63, 0x20, 0x63, 0x20, 0x63, 0x28, 0x63, 0x28, 0x63, 0x20, 0x63, 0x20, 0x63, 0x20, 0x63, 0x20, 0x63, 0x20, 0x63, 0x20, 0x63, 0x20,
    0x63, 0x20, 0x63, 0x20, 0x63, 0x20, 0x63, 0x20, 0x63, 0x20, 0x63, 0x20, 0x63, 0x20, 0x63, 0x28, 0x63, 0x28, 0x63, 0x28, 0x63, 0x28, 0x63, 0x20, 0x63, 0x20, 0x63, 0x20, 0x63, 0x20, 0x63, 0x20,
    0x63, 0x20, 0x63, 0x20, 0x63, 0x20, 0x63, 0x20, 0x63, 0x20, 0x63, 0x20, 0x63, 0x20, 0x63, 0x20, 0x63, 0x20, 0x63, 0x28, 0x63, 0x28, 0x63, 0x28, 0x63, 0x28, 0x63, 0x20, 0x63, 0x20, 0x63, 0x20,
    0x63, 0x20, 0x63, 0x20, 0x63, 0x20, 0x63, 0x20, 0x63, 0x20, 0x64, 0x18, 0x64, 0x18, 0x64, 0x18, 0x64, 0x18, 0x64, 0x18, 0x64, 0x18, 0x64, 0x10, 0x64, 0x10, 0x64, 0x10, 0x64, 0x10, 0x64, 0x10,
    0x64, 0x10, 0x64, 0x10, 0x64, 0x10, 0x64, 0x10, 0x64, 0x10, 0x64, 0x18, 0x64, 0x18, 0x64, 0x18, 0x64, 0x18, 0x63, 0x20, 0x63, 0x20, 0x63, 0x20, 0x63, 0x20, 0x63, 0x28, 0x63, 0x28, 0x63, 0x28,
    0x63, 0x28, 0x63, 0x20, 0x63, 0x20, 0x63, 0x20, 0x63, 0x20, 0x64, 0x18, 0x64, 0x18, 0x64, 0x18, 0x64, 0x18, 0x64, 0x10, 0x64, 0x10, 0x64, 0x10, 0x64, 0x10, 0x64, 0x10, 0x64, 0x10, 0x64, 0x10,
    0x64, 0x10, 0x64, 0x10, 0x64, 0x10, 0x64, 0x10, 0x64, 0x10, 0x64, 0x10, 0x64, 0x10, 0x64, 0x10, 0x64, 0x10, 0x64, 0x10, 0x64, 0x10, 0x64, 0x10, 0x64, 0x10, 0x64, 0x10, 0x64, 0x10, 0x64, 0x10,
    0x64, 0x10, 0x64, 0x10, 0x64, 0x10, 0x64, 0x10, 0x64, 0x10, 0x64, 0x10, 0x64, 0x10, 0x64, 0x10, 0x64, 0x10, 0x64, 0x10, 0x64, 0x10, 0x64, 0x10, 0x64, 0x10, 0x64, 0x10, 0x64, 0x10, 0x64, 0x10,
    0x64, 0x10, 0x64, 0x10, 0x64, 0x10, 0x64, 0x10, 0x64, 0x10, 0x64, 0x10, 0x64, 0x10, 0x64, 0x10, 0x64, 0x10, 0x64, 0x10, 0x64, 0x10, 0x64, 0x10, 0x64, 0x10, 0x64, 0x10, 0x64, 0x10, 0x64, 0x10,
    0x64, 0x10, 0x64, 0x10, 0x64, 0x10, 0x64, 0x10, 0x64, 0x10, 0x64, 0x10, 0x64, 0x10, 0x64, 0x10, 0x64, 0x10, 0x64, 0x10, 0x64, 0x10, 0x64, 0x10, 0x64, 0x10, 0x64, 0x10, 0x64, 0x10, 0x64, 0x10,
    0x64, 0x10, 0x64, 0x10, 0x64, 0x10, 0x64, 0x10, 0x64, 0x10, 0x64, 0x10, 0x64, 0x10, 0x64, 0x10, 0x64, 0x10, 0x64, 0x10, 0x64, 0x10, 0x64, 0x10, 0x64, 0x10, 0x64, 0x10, 0x64, 0x10, 0x64, 0x10,
    0x64, 0x10, 0x64, 0x10, 0x64, 0x10, 0x64, 0x10, 0x64, 0x10, 0x64, 0x10, 0x64, 0x10, 0x64, 0x10, 0x64, 0x10, 0x64, 0x10, 0x64, 0x10, 0x64, 0x10, 0x64, 0x10, 0x64, 0x10, 0x64, 0x10, 0x64, 0x10,
    0x64, 0x10, 0x64, 0x10, 0x64, 0x10, 0x64, 0x10, 0x64, 0x10, 0x64, 0x10, 0x64, 0x10, 0x64, 0x10, 0x64, 0x10, 0x64, 0x10, 0x64, 0x10, 0x64, 0x10, 0x64, 0x10, 0x64, 0x10, 0x64, 0x10, 0x64, 0x10,
    0x64, 0x10, 0x64, 0x10, 0x64, 0x10, 0x64, 0x10, 0x64, 0x10, 0x64, 0x10, 0x64, 0x10, 0x64, 0x10, 0x64, 0x10, 0x64, 0x10, 0x64, 0x10, 0x64, 0x10, 0x64, 0x10, 0x64, 0x10, 0x64, 0x10, 0x64, 0x10,
    0x64, 0x10, 0x64, 0x10, 0x64, 0x10, 0x64, 0x10, 0x64, 0x10, 0x64, 0x10, 0x64, 0x10, 0x64, 0x10, 0x64, 0x10, 0x64, 0x10, 0x64, 0x10, 0x64, 0x10, 0x64, 0x10, 0x64, 0x10, 0x64, 0x10, 0x64, 0x10,
    0x64, 0x10, 0x64, 0x10, 0x64, 0x10, 0x64, 0x10, 0x64, 0x10, 0x64, 0x10, 0x64, 0x10, 0x64, 0x10, 0x64, 0x10, 0x64, 0x10, 0x64, 0x10, 0x64, 0x10, 0x64, 0x10, 0x64, 0x10, 0x64, 0x10, 0x64, 0x10,
    0x64, 0x10, 0x64, 0x10, 0x64, 0x10, 0x64, 0x10, 0x64, 0x10, 0x64, 0x10, 0x64, 0x10, 0x64, 0x10, 0x64, 0x10, 0x64, 0x10, 0x64, 0x10, 0x64, 0x10, 0x64, 0x10, 0x64, 0x10, 0x64, 0x10, 0x64, 0x10,
    0x64, 0x10, 0x64, 0x10, 0x64, 0x10, 0x64, 0x10, 0x64, 0x10, 0x64, 0x10, 0x64, 0x10, 0x64, 0x18, 0x64, 0x18, 0x64, 0x18, 0x64, 0x18, 0x63, 0x20, 0x63, 0x20, 0x63, 0x20, 0x63, 0x20, 0x63, 0x28,
    0x63, 0x28, 0x63, 0x20, 0x63, 0x20, 0x63, 0x20, 0x63, 0x20, 0x63, 0x20, 0x63, 0x20, 0x63, 0x20, 0x63, 0x20, 0x63, 0x20, 0x63, 0x20, 0x63, 0x20, 0x63, 0x20, 0x63, 0x20, 0x63, 0x20, 0x63, 0x28,
    0x63, 0x28, 0x63, 0x28, 0x63, 0x28, 0x63, 0x20, 0x63, 0x20, 0x63, 0x20, 0x63, 0x20, 0x63, 0x20, 0x63, 0x20, 0x63, 0x20, 0x63, 0x20, 0x63, 0x20, 0x63, 0x20, 0x63, 0x20, 0x63, 0x20, 0x63, 0x20,
    0x63, 0x20, 0x63, 0x28, 0x63, 0x28, 0x63, 0x28, 0x63, 0x28, 0x63, 0x20, 0x63, 0x20, 0x63, 0x20, 0x63, 0x20, 0x63, 0x20, 0x63, 0x20, 0x63, 0x20, 0x63, 0x20, 0x64, 0x18, 0x64, 0x18, 0x64, 0x18,
    0x64, 0x18, 0x64, 0x18, 0x64, 0x18, 0x64, 0x10, 0x64, 0x10, 0x64, 0x10, 0x64, 0x10, 0x64, 0x10, 0x64, 0x10, 0x64, 0x10, 0x64, 0x10, 0x64, 0x10, 0x64, 0x10, 0x64, 0x18, 0x64, 0x18, 0x64, 0x18,
    0x64, 0x18, 0x63, 0x20, 0x63, 0x20, 0x63, 0x20, 0x63, 0x20, 0x63, 0x28, 0x63, 0x28, 0x63, 0x28, 0x63, 0x28, 0x63, 0x20, 0x63, 0x20, 0x63, 0x20, 0x63, 0x20, 0x64, 0x18, 0x64, 0x18, 0x64, 0x18,
    0x64, 0x18, 0x64, 0x10, 0x64, 0x10, 0x64, 0x10, 0x64, 0x10, 0x64, 0x10, 0x64, 0x10, 0x64, 0x10, 0x64, 0x10, 0x64, 0x10, 0x64, 0x10, 0x64, 0x10, 0x64, 0x10, 0x64, 0x10, 0x64, 0x10, 0x64, 0x10,
    0x64, 0x10, 0x64, 0x10, 0x64, 0x10, 0x64, 0x10, 0x64, 0x10, 0x64, 0x10, 0x64, 0x10, 0x64, 0x10, 0x64, 0x10, 0x64, 0x10, 0x64, 0x10, 0x64, 0x10, 0x64, 0x10, 0x64, 0x10, 0x64, 0x10, 0x64, 0x10,
    0x64, 0x10, 0x64, 0x10, 0x64, 0x10, 0x64, 0x10, 0x64, 0x10, 0x64, 0x10, 0x64, 0x10, 0x64, 0x10, 0x64, 0x10, 0x64, 0x10, 0x64, 0x10, 0x64, 0x10, 0x64, 0x10, 0x64, 0x10, 0x64, 0x10, 0x64, 0x10,
    0x64, 0x10, 0x64, 0x10, 0x64, 0x10, 0x64, 0x10, 0x64, 0x10, 0x64, 0x10, 0x64, 0x10, 0x64, 0x10, 0x64, 0x10, 0x64, 0x10, 0x64, 0x10, 0x64, 0x10, 0x64, 0x10, 0x64, 0x10, 0x64, 0x10, 0x64, 0x10,
    0x64, 0x10, 0x64, 0x10, 0x64, 0x10, 0x64, 0x10, 0x64, 0x10, 0x64, 0x10, 0x64, 0x10, 0x64, 0x10, 0x64, 0x10, 0x64, 0x10, 0x64, 0x10, 0x64, 0x10, 0x64, 0x10, 0x64, 0x10, 0x64, 0x10, 0x64, 0x10,
    0x64, 0x10, 0x64, 0x10, 0x64, 0x10, 0x64, 0x10, 0x64, 0x10, 0x64, 0x10, 0x64, 0x10, 0x64, 0x10, 0x64, 0x10, 0x64, 0x10, 0x64, 0x10, 0x64, 0x10, 0x64, 0x10, 0x64, 0x10, 0x64, 0x10, 0x64, 0x10,
    0x64, 0x10, 0x64, 0x10, 0x64, 0x10, 0x64, 0x10, 0x64, 0x10, 0x64, 0x10, 0x64, 0x10, 0x64, 0x10, 0x64, 0x10, 0x64, 0x10, 0x64, 0x10, 0x64, 0x10, 0x64, 0x10, 0x64, 0x10, 0x64, 0x10, 0x64, 0x10,
    0x64, 0x10, 0x64, 0x10, 0x64, 0x10, 0x64, 0x10, 0x64, 0x10, 0x64, 0x10, 0x64, 0x10, 0x64, 0x10, 0x64, 0x10, 0x64, 0x10, 0x64, 0x10, 0x64, 0x10, 0x64, 0x10, 0x64, 0x10, 0x64, 0x10, 0x64, 0x10,
    0x64, 0x10, 0x64, 0x10, 0x64, 0x10, 0x64, 0x10, 0x64, 0x10, 0x64, 0x10, 0x64, 0x10, 0x64, 0x10, 0x64, 0x10, 0x64, 0x10, 0x64, 0x10, 0x64, 0x10, 0x64, 0x10, 0x64, 0x10, 0x64, 0x10, 0x64, 0x10,
    0x64, 0x10, 0x64, 0x10, 0x64, 0x10, 0x64, 0x10, 0x64, 0x10, 0x64, 0x10, 0x64, 0x10, 0x64, 0x10, 0x64, 0x10, 0x64, 0x10, 0x64, 0x10, 0x64, 0x10, 0x64, 0x10, 0x64, 0x10, 0x64, 0x10, 0x64, 0x10,
    0x64, 0x10, 0x64, 0x10, 0x64, 0x10, 0x64, 0x10, 0x64, 0x10, 0x64, 0x10, 0x64, 0x10, 0x64, 0x10, 0x64, 0x10, 0x64, 0x10, 0x64, 0x10, 0x64, 0x10, 0x64, 0x10, 0x64, 0x10, 0x64, 0x10, 0x64, 0x10,
    0x64, 0x10, 0x64, 0x10, 0x64, 0x10, 0x64, 0x10, 0x64, 0x10, 0x64, 0x10, 0x64, 0x10, 0x64, 0x10, 0x64, 0x10, 0x64, 0x10, 0x64, 0x10, 0x64, 0x18, 0x64, 0x18, 0x63, 0x20, 0x63, 0x20, 0x63, 0x28,
    0x63, 0x28, 0x63, 0x30, 0x63, 0x30, 0x43, 0x38, 0x43, 0x38, 0x43, 0x40, 0x43, 0x40, 0x43, 0x40, 0x43, 0x40, 0x43, 0x40, 0x43, 0x40, 0x43, 0x40, 0x43, 0x40, 0x43, 0x38, 0x43, 0x38, 0x43, 0x38,
    0x43, 0x38, 0x43, 0x38, 0x43, 0x38, 0x43, 0x40, 0x43, 0x40, 0x43, 0x40, 0x43, 0x40, 0x43, 0x40, 0x43, 0x40, 0x43, 0x40, 0x43, 0x40, 0x43, 0x40, 0x43, 0x40, 0x43, 0x40, 0x43, 0x40, 0x43, 0x38,
    0x43, 0x38, 0x43, 0x38, 0x43, 0x38, 0x43, 0x38, 0x43, 0x38, 0x43, 0x40, 0x43, 0x40, 0x43, 0x40, 0x43, 0x40, 0x43, 0x40, 0x43, 0x40, 0x43, 0x40, 0x43, 0x40, 0x43, 0x40, 0x43, 0x40, 0x43, 0x40,
    0x43, 0x40, 0x43, 0x38, 0x43, 0x38, 0x63, 0x30, 0x63, 0x30, 0x63, 0x30, 0x63, 0x30, 0x63, 0x28, 0x63, 0x28, 0x63, 0x20, 0x63, 0x20, 0x64, 0x18, 0x64, 0x18, 0x64, 0x10, 0x64, 0x10, 0x64, 0x10,
    0x64, 0x10, 0x64, 0x10, 0x64, 0x10, 0x64, 0x18, 0x64, 0x18, 0x63, 0x20, 0x63, 0x20, 0x63, 0x30, 0x63, 0x30, 0x43, 0x38, 0x43, 0x38, 0x43, 0x40, 0x43, 0x40, 0x43, 0x40, 0x43, 0x40, 0x43, 0x40,
    0x43, 0x40, 0x43, 0x40, 0x43, 0x40, 0x43, 0x38, 0x43, 0x38, 0x63, 0x30, 0x63, 0x30, 0x63, 0x20, 0x63, 0x20, 0x64, 0x18, 0x64, 0x18, 0x64, 0x10, 0x64, 0x10, 0x64, 0x10, 0x64, 0x10, 0x64, 0x10,
    0x64, 0x10, 0x64, 0x10, 0x64, 0x10, 0x64, 0x10, 0x64, 0x10, 0x64, 0x10, 0x64, 0x10, 0x64, 0x10, 0x64, 0x10, 0x64, 0x10, 0x64, 0x10, 0x64, 0x10, 0x64, 0x10, 0x64, 0x10, 0x64, 0x10, 0x64, 0x10,
    0x64, 0x10, 0x64, 0x10, 0x64, 0x10, 0x64, 0x10, 0x64, 0x10, 0x64, 0x10, 0x64, 0x10, 0x64, 0x10, 0x64, 0x10, 0x64, 0x10, 0x64, 0x10, 0x64, 0x10, 0x64, 0x10, 0x64, 0x10, 0x64, 0x10, 0x64, 0x10,
    0x64, 0x10, 0x64, 0x10, 0x64, 0x10, 0x64, 0x10, 0x64, 0x10, 0x64, 0x10, 0x64, 0x10, 0x64, 0x10, 0x64, 0x10, 0x64, 0x10, 0x64, 0x10, 0x64, 0x10, 0x64, 0x10, 0x64, 0x10, 0x64, 0x10, 0x64, 0x10,
    0x64, 0x10, 0x64, 0x10, 0x64, 0x10, 0x64, 0x10, 0x64, 0x10, 0x64, 0x10, 0x64, 0x10, 0x64, 0x10, 0x64, 0x10, 0x64, 0x10, 0x64, 0x10, 0x64, 0x10, 0x64, 0x10, 0x64, 0x10, 0x64, 0x10, 0x64, 0x10,
    0x64, 0x10, 0x64, 0x10, 0x64, 0x10, 0x64, 0x10, 0x64, 0x10, 0x64, 0x10, 0x64, 0x10, 0x64, 0x10, 0x64, 0x10, 0x64, 0x10, 0x64, 0x10, 0x64, 0x10, 0x64, 0x10, 0x64, 0x10, 0x64, 0x10, 0x64, 0x10,
    0x64, 0x10, 0x64, 0x10, 0x64, 0x10, 0x64, 0x10, 0x64, 0x10, 0x64, 0x10, 0x64, 0x10, 0x64, 0x10, 0x64, 0x10, 0x64, 0x10, 0x64, 0x10, 0x64, 0x10, 0x64, 0x10, 0x64, 0x10, 0x64, 0x10, 0x64, 0x10,
    0x64, 0x10, 0x64, 0x10, 0x64, 0x10, 0x64, 0x10, 0x64, 0x10, 0x64, 0x10, 0x64, 0x10, 0x64, 0x10, 0x64, 0x10, 0x64, 0x10, 0x64, 0x10, 0x64, 0x10, 0x64, 0x10, 0x64, 0x10, 0x64, 0x10, 0x64, 0x10,
    0x64, 0x10, 0x64, 0x10, 0x64, 0x10, 0x64, 0x10, 0x64, 0x10, 0x64, 0x10, 0x64, 0x10, 0x64, 0x10, 0x64, 0x10, 0x64, 0x10, 0x64, 0x10, 0x64, 0x10, 0x64, 0x10, 0x64, 0x10, 0x64, 0x10, 0x64, 0x10,
    0x64, 0x10, 0x64, 0x10, 0x64, 0x10, 0x64, 0x10, 0x64, 0x10, 0x64, 0x10, 0x64, 0x10, 0x64, 0x10, 0x64, 0x10, 0x64, 0x10, 0x64, 0x10, 0x64, 0x10, 0x64, 0x10, 0x64, 0x10, 0x64, 0x10, 0x64, 0x10,
    0x64, 0x10, 0x64, 0x10, 0x64, 0x10, 0x64, 0x10, 0x64, 0x10, 0x64, 0x10, 0x64, 0x10, 0x64, 0x10, 0x64, 0x10, 0x64, 0x10, 0x64, 0x10, 0x64, 0x10, 0x64, 0x10, 0x64, 0x10, 0x64, 0x10, 0x64, 0x10,
    0x64, 0x10, 0x64, 0x10, 0x64, 0x10, 0x64, 0x10, 0x64, 0x10, 0x64, 0x10, 0x64, 0x10, 0x64, 0x10, 0x64, 0x10, 0x64, 0x10, 0x64, 0x10, 0x64, 0x10, 0x64, 0x10, 0x64, 0x10, 0x64, 0x10, 0x64, 0x10,
    0x64, 0x10, 0x64, 0x10, 0x64, 0x10, 0x64, 0x18, 0x64, 0x18, 0x63, 0x20, 0x63, 0x20, 0x63, 0x28, 0x63, 0x28, 0x63, 0x30, 0x63, 0x30, 0x43, 0x38, 0x43, 0x38, 0x43, 0x40, 0x43, 0x40, 0x43, 0x40,
    0x43, 0x40, 0x43, 0x40, 0x43, 0x40, 0x43, 0x40, 0x43, 0x40, 0x43, 0x38, 0x43, 0x38, 0x43, 0x38, 0x43, 0x38, 0x43, 0x38, 0x43, 0x38, 0x43, 0x40, 0x43, 0x40, 0x43, 0x40, 0x43, 0x40, 0x43, 0x40,
    0x43, 0x40, 0x43, 0x40, 0x43, 0x40, 0x43, 0x40, 0x43, 0x40, 0x43, 0x40, 0x43, 0x40, 0x43, 0x38, 0x43, 0x38, 0x43, 0x38, 0x43, 0x38, 0x43, 0x38, 0x43, 0x38, 0x43, 0x40, 0x43, 0x40, 0x43, 0x40,
    0x43, 0x40, 0x43, 0x40, 0x43, 0x40, 0x43, 0x40, 0x43, 0x40, 0x43, 0x40, 0x43, 0x40, 0x43, 0x40, 0x43, 0x40, 0x43, 0x38, 0x43, 0x38, 0x63, 0x30, 0x63, 0x30, 0x63, 0x30, 0x63, 0x30, 0x63, 0x28,
    0x63, 0x28, 0x63, 0x20, 0x63, 0x20, 0x64, 0x18, 0x64, 0x18, 0x64, 0x10, 0x64, 0x10, 0x64, 0x10, 0x64, 0x10, 0x64, 0x10, 0x64, 0x10, 0x64, 0x18, 0x64, 0x18, 0x63, 0x20, 0x63, 0x20, 0x63, 0x30,
    0x63, 0x30, 0x43, 0x38, 0x43, 0x38, 0x43, 0x40, 0x43, 0x40, 0x43, 0x40, 0x43, 0x40, 0x43, 0x40, 0x43, 0x40, 0x43, 0x40, 0x43, 0x40, 0x43, 0x38, 0x43, 0x38, 0x63, 0x30, 0x63, 0x30, 0x63, 0x20,
    0x63, 0x20, 0x64, 0x18, 0x64, 0x18, 0x64, 0x10, 0x64, 0x10, 0x64, 0x10, 0x64, 0x10, 0x64, 0x10, 0x64, 0x10, 0x64, 0x10, 0x64, 0x10, 0x64, 0x10, 0x64, 0x10, 0x64, 0x10, 0x64, 0x10, 0x64, 0x10,
    0x64, 0x10, 0x64, 0x10, 0x64, 0x10, 0x64, 0x10, 0x64, 0x10, 0x64, 0x10, 0x64, 0x10, 0x64, 0x10, 0x64, 0x10, 0x64, 0x10, 0x64, 0x10, 0x64, 0x10, 0x64, 0x10, 0x64, 0x10, 0x64, 0x10, 0x64, 0x10,
    0x64, 0x10, 0x64, 0x10, 0x64, 0x10, 0x64, 0x10, 0x64, 0x10, 0x64, 0x10, 0x64, 0x10, 0x64, 0x10, 0x64, 0x10, 0x64, 0x10, 0x64, 0x10, 0x64, 0x10, 0x64, 0x10, 0x64, 0x10, 0x64, 0x10, 0x64, 0x10,
    0x64, 0x10, 0x64, 0x10, 0x64, 0x10, 0x64, 0x10, 0x64, 0x10, 0x64, 0x10, 0x64, 0x10, 0x64, 0x10, 0x64, 0x10, 0x64, 0x10, 0x64, 0x10, 0x64, 0x10, 0x64, 0x10, 0x64, 0x10, 0x64, 0x10, 0x64, 0x10,
    0x64, 0x10, 0x64, 0x10, 0x64, 0x10, 0x64, 0x10, 0x64, 0x10, 0x64, 0x10, 0x64, 0x10, 0x64, 0x10, 0x64, 0x10, 0x64, 0x10, 0x64, 0x10, 0x64, 0x10, 0x64, 0x10, 0x64, 0x10, 0x64, 0x10, 0x64, 0x10,
    0x64, 0x10, 0x64, 0x10, 0x64, 0x10, 0x64, 0x10, 0x64, 0x10, 0x64, 0x10, 0x64, 0x10, 0x64, 0x10, 0x64, 0x10, 0x64, 0x10, 0x64, 0x10, 0x64, 0x10, 0x64, 0x10, 0x64, 0x10, 0x64, 0x10, 0x64, 0x10,
    0x64, 0x10, 0x64, 0x10, 0x64, 0x10, 0x64, 0x10, 0x64, 0x10, 0x64, 0x10, 0x64, 0x10, 0x64, 0x10, 0x64, 0x10, 0x64, 0x10, 0x64, 0x10, 0x64, 0x10, 0x64, 0x10, 0x64, 0x10, 0x64, 0x10, 0x64, 0x10,
    0x64, 0x10, 0x64, 0x10, 0x64, 0x10, 0x64, 0x10, 0x64, 0x10, 0x64, 0x10, 0x64, 0x10, 0x64, 0x10, 0x64, 0x10, 0x64, 0x10, 0x64, 0x10, 0x64, 0x10, 0x64, 0x10, 0x64, 0x10, 0x64, 0x10, 0x64, 0x10,
    0x64, 0x10, 0x64, 0x10, 0x64, 0x10, 0x64, 0x10, 0x64, 0x10, 0x64, 0x10, 0x64, 0x10, 0x64, 0x10, 0x64, 0x10, 0x64, 0x10, 0x64, 0x10, 0x64, 0x10, 0x64, 0x10, 0x64, 0x10, 0x64, 0x10, 0x64, 0x10,
    0x64, 0x10, 0x64, 0x10, 0x64, 0x10, 0x64, 0x10, 0x64, 0x10, 0x64, 0x10, 0x64, 0x10, 0x64, 0x10, 0x64, 0x10, 0x64, 0x10, 0x64, 0x10, 0x64, 0x10, 0x64, 0x10, 0x64, 0x10, 0x64, 0x10, 0x64, 0x10,
    0x64, 0x10, 0x64, 0x10, 0x64, 0x10, 0x64, 0x10, 0x64, 0x10, 0x64, 0x10, 0x64, 0x10, 0x64, 0x10, 0x64, 0x10, 0x64, 0x10, 0x64, 0x10, 0x64, 0x10, 0x64, 0x10, 0x64, 0x10, 0x64, 0x10, 0x64, 0x10,
    0x64, 0x10, 0x64, 0x10, 0x64, 0x10, 0x64, 0x10, 0x64, 0x10, 0x64, 0x10, 0x64, 0x10, 0x64, 0x10, 0x64, 0x10, 0x64, 0x10, 0x64, 0x10, 0x63, 0x20, 0x63, 0x20, 0x63, 0x30, 0x63, 0x30, 0x43, 0x40,
    0x43, 0x40, 0x43, 0x50, 0x43, 0x50, 0x43, 0x58, 0x43, 0x58, 0x42, 0x58, 0x42, 0x58, 0x42, 0x60, 0x42, 0x60, 0x42, 0x58, 0x42, 0x58, 0x42, 0x58, 0x42, 0x58, 0x42, 0x58, 0x42, 0x58, 0x43, 0x58,
    0x43, 0x58, 0x42, 0x58, 0x42, 0x58, 0x42, 0x58, 0x42, 0x58, 0x43, 0x58, 0x43, 0x58, 0x42, 0x58, 0x42, 0x58, 0x42, 0x58, 0x42, 0x58, 0x43, 0x50, 0x43, 0x50, 0x43, 0x50, 0x43, 0x50, 0x43, 0x50,
    0x43, 0x50, 0x43, 0x50, 0x43, 0x50, 0x43, 0x50, 0x43, 0x50, 0x43, 0x58, 0x43, 0x58, 0x43, 0x58, 0x43, 0x58, 0x42, 0x58, 0x42, 0x58, 0x42, 0x58, 0x42, 0x58, 0x43, 0x50, 0x43, 0x50, 0x43, 0x50,
    0x43, 0x50, 0x43, 0x50, 0x43, 0x50, 0x43, 0x48, 0x43, 0x48, 0x43, 0x40, 0x43, 0x40, 0x43, 0x38, 0x43, 0x38, 0x63, 0x28, 0x63, 0x28, 0x63, 0x20, 0x63, 0x20, 0x64, 0x18, 0x64, 0x18, 0x64, 0x10,
    0x64, 0x10, 0x64, 0x18, 0x64, 0x18, 0x63, 0x20, 0x63, 0x20, 0x63, 0x30, 0x63, 0x30, 0x43, 0x40, 0x43, 0x40, 0x43, 0x50, 0x43, 0x50, 0x43, 0x58, 0x43, 0x58, 0x42, 0x58, 0x42, 0x58, 0x42, 0x58,
    0x42, 0x58, 0x43, 0x50, 0x43, 0x50, 0x43, 0x48, 0x43, 0x48, 0x43, 0x38, 0x43, 0x38, 0x63, 0x28, 0x63, 0x28, 0x63, 0x20, 0x63, 0x20, 0x64, 0x18, 0x64, 0x18, 0x64, 0x10, 0x64, 0x10, 0x64, 0x10,
    0x64, 0x10, 0x64, 0x10, 0x64, 0x10, 0x64, 0x10, 0x64, 0x10, 0x64, 0x10, 0x64, 0x10, 0x64, 0x10, 0x64, 0x10, 0x64, 0x10, 0x64, 0x10, 0x64, 0x10, 0x64, 0x10, 0x64, 0x10, 0x64, 0x10, 0x64, 0x10,
    0x64, 0x10, 0x64, 0x10, 0x64, 0x10, 0x64, 0x10, 0x64, 0x10, 0x64, 0x10, 0x64, 0x10, 0x64, 0x10, 0x64, 0x10, 0x64, 0x10, 0x64, 0x10, 0x64, 0x10, 0x64, 0x10, 0x64, 0x10, 0x64, 0x10, 0x64, 0x10,
    0x64, 0x10, 0x64, 0x10, 0x64, 0x10, 0x64, 0x10, 0x64, 0x10, 0x64, 0x10, 0x64, 0x10, 0x64, 0x10, 0x64, 0x10, 0x64, 0x10, 0x64, 0x10, 0x64, 0x10, 0x64, 0x10, 0x64, 0x10, 0x64, 0x10, 0x64, 0x10,
    0x64, 0x10, 0x64, 0x10, 0x64, 0x10, 0x64, 0x10, 0x64, 0x10, 0x64, 0x10, 0x64, 0x10, 0x64, 0x10, 0x64, 0x10, 0x64, 0x10, 0x64, 0x10, 0x64, 0x10, 0x64, 0x10, 0x64, 0x10, 0x64, 0x10, 0x64, 0x10,
    0x64, 0x10, 0x64, 0x10, 0x64, 0x10, 0x64, 0x10, 0x64, 0x10, 0x64, 0x10, 0x64, 0x10, 0x64, 0x10, 0x64, 0x10, 0x64, 0x10, 0x64, 0x10, 0x64, 0x10, 0x64, 0x10, 0x64, 0x10, 0x64, 0x10, 0x64, 0x10,
    0x64, 0x10, 0x64, 0x10, 0x64, 0x10, 0x64, 0x10, 0x64, 0x10, 0x64, 0x10, 0x64, 0x10, 0x64, 0x10, 0x64, 0x10, 0x64, 0x10, 0x64, 0x10, 0x64, 0x10, 0x64, 0x10, 0x64, 0x10, 0x64, 0x10, 0x64, 0x10,
    0x64, 0x10, 0x64, 0x10, 0x64, 0x10, 0x64, 0x10, 0x64, 0x10, 0x64, 0x10, 0x64, 0x10, 0x64, 0x10, 0x64, 0x10, 0x64, 0x10, 0x64, 0x10, 0x64, 0x10, 0x64, 0x10, 0x64, 0x10, 0x64, 0x10, 0x64, 0x10,
    0x64, 0x10, 0x64, 0x10, 0x64, 0x10, 0x64, 0x10, 0x64, 0x10, 0x64, 0x10, 0x64, 0x10, 0x64, 0x10, 0x64, 0x10, 0x64, 0x10, 0x64, 0x10, 0x64, 0x10, 0x64, 0x10, 0x64, 0x10, 0x64, 0x10, 0x64, 0x10,
    0x64, 0x10, 0x64, 0x10, 0x64, 0x10, 0x64, 0x10, 0x64, 0x10, 0x64, 0x10, 0x64, 0x10, 0x64, 0x10, 0x64, 0x10, 0x64, 0x10, 0x64, 0x10, 0x64, 0x10, 0x64, 0x10, 0x64, 0x10, 0x64, 0x10, 0x64, 0x10,
    0x64, 0x10, 0x64, 0x10, 0x64, 0x10, 0x64, 0x10, 0x64, 0x10, 0x64, 0x10, 0x64, 0x10, 0x64, 0x10, 0x64, 0x10, 0x64, 0x10, 0x64, 0x10, 0x64, 0x10, 0x64, 0x10, 0x64, 0x10, 0x64, 0x10, 0x64, 0x10,
    0x64, 0x10, 0x64, 0x10, 0x64, 0x10, 0x64, 0x10, 0x64, 0x10, 0x64, 0x10, 0x64, 0x10, 0x64, 0x10, 0x64, 0x10, 0x64, 0x10, 0x64, 0x10, 0x64, 0x10, 0x64, 0x10, 0x64, 0x10, 0x64, 0x10, 0x64, 0x10,
    0x64, 0x10, 0x64, 0x10, 0x64, 0x10, 0x63, 0x20, 0x63, 0x20, 0x63, 0x30, 0x63, 0x30, 0x43, 0x40, 0x43, 0x40, 0x43, 0x50, 0x43, 0x50, 0x43, 0x58, 0x43, 0x58, 0x42, 0x58, 0x42, 0x58, 0x42, 0x60,
    0x42, 0x60, 0x42, 0x58, 0x42, 0x58, 0x42, 0x58, 0x42, 0x58, 0x42, 0x58, 0x42, 0x58, 0x43, 0x58, 0x43, 0x58, 0x42, 0x58, 0x42, 0x58, 0x42, 0x58, 0x42, 0x58, 0x43, 0x58, 0x43, 0x58, 0x42, 0x58,
    0x42, 0x58, 0x42, 0x58, 0x42, 0x58, 0x43, 0x50, 0x43, 0x50, 0x43, 0x50, 0x43, 0x50, 0x43, 0x50, 0x43, 0x50, 0x43, 0x50, 0x43, 0x50, 0x43, 0x50, 0x43, 0x50, 0x43, 0x58, 0x43, 0x58, 0x43, 0x58,
    0x43, 0x58, 0x42, 0x58, 0x42, 0x58, 0x42, 0x58, 0x42, 0x58, 0x43, 0x50, 0x43, 0x50, 0x43, 0x50, 0x43, 0x50, 0x43, 0x50, 0x43, 0x50, 0x43, 0x48, 0x43, 0x48, 0x43, 0x40, 0x43, 0x40, 0x43, 0x38,
    0x43, 0x38, 0x63, 0x28, 0x63, 0x28, 0x63, 0x20, 0x63, 0x20, 0x64, 0x18, 0x64, 0x18, 0x64, 0x10, 0x64, 0x10, 0x64, 0x18, 0x64, 0x18, 0x63, 0x20, 0x63, 0x20, 0x63, 0x30, 0x63, 0x30, 0x43, 0x40,
    0x43, 0x40, 0x43, 0x50, 0x43, 0x50, 0x43, 0x58, 0x43, 0x58, 0x42, 0x58, 0x42, 0x58, 0x42, 0x58, 0x42, 0x58, 0x43, 0x50, 0x43, 0x50, 0x43, 0x48, 0x43, 0x48, 0x43, 0x38, 0x43, 0x38, 0x63, 0x28,
    0x63, 0x28, 0x63, 0x20, 0x63, 0x20, 0x64, 0x18, 0x64, 0x18, 0x64, 0x10, 0x64, 0x10, 0x64, 0x10, 0x64, 0x10, 0x64, 0x10, 0x64, 0x10, 0x64, 0x10, 0x64, 0x10, 0x64, 0x10, 0x64, 0x10, 0x64, 0x10,
    0x64, 0x10, 0x64, 0x10, 0x64, 0x10, 0x64, 0x10, 0x64, 0x10, 0x64, 0x10, 0x64, 0x10, 0x64, 0x10, 0x64, 0x10, 0x64, 0x10, 0x64, 0x10, 0x64, 0x10, 0x64, 0x10, 0x64, 0x10, 0x64, 0x10, 0x64, 0x10,
    0x64, 0x10, 0x64, 0x10, 0x64, 0x10, 0x64, 0x10, 0x64, 0x10, 0x64, 0x10, 0x64, 0x10, 0x64, 0x10, 0x64, 0x10, 0x64, 0x10, 0x64, 0x10, 0x64, 0x10, 0x64, 0x10, 0x64, 0x10, 0x64, 0x10, 0x64, 0x10,
    0x64, 0x10, 0x64, 0x10, 0x64, 0x10, 0x64, 0x10, 0x64, 0x10, 0x64, 0x10, 0x64, 0x10, 0x64, 0x10, 0x64, 0x10, 0x64, 0x10, 0x64, 0x10, 0x64, 0x10, 0x64, 0x10, 0x64, 0x10, 0x64, 0x10, 0x64, 0x10,
    0x64, 0x10, 0x64, 0x10, 0x64, 0x10, 0x64, 0x10, 0x64, 0x10, 0x64, 0x10, 0x64, 0x10, 0x64, 0x10, 0x64, 0x10, 0x64, 0x10, 0x64, 0x10, 0x64, 0x10, 0x64, 0x10, 0x64, 0x10, 0x64, 0x10, 0x64, 0x10,
    0x64, 0x10, 0x64, 0x10, 0x64, 0x10, 0x64, 0x10, 0x64, 0x10, 0x64, 0x10, 0x64, 0x10, 0x64, 0x10, 0x64, 0x10, 0x64, 0x10, 0x64, 0x10, 0x64, 0x10, 0x64, 0x10, 0x64, 0x10, 0x64, 0x10, 0x64, 0x10,
    0x64, 0x10, 0x64, 0x10, 0x64, 0x10, 0x64, 0x10, 0x64, 0x10, 0x64, 0x10, 0x64, 0x10, 0x64, 0x10, 0x64, 0x10, 0x64, 0x10, 0x64, 0x10, 0x64, 0x10, 0x64, 0x10, 0x64, 0x10, 0x64, 0x10, 0x64, 0x10,
    0x64, 0x10, 0x64, 0x10, 0x64, 0x10, 0x64, 0x10, 0x64, 0x10, 0x64, 0x10, 0x64, 0x10, 0x64, 0x10, 0x64, 0x10, 0x64, 0x10, 0x64, 0x10, 0x64, 0x10, 0x64, 0x10, 0x64, 0x10, 0x64, 0x10, 0x64, 0x10,
    0x64, 0x10, 0x64, 0x10, 0x64, 0x10, 0x64, 0x10, 0x64, 0x10, 0x64, 0x10, 0x64, 0x10, 0x64, 0x10, 0x64, 0x10, 0x64, 0x10, 0x64, 0x10, 0x64, 0x10, 0x64, 0x10, 0x64, 0x10, 0x64, 0x10, 0x64, 0x10,
    0x64, 0x10, 0x64, 0x10, 0x64, 0x10, 0x64, 0x10, 0x64, 0x10, 0x64, 0x10, 0x64, 0x10, 0x64, 0x10, 0x64, 0x10, 0x64, 0x10, 0x64, 0x10, 0x64, 0x10, 0x64, 0x10, 0x64, 0x10, 0x64, 0x10, 0x64, 0x10,
    0x64, 0x10, 0x64, 0x10, 0x64, 0x10, 0x64, 0x10, 0x64, 0x10, 0x64, 0x10, 0x64, 0x10, 0x64, 0x10, 0x64, 0x10, 0x64, 0x10, 0x64, 0x10, 0x64, 0x10, 0x64, 0x10, 0x64, 0x10, 0x64, 0x10, 0x64, 0x10,
    0x64, 0x10, 0x64, 0x10, 0x64, 0x10, 0x64, 0x10, 0x64, 0x10, 0x64, 0x10, 0x64, 0x10, 0x64, 0x10, 0x64, 0x10, 0x64, 0x18, 0x64, 0x18, 0x63, 0x28, 0x63, 0x28, 0x43, 0x40, 0x43, 0x40, 0x43, 0x58,
    0x43, 0x58, 0x00, 0xe8, 0x00, 0xe8, 0x00, 0xe8, 0x00, 0xe8, 0x00, 0xe8, 0x00, 0xe8, 0x00, 0xe8, 0x00, 0xe8, 0x00, 0xe8, 0x00, 0xe8, 0x00, 0xe8, 0x00, 0xe8, 0x00, 0xe8, 0x00, 0xe8, 0x42, 0x70,
    0x42, 0x70, 0x00, 0xe8, 0x00, 0xe8, 0x00, 0xe8, 0x00, 0xe8, 0x00, 0xe8, 0x00, 0xe8, 0x00, 0xe8, 0x00, 0xe8, 0x00, 0xe8, 0x00, 0xe8, 0x00, 0xe0, 0x00, 0xe0, 0x00, 0xe0, 0x00, 0xe0, 0x00, 0xe8,
    0x00, 0xe8, 0x42, 0x68, 0x42, 0x68, 0x00, 0xe8, 0x00, 0xe8, 0x00, 0xe8, 0x00, 0xe8, 0x00, 0xe8, 0x00, 0xe8, 0x00, 0xe8, 0x00, 0xe8, 0x00, 0xe8, 0x00, 0xe8, 0x00, 0xe0, 0x00, 0xe0, 0x00, 0xe0,
    0x00, 0xe0, 0x00, 0xe8, 0x00, 0xe8, 0x42, 0x60, 0x42, 0x60, 0x00, 0xe0, 0x00, 0xe0, 0x00, 0xe0, 0x00, 0xe0, 0x43, 0x38, 0x43, 0x38, 0x63, 0x30, 0x63, 0x30, 0x64, 0x18, 0x64, 0x18, 0x64, 0x10,
    0x64, 0x10, 0x64, 0x18, 0x64, 0x18, 0x63, 0x30, 0x63, 0x30, 0x43, 0x40, 0x43, 0x40, 0x00, 0xe0, 0x00, 0xe0, 0x00, 0xe8, 0x00, 0xe8, 0x00, 0xe8, 0x00, 0xe8, 0x00, 0xe8, 0x00, 0xe8, 0x00, 0xe8,
    0x00, 0xe8, 0x00, 0xe0, 0x00, 0xe0, 0x00, 0xe0, 0x00, 0xe0, 0x00, 0xe0, 0x00, 0xe0, 0x63, 0x30, 0x63, 0x30, 0x63, 0x28, 0x63, 0x28, 0x64, 0x18, 0x64, 0x18, 0x64, 0x10, 0x64, 0x10, 0x64, 0x10,
    0x64, 0x10, 0x64, 0x10, 0x64, 0x10, 0x64, 0x10, 0x64, 0x10, 0x64, 0x10, 0x64, 0x10, 0x64, 0x10, 0x64, 0x10, 0x64, 0x10, 0x64, 0x10, 0x64, 0x10, 0x64, 0x10, 0x64, 0x10, 0x64, 0x10, 0x64, 0x10,
    0x64, 0x10, 0x64, 0x10, 0x64, 0x10, 0x64, 0x10, 0x64, 0x10, 0x64, 0x10, 0x64, 0x10, 0x64, 0x10, 0x64, 0x10, 0x64, 0x10, 0x64, 0x10, 0x64, 0x10, 0x64, 0x10, 0x64, 0x10, 0x64, 0x10, 0x64, 0x10,
    0x64, 0x10, 0x64, 0x10, 0x64, 0x10, 0x64, 0x10, 0x64, 0x10, 0x64, 0x10, 0x64, 0x10, 0x64, 0x10, 0x64, 0x10, 0x64, 0x10, 0x64, 0x10, 0x64, 0x10, 0x64, 0x10, 0x64, 0x10, 0x64, 0x10, 0x64, 0x10,
    0x64, 0x10, 0x64, 0x10, 0x64, 0x10, 0x64, 0x10, 0x64, 0x10, 0x64, 0x10, 0x64, 0x10, 0x64, 0x10, 0x64, 0x10, 0x64, 0x10, 0x64, 0x10, 0x64, 0x10, 0x64, 0x10, 0x64, 0x10, 0x64, 0x10, 0x64, 0x10,
    0x64, 0x10, 0x64, 0x10, 0x64, 0x10, 0x64, 0x10, 0x64, 0x10, 0x64, 0x10, 0x64, 0x10, 0x64, 0x10, 0x64, 0x10, 0x64, 0x10, 0x64, 0x10, 0x64, 0x10, 0x64, 0x10, 0x64, 0x10, 0x64, 0x10, 0x64, 0x10,
    0x64, 0x10, 0x64, 0x10, 0x64, 0x10, 0x64, 0x10, 0x64, 0x10, 0x64, 0x10, 0x64, 0x10, 0x64, 0x10, 0x64, 0x10, 0x64, 0x10, 0x64, 0x10, 0x64, 0x10, 0x64, 0x10, 0x64, 0x10, 0x64, 0x10, 0x64, 0x10,
    0x64, 0x10, 0x64, 0x10, 0x64, 0x10, 0x64, 0x10, 0x64, 0x10, 0x64, 0x10, 0x64, 0x10, 0x64, 0x10, 0x64, 0x10, 0x64, 0x10, 0x64, 0x10, 0x64, 0x10, 0x64, 0x10, 0x64, 0x10, 0x64, 0x10, 0x64, 0x10,
    0x64, 0x10, 0x64, 0x10, 0x64, 0x10, 0x64, 0x10, 0x64, 0x10, 0x64, 0x10, 0x64, 0x10, 0x64, 0x10, 0x64, 0x10, 0x64, 0x10, 0x64, 0x10, 0x64, 0x10, 0x64, 0x10, 0x64, 0x10, 0x64, 0x10, 0x64, 0x10,
    0x64, 0x10, 0x64, 0x10, 0x64, 0x10, 0x64, 0x10, 0x64, 0x10, 0x64, 0x10, 0x64, 0x10, 0x64, 0x10, 0x64, 0x10, 0x64, 0x10, 0x64, 0x10, 0x64, 0x10, 0x64, 0x10, 0x64, 0x10, 0x64, 0x10, 0x64, 0x10,
    0x64, 0x10, 0x64, 0x10, 0x64, 0x10, 0x64, 0x10, 0x64, 0x10, 0x64, 0x10, 0x64, 0x10, 0x64, 0x10, 0x64, 0x10, 0x64, 0x10, 0x64, 0x10, 0x64, 0x10, 0x64, 0x10, 0x64, 0x10, 0x64, 0x10, 0x64, 0x10,
    0x64, 0x10, 0x64, 0x10, 0x64, 0x10, 0x64, 0x10, 0x64, 0x10, 0x64, 0x10, 0x64, 0x10, 0x64, 0x10, 0x64, 0x10, 0x64, 0x10, 0x64, 0x10, 0x64, 0x10, 0x64, 0x10, 0x64, 0x10, 0x64, 0x10, 0x64, 0x10,
    0x64, 0x10, 0x64, 0x18, 0x64, 0x18, 0x63, 0x28, 0x63, 0x28, 0x43, 0x40, 0x43, 0x40, 0x43, 0x58, 0x43, 0x58, 0x00, 0xe8, 0x00, 0xe8, 0x00, 0xe8, 0x00, 0xe8, 0x00, 0xe8, 0x00, 0xe8, 0x00, 0xe8,
    0x00, 0xe8, 0x00, 0xe8, 0x00, 0xe8, 0x00, 0xe8, 0x00, 0xe8, 0x00, 0xe8, 0x00, 0xe8, 0x42, 0x70, 0x42, 0x70, 0x00, 0xe8, 0x00, 0xe8, 0x00, 0xe8, 0x00, 0xe8, 0x00, 0xe8, 0x00, 0xe8, 0x00, 0xe8,
    0x00, 0xe8, 0x00, 0xe8, 0x00, 0xe8, 0x00, 0xe0, 0x00, 0xe0, 0x00, 0xe0, 0x00, 0xe0, 0x00, 0xe8, 0x00, 0xe8, 0x42, 0x68, 0x42, 0x68, 0x00, 0xe8, 0x00, 0xe8, 0x00, 0xe8, 0x00, 0xe8, 0x00, 0xe8,
    0x00, 0xe8, 0x00, 0xe8, 0x00, 0xe8, 0x00, 0xe8, 0x00, 0xe8, 0x00, 0xe0, 0x00, 0xe0, 0x00, 0xe0, 0x00, 0xe0, 0x00, 0xe8, 0x00, 0xe8, 0x42, 0x60, 0x42, 0x60, 0x00, 0xe0, 0x00, 0xe0, 0x00, 0xe0,
    0x00, 0xe0, 0x43, 0x38, 0x43, 0x38, 0x63, 0x30, 0x63, 0x30, 0x64, 0x18, 0x64, 0x18, 0x64, 0x10, 0x64, 0x10, 0x64, 0x18, 0x64, 0x18, 0x63, 0x30, 0x63, 0x30, 0x43, 0x40, 0x43, 0x40, 0x00, 0xe0,
    0x00, 0xe0, 0x00, 0xe8, 0x00, 0xe8, 0x00, 0xe8, 0x00, 0xe8, 0x00, 0xe8, 0x00, 0xe8, 0x00, 0xe8, 0x00, 0xe8, 0x00, 0xe0, 0x00, 0xe0, 0x00, 0xe0, 0x00, 0xe0, 0x00, 0xe0, 0x00, 0xe0, 0x63, 0x30,
    0x63, 0x30, 0x63, 0x28, 0x63, 0x28, 0x64, 0x18, 0x64, 0x18, 0x64, 0x10, 0x64, 0x10, 0x64, 0x10, 0x64, 0x10, 0x64, 0x10, 0x64, 0x10, 0x64, 0x10, 0x64, 0x10, 0x64, 0x10, 0x64, 0x10, 0x64, 0x10,
    0x64, 0x10, 0x64, 0x10, 0x64, 0x10, 0x64, 0x10, 0x64, 0x10, 0x64, 0x10, 0x64, 0x10, 0x64, 0x10, 0x64, 0x10, 0x64, 0x10, 0x64, 0x10, 0x64, 0x10, 0x64, 0x10, 0x64, 0x10, 0x64, 0x10, 0x64, 0x10,
    0x64, 0x10, 0x64, 0x10, 0x64, 0x10, 0x64, 0x10, 0x64, 0x10, 0x64, 0x10, 0x64, 0x10, 0x64, 0x10, 0x64, 0x10, 0x64, 0x10, 0x64, 0x10, 0x64, 0x10, 0x64, 0x10, 0x64, 0x10, 0x64, 0x10, 0x64, 0x10,
    0x64, 0x10, 0x64, 0x10, 0x64, 0x10, 0x64, 0x10, 0x64, 0x10, 0x64, 0x10, 0x64, 0x10, 0x64, 0x10, 0x64, 0x10, 0x64, 0x10, 0x64, 0x10, 0x64, 0x10, 0x64, 0x10, 0x64, 0x10, 0x64, 0x10, 0x64, 0x10,
    0x64, 0x10, 0x64, 0x10, 0x64, 0x10, 0x64, 0x10, 0x64, 0x10, 0x64, 0x10, 0x64, 0x10, 0x64, 0x10, 0x64, 0x10, 0x64, 0x10, 0x64, 0x10, 0x64, 0x10, 0x64, 0x10, 0x64, 0x10, 0x64, 0x10, 0x64, 0x10,
    0x64, 0x10, 0x64, 0x10, 0x64, 0x10, 0x64, 0x10, 0x64, 0x10, 0x64, 0x10, 0x64, 0x10, 0x64, 0x10, 0x64, 0x10, 0x64, 0x10, 0x64, 0x10, 0x64, 0x10, 0x64, 0x10, 0x64, 0x10, 0x64, 0x10, 0x64, 0x10,
    0x64, 0x10, 0x64, 0x10, 0x64, 0x10, 0x64, 0x10, 0x64, 0x10, 0x64, 0x10, 0x64, 0x10, 0x64, 0x10, 0x64, 0x10, 0x64, 0x10, 0x64, 0x10, 0x64, 0x10, 0x64, 0x10, 0x64, 0x10, 0x64, 0x10, 0x64, 0x10,
    0x64, 0x10, 0x64, 0x10, 0x64, 0x10, 0x64, 0x10, 0x64, 0x10, 0x64, 0x10, 0x64, 0x10, 0x64, 0x10, 0x64, 0x10, 0x64, 0x10, 0x64, 0x10, 0x64, 0x10, 0x64, 0x10, 0x64, 0x10, 0x64, 0x10, 0x64, 0x10,
    0x64, 0x10, 0x64, 0x10, 0x64, 0x10, 0x64, 0x10, 0x64, 0x10, 0x64, 0x10, 0x64, 0x10, 0x64, 0x10, 0x64, 0x10, 0x64, 0x10, 0x64, 0x10, 0x64, 0x10, 0x64, 0x10, 0x64, 0x10, 0x64, 0x10, 0x64, 0x10,
    0x64, 0x10, 0x64, 0x10, 0x64, 0x10, 0x64, 0x10, 0x64, 0x10, 0x64, 0x10, 0x64, 0x10, 0x64, 0x10, 0x64, 0x10, 0x64, 0x10, 0x64, 0x10, 0x64, 0x10, 0x64, 0x10, 0x64, 0x10, 0x64, 0x10, 0x64, 0x10,
    0x64, 0x10, 0x64, 0x10, 0x64, 0x10, 0x64, 0x10, 0x64, 0x10, 0x64, 0x10, 0x64, 0x10, 0x64, 0x10, 0x64, 0x10, 0x64, 0x10, 0x64, 0x10, 0x64, 0x10, 0x64, 0x10, 0x64, 0x10, 0x64, 0x10, 0x64, 0x10,
    0x64, 0x10, 0x64, 0x10, 0x64, 0x10, 0x64, 0x10, 0x64, 0x10, 0x64, 0x10, 0x64, 0x10, 0x64, 0x10, 0x64, 0x10, 0x64, 0x18, 0x64, 0x18, 0x63, 0x30, 0x63, 0x30, 0x43, 0x50, 0x43, 0x50, 0x00, 0xe8,
    0x00, 0xe8, 0x00, 0xe8, 0x00, 0xe8, 0x00, 0xe8, 0x00, 0xe8, 0x00, 0xe8, 0x00, 0xe8, 0x00, 0xe8, 0x00, 0xe8, 0x00, 0xe8, 0x00, 0xe8, 0x00, 0xe8, 0x00, 0xe8, 0x00, 0xe8, 0x00, 0xe8, 0x22, 0x80,
    0x22, 0x80, 0x00, 0xe8, 0x00, 0xe8, 0x00, 0xe8, 0x00, 0xe8, 0x00, 0xe8, 0x00, 0xe8, 0x00, 0xe8, 0x00, 0xe8, 0x00, 0xe8, 0x00, 0xe8, 0x00, 0xe0, 0x00, 0xe0, 0x00, 0xe8, 0x00, 0xe8, 0x00, 0xe8,
    0x00, 0xe8, 0x42, 0x70, 0x42, 0x70, 0x00, 0xe8, 0x00, 0xe8, 0x00, 0xe8, 0x00, 0xe8, 0x00, 0xe8, 0x00, 0xe8, 0x00, 0xe8, 0x00, 0xe8, 0x00, 0xe8, 0x00, 0xe8, 0x00, 0xe0, 0x00, 0xe0, 0x00, 0xe8,
    0x00, 0xe8, 0x00, 0xe8, 0x00, 0xe8, 0x42, 0x68, 0x42, 0x68, 0x00, 0xe8, 0x00, 0xe8, 0x00, 0xe0, 0x00, 0xe0, 0x43, 0x48, 0x43, 0x48, 0x43, 0x38, 0x43, 0x38, 0x63, 0x20, 0x63, 0x20, 0x64, 0x10,
    0x64, 0x10, 0x63, 0x20, 0x63, 0x20, 0x43, 0x38, 0x43, 0x38, 0x43, 0x50, 0x43, 0x50, 0x00, 0xe8, 0x00, 0xe8, 0x00, 0xe8, 0x00, 0xe8, 0x00, 0xe8, 0x00, 0xe8, 0x00, 0xe8, 0x00, 0xe8, 0x00, 0xe8,
    0x00, 0xe8, 0x00, 0xe0, 0x00, 0xe0, 0x00, 0xe0, 0x00, 0xe0, 0x00, 0xe0, 0x00, 0xe0, 0x63, 0x30, 0x63, 0x30, 0x63, 0x28, 0x63, 0x28, 0x64, 0x18, 0x64, 0x18, 0x64, 0x10, 0x64, 0x10, 0x64, 0x10,
    0x64, 0x10, 0x64, 0x10, 0x64, 0x10, 0x64, 0x10, 0x64, 0x10, 0x64, 0x10, 0x64, 0x10, 0x64, 0x10, 0x64, 0x10, 0x64, 0x10, 0x64, 0x10, 0x64, 0x10, 0x64, 0x10, 0x64, 0x10, 0x64, 0x10, 0x64, 0x10,
    0x64, 0x10, 0x64, 0x10, 0x64, 0x10, 0x64, 0x10, 0x64, 0x10, 0x64, 0x10, 0x64, 0x10, 0x64, 0x10, 0x64, 0x10, 0x64, 0x10, 0x64, 0x10, 0x64, 0x10, 0x64, 0x10, 0x64, 0x10, 0x64, 0x10, 0x64, 0x10,
    0x64, 0x10, 0x64, 0x10, 0x64, 0x10, 0x64, 0x10, 0x64, 0x10, 0x64, 0x10, 0x64, 0x10, 0x64, 0x10, 0x64, 0x10, 0x64, 0x10, 0x64, 0x10, 0x64, 0x10, 0x64, 0x10, 0x64, 0x10, 0x64, 0x10, 0x64, 0x10,
    0x64, 0x10, 0x64, 0x10, 0x64, 0x10, 0x64, 0x10, 0x64, 0x10, 0x64, 0x10, 0x64, 0x10, 0x64, 0x10, 0x64, 0x10, 0x64, 0x10, 0x64, 0x10, 0x64, 0x10, 0x64, 0x10, 0x64, 0x10, 0x64, 0x10, 0x64, 0x10,
    0x64, 0x10, 0x64, 0x10, 0x64, 0x10, 0x64, 0x10, 0x64, 0x10, 0x64, 0x10, 0x64, 0x10, 0x64, 0x10, 0x64, 0x10, 0x64, 0x10, 0x64, 0x10, 0x64, 0x10, 0x64, 0x10, 0x64, 0x10, 0x64, 0x10, 0x64, 0x10,
    0x64, 0x10, 0x64, 0x10, 0x64, 0x10, 0x64, 0x10, 0x64, 0x10, 0x64, 0x10, 0x64, 0x10, 0x64, 0x10, 0x64, 0x10, 0x64, 0x10, 0x64, 0x10, 0x64, 0x10, 0x64, 0x10, 0x64, 0x10, 0x64, 0x10, 0x64, 0x10,
    0x64, 0x10, 0x64, 0x10, 0x64, 0x10, 0x64, 0x10, 0x64, 0x10, 0x64, 0x10, 0x64, 0x10, 0x64, 0x10, 0x64, 0x10, 0x64, 0x10, 0x64, 0x10, 0x64, 0x10, 0x64, 0x10, 0x64, 0x10, 0x64, 0x10, 0x64, 0x10,
    0x64, 0x10, 0x64, 0x10, 0x64, 0x10, 0x64, 0x10, 0x64, 0x10, 0x64, 0x10, 0x64, 0x10, 0x64, 0x10, 0x64, 0x10, 0x64, 0x10, 0x64, 0x10, 0x64, 0x10, 0x64, 0x10, 0x64, 0x10, 0x64, 0x10, 0x64, 0x10,
    0x64, 0x10, 0x64, 0x10, 0x64, 0x10, 0x64, 0x10, 0x64, 0x10, 0x64, 0x10, 0x64, 0x10, 0x64, 0x10, 0x64, 0x10, 0x64, 0x10, 0x64, 0x10, 0x64, 0x10, 0x64, 0x10, 0x64, 0x10, 0x64, 0x10, 0x64, 0x10,
    0x64, 0x10, 0x64, 0x10, 0x64, 0x10, 0x64, 0x10, 0x64, 0x10, 0x64, 0x10, 0x64, 0x10, 0x64, 0x10, 0x64, 0x10, 0x64, 0x10, 0x64, 0x10, 0x64, 0x10, 0x64, 0x10, 0x64, 0x10, 0x64, 0x10, 0x64, 0x10,
    0x64, 0x10, 0x64, 0x10, 0x64, 0x10, 0x64, 0x10, 0x64, 0x10, 0x64, 0x10, 0x64, 0x10, 0x64, 0x10, 0x64, 0x10, 0x64, 0x10, 0x64, 0x10, 0x64, 0x10, 0x64, 0x10, 0x64, 0x10, 0x64, 0x10, 0x64, 0x10,
    0x64, 0x10, 0x64, 0x18, 0x64, 0x18, 0x63, 0x30, 0x63, 0x30, 0x43, 0x50, 0x43, 0x50, 0x00, 0xe8, 0x00, 0xe8, 0x00, 0xe8, 0x00, 0xe8, 0x00, 0xe8, 0x00, 0xe8, 0x00, 0xe8, 0x00, 0xe8, 0x00, 0xe8,
    0x00, 0xe8, 0x00, 0xe8, 0x00, 0xe8, 0x00, 0xe8, 0x00, 0xe8, 0x00, 0xe8, 0x00, 0xe8, 0x22, 0x80, 0x22, 0x80, 0x00, 0xe8, 0x00, 0xe8, 0x00, 0xe8, 0x00, 0xe8, 0x00, 0xe8, 0x00, 0xe8, 0x00, 0xe8,
    0x00, 0xe8, 0x00, 0xe8, 0x00, 0xe8, 0x00, 0xe0, 0x00, 0xe0, 0x00, 0xe8, 0x00, 0xe8, 0x00, 0xe8, 0x00, 0xe8, 0x42, 0x70, 0x42, 0x70, 0x00, 0xe8, 0x00, 0xe8, 0x00, 0xe8, 0x00, 0xe8, 0x00, 0xe8,
    0x00, 0xe8, 0x00, 0xe8, 0x00, 0xe8, 0x00, 0xe8, 0x00, 0xe8, 0x00, 0xe0, 0x00, 0xe0, 0x00, 0xe8, 0x00, 0xe8, 0x00, 0xe8, 0x00, 0xe8, 0x42, 0x68, 0x42, 0x68, 0x00, 0xe8, 0x00, 0xe8, 0x00, 0xe0,
    0x00, 0xe0, 0x43, 0x48, 0x43, 0x48, 0x43, 0x38, 0x43, 0x38, 0x63, 0x20, 0x63, 0x20, 0x64, 0x10, 0x64, 0x10, 0x63, 0x20, 0x63, 0x20, 0x43, 0x38, 0x43, 0x38, 0x43, 0x50, 0x43, 0x50, 0x00, 0xe8,
    0x00, 0xe8, 0x00, 0xe8, 0x00, 0xe8, 0x00, 0xe8, 0x00, 0xe8, 0x00, 0xe8, 0x00, 0xe8, 0x00, 0xe8, 0x00, 0xe8, 0x00, 0xe0, 0x00, 0xe0, 0x00, 0xe0, 0x00, 0xe0, 0x00, 0xe0, 0x00, 0xe0, 0x63, 0x30,
    0x63, 0x30, 0x63, 0x28, 0x63, 0x28, 0x64, 0x18, 0x64, 0x18, 0x64, 0x10, 0x64, 0x10, 0x64, 0x10, 0x64, 0x10, 0x64, 0x10, 0x64, 0x10, 0x64, 0x10, 0x64, 0x10, 0x64, 0x10, 0x64, 0x10, 0x64, 0x10,
    0x64, 0x10, 0x64, 0x10, 0x64, 0x10, 0x64, 0x10, 0x64, 0x10, 0x64, 0x10, 0x64, 0x10, 0x64, 0x10, 0x64, 0x10, 0x64, 0x10, 0x64, 0x10, 0x64, 0x10, 0x64, 0x10, 0x64, 0x10, 0x64, 0x10, 0x64, 0x10,
    0x64, 0x10, 0x64, 0x10, 0x64, 0x10, 0x64, 0x10, 0x64, 0x10, 0x64, 0x10, 0x64, 0x10, 0x64, 0x10, 0x64, 0x10, 0x64, 0x10, 0x64, 0x10, 0x64, 0x10, 0x64, 0x10, 0x64, 0x10, 0x64, 0x10, 0x64, 0x10,
    0x64, 0x10, 0x64, 0x10, 0x64, 0x10, 0x64, 0x10, 0x64, 0x10, 0x64, 0x10, 0x64, 0x10, 0x64, 0x10, 0x64, 0x10, 0x64, 0x10, 0x64, 0x10, 0x64, 0x10, 0x64, 0x10, 0x64, 0x10, 0x64, 0x10, 0x64, 0x10,
    0x64, 0x10, 0x64, 0x10, 0x64, 0x10, 0x64, 0x10, 0x64, 0x10, 0x64, 0x10, 0x64, 0x10, 0x64, 0x10, 0x64, 0x10, 0x64, 0x10, 0x64, 0x10, 0x64, 0x10, 0x64, 0x10, 0x64, 0x10, 0x64, 0x10, 0x64, 0x10,
    0x64, 0x10, 0x64, 0x10, 0x64, 0x10, 0x64, 0x10, 0x64, 0x10, 0x64, 0x10, 0x64, 0x10, 0x64, 0x10, 0x64, 0x10, 0x64, 0x10, 0x64, 0x10, 0x64, 0x10, 0x64, 0x10, 0x64, 0x10, 0x64, 0x10, 0x64, 0x10,
    0x64, 0x10, 0x64, 0x10, 0x64, 0x10, 0x64, 0x10, 0x64, 0x10, 0x64, 0x10, 0x64, 0x10, 0x64, 0x10, 0x64, 0x10, 0x64, 0x10, 0x64, 0x10, 0x64, 0x10, 0x64, 0x10, 0x64, 0x10, 0x64, 0x10, 0x64, 0x10,
    0x64, 0x10, 0x64, 0x10, 0x64, 0x10, 0x64, 0x10, 0x64, 0x10, 0x64, 0x10, 0x64, 0x10, 0x64, 0x10, 0x64, 0x10, 0x64, 0x10, 0x64, 0x10, 0x64, 0x10, 0x64, 0x10, 0x64, 0x10, 0x64, 0x10, 0x64, 0x10,
    0x64, 0x10, 0x64, 0x10, 0x64, 0x10, 0x64, 0x10, 0x64, 0x10, 0x64, 0x10, 0x64, 0x10, 0x64, 0x10, 0x64, 0x10, 0x64, 0x10, 0x64, 0x10, 0x64, 0x10, 0x64, 0x10, 0x64, 0x10, 0x64, 0x10, 0x64, 0x10,
    0x64, 0x10, 0x64, 0x10, 0x64, 0x10, 0x64, 0x10, 0x64, 0x10, 0x64, 0x10, 0x64, 0x10, 0x64, 0x10, 0x64, 0x10, 0x64, 0x10, 0x64, 0x10, 0x64, 0x10, 0x64, 0x10, 0x64, 0x10, 0x64, 0x10, 0x64, 0x10,
    0x64, 0x10, 0x64, 0x10, 0x64, 0x10, 0x64, 0x10, 0x64, 0x10, 0x64, 0x10, 0x64, 0x10, 0x64, 0x10, 0x64, 0x10, 0x64, 0x10, 0x64, 0x10, 0x64, 0x10, 0x64, 0x10, 0x64, 0x10, 0x64, 0x10, 0x64, 0x10,
    0x64, 0x10, 0x64, 0x10, 0x64, 0x10, 0x64, 0x10, 0x64, 0x10, 0x64, 0x10, 0x64, 0x10, 0x64, 0x10, 0x64, 0x10, 0x63, 0x20, 0x63, 0x20, 0x43, 0x38, 0x43, 0x38, 0x42, 0x58, 0x42, 0x58, 0x00, 0xe8,
    0x00, 0xe8, 0x00, 0xe8, 0x00, 0xe8, 0x00, 0xe8, 0x00, 0xe8, 0x22, 0x88, 0x22, 0x88, 0x42, 0x78, 0x42, 0x78, 0x42, 0x68, 0x42, 0x68, 0x00, 0xe8, 0x00, 0xe8, 0x00, 0xe8, 0x00, 0xe8, 0x22, 0x80,
    0x22, 0x80, 0x00, 0xe8, 0x00, 0xe8, 0x00, 0xe8, 0x00, 0xe8, 0x42, 0x78, 0x42, 0x78, 0x42, 0x78, 0x42, 0x78, 0x42, 0x60, 0x42, 0x60, 0x43, 0x50, 0x43, 0x50, 0x42, 0x58, 0x42, 0x58, 0x42, 0x68,
    0x42, 0x68, 0x42, 0x70, 0x42, 0x70, 0x00, 0xe8, 0x00, 0xe8, 0x00, 0xe8, 0x00, 0xe8, 0x42, 0x78, 0x42, 0x78, 0x42, 0x78, 0x42, 0x78, 0x42, 0x60, 0x42, 0x60, 0x43, 0x50, 0x43, 0x50, 0x42, 0x58,
    0x42, 0x58, 0x42, 0x68, 0x42, 0x68, 0x42, 0x68, 0x42, 0x68, 0x00, 0xe8, 0x00, 0xe8, 0x00, 0xe8, 0x00, 0xe8, 0x43, 0x50, 0x43, 0x50, 0x43, 0x40, 0x43, 0x40, 0x63, 0x20, 0x63, 0x20, 0x64, 0x10,
    0x64, 0x10, 0x63, 0x20, 0x63, 0x20, 0x43, 0x40, 0x43, 0x40, 0x43, 0x58, 0x43, 0x58, 0x00, 0xe8, 0x00, 0xe8, 0x00, 0xe8, 0x00, 0xe8, 0x42, 0x78, 0x42, 0x78, 0x42, 0x78, 0x42, 0x78, 0x42, 0x60,
    0x42, 0x60, 0x43, 0x50, 0x43, 0x50, 0x43, 0x48, 0x43, 0x48, 0x43, 0x38, 0x43, 0x38, 0x63, 0x28, 0x63, 0x28, 0x63, 0x20, 0x63, 0x20, 0x64, 0x18, 0x64, 0x18, 0x64, 0x10, 0x64, 0x10, 0x64, 0x10,
    0x64, 0x10, 0x64, 0x10, 0x64, 0x10, 0x64, 0x10, 0x64, 0x10, 0x64, 0x10, 0x64, 0x10, 0x64, 0x10, 0x64, 0x10, 0x64, 0x10, 0x64, 0x10, 0x64, 0x10, 0x64, 0x10, 0x64, 0x10, 0x64, 0x10, 0x64, 0x10,
    0x64, 0x10, 0x64, 0x10, 0x64, 0x10, 0x64, 0x10, 0x64, 0x10, 0x64, 0x10, 0x64, 0x10, 0x64, 0x10, 0x64, 0x10, 0x64, 0x10, 0x64, 0x10, 0x64, 0x10, 0x64, 0x10, 0x64, 0x10, 0x64, 0x10, 0x64, 0x10,
    0x64, 0x10, 0x64, 0x10, 0x64, 0x10, 0x64, 0x10, 0x64, 0x10, 0x64, 0x10, 0x64, 0x10, 0x64, 0x10, 0x64, 0x10, 0x64, 0x10, 0x64, 0x10, 0x64, 0x10, 0x64, 0x10, 0x64, 0x10, 0x64, 0x10, 0x64, 0x10,
    0x64, 0x10, 0x64, 0x10, 0x64, 0x10, 0x64, 0x10, 0x64, 0x10, 0x64, 0x10, 0x64, 0x10, 0x64, 0x10, 0x64, 0x10, 0x64, 0x10, 0x64, 0x10, 0x64, 0x10, 0x64, 0x10, 0x64, 0x10, 0x64, 0x10, 0x64, 0x10,
    0x64, 0x10, 0x64, 0x10, 0x64, 0x10, 0x64, 0x10, 0x64, 0x10, 0x64, 0x10, 0x64, 0x10, 0x64, 0x10, 0x64, 0x10, 0x64, 0x10, 0x64, 0x10, 0x64, 0x10, 0x64, 0x10, 0x64, 0x10, 0x64, 0x10, 0x64, 0x10,
    0x64, 0x10, 0x64, 0x10, 0x64, 0x10, 0x64, 0x10, 0x64, 0x10, 0x64, 0x10, 0x64, 0x10, 0x64, 0x10, 0x64, 0x10, 0x64, 0x10, 0x64, 0x10, 0x64, 0x10, 0x64, 0x10, 0x64, 0x10, 0x64, 0x10, 0x64, 0x10,
    0x64, 0x10, 0x64, 0x10, 0x64, 0x10, 0x64, 0x10, 0x64, 0x10, 0x64, 0x10, 0x64, 0x10, 0x64, 0x10, 0x64, 0x10, 0x64, 0x10, 0x64, 0x10, 0x64, 0x10, 0x64, 0x10, 0x64, 0x10, 0x64, 0x10, 0x64, 0x10,
    0x64, 0x10, 0x64, 0x10, 0x64, 0x10, 0x64, 0x10, 0x64, 0x10, 0x64, 0x10, 0x64, 0x10, 0x64, 0x10, 0x64, 0x10, 0x64, 0x10, 0x64, 0x10, 0x64, 0x10, 0x64, 0x10, 0x64, 0x10, 0x64, 0x10, 0x64, 0x10,
    0x64, 0x10, 0x64, 0x10, 0x64, 0x10, 0x64, 0x10, 0x64, 0x10, 0x64, 0x10, 0x64, 0x10, 0x64, 0x10, 0x64, 0x10, 0x64, 0x10, 0x64, 0x10, 0x64, 0x10, 0x64, 0x10, 0x64, 0x10, 0x64, 0x10, 0x64, 0x10,
    0x64, 0x10, 0x64, 0x10, 0x64, 0x10, 0x64, 0x10, 0x64, 0x10, 0x64, 0x10, 0x64, 0x10, 0x64, 0x10, 0x64, 0x10, 0x64, 0x10, 0x64, 0x10, 0x64, 0x10, 0x64, 0x10, 0x64, 0x10, 0x64, 0x10, 0x64, 0x10,
    0x64, 0x10, 0x64, 0x10, 0x64, 0x10, 0x64, 0x10, 0x64, 0x10, 0x64, 0x10, 0x64, 0x10, 0x64, 0x10, 0x64, 0x10, 0x64, 0x10, 0x64, 0x10, 0x64, 0x10, 0x64, 0x10, 0x64, 0x10, 0x64, 0x10, 0x64, 0x10,
    0x64, 0x10, 0x63, 0x20, 0x63, 0x20, 0x43, 0x38, 0x43, 0x38, 0x42, 0x58, 0x42, 0x58, 0x00, 0xe8, 0x00, 0xe8, 0x00, 0xe8, 0x00, 0xe8, 0x00, 0xe8, 0x00, 0xe8, 0x22, 0x88, 0x22, 0x88, 0x42, 0x78,
    0x42, 0x78, 0x42, 0x68, 0x42, 0x68, 0x00, 0xe8, 0x00, 0xe8, 0x00, 0xe8, 0x00, 0xe8, 0x22, 0x80, 0x22, 0x80, 0x00, 0xe8, 0x00, 0xe8, 0x00, 0xe8, 0x00, 0xe8, 0x42, 0x78, 0x42, 0x78, 0x42, 0x78,
    0x42, 0x78, 0x42, 0x60, 0x42, 0x60, 0x43, 0x50, 0x43, 0x50, 0x42, 0x58, 0x42, 0x58, 0x42, 0x68, 0x42, 0x68, 0x42, 0x70, 0x42, 0x70, 0x00, 0xe8, 0x00, 0xe8, 0x00, 0xe8, 0x00, 0xe8, 0x42, 0x78,
    0x42, 0x78, 0x42, 0x78, 0x42, 0x78, 0x42, 0x60, 0x42, 0x60, 0x43, 0x50, 0x43, 0x50, 0x42, 0x58, 0x42, 0x58, 0x42, 0x68, 0x42, 0x68, 0x42, 0x68, 0x42, 0x68, 0x00, 0xe8, 0x00, 0xe8, 0x00, 0xe8,
    0x00, 0xe8, 0x43, 0x50, 0x43, 0x50, 0x43, 0x40, 0x43, 0x40, 0x63, 0x20, 0x63, 0x20, 0x64, 0x10, 0x64, 0x10, 0x63, 0x20, 0x63, 0x20, 0x43, 0x40, 0x43, 0x40, 0x43, 0x58, 0x43, 0x58, 0x00, 0xe8,
    0x00, 0xe8, 0x00, 0xe8, 0x00, 0xe8, 0x42, 0x78, 0x42, 0x78, 0x42, 0x78, 0x42, 0x78, 0x42, 0x60, 0x42, 0x60, 0x43, 0x50, 0x43, 0x50, 0x43, 0x48, 0x43, 0x48, 0x43, 0x38, 0x43, 0x38, 0x63, 0x28,
    0x63, 0x28, 0x63, 0x20, 0x63, 0x20, 0x64, 0x18, 0x64, 0x18, 0x64, 0x10, 0x64, 0x10, 0x64, 0x10, 0x64, 0x10, 0x64, 0x10, 0x64, 0x10, 0x64, 0x10, 0x64, 0x10, 0x64, 0x10, 0x64, 0x10, 0x64, 0x10,
    0x64, 0x10, 0x64, 0x10, 0x64, 0x10, 0x64, 0x10, 0x64, 0x10, 0x64, 0x10, 0x64, 0x10, 0x64, 0x10, 0x64, 0x10, 0x64, 0x10, 0x64, 0x10, 0x64, 0x10, 0x64, 0x10, 0x64, 0x10, 0x64, 0x10, 0x64, 0x10,
    0x64, 0x10, 0x64, 0x10, 0x64, 0x10, 0x64, 0x10, 0x64, 0x10, 0x64, 0x10, 0x64, 0x10, 0x64, 0x10, 0x64, 0x10, 0x64, 0x10, 0x64, 0x10, 0x64, 0x10, 0x64, 0x10, 0x64, 0x10, 0x64, 0x10, 0x64, 0x10,
    0x64, 0x10, 0x64, 0x10, 0x64, 0x10, 0x64, 0x10, 0x64, 0x10, 0x64, 0x10, 0x64, 0x10, 0x64, 0x10, 0x64, 0x10, 0x64, 0x10, 0x64, 0x10, 0x64, 0x10, 0x64, 0x10, 0x64, 0x10, 0x64, 0x10, 0x64, 0x10,
    0x64, 0x10, 0x64, 0x10, 0x64, 0x10, 0x64, 0x10, 0x64, 0x10, 0x64, 0x10, 0x64, 0x10, 0x64, 0x10, 0x64, 0x10, 0x64, 0x10, 0x64, 0x10, 0x64, 0x10, 0x64, 0x10, 0x64, 0x10, 0x64, 0x10, 0x64, 0x10,
    0x64, 0x10, 0x64, 0x10, 0x64, 0x10, 0x64, 0x10, 0x64, 0x10, 0x64, 0x10, 0x64, 0x10, 0x64, 0x10, 0x64, 0x10, 0x64, 0x10, 0x64, 0x10, 0x64, 0x10, 0x64, 0x10, 0x64, 0x10, 0x64, 0x10, 0x64, 0x10,
    0x64, 0x10, 0x64, 0x10, 0x64, 0x10, 0x64, 0x10, 0x64, 0x10, 0x64, 0x10, 0x64, 0x10, 0x64, 0x10, 0x64, 0x10, 0x64, 0x10, 0x64, 0x10, 0x64, 0x10, 0x64, 0x10, 0x64, 0x10, 0x64, 0x10, 0x64, 0x10,
    0x64, 0x10, 0x64, 0x10, 0x64, 0x10, 0x64, 0x10, 0x64, 0x10, 0x64, 0x10, 0x64, 0x10, 0x64, 0x10, 0x64, 0x10, 0x64, 0x10, 0x64, 0x10, 0x64, 0x10, 0x64, 0x10, 0x64, 0x10, 0x64, 0x10, 0x64, 0x10,
    0x64, 0x10, 0x64, 0x10, 0x64, 0x10, 0x64, 0x10, 0x64, 0x10, 0x64, 0x10, 0x64, 0x10, 0x64, 0x10, 0x64, 0x10, 0x64, 0x10, 0x64, 0x10, 0x64, 0x10, 0x64, 0x10, 0x64, 0x10, 0x64, 0x10, 0x64, 0x10,
    0x64, 0x10, 0x64, 0x10, 0x64, 0x10, 0x64, 0x10, 0x64, 0x10, 0x64, 0x10, 0x64, 0x10, 0x64, 0x10, 0x64, 0x10, 0x64, 0x10, 0x64, 0x10, 0x64, 0x10, 0x64, 0x10, 0x64, 0x10, 0x64, 0x10, 0x64, 0x10,
    0x64, 0x10, 0x64, 0x10, 0x64, 0x10, 0x64, 0x10, 0x64, 0x10, 0x64, 0x10, 0x64, 0x10, 0x64, 0x10, 0x64, 0x10, 0x64, 0x10, 0x64, 0x10, 0x64, 0x10, 0x64, 0x10, 0x64, 0x10, 0x64, 0x10, 0x64, 0x10,
    0x64, 0x10, 0x64, 0x10, 0x64, 0x10, 0x64, 0x10, 0x64, 0x10, 0x64, 0x10, 0x64, 0x10, 0x64, 0x10, 0x64, 0x10, 0x63, 0x20, 0x63, 0x20, 0x43, 0x40, 0x43, 0x40, 0x42, 0x60, 0x42, 0x60, 0x00, 0xe8,
    0x00, 0xe8, 0x00, 0xe8, 0x00, 0xe8, 0x22, 0x90, 0x22, 0x90, 0x22, 0x90, 0x22, 0x90, 0x42, 0x78, 0x42, 0x78, 0x42, 0x60, 0x42, 0x60, 0x42, 0x68, 0x42, 0x68, 0x42, 0x78, 0x42, 0x78, 0x22, 0x80,
    0x22, 0x80, 0x00, 0xe8, 0x00, 0xe8, 0x00, 0xe8, 0x00, 0xe8, 0x22, 0x80, 0x22, 0x80, 0x22, 0x80, 0x22, 0x80, 0x42, 0x68, 0x42, 0x68, 0x43, 0x50, 0x43, 0x50, 0x42, 0x60, 0x42, 0x60, 0x42, 0x70,
    0x42, 0x70, 0x42, 0x78, 0x42, 0x78, 0x00, 0xe8, 0x00, 0xe8, 0x00, 0xe8, 0x00, 0xe8, 0x22, 0x80, 0x22, 0x80, 0x22, 0x80, 0x22, 0x80, 0x42, 0x68, 0x42, 0x68, 0x43, 0x50, 0x43, 0x50, 0x42, 0x60,
    0x42, 0x60, 0x42, 0x70, 0x42, 0x70, 0x42, 0x70, 0x42, 0x70, 0x00, 0xe8, 0x00, 0xe8, 0x00, 0xe8, 0x00, 0xe8, 0x43, 0x58, 0x43, 0x58, 0x43, 0x40, 0x43, 0x40, 0x63, 0x28, 0x63, 0x28, 0x64, 0x10,
    0x64, 0x10, 0x63, 0x28, 0x63, 0x28, 0x43, 0x40, 0x43, 0x40, 0x42, 0x58, 0x42, 0x58, 0x00, 0xe8, 0x00, 0xe8, 0x00, 0xe8, 0x00, 0xe8, 0x22, 0x80, 0x22, 0x80, 0x22, 0x80, 0x22, 0x80, 0x42, 0x68,
    0x42, 0x68, 0x43, 0x50, 0x43, 0x50, 0x43, 0x48, 0x43, 0x48, 0x43, 0x40, 0x43, 0x40, 0x63, 0x28, 0x63, 0x28, 0x63, 0x20, 0x63, 0x20, 0x64, 0x10, 0x64, 0x10, 0x64, 0x10, 0x64, 0x10, 0x64, 0x10,
    0x64, 0x10, 0x64, 0x10, 0x64, 0x10, 0x64, 0x10, 0x64, 0x10, 0x64, 0x10, 0x64, 0x10, 0x64, 0x10, 0x64, 0x10, 0x64, 0x10, 0x64, 0x10, 0x64, 0x10, 0x64, 0x10, 0x64, 0x10, 0x64, 0x10, 0x64, 0x10,
    0x64, 0x10, 0x64, 0x10, 0x64, 0x10, 0x64, 0x10, 0x64, 0x10, 0x64, 0x10, 0x64, 0x10, 0x64, 0x10, 0x64, 0x10, 0x64, 0x10, 0x64, 0x10, 0x64, 0x10, 0x64, 0x10, 0x64, 0x10, 0x64, 0x10, 0x64, 0x10,
    0x64, 0x10, 0x64, 0x10, 0x64, 0x10, 0x64, 0x10, 0x64, 0x10, 0x64, 0x10, 0x64, 0x10, 0x64, 0x10, 0x64, 0x10, 0x64, 0x10, 0x64, 0x10, 0x64, 0x10, 0x64, 0x10, 0x64, 0x10, 0x64, 0x10, 0x64, 0x10,
    0x64, 0x10, 0x64, 0x10, 0x64, 0x10, 0x64, 0x10, 0x64, 0x10, 0x64, 0x10, 0x64, 0x10, 0x64, 0x10, 0x64, 0x10, 0x64, 0x10, 0x64, 0x10, 0x64, 0x10, 0x64, 0x10, 0x64, 0x10, 0x64, 0x10, 0x64, 0x10,
    0x64, 0x10, 0x64, 0x10, 0x64, 0x10, 0x64, 0x10, 0x64, 0x10, 0x64, 0x10, 0x64, 0x10, 0x64, 0x10, 0x64, 0x10, 0x64, 0x10, 0x64, 0x10, 0x64, 0x10, 0x64, 0x10, 0x64, 0x10, 0x64, 0x10, 0x64, 0x10,
    0x64, 0x10, 0x64, 0x10, 0x64, 0x10, 0x64, 0x10, 0x64, 0x10, 0x64, 0x10, 0x64, 0x10, 0x64, 0x10, 0x64, 0x10, 0x64, 0x10, 0x64, 0x10, 0x64, 0x10, 0x64, 0x10, 0x64, 0x10, 0x64, 0x10, 0x64, 0x10,
    0x64, 0x10, 0x64, 0x10, 0x64, 0x10, 0x64, 0x10, 0x64, 0x10, 0x64, 0x10, 0x64, 0x10, 0x64, 0x10, 0x64, 0x10, 0x64, 0x10, 0x64, 0x10, 0x64, 0x10, 0x64, 0x10, 0x64, 0x10, 0x64, 0x10, 0x64, 0x10,
    0x64, 0x10, 0x64, 0x10, 0x64, 0x10, 0x64, 0x10, 0x64, 0x10, 0x64, 0x10, 0x64, 0x10, 0x64, 0x10, 0x64, 0x10, 0x64, 0x10, 0x64, 0x10, 0x64, 0x10, 0x64, 0x10, 0x64, 0x10, 0x64, 0x10, 0x64, 0x10,
    0x64, 0x10, 0x64, 0x10, 0x64, 0x10, 0x64, 0x10, 0x64, 0x10, 0x64, 0x10, 0x64, 0x10, 0x64, 0x10, 0x64, 0x10, 0x64, 0x10, 0x64, 0x10, 0x64, 0x10, 0x64, 0x10, 0x64, 0x10, 0x64, 0x10, 0x64, 0x10,
    0x64, 0x10, 0x64, 0x10, 0x64, 0x10, 0x64, 0x10, 0x64, 0x10, 0x64, 0x10, 0x64, 0x10, 0x64, 0x10, 0x64, 0x10, 0x64, 0x10, 0x64, 0x10, 0x64, 0x10, 0x64, 0x10, 0x64, 0x10, 0x64, 0x10, 0x64, 0x10,
    0x64, 0x10, 0x64, 0x10, 0x64, 0x10, 0x64, 0x10, 0x64, 0x10, 0x64, 0x10, 0x64, 0x10, 0x64, 0x10, 0x64, 0x10, 0x64, 0x10, 0x64, 0x10, 0x64, 0x10, 0x64, 0x10, 0x64, 0x10, 0x64, 0x10, 0x64, 0x10,
    0x64, 0x10, 0x63, 0x20, 0x63, 0x20, 0x43, 0x40, 0x43, 0x40, 0x42, 0x60, 0x42, 0x60, 0x00, 0xe8, 0x00, 0xe8, 0x00, 0xe8, 0x00, 0xe8, 0x22, 0x90, 0x22, 0x90, 0x22, 0x90, 0x22, 0x90, 0x42, 0x78,
    0x42, 0x78, 0x42, 0x60, 0x42, 0x60, 0x42, 0x68, 0x42, 0x68, 0x42, 0x78, 0x42, 0x78, 0x22, 0x80, 0x22, 0x80, 0x00, 0xe8, 0x00, 0xe8, 0x00, 0xe8, 0x00, 0xe8, 0x22, 0x80, 0x22, 0x80, 0x22, 0x80,
    0x22, 0x80, 0x42, 0x68, 0x42, 0x68, 0x43, 0x50, 0x43, 0x50, 0x42, 0x60, 0x42, 0x60, 0x42, 0x70, 0x42, 0x70, 0x42, 0x78, 0x42, 0x78, 0x00, 0xe8, 0x00, 0xe8, 0x00, 0xe8, 0x00, 0xe8, 0x22, 0x80,
    0x22, 0x80, 0x22, 0x80, 0x22, 0x80, 0x42, 0x68, 0x42, 0x68, 0x43, 0x50, 0x43, 0x50, 0x42, 0x60, 0x42, 0x60, 0x42, 0x70, 0x42, 0x70, 0x42, 0x70, 0x42, 0x70, 0x00, 0xe8, 0x00, 0xe8, 0x00, 0xe8,
    0x00, 0xe8, 0x43, 0x58, 0x43, 0x58, 0x43, 0x40, 0x43, 0x40, 0x63, 0x28, 0x63, 0x28, 0x64, 0x10, 0x64, 0x10, 0x63, 0x28, 0x63, 0x28, 0x43, 0x40, 0x43, 0x40, 0x42, 0x58, 0x42, 0x58, 0x00, 0xe8,
    0x00, 0xe8, 0x00, 0xe8, 0x00, 0xe8, 0x22, 0x80, 0x22, 0x80, 0x22, 0x80, 0x22, 0x80, 0x42, 0x68, 0x42, 0x68, 0x43, 0x50, 0x43, 0x50, 0x43, 0x48, 0x43, 0x48, 0x43, 0x40, 0x43, 0x40, 0x63, 0x28,
    0x63, 0x28, 0x63, 0x20, 0x63, 0x20, 0x64, 0x10, 0x64, 0x10, 0x64, 0x10, 0x64, 0x10, 0x64, 0x10, 0x64, 0x10, 0x64, 0x10, 0x64, 0x10, 0x64, 0x10, 0x64, 0x10, 0x64, 0x10, 0x64, 0x10, 0x64, 0x10,
    0x64, 0x10, 0x64, 0x10, 0x64, 0x10, 0x64, 0x10, 0x64, 0x10, 0x64, 0x10, 0x64, 0x10, 0x64, 0x10, 0x64, 0x10, 0x64, 0x10, 0x64, 0x10, 0x64, 0x10, 0x64, 0x10, 0x64, 0x10, 0x64, 0x10, 0x64, 0x10,
    0x64, 0x10, 0x64, 0x10, 0x64, 0x10, 0x64, 0x10, 0x64, 0x10, 0x64, 0x10, 0x64, 0x10, 0x64, 0x10, 0x64, 0x10, 0x64, 0x10, 0x64, 0x10, 0x64, 0x10, 0x64, 0x10, 0x64, 0x10, 0x64, 0x10, 0x64, 0x10,
    0x64, 0x10, 0x64, 0x10, 0x64, 0x10, 0x64, 0x10, 0x64, 0x10, 0x64, 0x10, 0x64, 0x10, 0x64, 0x10, 0x64, 0x10, 0x64, 0x10, 0x64, 0x10, 0x64, 0x10, 0x64, 0x10, 0x64, 0x10, 0x64, 0x10, 0x64, 0x10,
    0x64, 0x10, 0x64, 0x10, 0x64, 0x10, 0x64, 0x10, 0x64, 0x10, 0x64, 0x10, 0x64, 0x10, 0x64, 0x10, 0x64, 0x10, 0x64, 0x10, 0x64, 0x10, 0x64, 0x10, 0x64, 0x10, 0x64, 0x10, 0x64, 0x10, 0x64, 0x10,
    0x64, 0x10, 0x64, 0x10, 0x64, 0x10, 0x64, 0x10, 0x64, 0x10, 0x64, 0x10, 0x64, 0x10, 0x64, 0x10, 0x64, 0x10, 0x64, 0x10, 0x64, 0x10, 0x64, 0x10, 0x64, 0x10, 0x64, 0x10, 0x64, 0x10, 0x64, 0x10,
    0x64, 0x10, 0x64, 0x10, 0x64, 0x10, 0x64, 0x10, 0x64, 0x10, 0x64, 0x10, 0x64, 0x10, 0x64, 0x10, 0x64, 0x10, 0x64, 0x10, 0x64, 0x10, 0x64, 0x10, 0x64, 0x10, 0x64, 0x10, 0x64, 0x10, 0x64, 0x10,
    0x64, 0x10, 0x64, 0x10, 0x64, 0x10, 0x64, 0x10, 0x64, 0x10, 0x64, 0x10, 0x64, 0x10, 0x64, 0x10, 0x64, 0x10, 0x64, 0x10, 0x64, 0x10, 0x64, 0x10, 0x64, 0x10, 0x64, 0x10, 0x64, 0x10, 0x64, 0x10,
    0x64, 0x10, 0x64, 0x10, 0x64, 0x10, 0x64, 0x10, 0x64, 0x10, 0x64, 0x10, 0x64, 0x10, 0x64, 0x10, 0x64, 0x10, 0x64, 0x10, 0x64, 0x10, 0x64, 0x10, 0x64, 0x10, 0x64, 0x10, 0x64, 0x10, 0x64, 0x10,
    0x64, 0x10, 0x64, 0x10, 0x64, 0x10, 0x64, 0x10, 0x64, 0x10, 0x64, 0x10, 0x64, 0x10, 0x64, 0x10, 0x64, 0x10, 0x64, 0x10, 0x64, 0x10, 0x64, 0x10, 0x64, 0x10, 0x64, 0x10, 0x64, 0x10, 0x64, 0x10,
    0x64, 0x10, 0x64, 0x10, 0x64, 0x10, 0x64, 0x10, 0x64, 0x10, 0x64, 0x10, 0x64, 0x10, 0x64, 0x10, 0x64, 0x10, 0x64, 0x10, 0x64, 0x10, 0x64, 0x10, 0x64, 0x10, 0x64, 0x10, 0x64, 0x10, 0x64, 0x10,
    0x64, 0x10, 0x64, 0x10, 0x64, 0x10, 0x64, 0x10, 0x64, 0x10, 0x64, 0x10, 0x64, 0x10, 0x64, 0x10, 0x64, 0x10, 0x63, 0x20, 0x63, 0x20, 0x43, 0x40, 0x43, 0x40, 0x42, 0x60, 0x42, 0x60, 0x00, 0xe8,
    0x00, 0xe8, 0x00, 0xe8, 0x00, 0xe8, 0x22, 0x90, 0x22, 0x90, 0x22, 0x88, 0x22, 0x88, 0x42, 0x78, 0x42, 0x78, 0x42, 0x60, 0x42, 0x60, 0x42, 0x68, 0x42, 0x68, 0x42, 0x78, 0x42, 0x78, 0x22, 0x80,
    0x22, 0x80, 0x00, 0xe8, 0x00, 0xe8, 0x00, 0xe8, 0x00, 0xe8, 0x22, 0x80, 0x22, 0x80, 0x22, 0x80, 0x22, 0x80, 0x42, 0x68, 0x42, 0x68, 0x43, 0x50, 0x43, 0x50, 0x42, 0x60, 0x42, 0x60, 0x42, 0x70,
    0x42, 0x70, 0x42, 0x78, 0x42, 0x78, 0x00, 0xe8, 0x00, 0xe8, 0x00, 0xe8, 0x00, 0xe8, 0x22, 0x80, 0x22, 0x80, 0x22, 0x80, 0x22, 0x80, 0x42, 0x68, 0x42, 0x68, 0x43, 0x50, 0x43, 0x50, 0x42, 0x60,
    0x42, 0x60, 0x42, 0x70, 0x42, 0x70, 0x42, 0x70, 0x42, 0x70, 0x00, 0xe8, 0x00, 0xe8, 0x00, 0xe8, 0x00, 0xe8, 0x43, 0x58, 0x43, 0x58, 0x43, 0x40, 0x43, 0x40, 0x63, 0x28, 0x63, 0x28, 0x64, 0x10,
    0x64, 0x10, 0x63, 0x28, 0x63, 0x28, 0x43, 0x40, 0x43, 0x40, 0x42, 0x58, 0x42, 0x58, 0x00, 0xe8, 0x00, 0xe8, 0x00, 0xe8, 0x00, 0xe8, 0x22, 0x80, 0x22, 0x80, 0x22, 0x80, 0x22, 0x80, 0x42, 0x68,
    0x42, 0x68, 0x43, 0x50, 0x43, 0x50, 0x43, 0x48, 0x43, 0x48, 0x43, 0x40, 0x43, 0x40, 0x63, 0x28, 0x63, 0x28, 0x63, 0x20, 0x63, 0x20, 0x64, 0x10, 0x64, 0x10, 0x64, 0x10, 0x64, 0x10, 0x64, 0x10,
    0x64, 0x10, 0x64, 0x10, 0x64, 0x10, 0x64, 0x10, 0x64, 0x10, 0x64, 0x10, 0x64, 0x10, 0x64, 0x10, 0x64, 0x10, 0x64, 0x10, 0x64, 0x10, 0x64, 0x10, 0x64, 0x10, 0x64, 0x10, 0x64, 0x10, 0x64, 0x10,
    0x64, 0x10, 0x64, 0x10, 0x64, 0x10, 0x64, 0x10, 0x64, 0x10, 0x64, 0x10, 0x64, 0x10, 0x64, 0x10, 0x64, 0x10, 0x64, 0x10, 0x64, 0x10, 0x64, 0x10, 0x64, 0x10, 0x64, 0x10, 0x64, 0x10, 0x64, 0x10,
    0x64, 0x10, 0x64, 0x10, 0x64, 0x10, 0x64, 0x10, 0x64, 0x10, 0x64, 0x10, 0x64, 0x10, 0x64, 0x10, 0x64, 0x10, 0x64, 0x10, 0x64, 0x10, 0x64, 0x10, 0x64, 0x10, 0x64, 0x10, 0x64, 0x10, 0x64, 0x10,
    0x64, 0x10, 0x64, 0x10, 0x64, 0x10, 0x64, 0x10, 0x64, 0x10, 0x64, 0x10, 0x64, 0x10, 0x64, 0x10, 0x64, 0x10, 0x64, 0x10, 0x64, 0x10, 0x64, 0x10, 0x64, 0x10, 0x64, 0x10, 0x64, 0x10, 0x64, 0x10,
    0x64, 0x10, 0x64, 0x10, 0x64, 0x10, 0x64, 0x10, 0x64, 0x10, 0x64, 0x10, 0x64, 0x10, 0x64, 0x10, 0x64, 0x10, 0x64, 0x10, 0x64, 0x10, 0x64, 0x10, 0x64, 0x10, 0x64, 0x10, 0x64, 0x10, 0x64, 0x10,
    0x64, 0x10, 0x64, 0x10, 0x64, 0x10, 0x64, 0x10, 0x64, 0x10, 0x64, 0x10, 0x64, 0x10, 0x64, 0x10, 0x64, 0x10, 0x64, 0x10, 0x64, 0x10, 0x64, 0x10, 0x64, 0x10, 0x64, 0x10, 0x64, 0x10, 0x64, 0x10,
    0x64, 0x10, 0x64, 0x10, 0x64, 0x10, 0x64, 0x10, 0x64, 0x10, 0x64, 0x10, 0x64, 0x10, 0x64, 0x10, 0x64, 0x10, 0x64, 0x10, 0x64, 0x10, 0x64, 0x10, 0x64, 0x10, 0x64, 0x10, 0x64, 0x10, 0x64, 0x10,
    0x64, 0x10, 0x64, 0x10, 0x64, 0x10, 0x64, 0x10, 0x64, 0x10, 0x64, 0x10, 0x64, 0x10, 0x64, 0x10, 0x64, 0x10, 0x64, 0x10, 0x64, 0x10, 0x64, 0x10, 0x64, 0x10, 0x64, 0x10, 0x64, 0x10, 0x64, 0x10,
    0x64, 0x10, 0x64, 0x10, 0x64, 0x10, 0x64, 0x10, 0x64, 0x10, 0x64, 0x10, 0x64, 0x10, 0x64, 0x10, 0x64, 0x10, 0x64, 0x10, 0x64, 0x10, 0x64, 0x10, 0x64, 0x10, 0x64, 0x10, 0x64, 0x10, 0x64, 0x10,
    0x64, 0x10, 0x64, 0x10, 0x64, 0x10, 0x64, 0x10, 0x64, 0x10, 0x64, 0x10, 0x64, 0x10, 0x64, 0x10, 0x64, 0x10, 0x64, 0x10, 0x64, 0x10, 0x64, 0x10, 0x64, 0x10, 0x64, 0x10, 0x64, 0x10, 0x64, 0x10,
    0x64, 0x10, 0x64, 0x10, 0x64, 0x10, 0x64, 0x10, 0x64, 0x10, 0x64, 0x10, 0x64, 0x10, 0x64, 0x10, 0x64, 0x10, 0x64, 0x10, 0x64, 0x10, 0x64, 0x10, 0x64, 0x10, 0x64, 0x10, 0x64, 0x10, 0x64, 0x10,
    0x64, 0x10, 0x63, 0x20, 0x63, 0x20, 0x43, 0x40, 0x43, 0x40, 0x42, 0x60, 0x42, 0x60, 0x00, 0xe8, 0x00, 0xe8, 0x00, 0xe8, 0x00, 0xe8, 0x22, 0x90, 0x22, 0x90, 0x22, 0x88, 0x22, 0x88, 0x42, 0x78,
    0x42, 0x78, 0x42, 0x60, 0x42, 0x60, 0x42, 0x68, 0x42, 0x68, 0x42, 0x78, 0x42, 0x78, 0x22, 0x80, 0x22, 0x80, 0x00, 0xe8, 0x00, 0xe8, 0x00, 0xe8, 0x00, 0xe8, 0x22, 0x80, 0x22, 0x80, 0x22, 0x80,
    0x22, 0x80, 0x42, 0x68, 0x42, 0x68, 0x43, 0x50, 0x43, 0x50, 0x42, 0x60, 0x42, 0x60, 0x42, 0x70, 0x42, 0x70, 0x42, 0x78, 0x42, 0x78, 0x00, 0xe8, 0x00, 0xe8, 0x00, 0xe8, 0x00, 0xe8, 0x22, 0x80,
    0x22, 0x80, 0x22, 0x80, 0x22, 0x80, 0x42, 0x68, 0x42, 0x68, 0x43, 0x50, 0x43, 0x50, 0x42, 0x60, 0x42, 0x60, 0x42, 0x70, 0x42, 0x70, 0x42, 0x70, 0x42, 0x70, 0x00, 0xe8, 0x00, 0xe8, 0x00, 0xe8,
    0x00, 0xe8, 0x43, 0x58, 0x43, 0x58, 0x43, 0x40, 0x43, 0x40, 0x63, 0x28, 0x63, 0x28, 0x64, 0x10, 0x64, 0x10, 0x63, 0x28, 0x63, 0x28, 0x43, 0x40, 0x43, 0x40, 0x42, 0x58, 0x42, 0x58, 0x00, 0xe8,
    0x00, 0xe8, 0x00, 0xe8, 0x00, 0xe8, 0x22, 0x80, 0x22, 0x80, 0x22, 0x80, 0x22, 0x80, 0x42, 0x68, 0x42, 0x68, 0x43, 0x50, 0x43, 0x50, 0x43, 0x48, 0x43, 0x48, 0x43, 0x40, 0x43, 0x40, 0x63, 0x28,
    0x63, 0x28, 0x63, 0x20, 0x63, 0x20, 0x64, 0x10, 0x64, 0x10, 0x64, 0x10, 0x64, 0x10, 0x64, 0x10, 0x64, 0x10, 0x64, 0x10, 0x64, 0x10, 0x64, 0x10, 0x64, 0x10, 0x64, 0x10, 0x64, 0x10, 0x64, 0x10,
    0x64, 0x10, 0x64, 0x10, 0x64, 0x10, 0x64, 0x10, 0x64, 0x10, 0x64, 0x10, 0x64, 0x10, 0x64, 0x10, 0x64, 0x10, 0x64, 0x10, 0x64, 0x10, 0x64, 0x10, 0x64, 0x10, 0x64, 0x10, 0x64, 0x10, 0x64, 0x10,
    0x64, 0x10, 0x64, 0x10, 0x64, 0x10, 0x64, 0x10, 0x64, 0x10, 0x64, 0x10, 0x64, 0x10, 0x64, 0x10, 0x64, 0x10, 0x64, 0x10, 0x64, 0x10, 0x64, 0x10, 0x64, 0x10, 0x64, 0x10, 0x64, 0x10, 0x64, 0x10,
    0x64, 0x10, 0x64, 0x10, 0x64, 0x10, 0x64, 0x10, 0x64, 0x10, 0x64, 0x10, 0x64, 0x10, 0x64, 0x10, 0x64, 0x10, 0x64, 0x10, 0x64, 0x10, 0x64, 0x10, 0x64, 0x10, 0x64, 0x10, 0x64, 0x10, 0x64, 0x10,
    0x64, 0x10, 0x64, 0x10, 0x64, 0x10, 0x64, 0x10, 0x64, 0x10, 0x64, 0x10, 0x64, 0x10, 0x64, 0x10, 0x64, 0x10, 0x64, 0x10, 0x64, 0x10, 0x64, 0x10, 0x64, 0x10, 0x64, 0x10, 0x64, 0x10, 0x64, 0x10,
    0x64, 0x10, 0x64, 0x10, 0x64, 0x10, 0x64, 0x10, 0x64, 0x10, 0x64, 0x10, 0x64, 0x10, 0x64, 0x10, 0x64, 0x10, 0x64, 0x10, 0x64, 0x10, 0x64, 0x10, 0x64, 0x10, 0x64, 0x10, 0x64, 0x10, 0x64, 0x10,
    0x64, 0x10, 0x64, 0x10, 0x64, 0x10, 0x64, 0x10, 0x64, 0x10, 0x64, 0x10, 0x64, 0x10, 0x64, 0x10, 0x64, 0x10, 0x64, 0x10, 0x64, 0x10, 0x64, 0x10, 0x64, 0x10, 0x64, 0x10, 0x64, 0x10, 0x64, 0x10,
    0x64, 0x10, 0x64, 0x10, 0x64, 0x10, 0x64, 0x10, 0x64, 0x10, 0x64, 0x10, 0x64, 0x10, 0x64, 0x10, 0x64, 0x10, 0x64, 0x10, 0x64, 0x10, 0x64, 0x10, 0x64, 0x10, 0x64, 0x10, 0x64, 0x10, 0x64, 0x10,
    0x64, 0x10, 0x64, 0x10, 0x64, 0x10, 0x64, 0x10, 0x64, 0x10, 0x64, 0x10, 0x64, 0x10, 0x64, 0x10, 0x64, 0x10, 0x64, 0x10, 0x64, 0x10, 0x64, 0x10, 0x64, 0x10, 0x64, 0x10, 0x64, 0x10, 0x64, 0x10,
    0x64, 0x10, 0x64, 0x10, 0x64, 0x10, 0x64, 0x10, 0x64, 0x10, 0x64, 0x10, 0x64, 0x10, 0x64, 0x10, 0x64, 0x10, 0x64, 0x10, 0x64, 0x10, 0x64, 0x10, 0x64, 0x10, 0x64, 0x10, 0x64, 0x10, 0x64, 0x10,
    0x64, 0x10, 0x64, 0x10, 0x64, 0x10, 0x64, 0x10, 0x64, 0x10, 0x64, 0x10, 0x64, 0x10, 0x64, 0x10, 0x64, 0x10, 0x64, 0x10, 0x64, 0x10, 0x64, 0x10, 0x64, 0x10, 0x64, 0x10, 0x64, 0x10, 0x64, 0x10,
    0x64, 0x10, 0x64, 0x10, 0x64, 0x10, 0x64, 0x10, 0x64, 0x10, 0x64, 0x10, 0x64, 0x10, 0x64, 0x10, 0x64, 0x10, 0x63, 0x20, 0x63, 0x20, 0x43, 0x38, 0x43, 0x38, 0x42, 0x58, 0x42, 0x58, 0x00, 0xe8,
    0x00, 0xe8, 0x00, 0xe8, 0x00, 0xe8, 0x00, 0xe8, 0x00, 0xe8, 0x22, 0x88, 0x22, 0x88, 0x42, 0x78, 0x42, 0x78, 0x42, 0x60, 0x42, 0x60, 0x42, 0x68, 0x42, 0x68, 0x22, 0x80, 0x22, 0x80, 0x22, 0x80,
    0x22, 0x80, 0x00, 0xe8, 0x00, 0xe8, 0x00, 0xe8, 0x00, 0xe8, 0x22, 0x80, 0x22, 0x80, 0x42, 0x78, 0x42, 0x78, 0x42, 0x68, 0x42, 0x68, 0x43, 0x50, 0x43, 0x50, 0x42, 0x58, 0x42, 0x58, 0x42, 0x70,
    0x42, 0x70, 0x42, 0x78, 0x42, 0x78, 0x00, 0xe8, 0x00, 0xe8, 0x00, 0xe8, 0x00, 0xe8, 0x22, 0x80, 0x22, 0x80, 0x42, 0x78, 0x42, 0x78, 0x42, 0x68, 0x42, 0x68, 0x43, 0x50, 0x43, 0x50, 0x42, 0x58,
    0x42, 0x58, 0x42, 0x70, 0x42, 0x70, 0x42, 0x70, 0x42, 0x70, 0x00, 0xe8, 0x00, 0xe8, 0x00, 0xe8, 0x00, 0xe8, 0x43, 0x58, 0x43, 0x58, 0x43, 0x40, 0x43, 0x40, 0x63, 0x28, 0x63, 0x28, 0x64, 0x10,
    0x64, 0x10, 0x63, 0x28, 0x63, 0x28, 0x43, 0x40, 0x43, 0x40, 0x42, 0x60, 0x42, 0x60, 0x00, 0xe8, 0x00, 0xe8, 0x00, 0xe8, 0x00, 0xe8, 0x22, 0x80, 0x22, 0x80, 0x42, 0x78, 0x42, 0x78, 0x42, 0x68,
    0x42, 0x68, 0x43, 0x50, 0x43, 0x50, 0x43, 0x48, 0x43, 0x48, 0x43, 0x38, 0x43, 0x38, 0x63, 0x28, 0x63, 0x28, 0x63, 0x20, 0x63, 0x20, 0x64, 0x18, 0x64, 0x18, 0x64, 0x10, 0x64, 0x10, 0x64, 0x10,
    0x64, 0x10, 0x64, 0x10, 0x64, 0x10, 0x64, 0x10, 0x64, 0x10, 0x64, 0x10, 0x64, 0x10, 0x64, 0x10, 0x64, 0x10, 0x64, 0x10, 0x64, 0x10, 0x64, 0x10, 0x64, 0x10, 0x64, 0x10, 0x64, 0x10, 0x64, 0x10,
    0x64, 0x10, 0x64, 0x10, 0x64, 0x10, 0x64, 0x10, 0x64, 0x10, 0x64, 0x10, 0x64, 0x10, 0x64, 0x10, 0x64, 0x10, 0x64, 0x10, 0x64, 0x10, 0x64, 0x10, 0x64, 0x10, 0x64, 0x10, 0x64, 0x10, 0x64, 0x10,
    0x64, 0x10, 0x64, 0x10, 0x64, 0x10, 0x64, 0x10, 0x64, 0x10, 0x64, 0x10, 0x64, 0x10, 0x64, 0x10, 0x64, 0x10, 0x64, 0x10, 0x64, 0x10, 0x64, 0x10, 0x64, 0x10, 0x64, 0x10, 0x64, 0x10, 0x64, 0x10,
    0x64, 0x10, 0x64, 0x10, 0x64, 0x10, 0x64, 0x10, 0x64, 0x10, 0x64, 0x10, 0x64, 0x10, 0x64, 0x10, 0x64, 0x10, 0x64, 0x10, 0x64, 0x10, 0x64, 0x10, 0x64, 0x10, 0x64, 0x10, 0x64, 0x10, 0x64, 0x10,
    0x64, 0x10, 0x64, 0x10, 0x64, 0x10, 0x64, 0x10, 0x64, 0x10, 0x64, 0x10, 0x64, 0x10, 0x64, 0x10, 0x64, 0x10, 0x64, 0x10, 0x64, 0x10, 0x64, 0x10, 0x64, 0x10, 0x64, 0x10, 0x64, 0x10, 0x64, 0x10,
    0x64, 0x10, 0x64, 0x10, 0x64, 0x10, 0x64, 0x10, 0x64, 0x10, 0x64, 0x10, 0x64, 0x10, 0x64, 0x10, 0x64, 0x10, 0x64, 0x10, 0x64, 0x10, 0x64, 0x10, 0x64, 0x10, 0x64, 0x10, 0x64, 0x10, 0x64, 0x10,
    0x64, 0x10, 0x64, 0x10, 0x64, 0x10, 0x64, 0x10, 0x64, 0x10, 0x64, 0x10, 0x64, 0x10, 0x64, 0x10, 0x64, 0x10, 0x64, 0x10, 0x64, 0x10, 0x64, 0x10, 0x64, 0x10, 0x64, 0x10, 0x64, 0x10, 0x64, 0x10,
    0x64, 0x10, 0x64, 0x10, 0x64, 0x10, 0x64, 0x10, 0x64, 0x10, 0x64, 0x10, 0x64, 0x10, 0x64, 0x10, 0x64, 0x10, 0x64, 0x10, 0x64, 0x10, 0x64, 0x10, 0x64, 0x10, 0x64, 0x10, 0x64, 0x10, 0x64, 0x10,
    0x64, 0x10, 0x64, 0x10, 0x64, 0x10, 0x64, 0x10, 0x64, 0x10, 0x64, 0x10, 0x64, 0x10, 0x64, 0x10, 0x64, 0x10, 0x64, 0x10, 0x64, 0x10, 0x64, 0x10, 0x64, 0x10, 0x64, 0x10, 0x64, 0x10, 0x64, 0x10,
    0x64, 0x10, 0x64, 0x10, 0x64, 0x10, 0x64, 0x10, 0x64, 0x10, 0x64, 0x10, 0x64, 0x10, 0x64, 0x10, 0x64, 0x10, 0x64, 0x10, 0x64, 0x10, 0x64, 0x10, 0x64, 0x10, 0x64, 0x10, 0x64, 0x10, 0x64, 0x10,
    0x64, 0x10, 0x64, 0x10, 0x64, 0x10, 0x64, 0x10, 0x64, 0x10, 0x64, 0x10, 0x64, 0x10, 0x64, 0x10, 0x64, 0x10, 0x64, 0x10, 0x64, 0x10, 0x64, 0x10, 0x64, 0x10, 0x64, 0x10, 0x64, 0x10, 0x64, 0x10,
    0x64, 0x10, 0x63, 0x20, 0x63, 0x20, 0x43, 0x38, 0x43, 0x38, 0x42, 0x58, 0x42, 0x58, 0x00, 0xe8, 0x00, 0xe8, 0x00, 0xe8, 0x00, 0xe8, 0x00, 0xe8, 0x00, 0xe8, 0x22, 0x88, 0x22, 0x88, 0x42, 0x78,
    0x42, 0x78, 0x42, 0x60, 0x42, 0x60, 0x42, 0x68, 0x42, 0x68, 0x22, 0x80, 0x22, 0x80, 0x22, 0x80, 0x22, 0x80, 0x00, 0xe8, 0x00, 0xe8, 0x00, 0xe8, 0x00, 0xe8, 0x22, 0x80, 0x22, 0x80, 0x42, 0x78,
    0x42, 0x78, 0x42, 0x68, 0x42, 0x68, 0x43, 0x50, 0x43, 0x50, 0x42, 0x58, 0x42, 0x58, 0x42, 0x70, 0x42, 0x70, 0x42, 0x78, 0x42, 0x78, 0x00, 0xe8, 0x00, 0xe8, 0x00, 0xe8, 0x00, 0xe8, 0x22, 0x80,
    0x22, 0x80, 0x42, 0x78, 0x42, 0x78, 0x42, 0x68, 0x42, 0x68, 0x43, 0x50, 0x43, 0x50, 0x42, 0x58, 0x42, 0x58, 0x42, 0x70, 0x42, 0x70, 0x42, 0x70, 0x42, 0x70, 0x00, 0xe8, 0x00, 0xe8, 0x00, 0xe8,
    0x00, 0xe8, 0x43, 0x58, 0x43, 0x58, 0x43, 0x40, 0x43, 0x40, 0x63, 0x28, 0x63, 0x28, 0x64, 0x10, 0x64, 0x10, 0x63, 0x28, 0x63, 0x28, 0x43, 0x40, 0x43, 0x40, 0x42, 0x60, 0x42, 0x60, 0x00, 0xe8,
    0x00, 0xe8, 0x00, 0xe8, 0x00, 0xe8, 0x22, 0x80, 0x22, 0x80, 0x42, 0x78, 0x42, 0x78, 0x42, 0x68, 0x42, 0x68, 0x43, 0x50, 0x43, 0x50, 0x43, 0x48, 0x43, 0x48, 0x43, 0x38, 0x43, 0x38, 0x63, 0x28,
    0x63, 0x28, 0x63, 0x20, 0x63, 0x20, 0x64, 0x18, 0x64, 0x18, 0x64, 0x10, 0x64, 0x10, 0x64, 0x10, 0x64, 0x10, 0x64, 0x10, 0x64, 0x10, 0x64, 0x10, 0x64, 0x10, 0x64, 0x10, 0x64, 0x10, 0x64, 0x10,
    0x64, 0x10, 0x64, 0x10, 0x64, 0x10, 0x64, 0x10, 0x64, 0x10, 0x64, 0x10, 0x64, 0x10, 0x64, 0x10, 0x64, 0x10, 0x64, 0x10, 0x64, 0x10, 0x64, 0x10, 0x64, 0x10, 0x64, 0x10, 0x64, 0x10, 0x64, 0x10,
    0x64, 0x10, 0x64, 0x10, 0x64, 0x10, 0x64, 0x10, 0x64, 0x10, 0x64, 0x10, 0x64, 0x10, 0x64, 0x10, 0x64, 0x10, 0x64, 0x10, 0x64, 0x10, 0x64, 0x10, 0x64, 0x10, 0x64, 0x10, 0x64, 0x10, 0x64, 0x10,
    0x64, 0x10, 0x64, 0x10, 0x64, 0x10, 0x64, 0x10, 0x64, 0x10, 0x64, 0x10, 0x64, 0x10, 0x64, 0x10, 0x64, 0x10, 0x64, 0x10, 0x64, 0x10, 0x64, 0x10, 0x64, 0x10, 0x64, 0x10, 0x64, 0x10, 0x64, 0x10,
    0x64, 0x10, 0x64, 0x10, 0x64, 0x10, 0x64, 0x10, 0x64, 0x10, 0x64, 0x10, 0x64, 0x10, 0x64, 0x10, 0x64, 0x10, 0x64, 0x10, 0x64, 0x10, 0x64, 0x10, 0x64, 0x10, 0x64, 0x10, 0x64, 0x10, 0x64, 0x10,
    0x64, 0x10, 0x64, 0x10, 0x64, 0x10, 0x64, 0x10, 0x64, 0x10, 0x64, 0x10, 0x64, 0x10, 0x64, 0x10, 0x64, 0x10, 0x64, 0x10, 0x64, 0x10, 0x64, 0x10, 0x64, 0x10, 0x64, 0x10, 0x64, 0x10, 0x64, 0x10,
    0x64, 0x10, 0x64, 0x10, 0x64, 0x10, 0x64, 0x10, 0x64, 0x10, 0x64, 0x10, 0x64, 0x10, 0x64, 0x10, 0x64, 0x10, 0x64, 0x10, 0x64, 0x10, 0x64, 0x10, 0x64, 0x10, 0x64, 0x10, 0x64, 0x10, 0x64, 0x10,
    0x64, 0x10, 0x64, 0x10, 0x64, 0x10, 0x64, 0x10, 0x64, 0x10, 0x64, 0x10, 0x64, 0x10, 0x64, 0x10, 0x64, 0x10, 0x64, 0x10, 0x64, 0x10, 0x64, 0x10, 0x64, 0x10, 0x64, 0x10, 0x64, 0x10, 0x64, 0x10,
    0x64, 0x10, 0x64, 0x10, 0x64, 0x10, 0x64, 0x10, 0x64, 0x10, 0x64, 0x10, 0x64, 0x10, 0x64, 0x10, 0x64, 0x10, 0x64, 0x10, 0x64, 0x10, 0x64, 0x10, 0x64, 0x10, 0x64, 0x10, 0x64, 0x10, 0x64, 0x10,
    0x64, 0x10, 0x64, 0x10, 0x64, 0x10, 0x64, 0x10, 0x64, 0x10, 0x64, 0x10, 0x64, 0x10, 0x64, 0x10, 0x64, 0x10, 0x64, 0x10, 0x64, 0x10, 0x64, 0x10, 0x64, 0x10, 0x64, 0x10, 0x64, 0x10, 0x64, 0x10,
    0x64, 0x10, 0x64, 0x10, 0x64, 0x10, 0x64, 0x10, 0x64, 0x10, 0x64, 0x10, 0x64, 0x10, 0x64, 0x10, 0x64, 0x10, 0x64, 0x10, 0x64, 0x10, 0x64, 0x10, 0x64, 0x10, 0x64, 0x10, 0x64, 0x10, 0x64, 0x10,
    0x64, 0x10, 0x64, 0x10, 0x64, 0x10, 0x64, 0x10, 0x64, 0x10, 0x64, 0x10, 0x64, 0x10, 0x64, 0x10, 0x64, 0x10, 0x64, 0x18, 0x64, 0x18, 0x63, 0x30, 0x63, 0x30, 0x43, 0x50, 0x43, 0x50, 0x00, 0xe8,
    0x00, 0xe8, 0x00, 0xe8, 0x00, 0xe8, 0x00, 0xe8, 0x00, 0xe8, 0x00, 0xe8, 0x00, 0xe8, 0x00, 0xe8, 0x00, 0xe8, 0x00, 0xe8, 0x00, 0xe8, 0x00, 0xe8, 0x00, 0xe8, 0x22, 0x88, 0x22, 0x88, 0x22, 0x90,
    0x22, 0x90, 0x00, 0xe8, 0x00, 0xe8, 0x00, 0xe8, 0x00, 0xe8, 0x00, 0xe8, 0x00, 0xe8, 0x00, 0xe8, 0x00, 0xe8, 0x00, 0xe8, 0x00, 0xe8, 0x00, 0xe0, 0x00, 0xe0, 0x00, 0xe8, 0x00, 0xe8, 0x00, 0xe8,
    0x00, 0xe8, 0x22, 0x80, 0x22, 0x80, 0x00, 0xe8, 0x00, 0xe8, 0x00, 0xe8, 0x00, 0xe8, 0x00, 0xe8, 0x00, 0xe8, 0x00, 0xe8, 0x00, 0xe8, 0x00, 0xe8, 0x00, 0xe8, 0x00, 0xe0, 0x00, 0xe0, 0x00, 0xe8,
    0x00, 0xe8, 0x00, 0xe8, 0x00, 0xe8, 0x42, 0x78, 0x42, 0x78, 0x00, 0xe8, 0x00, 0xe8, 0x00, 0xe8, 0x00, 0xe8, 0x43, 0x58, 0x43, 0x58, 0x43, 0x40, 0x43, 0x40, 0x63, 0x28, 0x63, 0x28, 0x64, 0x10,
    0x64, 0x10, 0x63, 0x28, 0x63, 0x28, 0x43, 0x40, 0x43, 0x40, 0x42, 0x60, 0x42, 0x60, 0x00, 0xe8, 0x00, 0xe8, 0x00, 0xe8, 0x00, 0xe8, 0x00, 0xe8, 0x00, 0xe8, 0x00, 0xe8, 0x00, 0xe8, 0x00, 0xe8,
    0x00, 0xe8, 0x00, 0xe0, 0x00, 0xe0, 0x00, 0xe0, 0x00, 0xe0, 0x00, 0xe0, 0x00, 0xe0, 0x63, 0x30, 0x63, 0x30, 0x63, 0x28, 0x63, 0x28, 0x64, 0x18, 0x64, 0x18, 0x64, 0x10, 0x64, 0x10, 0x64, 0x10,
    0x64, 0x10, 0x64, 0x10, 0x64, 0x10, 0x64, 0x10, 0x64, 0x10, 0x64, 0x10, 0x64, 0x10, 0x64, 0x10, 0x64, 0x10, 0x64, 0x10, 0x64, 0x10, 0x64, 0x10, 0x64, 0x10, 0x64, 0x10, 0x64, 0x10, 0x64, 0x10,
    0x64, 0x10, 0x64, 0x10, 0x64, 0x10, 0x64, 0x10, 0x64, 0x10, 0x64, 0x10, 0x64, 0x10, 0x64, 0x10, 0x64, 0x10, 0x64, 0x10, 0x64, 0x10, 0x64, 0x10, 0x64, 0x10, 0x64, 0x10, 0x64, 0x10, 0x64, 0x10,
    0x64, 0x10, 0x64, 0x10, 0x64, 0x10, 0x64, 0x10, 0x64, 0x10, 0x64, 0x10, 0x64, 0x10, 0x64, 0x10, 0x64, 0x10, 0x64, 0x10, 0x64, 0x10, 0x64, 0x10, 0x64, 0x10, 0x64, 0x10, 0x64, 0x10, 0x64, 0x10,
    0x64, 0x10, 0x64, 0x10, 0x64, 0x10, 0x64, 0x10, 0x64, 0x10, 0x64, 0x10, 0x64, 0x10, 0x64, 0x10, 0x64, 0x10, 0x64, 0x10, 0x64, 0x10, 0x64, 0x10, 0x64, 0x10, 0x64, 0x10, 0x64, 0x10, 0x64, 0x10,
    0x64, 0x10, 0x64, 0x10, 0x64, 0x10, 0x64, 0x10, 0x64, 0x10, 0x64, 0x10, 0x64, 0x10, 0x64, 0x10, 0x64, 0x10, 0x64, 0x10, 0x64, 0x10, 0x64, 0x10, 0x64, 0x10, 0x64, 0x10, 0x64, 0x10, 0x64, 0x10,
    0x64, 0x10, 0x64, 0x10, 0x64, 0x10, 0x64, 0x10, 0x64, 0x10, 0x64, 0x10, 0x64, 0x10, 0x64, 0x10, 0x64, 0x10, 0x64, 0x10, 0x64, 0x10, 0x64, 0x10, 0x64, 0x10, 0x64, 0x10, 0x64, 0x10, 0x64, 0x10,
    0x64, 0x10, 0x64, 0x10, 0x64, 0x10, 0x64, 0x10, 0x64, 0x10, 0x64, 0x10, 0x64, 0x10, 0x64, 0x10, 0x64, 0x10, 0x64, 0x10, 0x64, 0x10, 0x64, 0x10, 0x64, 0x10, 0x64, 0x10, 0x64, 0x10, 0x64, 0x10,
    0x64, 0x10, 0x64, 0x10, 0x64, 0x10, 0x64, 0x10, 0x64, 0x10, 0x64, 0x10, 0x64, 0x10, 0x64, 0x10, 0x64, 0x10, 0x64, 0x10, 0x64, 0x10, 0x64, 0x10, 0x64, 0x10, 0x64, 0x10, 0x64, 0x10, 0x64, 0x10,
    0x64, 0x10, 0x64, 0x10, 0x64, 0x10, 0x64, 0x10, 0x64, 0x10, 0x64, 0x10, 0x64, 0x10, 0x64, 0x10, 0x64, 0x10, 0x64, 0x10, 0x64, 0x10, 0x64, 0x10, 0x64, 0x10, 0x64, 0x10, 0x64, 0x10, 0x64, 0x10,
    0x64, 0x10, 0x64, 0x10, 0x64, 0x10, 0x64, 0x10, 0x64, 0x10, 0x64, 0x10, 0x64, 0x10, 0x64, 0x10, 0x64, 0x10, 0x64, 0x10, 0x64, 0x10, 0x64, 0x10, 0x64, 0x10, 0x64, 0x10, 0x64, 0x10, 0x64, 0x10,
    0x64, 0x10, 0x64, 0x10, 0x64, 0x10, 0x64, 0x10, 0x64, 0x10, 0x64, 0x10, 0x64, 0x10, 0x64, 0x10, 0x64, 0x10, 0x64, 0x10, 0x64, 0x10, 0x64, 0x10, 0x64, 0x10, 0x64, 0x10, 0x64, 0x10, 0x64, 0x10,
    0x64, 0x10, 0x64, 0x18, 0x64, 0x18, 0x63, 0x30, 0x63, 0x30, 0x43, 0x50, 0x43, 0x50, 0x00, 0xe8, 0x00, 0xe8, 0x00, 0xe8, 0x00, 0xe8, 0x00, 0xe8, 0x00, 0xe8, 0x00, 0xe8, 0x00, 0xe8, 0x00, 0xe8,
    0x00, 0xe8, 0x00, 0xe8, 0x00, 0xe8, 0x00, 0xe8, 0x00, 0xe8, 0x22, 0x88, 0x22, 0x88, 0x22, 0x90, 0x22, 0x90, 0x00, 0xe8, 0x00, 0xe8, 0x00, 0xe8, 0x00, 0xe8, 0x00, 0xe8, 0x00, 0xe8, 0x00, 0xe8,
    0x00, 0xe8, 0x00, 0xe8, 0x00, 0xe8, 0x00, 0xe0, 0x00, 0xe0, 0x00, 0xe8, 0x00, 0xe8, 0x00, 0xe8, 0x00, 0xe8, 0x22, 0x80, 0x22, 0x80, 0x00, 0xe8, 0x00, 0xe8, 0x00, 0xe8, 0x00, 0xe8, 0x00, 0xe8,
    0x00, 0xe8, 0x00, 0xe8, 0x00, 0xe8, 0x00, 0xe8, 0x00, 0xe8, 0x00, 0xe0, 0x00, 0xe0, 0x00, 0xe8, 0x00, 0xe8, 0x00, 0xe8, 0x00, 0xe8, 0x42, 0x78, 0x42, 0x78, 0x00, 0xe8, 0x00, 0xe8, 0x00, 0xe8,
    0x00, 0xe8, 0x43, 0x58, 0x43, 0x58, 0x43, 0x40, 0x43, 0x40, 0x63, 0x28, 0x63, 0x28, 0x64, 0x10, 0x64, 0x10, 0x63, 0x28, 0x63, 0x28, 0x43, 0x40, 0x43, 0x40, 0x42, 0x60, 0x42, 0x60, 0x00, 0xe8,
    0x00, 0xe8, 0x00, 0xe8, 0x00, 0xe8, 0x00, 0xe8, 0x00, 0xe8, 0x00, 0xe8, 0x00, 0xe8, 0x00, 0xe8, 0x00, 0xe8, 0x00, 0xe0, 0x00, 0xe0, 0x00, 0xe0, 0x00, 0xe0, 0x00, 0xe0, 0x00, 0xe0, 0x63, 0x30,
    0x63, 0x30, 0x63, 0x28, 0x63, 0x28, 0x64, 0x18, 0x64, 0x18, 0x64, 0x10, 0x64, 0x10, 0x64, 0x10, 0x64, 0x10, 0x64, 0x10, 0x64, 0x10, 0x64, 0x10, 0x64, 0x10, 0x64, 0x10, 0x64, 0x10, 0x64, 0x10,
    0x64, 0x10, 0x64, 0x10, 0x64, 0x10, 0x64, 0x10, 0x64, 0x10, 0x64, 0x10, 0x64, 0x10, 0x64, 0x10, 0x64, 0x10, 0x64, 0x10, 0x64, 0x10, 0x64, 0x10, 0x64, 0x10, 0x64, 0x10, 0x64, 0x10, 0x64, 0x10,
    0x64, 0x10, 0x64, 0x10, 0x64, 0x10, 0x64, 0x10, 0x64, 0x10, 0x64, 0x10, 0x64, 0x10, 0x64, 0x10, 0x64, 0x10, 0x64, 0x10, 0x64, 0x10, 0x64, 0x10, 0x64, 0x10, 0x64, 0x10, 0x64, 0x10, 0x64, 0x10,
    0x64, 0x10, 0x64, 0x10, 0x64, 0x10, 0x64, 0x10, 0x64, 0x10, 0x64, 0x10, 0x64, 0x10, 0x64, 0x10, 0x64, 0x10, 0x64, 0x10, 0x64, 0x10, 0x64, 0x10, 0x64, 0x10, 0x64, 0x10, 0x64, 0x10, 0x64, 0x10,
    0x64, 0x10, 0x64, 0x10, 0x64, 0x10, 0x64, 0x10, 0x64, 0x10, 0x64, 0x10, 0x64, 0x10, 0x64, 0x10, 0x64, 0x10, 0x64, 0x10, 0x64, 0x10, 0x64, 0x10, 0x64, 0x10, 0x64, 0x10, 0x64, 0x10, 0x64, 0x10,
    0x64, 0x10, 0x64, 0x10, 0x64, 0x10, 0x64, 0x10, 0x64, 0x10, 0x64, 0x10, 0x64, 0x10, 0x64, 0x10, 0x64, 0x10, 0x64, 0x10, 0x64, 0x10, 0x64, 0x10, 0x64, 0x10, 0x64, 0x10, 0x64, 0x10, 0x64, 0x10,
    0x64, 0x10, 0x64, 0x10, 0x64, 0x10, 0x64, 0x10, 0x64, 0x10, 0x64, 0x10, 0x64, 0x10, 0x64, 0x10, 0x64, 0x10, 0x64, 0x10, 0x64, 0x10, 0x64, 0x10, 0x64, 0x10, 0x64, 0x10, 0x64, 0x10, 0x64, 0x10,
    0x64, 0x10, 0x64, 0x10, 0x64, 0x10, 0x64, 0x10, 0x64, 0x10, 0x64, 0x10, 0x64, 0x10, 0x64, 0x10, 0x64, 0x10, 0x64, 0x10, 0x64, 0x10, 0x64, 0x10, 0x64, 0x10, 0x64, 0x10, 0x64, 0x10, 0x64, 0x10,
    0x64, 0x10, 0x64, 0x10, 0x64, 0x10, 0x64, 0x10, 0x64, 0x10, 0x64, 0x10, 0x64, 0x10, 0x64, 0x10, 0x64, 0x10, 0x64, 0x10, 0x64, 0x10, 0x64, 0x10, 0x64, 0x10, 0x64, 0x10, 0x64, 0x10, 0x64, 0x10,
    0x64, 0x10, 0x64, 0x10, 0x64, 0x10, 0x64, 0x10, 0x64, 0x10, 0x64, 0x10, 0x64, 0x10, 0x64, 0x10, 0x64, 0x10, 0x64, 0x10, 0x64, 0x10, 0x64, 0x10, 0x64, 0x10, 0x64, 0x10, 0x64, 0x10, 0x64, 0x10,
    0x64, 0x10, 0x64, 0x10, 0x64, 0x10, 0x64, 0x10, 0x64, 0x10, 0x64, 0x10, 0x64, 0x10, 0x64, 0x10, 0x64, 0x10, 0x64, 0x10, 0x64, 0x10, 0x64, 0x10, 0x64, 0x10, 0x64, 0x10, 0x64, 0x10, 0x64, 0x10,
    0x64, 0x10, 0x64, 0x10, 0x64, 0x10, 0x64, 0x10, 0x64, 0x10, 0x64, 0x10, 0x64, 0x10, 0x64, 0x10, 0x64, 0x10, 0x64, 0x18, 0x64, 0x18, 0x63, 0x28, 0x63, 0x28, 0x43, 0x40, 0x43, 0x40, 0x43, 0x58,
    0x43, 0x58, 0x00, 0xe8, 0x00, 0xe8, 0x00, 0xe8, 0x00, 0xe8, 0x00, 0xe8, 0x00, 0xe8, 0x00, 0xe8, 0x00, 0xe8, 0x00, 0xe8, 0x00, 0xe8, 0x00, 0xe8, 0x00, 0xe8, 0x00, 0xf0, 0x00, 0xf0, 0x21, 0xa0,
    0x21, 0xa0, 0x00, 0xf0, 0x00, 0xf0, 0x00, 0xf0, 0x00, 0xf0, 0x00, 0xe8, 0x00, 0xe8, 0x00, 0xe8, 0x00, 0xe8, 0x00, 0xe8, 0x00, 0xe8, 0x00, 0xe0, 0x00, 0xe0, 0x00, 0xe8, 0x00, 0xe8, 0x00, 0xe8,
    0x00, 0xe8, 0x22, 0x80, 0x22, 0x80, 0x00, 0xe8, 0x00, 0xe8, 0x00, 0xe8, 0x00, 0xe8, 0x00, 0xe8, 0x00, 0xe8, 0x00, 0xe8, 0x00, 0xe8, 0x00, 0xe8, 0x00, 0xe8, 0x00, 0xe0, 0x00, 0xe0, 0x00, 0xe8,
    0x00, 0xe8, 0x00, 0xe8, 0x00, 0xe8, 0x42, 0x78, 0x42, 0x78, 0x00, 0xe8, 0x00, 0xe8, 0x00, 0xe8, 0x00, 0xe8, 0x43, 0x58, 0x43, 0x58, 0x43, 0x40, 0x43, 0x40, 0x63, 0x28, 0x63, 0x28, 0x64, 0x10,
    0x64, 0x10, 0x63, 0x28, 0x63, 0x28, 0x43, 0x40, 0x43, 0x40, 0x42, 0x60, 0x42, 0x60, 0x00, 0xe8, 0x00, 0xe8, 0x00, 0xe8, 0x00, 0xe8, 0x00, 0xe8, 0x00, 0xe8, 0x00, 0xe8, 0x00, 0xe8, 0x00, 0xe8,
    0x00, 0xe8, 0x00, 0xe0, 0x00, 0xe0, 0x00, 0xe0, 0x00, 0xe0, 0x00, 0xe0, 0x00, 0xe0, 0x63, 0x30, 0x63, 0x30, 0x63, 0x28, 0x63, 0x28, 0x64, 0x18, 0x64, 0x18, 0x64, 0x10, 0x64, 0x10, 0x64, 0x10,
    0x64, 0x10, 0x64, 0x10, 0x64, 0x10, 0x64, 0x10, 0x64, 0x10, 0x64, 0x10, 0x64, 0x10, 0x64, 0x10, 0x64, 0x10, 0x64, 0x10, 0x64, 0x10, 0x64, 0x10, 0x64, 0x10, 0x64, 0x10, 0x64, 0x10, 0x64, 0x10,
    0x64, 0x10, 0x64, 0x10, 0x64, 0x10, 0x64, 0x10, 0x64, 0x10, 0x64, 0x10, 0x64, 0x10, 0x64, 0x10, 0x64, 0x10, 0x64, 0x10, 0x64, 0x10, 0x64, 0x10, 0x64, 0x10, 0x64, 0x10, 0x64, 0x10, 0x64, 0x10,
    0x64, 0x10, 0x64, 0x10, 0x64, 0x10, 0x64, 0x10, 0x64, 0x10, 0x64, 0x10, 0x64, 0x10, 0x64, 0x10, 0x64, 0x10, 0x64, 0x10, 0x64, 0x10, 0x64, 0x10, 0x64, 0x10, 0x64, 0x10, 0x64, 0x10, 0x64, 0x10,
    0x64, 0x10, 0x64, 0x10, 0x64, 0x10, 0x64, 0x10, 0x64, 0x10, 0x64, 0x10, 0x64, 0x10, 0x64, 0x10, 0x64, 0x10, 0x64, 0x10, 0x64, 0x10, 0x64, 0x10, 0x64, 0x10, 0x64, 0x10, 0x64, 0x10, 0x64, 0x10,
    0x64, 0x10, 0x64, 0x10, 0x64, 0x10, 0x64, 0x10, 0x64, 0x10, 0x64, 0x10, 0x64, 0x10, 0x64, 0x10, 0x64, 0x10, 0x64, 0x10, 0x64, 0x10, 0x64, 0x10, 0x64, 0x10, 0x64, 0x10, 0x64, 0x10, 0x64, 0x10,
    0x64, 0x10, 0x64, 0x10, 0x64, 0x10, 0x64, 0x10, 0x64, 0x10, 0x64, 0x10, 0x64, 0x10, 0x64, 0x10, 0x64, 0x10, 0x64, 0x10, 0x64, 0x10, 0x64, 0x10, 0x64, 0x10, 0x64, 0x10, 0x64, 0x10, 0x64, 0x10,
    0x64, 0x10, 0x64, 0x10, 0x64, 0x10, 0x64, 0x10, 0x64, 0x10, 0x64, 0x10, 0x64, 0x10, 0x64, 0x10, 0x64, 0x10, 0x64, 0x10, 0x64, 0x10, 0x64, 0x10, 0x64, 0x10, 0x64, 0x10, 0x64, 0x10, 0x64, 0x10,
    0x64, 0x10, 0x64, 0x10, 0x64, 0x10, 0x64, 0x10, 0x64, 0x10, 0x64, 0x10, 0x64, 0x10, 0x64, 0x10, 0x64, 0x10, 0x64, 0x10, 0x64, 0x10, 0x64, 0x10, 0x64, 0x10, 0x64, 0x10, 0x64, 0x10, 0x64, 0x10,
    0x64, 0x10, 0x64, 0x10, 0x64, 0x10, 0x64, 0x10, 0x64, 0x10, 0x64, 0x10, 0x64, 0x10, 0x64, 0x10, 0x64, 0x10, 0x64, 0x10, 0x64, 0x10, 0x64, 0x10, 0x64, 0x10, 0x64, 0x10, 0x64, 0x10, 0x64, 0x10,
    0x64, 0x10, 0x64, 0x10, 0x64, 0x10, 0x64, 0x10, 0x64, 0x10, 0x64, 0x10, 0x64, 0x10, 0x64, 0x10, 0x64, 0x10, 0x64, 0x10, 0x64, 0x10, 0x64, 0x10, 0x64, 0x10, 0x64, 0x10, 0x64, 0x10, 0x64, 0x10,
    0x64, 0x10, 0x64, 0x10, 0x64, 0x10, 0x64, 0x10, 0x64, 0x10, 0x64, 0x10, 0x64, 0x10, 0x64, 0x10, 0x64, 0x10, 0x64, 0x10, 0x64, 0x10, 0x64, 0x10, 0x64, 0x10, 0x64, 0x10, 0x64, 0x10, 0x64, 0x10,
    0x64, 0x10, 0x64, 0x18, 0x64, 0x18, 0x63, 0x28, 0x63, 0x28, 0x43, 0x40, 0x43, 0x40, 0x43, 0x58, 0x43, 0x58, 0x00, 0xe8, 0x00, 0xe8, 0x00, 0xe8, 0x00, 0xe8, 0x00, 0xe8, 0x00, 0xe8, 0x00, 0xe8,
    0x00, 0xe8, 0x00, 0xe8, 0x00, 0xe8, 0x00, 0xe8, 0x00, 0xe8, 0x00, 0xf0, 0x00, 0xf0, 0x21, 0xa0, 0x21, 0xa0, 0x00, 0xf0, 0x00, 0xf0, 0x00, 0xf0, 0x00, 0xf0, 0x00, 0xe8, 0x00, 0xe8, 0x00, 0xe8,
    0x00, 0xe8, 0x00, 0xe8, 0x00, 0xe8, 0x00, 0xe0, 0x00, 0xe0, 0x00, 0xe8, 0x00, 0xe8, 0x00, 0xe8, 0x00, 0xe8, 0x22, 0x80, 0x22, 0x80, 0x00, 0xe8, 0x00, 0xe8, 0x00, 0xe8, 0x00, 0xe8, 0x00, 0xe8,
    0x00, 0xe8, 0x00, 0xe8, 0x00, 0xe8, 0x00, 0xe8, 0x00, 0xe8, 0x00, 0xe0, 0x00, 0xe0, 0x00, 0xe8, 0x00, 0xe8, 0x00, 0xe8, 0x00, 0xe8, 0x42, 0x78, 0x42, 0x78, 0x00, 0xe8, 0x00, 0xe8, 0x00, 0xe8,
    0x00, 0xe8, 0x43, 0x58, 0x43, 0x58, 0x43, 0x40, 0x43, 0x40, 0x63, 0x28, 0x63, 0x28, 0x64, 0x10, 0x64, 0x10, 0x63, 0x28, 0x63, 0x28, 0x43, 0x40, 0x43, 0x40, 0x42, 0x60, 0x42, 0x60, 0x00, 0xe8,
    0x00, 0xe8, 0x00, 0xe8, 0x00, 0xe8, 0x00, 0xe8, 0x00, 0xe8, 0x00, 0xe8, 0x00, 0xe8, 0x00, 0xe8, 0x00, 0xe8, 0x00, 0xe0, 0x00, 0xe0, 0x00, 0xe0, 0x00, 0xe0, 0x00, 0xe0, 0x00, 0xe0, 0x63, 0x30,
    0x63, 0x30, 0x63, 0x28, 0x63, 0x28, 0x64, 0x18, 0x64, 0x18, 0x64, 0x10, 0x64, 0x10, 0x64, 0x10, 0x64, 0x10, 0x64, 0x10, 0x64, 0x10, 0x64, 0x10, 0x64, 0x10, 0x64, 0x10, 0x64, 0x10, 0x64, 0x10,
    0x64, 0x10, 0x64, 0x10, 0x64, 0x10, 0x64, 0x10, 0x64, 0x10, 0x64, 0x10, 0x64, 0x10, 0x64, 0x10, 0x64, 0x10, 0x64, 0x10, 0x64, 0x10, 0x64, 0x10, 0x64, 0x10, 0x64, 0x10, 0x64, 0x10, 0x64, 0x10,
    0x64, 0x10, 0x64, 0x10, 0x64, 0x10, 0x64, 0x10, 0x64, 0x10, 0x64, 0x10, 0x64, 0x10, 0x64, 0x10, 0x64, 0x10, 0x64, 0x10, 0x64, 0x10, 0x64, 0x10, 0x64, 0x10, 0x64, 0x10, 0x64, 0x10, 0x64, 0x10,
    0x64, 0x10, 0x64, 0x10, 0x64, 0x10, 0x64, 0x10, 0x64, 0x10, 0x64, 0x10, 0x64, 0x10, 0x64, 0x10, 0x64, 0x10, 0x64, 0x10, 0x64, 0x10, 0x64, 0x10, 0x64, 0x10, 0x64, 0x10, 0x64, 0x10, 0x64, 0x10,
    0x64, 0x10, 0x64, 0x10, 0x64, 0x10, 0x64, 0x10, 0x64, 0x10, 0x64, 0x10, 0x64, 0x10, 0x64, 0x10, 0x64, 0x10, 0x64, 0x10, 0x64, 0x10, 0x64, 0x10, 0x64, 0x10, 0x64, 0x10, 0x64, 0x10, 0x64, 0x10,
    0x64, 0x10, 0x64, 0x10, 0x64, 0x10, 0x64, 0x10, 0x64, 0x10, 0x64, 0x10, 0x64, 0x10, 0x64, 0x10, 0x64, 0x10, 0x64, 0x10, 0x64, 0x10, 0x64, 0x10, 0x64, 0x10, 0x64, 0x10, 0x64, 0x10, 0x64, 0x10,
    0x64, 0x10, 0x64, 0x10, 0x64, 0x10, 0x64, 0x10, 0x64, 0x10, 0x64, 0x10, 0x64, 0x10, 0x64, 0x10, 0x64, 0x10, 0x64, 0x10, 0x64, 0x10, 0x64, 0x10, 0x64, 0x10, 0x64, 0x10, 0x64, 0x10, 0x64, 0x10,
    0x64, 0x10, 0x64, 0x10, 0x64, 0x10, 0x64, 0x10, 0x64, 0x10, 0x64, 0x10, 0x64, 0x10, 0x64, 0x10, 0x64, 0x10, 0x64, 0x10, 0x64, 0x10, 0x64, 0x10, 0x64, 0x10, 0x64, 0x10, 0x64, 0x10, 0x64, 0x10,
    0x64, 0x10, 0x64, 0x10, 0x64, 0x10, 0x64, 0x10, 0x64, 0x10, 0x64, 0x10, 0x64, 0x10, 0x64, 0x10, 0x64, 0x10, 0x64, 0x10, 0x64, 0x10, 0x64, 0x10, 0x64, 0x10, 0x64, 0x10, 0x64, 0x10, 0x64, 0x10,
    0x64, 0x10, 0x64, 0x10, 0x64, 0x10, 0x64, 0x10, 0x64, 0x10, 0x64, 0x10, 0x64, 0x10, 0x64, 0x10, 0x64, 0x10, 0x64, 0x10, 0x64, 0x10, 0x64, 0x10, 0x64, 0x10, 0x64, 0x10, 0x64, 0x10, 0x64, 0x10,
    0x64, 0x10, 0x64, 0x10, 0x64, 0x10, 0x64, 0x10, 0x64, 0x10, 0x64, 0x10, 0x64, 0x10, 0x64, 0x10, 0x64, 0x10, 0x64, 0x10, 0x64, 0x10, 0x64, 0x10, 0x64, 0x10, 0x64, 0x10, 0x64, 0x10, 0x64, 0x10,
    0x64, 0x10, 0x64, 0x10, 0x64, 0x10, 0x64, 0x10, 0x64, 0x10, 0x64, 0x10, 0x64, 0x10, 0x64, 0x10, 0x64, 0x10, 0x64, 0x10, 0x64, 0x10, 0x63, 0x20, 0x63, 0x20, 0x63, 0x30, 0x63, 0x30, 0x43, 0x48,
    0x43, 0x48, 0x43, 0x58, 0x43, 0x58, 0x42, 0x60, 0x42, 0x60, 0x42, 0x78, 0x42, 0x78, 0x22, 0x88, 0x22, 0x88, 0x00, 0xe8, 0x00, 0xe8, 0x00, 0xe8, 0x00, 0xe8, 0x00, 0xf0, 0x00, 0xf0, 0x21, 0xa8,
    0x21, 0xa8, 0x00, 0xf0, 0x00, 0xf0, 0x00, 0xe8, 0x00, 0xe8, 0x22, 0x80, 0x22, 0x80, 0x42, 0x78, 0x42, 0x78, 0x42, 0x68, 0x42, 0x68, 0x43, 0x50, 0x43, 0x50, 0x42, 0x58, 0x42, 0x58, 0x42, 0x70,
    0x42, 0x70, 0x42, 0x78, 0x42, 0x78, 0x00, 0xe8, 0x00, 0xe8, 0x00, 0xe8, 0x00, 0xe8, 0x22, 0x80, 0x22, 0x80, 0x42, 0x78, 0x42, 0x78, 0x42, 0x68, 0x42, 0x68, 0x43, 0x50, 0x43, 0x50, 0x42, 0x58,
    0x42, 0x58, 0x42, 0x70, 0x42, 0x70, 0x42, 0x70, 0x42, 0x70, 0x00, 0xe8, 0x00, 0xe8, 0x00, 0xe8, 0x00, 0xe8, 0x43, 0x58, 0x43, 0x58, 0x43, 0x40, 0x43, 0x40, 0x63, 0x28, 0x63, 0x28, 0x64, 0x10,
    0x64, 0x10, 0x63, 0x28, 0x63, 0x28, 0x43, 0x40, 0x43, 0x40, 0x42, 0x60, 0x42, 0x60, 0x00, 0xe8, 0x00, 0xe8, 0x00, 0xe8, 0x00, 0xe8, 0x22, 0x80, 0x22, 0x80, 0x42, 0x78, 0x42, 0x78, 0x42, 0x68,
    0x42, 0x68, 0x43, 0x50, 0x43, 0x50, 0x43, 0x48, 0x43, 0x48, 0x43, 0x38, 0x43, 0x38, 0x63, 0x28, 0x63, 0x28, 0x63, 0x20, 0x63, 0x20, 0x64, 0x18, 0x64, 0x18, 0x64, 0x10, 0x64, 0x10, 0x64, 0x10,
    0x64, 0x10, 0x64, 0x10, 0x64, 0x10, 0x64, 0x10, 0x64, 0x10, 0x64, 0x10, 0x64, 0x10, 0x64, 0x10, 0x64, 0x10, 0x64, 0x10, 0x64, 0x10, 0x64, 0x10, 0x64, 0x10, 0x64, 0x10, 0x64, 0x10, 0x64, 0x10,
    0x64, 0x10, 0x64, 0x10, 0x64, 0x10, 0x64, 0x10, 0x64, 0x10, 0x64, 0x10, 0x64, 0x10, 0x64, 0x10, 0x64, 0x10, 0x64, 0x10, 0x64, 0x10, 0x64, 0x10, 0x64, 0x10, 0x64, 0x10, 0x64, 0x10, 0x64, 0x10,
    0x64, 0x10, 0x64, 0x10, 0x64, 0x10, 0x64, 0x10, 0x64, 0x10, 0x64, 0x10, 0x64, 0x10, 0x64, 0x10, 0x64, 0x10, 0x64, 0x10, 0x64, 0x10, 0x64, 0x10, 0x64, 0x10, 0x64, 0x10, 0x64, 0x10, 0x64, 0x10,
    0x64, 0x10, 0x64, 0x10, 0x64, 0x10, 0x64, 0x10, 0x64, 0x10, 0x64, 0x10, 0x64, 0x10, 0x64, 0x10, 0x64, 0x10, 0x64, 0x10, 0x64, 0x10, 0x64, 0x10, 0x64, 0x10, 0x64, 0x10, 0x64, 0x10, 0x64, 0x10,
    0x64, 0x10, 0x64, 0x10, 0x64, 0x10, 0x64, 0x10, 0x64, 0x10, 0x64, 0x10, 0x64, 0x10, 0x64, 0x10, 0x64, 0x10, 0x64, 0x10, 0x64, 0x10, 0x64, 0x10, 0x64, 0x10, 0x64, 0x10, 0x64, 0x10, 0x64, 0x10,
    0x64, 0x10, 0x64, 0x10, 0x64, 0x10, 0x64, 0x10, 0x64, 0x10, 0x64, 0x10, 0x64, 0x10, 0x64, 0x10, 0x64, 0x10, 0x64, 0x10, 0x64, 0x10, 0x64, 0x10, 0x64, 0x10, 0x64, 0x10, 0x64, 0x10, 0x64, 0x10,
    0x64, 0x10, 0x64, 0x10, 0x64, 0x10, 0x64, 0x10, 0x64, 0x10, 0x64, 0x10, 0x64, 0x10, 0x64, 0x10, 0x64, 0x10, 0x64, 0x10, 0x64, 0x10, 0x64, 0x10, 0x64, 0x10, 0x64, 0x10, 0x64, 0x10, 0x64, 0x10,
    0x64, 0x10, 0x64, 0x10, 0x64, 0x10, 0x64, 0x10, 0x64, 0x10, 0x64, 0x10, 0x64, 0x10, 0x64, 0x10, 0x64, 0x10, 0x64, 0x10, 0x64, 0x10, 0x64, 0x10, 0x64, 0x10, 0x64, 0x10, 0x64, 0x10, 0x64, 0x10,
    0x64, 0x10, 0x64, 0x10, 0x64, 0x10, 0x64, 0x10, 0x64, 0x10, 0x64, 0x10, 0x64, 0x10, 0x64, 0x10, 0x64, 0x10, 0x64, 0x10, 0x64, 0x10, 0x64, 0x10, 0x64, 0x10, 0x64, 0x10, 0x64, 0x10, 0x64, 0x10,
    0x64, 0x10, 0x64, 0x10, 0x64, 0x10, 0x64, 0x10, 0x64, 0x10, 0x64, 0x10, 0x64, 0x10, 0x64, 0x10, 0x64, 0x10, 0x64, 0x10, 0x64, 0x10, 0x64, 0x10, 0x64, 0x10, 0x64, 0x10, 0x64, 0x10, 0x64, 0x10,
    0x64, 0x10, 0x64, 0x10, 0x64, 0x10, 0x64, 0x10, 0x64, 0x10, 0x64, 0x10, 0x64, 0x10, 0x64, 0x10, 0x64, 0x10, 0x64, 0x10, 0x64, 0x10, 0x64, 0x10, 0x64, 0x10, 0x64, 0x10, 0x64, 0x10, 0x64, 0x10,
    0x64, 0x10, 0x64, 0x10, 0x64, 0x10, 0x63, 0x20, 0x63, 0x20, 0x63, 0x30, 0x63, 0x30, 0x43, 0x48, 0x43, 0x48, 0x43, 0x58, 0x43, 0x58, 0x42, 0x60, 0x42, 0x60, 0x42, 0x78, 0x42, 0x78, 0x22, 0x88,
    0x22, 0x88, 0x00, 0xe8, 0x00, 0xe8, 0x00, 0xe8, 0x00, 0xe8, 0x00, 0xf0, 0x00, 0xf0, 0x21, 0xa8, 0x21, 0xa8, 0x00, 0xf0, 0x00, 0xf0, 0x00, 0xe8, 0x00, 0xe8, 0x22, 0x80, 0x22, 0x80, 0x42, 0x78,
    0x42, 0x78, 0x42, 0x68, 0x42, 0x68, 0x43, 0x50, 0x43, 0x50, 0x42, 0x58, 0x42, 0x58, 0x42, 0x70, 0x42, 0x70, 0x42, 0x78, 0x42, 0x78, 0x00, 0xe8, 0x00, 0xe8, 0x00, 0xe8, 0x00, 0xe8, 0x22, 0x80,
    0x22, 0x80, 0x42, 0x78, 0x42, 0x78, 0x42, 0x68, 0x42, 0x68, 0x43, 0x50, 0x43, 0x50, 0x42, 0x58, 0x42, 0x58, 0x42, 0x70, 0x42, 0x70, 0x42, 0x70, 0x42, 0x70, 0x00, 0xe8, 0x00, 0xe8, 0x00, 0xe8,
    0x00, 0xe8, 0x43, 0x58, 0x43, 0x58, 0x43, 0x40, 0x43, 0x40, 0x63, 0x28, 0x63, 0x28, 0x64, 0x10, 0x64, 0x10, 0x63, 0x28, 0x63, 0x28, 0x43, 0x40, 0x43, 0x40, 0x42, 0x60, 0x42, 0x60, 0x00, 0xe8,
    0x00, 0xe8, 0x00, 0xe8, 0x00, 0xe8, 0x22, 0x80, 0x22, 0x80, 0x42, 0x78, 0x42, 0x78, 0x42, 0x68, 0x42, 0x68, 0x43, 0x50, 0x43, 0x50, 0x43, 0x48, 0x43, 0x48, 0x43, 0x38, 0x43, 0x38, 0x63, 0x28,
    0x63, 0x28, 0x63, 0x20, 0x63, 0x20, 0x64, 0x18, 0x64, 0x18, 0x64, 0x10, 0x64, 0x10, 0x64, 0x10, 0x64, 0x10, 0x64, 0x10, 0x64, 0x10, 0x64, 0x10, 0x64, 0x10, 0x64, 0x10, 0x64, 0x10, 0x64, 0x10,
    0x64, 0x10, 0x64, 0x10, 0x64, 0x10, 0x64, 0x10, 0x64, 0x10, 0x64, 0x10, 0x64, 0x10, 0x64, 0x10, 0x64, 0x10, 0x64, 0x10, 0x64, 0x10, 0x64, 0x10, 0x64, 0x10, 0x64, 0x10, 0x64, 0x10, 0x64, 0x10,
    0x64, 0x10, 0x64, 0x10, 0x64, 0x10, 0x64, 0x10, 0x64, 0x10, 0x64, 0x10, 0x64, 0x10, 0x64, 0x10, 0x64, 0x10, 0x64, 0x10, 0x64, 0x10, 0x64, 0x10, 0x64, 0x10, 0x64, 0x10, 0x64, 0x10, 0x64, 0x10,
    0x64, 0x10, 0x64, 0x10, 0x64, 0x10, 0x64, 0x10, 0x64, 0x10, 0x64, 0x10, 0x64, 0x10, 0x64, 0x10, 0x64, 0x10, 0x64, 0x10, 0x64, 0x10, 0x64, 0x10, 0x64, 0x10, 0x64, 0x10, 0x64, 0x10, 0x64, 0x10,
    0x64, 0x10, 0x64, 0x10, 0x64, 0x10, 0x64, 0x10, 0x64, 0x10, 0x64, 0x10, 0x64, 0x10, 0x64, 0x10, 0x64, 0x10, 0x64, 0x10, 0x64, 0x10, 0x64, 0x10, 0x64, 0x10, 0x64, 0x10, 0x64, 0x10, 0x64, 0x10,
    0x64, 0x10, 0x64, 0x10, 0x64, 0x10, 0x64, 0x10, 0x64, 0x10, 0x64, 0x10, 0x64, 0x10, 0x64, 0x10, 0x64, 0x10, 0x64, 0x10, 0x64, 0x10, 0x64, 0x10, 0x64, 0x10, 0x64, 0x10, 0x64, 0x10, 0x64, 0x10,
    0x64, 0x10, 0x64, 0x10, 0x64, 0x10, 0x64, 0x10, 0x64, 0x10, 0x64, 0x10, 0x64, 0x10, 0x64, 0x10, 0x64, 0x10, 0x64, 0x10, 0x64, 0x10, 0x64, 0x10, 0x64, 0x10, 0x64, 0x10, 0x64, 0x10, 0x64, 0x10,
    0x64, 0x10, 0x64, 0x10, 0x64, 0x10, 0x64, 0x10, 0x64, 0x10, 0x64, 0x10, 0x64, 0x10, 0x64, 0x10, 0x64, 0x10, 0x64, 0x10, 0x64, 0x10, 0x64, 0x10, 0x64, 0x10, 0x64, 0x10, 0x64, 0x10, 0x64, 0x10,
    0x64, 0x10, 0x64, 0x10, 0x64, 0x10, 0x64, 0x10, 0x64, 0x10, 0x64, 0x10, 0x64, 0x10, 0x64, 0x10, 0x64, 0x10, 0x64, 0x10, 0x64, 0x10, 0x64, 0x10, 0x64, 0x10, 0x64, 0x10, 0x64, 0x10, 0x64, 0x10,
    0x64, 0x10, 0x64, 0x10, 0x64, 0x10, 0x64, 0x10, 0x64, 0x10, 0x64, 0x10, 0x64, 0x10, 0x64, 0x10, 0x64, 0x10, 0x64, 0x10, 0x64, 0x10, 0x64, 0x10, 0x64, 0x10, 0x64, 0x10, 0x64, 0x10, 0x64, 0x10,
    0x64, 0x10, 0x64, 0x10, 0x64, 0x10, 0x64, 0x10, 0x64, 0x10, 0x64, 0x10, 0x64, 0x10, 0x64, 0x10, 0x64, 0x10, 0x64, 0x10, 0x64, 0x10, 0x64, 0x10, 0x64, 0x10, 0x64, 0x10, 0x64, 0x10, 0x64, 0x10,
    0x64, 0x10, 0x64, 0x10, 0x64, 0x10, 0x64, 0x10, 0x64, 0x10, 0x64, 0x10, 0x64, 0x10, 0x64, 0x10, 0x64, 0x10, 0x64, 0x10, 0x64, 0x10, 0x63, 0x20, 0x63, 0x20, 0x63, 0x30, 0x63, 0x30, 0x43, 0x40,
    0x43, 0x40, 0x43, 0x50, 0x43, 0x50, 0x42, 0x60, 0x42, 0x60, 0x42, 0x78, 0x42, 0x78, 0x22, 0x88, 0x22, 0x88, 0x22, 0x90, 0x22, 0x90, 0x00, 0xf0, 0x00, 0xf0, 0x00, 0xf0, 0x00, 0xf0, 0x21, 0xa8,
    0x21, 0xa8, 0x00, 0xf0, 0x00, 0xf0, 0x00, 0xf0, 0x00, 0xf0, 0x22, 0x80, 0x22, 0x80, 0x22, 0x80, 0x22, 0x80, 0x42, 0x68, 0x42, 0x68, 0x43, 0x50, 0x43, 0x50, 0x42, 0x60, 0x42, 0x60, 0x42, 0x70,
    0x42, 0x70, 0x42, 0x78, 0x42, 0x78, 0x00, 0xe8, 0x00, 0xe8, 0x00, 0xe8, 0x00, 0xe8, 0x22, 0x80, 0x22, 0x80, 0x22, 0x80, 0x22, 0x80, 0x42, 0x68, 0x42, 0x68, 0x43, 0x50, 0x43, 0x50, 0x42, 0x60,
    0x42, 0x60, 0x42, 0x70, 0x42, 0x70, 0x42, 0x70, 0x42, 0x70, 0x00, 0xe8, 0x00, 0xe8, 0x00, 0xe8, 0x00, 0xe8, 0x42, 0x60, 0x42, 0x60, 0x43, 0x58, 0x43, 0x58, 0x43, 0x38, 0x43, 0x38, 0x63, 0x20,
    0x63, 0x20, 0x43, 0x38, 0x43, 0x38, 0x43, 0x50, 0x43, 0x50, 0x42, 0x60, 0x42, 0x60, 0x00, 0xe8, 0x00, 0xe8, 0x00, 0xe8, 0x00, 0xe8, 0x22, 0x80, 0x22, 0x80, 0x22, 0x80, 0x22, 0x80, 0x42, 0x68,
    0x42, 0x68, 0x43, 0x50, 0x43, 0x50, 0x43, 0x48, 0x43, 0x48, 0x43, 0x40, 0x43, 0x40, 0x63, 0x28, 0x63, 0x28, 0x63, 0x20, 0x63, 0x20, 0x64, 0x10, 0x64, 0x10, 0x64, 0x10, 0x64, 0x10, 0x64, 0x10,
    0x64, 0x10, 0x64, 0x10, 0x64, 0x10, 0x64, 0x10, 0x64, 0x10, 0x64, 0x10, 0x64, 0x10, 0x64, 0x10, 0x64, 0x10, 0x64, 0x10, 0x64, 0x10, 0x64, 0x10, 0x64, 0x10, 0x64, 0x10, 0x64, 0x10, 0x64, 0x10,
    0x64, 0x10, 0x64, 0x10, 0x64, 0x10, 0x64, 0x10, 0x64, 0x10, 0x64, 0x10, 0x64, 0x10, 0x64, 0x10, 0x64, 0x10, 0x64, 0x10, 0x64, 0x10, 0x64, 0x10, 0x64, 0x10, 0x64, 0x10, 0x64, 0x10, 0x64, 0x10,
    0x64, 0x10, 0x64, 0x10, 0x64, 0x10, 0x64, 0x10, 0x64, 0x10, 0x64, 0x10, 0x64, 0x10, 0x64, 0x10, 0x64, 0x10, 0x64, 0x10, 0x64, 0x10, 0x64, 0x10, 0x64, 0x10, 0x64, 0x10, 0x64, 0x10, 0x64, 0x10,
    0x64, 0x10, 0x64, 0x10, 0x64, 0x10, 0x64, 0x10, 0x64, 0x10, 0x64, 0x10, 0x64, 0x10, 0x64, 0x10, 0x64, 0x10, 0x64, 0x10, 0x64, 0x10, 0x64, 0x10, 0x64, 0x10, 0x64, 0x10, 0x64, 0x10, 0x64, 0x10,
    0x64, 0x10, 0x64, 0x10, 0x64, 0x10, 0x64, 0x10, 0x64, 0x10, 0x64, 0x10, 0x64, 0x10, 0x64, 0x10, 0x64, 0x10, 0x64, 0x10, 0x64, 0x10, 0x64, 0x10, 0x64, 0x10, 0x64, 0x10, 0x64, 0x10, 0x64, 0x10,
    0x64, 0x10, 0x64, 0x10, 0x64, 0x10, 0x64, 0x10, 0x64, 0x10, 0x64, 0x10, 0x64, 0x10, 0x64, 0x10, 0x64, 0x10, 0x64, 0x10, 0x64, 0x10, 0x64, 0x10, 0x64, 0x10, 0x64, 0x10, 0x64, 0x10, 0x64, 0x10,
    0x64, 0x10, 0x64, 0x10, 0x64, 0x10, 0x64, 0x10, 0x64, 0x10, 0x64, 0x10, 0x64, 0x10, 0x64, 0x10, 0x64, 0x10, 0x64, 0x10, 0x64, 0x10, 0x64, 0x10, 0x64, 0x10, 0x64, 0x10, 0x64, 0x10, 0x64, 0x10,
    0x64, 0x10, 0x64, 0x10, 0x64, 0x10, 0x64, 0x10, 0x64, 0x10, 0x64, 0x10, 0x64, 0x10, 0x64, 0x10, 0x64, 0x10, 0x64, 0x10, 0x64, 0x10, 0x64, 0x10, 0x64, 0x10, 0x64, 0x10, 0x64, 0x10, 0x64, 0x10,
    0x64, 0x10, 0x64, 0x10, 0x64, 0x10, 0x64, 0x10, 0x64, 0x10, 0x64, 0x10, 0x64, 0x10, 0x64, 0x10, 0x64, 0x10, 0x64, 0x10, 0x64, 0x10, 0x64, 0x10, 0x64, 0x10, 0x64, 0x10, 0x64, 0x10, 0x64, 0x10,
    0x64, 0x10, 0x64, 0x10, 0x64, 0x10, 0x64, 0x10, 0x64, 0x10, 0x64, 0x10, 0x64, 0x10, 0x64, 0x10, 0x64, 0x10, 0x64, 0x10, 0x64, 0x10, 0x64, 0x10, 0x64, 0x10, 0x64, 0x10, 0x64, 0x10, 0x64, 0x10,
    0x64, 0x10, 0x64, 0x10, 0x64, 0x10, 0x64, 0x10, 0x64, 0x10, 0x64, 0x10, 0x64, 0x10, 0x64, 0x10, 0x64, 0x10, 0x64, 0x10, 0x64, 0x10, 0x64, 0x10, 0x64, 0x10, 0x64, 0x10, 0x64, 0x10, 0x64, 0x10,
    0x64, 0x10, 0x64, 0x10, 0x64, 0x10, 0x63, 0x20, 0x63, 0x20, 0x63, 0x30, 0x63, 0x30, 0x43, 0x40, 0x43, 0x40, 0x43, 0x50, 0x43, 0x50, 0x42, 0x60, 0x42, 0x60, 0x42, 0x78, 0x42, 0x78, 0x22, 0x88,
    0x22, 0x88, 0x22, 0x90, 0x22, 0x90, 0x00, 0xf0, 0x00, 0xf0, 0x00, 0xf0, 0x00, 0xf0, 0x21, 0xa8, 0x21, 0xa8, 0x00, 0xf0, 0x00, 0xf0, 0x00, 0xf0, 0x00, 0xf0, 0x22, 0x80, 0x22, 0x80, 0x22, 0x80,
    0x22, 0x80, 0x42, 0x68, 0x42, 0x68, 0x43, 0x50, 0x43, 0x50, 0x42, 0x60, 0x42, 0x60, 0x42, 0x70, 0x42, 0x70, 0x42, 0x78, 0x42, 0x78, 0x00, 0xe8, 0x00, 0xe8, 0x00, 0xe8, 0x00, 0xe8, 0x22, 0x80,
    0x22, 0x80, 0x22, 0x80, 0x22, 0x80, 0x42, 0x68, 0x42, 0x68, 0x43, 0x50, 0x43, 0x50, 0x42, 0x60, 0x42, 0x60, 0x42, 0x70, 0x42, 0x70, 0x42, 0x70, 0x42, 0x70, 0x00, 0xe8, 0x00, 0xe8, 0x00, 0xe8,
    0x00, 0xe8, 0x42, 0x60, 0x42, 0x60, 0x43, 0x58, 0x43, 0x58, 0x43, 0x38, 0x43, 0x38, 0x63, 0x20, 0x63, 0x20, 0x43, 0x38, 0x43, 0x38, 0x43, 0x50, 0x43, 0x50, 0x42, 0x60, 0x42, 0x60, 0x00, 0xe8,
    0x00, 0xe8, 0x00, 0xe8, 0x00, 0xe8, 0x22, 0x80, 0x22, 0x80, 0x22, 0x80, 0x22, 0x80, 0x42, 0x68, 0x42, 0x68, 0x43, 0x50, 0x43, 0x50, 0x43, 0x48, 0x43, 0x48, 0x43, 0x40, 0x43, 0x40, 0x63, 0x28,
    0x63, 0x28, 0x63, 0x20, 0x63, 0x20, 0x64, 0x10, 0x64, 0x10, 0x64, 0x10, 0x64, 0x10, 0x64, 0x10, 0x64, 0x10, 0x64, 0x10, 0x64, 0x10, 0x64, 0x10, 0x64, 0x10, 0x64, 0x10, 0x64, 0x10, 0x64, 0x10,
    0x64, 0x10, 0x64, 0x10, 0x64, 0x10, 0x64, 0x10, 0x64, 0x10, 0x64, 0x10, 0x64, 0x10, 0x64, 0x10, 0x64, 0x10, 0x64, 0x10, 0x64, 0x10, 0x64, 0x10, 0x64, 0x10, 0x64, 0x10, 0x64, 0x10, 0x64, 0x10,
    0x64, 0x10, 0x64, 0x10, 0x64, 0x10, 0x64, 0x10, 0x64, 0x10, 0x64, 0x10, 0x64, 0x10, 0x64, 0x10, 0x64, 0x10, 0x64, 0x10, 0x64, 0x10, 0x64, 0x10, 0x64, 0x10, 0x64, 0x10, 0x64, 0x10, 0x64, 0x10,
    0x64, 0x10, 0x64, 0x10, 0x64, 0x10, 0x64, 0x10, 0x64, 0x10, 0x64, 0x10, 0x64, 0x10, 0x64, 0x10, 0x64, 0x10, 0x64, 0x10, 0x64, 0x10, 0x64, 0x10, 0x64, 0x10, 0x64, 0x10, 0x64, 0x10, 0x64, 0x10,
    0x64, 0x10, 0x64, 0x10, 0x64, 0x10, 0x64, 0x10, 0x64, 0x10, 0x64, 0x10, 0x64, 0x10, 0x64, 0x10, 0x64, 0x10, 0x64, 0x10, 0x64, 0x10, 0x64, 0x10, 0x64, 0x10, 0x64, 0x10, 0x64, 0x10, 0x64, 0x10,
    0x64, 0x10, 0x64, 0x10, 0x64, 0x10, 0x64, 0x10, 0x64, 0x10, 0x64, 0x10, 0x64, 0x10, 0x64, 0x10, 0x64, 0x10, 0x64, 0x10, 0x64, 0x10, 0x64, 0x10, 0x64, 0x10, 0x64, 0x10, 0x64, 0x10, 0x64, 0x10,
    0x64, 0x10, 0x64, 0x10, 0x64, 0x10, 0x64, 0x10, 0x64, 0x10, 0x64, 0x10, 0x64, 0x10, 0x64, 0x10, 0x64, 0x10, 0x64, 0x10, 0x64, 0x10, 0x64, 0x10, 0x64, 0x10, 0x64, 0x10, 0x64, 0x10, 0x64, 0x10,
    0x64, 0x10, 0x64, 0x10, 0x64, 0x10, 0x64, 0x10, 0x64, 0x10, 0x64, 0x10, 0x64, 0x10, 0x64, 0x10, 0x64, 0x10, 0x64, 0x10, 0x64, 0x10, 0x64, 0x10, 0x64, 0x10, 0x64, 0x10, 0x64, 0x10, 0x64, 0x10,
    0x64, 0x10, 0x64, 0x10, 0x64, 0x10, 0x64, 0x10, 0x64, 0x10, 0x64, 0x10, 0x64, 0x10, 0x64, 0x10, 0x64, 0x10, 0x64, 0x10, 0x64, 0x10, 0x64, 0x10, 0x64, 0x10, 0x64, 0x10, 0x64, 0x10, 0x64, 0x10,
    0x64, 0x10, 0x64, 0x10, 0x64, 0x10, 0x64, 0x10, 0x64, 0x10, 0x64, 0x10, 0x64, 0x10, 0x64, 0x10, 0x64, 0x10, 0x64, 0x10, 0x64, 0x10, 0x64, 0x10, 0x64, 0x10, 0x64, 0x10, 0x64, 0x10, 0x64, 0x10,
    0x64, 0x10, 0x64, 0x10, 0x64, 0x10, 0x64, 0x10, 0x64, 0x10, 0x64, 0x10, 0x64, 0x10, 0x64, 0x10, 0x64, 0x10, 0x64, 0x10, 0x64, 0x10, 0x64, 0x10, 0x64, 0x10, 0x64, 0x10, 0x64, 0x10, 0x64, 0x10,
    0x64, 0x10, 0x64, 0x10, 0x64, 0x10, 0x64, 0x10, 0x64, 0x10, 0x64, 0x10, 0x64, 0x10, 0x64, 0x10, 0x64, 0x10, 0x64, 0x18, 0x64, 0x18, 0x63, 0x28, 0x63, 0x28, 0x63, 0x30, 0x63, 0x30, 0x43, 0x48,
    0x43, 0x48, 0x43, 0x58, 0x43, 0x58, 0x42, 0x60, 0x42, 0x60, 0x42, 0x78, 0x42, 0x78, 0x22, 0x90, 0x22, 0x90, 0x22, 0x90, 0x22, 0x90, 0x00, 0xf0, 0x00, 0xf0, 0x00, 0xf0, 0x00, 0xf0, 0x21, 0xa8,
    0x21, 0xa8, 0x00, 0xf0, 0x00, 0xf0, 0x00, 0xf0, 0x00, 0xf0, 0x22, 0x80, 0x22, 0x80, 0x22, 0x80, 0x22, 0x80, 0x42, 0x68, 0x42, 0x68, 0x43, 0x50, 0x43, 0x50, 0x42, 0x60, 0x42, 0x60, 0x42, 0x70,
    0x42, 0x70, 0x42, 0x78, 0x42, 0x78, 0x00, 0xe8, 0x00, 0xe8, 0x00, 0xe8, 0x00, 0xe8, 0x22, 0x80, 0x22, 0x80, 0x22, 0x80, 0x22, 0x80, 0x42, 0x68, 0x42, 0x68, 0x43, 0x50, 0x43, 0x50, 0x42, 0x60,
    0x42, 0x60, 0x42, 0x70, 0x42, 0x70, 0x42, 0x78, 0x42, 0x78, 0x00, 0xe8, 0x00, 0xe8, 0x00, 0xe8, 0x00, 0xe8, 0x42, 0x78, 0x42, 0x78, 0x42, 0x70, 0x42, 0x70, 0x43, 0x58, 0x43, 0x58, 0x43, 0x40,
    0x43, 0x40, 0x43, 0x50, 0x43, 0x50, 0x42, 0x60, 0x42, 0x60, 0x42, 0x70, 0x42, 0x70, 0x00, 0xe8, 0x00, 0xe8, 0x00, 0xe8, 0x00, 0xe8, 0x22, 0x80, 0x22, 0x80, 0x22, 0x80, 0x22, 0x80, 0x42, 0x68,
    0x42, 0x68, 0x43, 0x50, 0x43, 0x50, 0x43, 0x48, 0x43, 0x48, 0x43, 0x40, 0x43, 0x40, 0x63, 0x28, 0x63, 0x28, 0x63, 0x20, 0x63, 0x20, 0x64, 0x10, 0x64, 0x10, 0x64, 0x10, 0x64, 0x10, 0x64, 0x10,
    0x64, 0x10, 0x64, 0x10, 0x64, 0x10, 0x64, 0x10, 0x64, 0x10, 0x64, 0x10, 0x64, 0x10, 0x64, 0x10, 0x64, 0x10, 0x64, 0x10, 0x64, 0x10, 0x64, 0x10, 0x64, 0x10, 0x64, 0x10, 0x64, 0x10, 0x64, 0x10,
    0x64, 0x10, 0x64, 0x10, 0x64, 0x10, 0x64, 0x10, 0x64, 0x10, 0x64, 0x10, 0x64, 0x10, 0x64, 0x10, 0x64, 0x10, 0x64, 0x10, 0x64, 0x10, 0x64, 0x10, 0x64, 0x10, 0x64, 0x10, 0x64, 0x10, 0x64, 0x10,
    0x64, 0x10, 0x64, 0x10, 0x64, 0x10, 0x64, 0x10, 0x64, 0x10, 0x64, 0x10, 0x64, 0x10, 0x64, 0x10, 0x64, 0x10, 0x64, 0x10, 0x64, 0x10, 0x64, 0x10, 0x64, 0x10, 0x64, 0x10, 0x64, 0x10, 0x64, 0x10,
    0x64, 0x10, 0x64, 0x10, 0x64, 0x10, 0x64, 0x10, 0x64, 0x10, 0x64, 0x10, 0x64, 0x10, 0x64, 0x10, 0x64, 0x10, 0x64, 0x10, 0x64, 0x10, 0x64, 0x10, 0x64, 0x10, 0x64, 0x10, 0x64, 0x10, 0x64, 0x10,
    0x64, 0x10, 0x64, 0x10, 0x64, 0x10, 0x64, 0x10, 0x64, 0x10, 0x64, 0x10, 0x64, 0x10, 0x64, 0x10, 0x64, 0x10, 0x64, 0x10, 0x64, 0x10, 0x64, 0x10, 0x64, 0x10, 0x64, 0x10, 0x64, 0x10, 0x64, 0x10,
    0x64, 0x10, 0x64, 0x10, 0x64, 0x10, 0x64, 0x10, 0x64, 0x10, 0x64, 0x10, 0x64, 0x10, 0x64, 0x10, 0x64, 0x10, 0x64, 0x10, 0x64, 0x10, 0x64, 0x10, 0x64, 0x10, 0x64, 0x10, 0x64, 0x10, 0x64, 0x10,
    0x64, 0x10, 0x64, 0x10, 0x64, 0x10, 0x64, 0x10, 0x64, 0x10, 0x64, 0x10, 0x64, 0x10, 0x64, 0x10, 0x64, 0x10, 0x64, 0x10, 0x64, 0x10, 0x64, 0x10, 0x64, 0x10, 0x64, 0x10, 0x64, 0x10, 0x64, 0x10,
    0x64, 0x10, 0x64, 0x10, 0x64, 0x10, 0x64, 0x10, 0x64, 0x10, 0x64, 0x10, 0x64, 0x10, 0x64, 0x10, 0x64, 0x10, 0x64, 0x10, 0x64, 0x10, 0x64, 0x10, 0x64, 0x10, 0x64, 0x10, 0x64, 0x10, 0x64, 0x10,
    0x64, 0x10, 0x64, 0x10, 0x64, 0x10, 0x64, 0x10, 0x64, 0x10, 0x64, 0x10, 0x64, 0x10, 0x64, 0x10, 0x64, 0x10, 0x64, 0x10, 0x64, 0x10, 0x64, 0x10, 0x64, 0x10, 0x64, 0x10, 0x64, 0x10, 0x64, 0x10,
    0x64, 0x10, 0x64, 0x10, 0x64, 0x10, 0x64, 0x10, 0x64, 0x10, 0x64, 0x10, 0x64, 0x10, 0x64, 0x10, 0x64, 0x10, 0x64, 0x10, 0x64, 0x10, 0x64, 0x10, 0x64, 0x10, 0x64, 0x10, 0x64, 0x10, 0x64, 0x10,
    0x64, 0x10, 0x64, 0x10, 0x64, 0x10, 0x64, 0x10, 0x64, 0x10, 0x64, 0x10, 0x64, 0x10, 0x64, 0x10, 0x64, 0x10, 0x64, 0x10, 0x64, 0x10, 0x64, 0x10, 0x64, 0x10, 0x64, 0x10, 0x64, 0x10, 0x64, 0x10,
    0x64, 0x10, 0x64, 0x18, 0x64, 0x18, 0x63, 0x28, 0x63, 0x28, 0x63, 0x30, 0x63, 0x30, 0x43, 0x48, 0x43, 0x48, 0x43, 0x58, 0x43, 0x58, 0x42, 0x60, 0x42, 0x60, 0x42, 0x78, 0x42, 0x78, 0x22, 0x90,
    0x22, 0x90, 0x22, 0x90, 0x22, 0x90, 0x00, 0xf0, 0x00, 0xf0, 0x00, 0xf0, 0x00, 0xf0, 0x21, 0xa8, 0x21, 0xa8, 0x00, 0xf0, 0x00, 0xf0, 0x00, 0xf0, 0x00, 0xf0, 0x22, 0x80, 0x22, 0x80, 0x22, 0x80,
    0x22, 0x80, 0x42, 0x68, 0x42, 0x68, 0x43, 0x50, 0x43, 0x50, 0x42, 0x60, 0x42, 0x60, 0x42, 0x70, 0x42, 0x70, 0x42, 0x78, 0x42, 0x78, 0x00, 0xe8, 0x00, 0xe8, 0x00, 0xe8, 0x00, 0xe8, 0x22, 0x80,
    0x22, 0x80, 0x22, 0x80, 0x22, 0x80, 0x42, 0x68, 0x42, 0x68, 0x43, 0x50, 0x43, 0x50, 0x42, 0x60, 0x42, 0x60, 0x42, 0x70, 0x42, 0x70, 0x42, 0x78, 0x42, 0x78, 0x00, 0xe8, 0x00, 0xe8, 0x00, 0xe8,
    0x00, 0xe8, 0x42, 0x78, 0x42, 0x78, 0x42, 0x70, 0x42, 0x70, 0x43, 0x58, 0x43, 0x58, 0x43, 0x40, 0x43, 0x40, 0x43, 0x50, 0x43, 0x50, 0x42, 0x60, 0x42, 0x60, 0x42, 0x70, 0x42, 0x70, 0x00, 0xe8,
    0x00, 0xe8, 0x00, 0xe8, 0x00, 0xe8, 0x22, 0x80, 0x22, 0x80, 0x22, 0x80, 0x22, 0x80, 0x42, 0x68, 0x42, 0x68, 0x43, 0x50, 0x43, 0x50, 0x43, 0x48, 0x43, 0x48, 0x43, 0x40, 0x43, 0x40, 0x63, 0x28,
    0x63, 0x28, 0x63, 0x20, 0x63, 0x20, 0x64, 0x10, 0x64, 0x10, 0x64, 0x10, 0x64, 0x10, 0x64, 0x10, 0x64, 0x10, 0x64, 0x10, 0x64, 0x10, 0x64, 0x10, 0x64, 0x10, 0x64, 0x10, 0x64, 0x10, 0x64, 0x10,
    0x64, 0x10, 0x64, 0x10, 0x64, 0x10, 0x64, 0x10, 0x64, 0x10, 0x64, 0x10, 0x64, 0x10, 0x64, 0x10, 0x64, 0x10, 0x64, 0x10, 0x64, 0x10, 0x64, 0x10, 0x64, 0x10, 0x64, 0x10, 0x64, 0x10, 0x64, 0x10,
    0x64, 0x10, 0x64, 0x10, 0x64, 0x10, 0x64, 0x10, 0x64, 0x10, 0x64, 0x10, 0x64, 0x10, 0x64, 0x10, 0x64, 0x10, 0x64, 0x10, 0x64, 0x10, 0x64, 0x10, 0x64, 0x10, 0x64, 0x10, 0x64, 0x10, 0x64, 0x10,
    0x64, 0x10, 0x64, 0x10, 0x64, 0x10, 0x64, 0x10, 0x64, 0x10, 0x64, 0x10, 0x64, 0x10, 0x64, 0x10, 0x64, 0x10, 0x64, 0x10, 0x64, 0x10, 0x64, 0x10, 0x64, 0x10, 0x64, 0x10, 0x64, 0x10, 0x64, 0x10,
    0x64, 0x10, 0x64, 0x10, 0x64, 0x10, 0x64, 0x10, 0x64, 0x10, 0x64, 0x10, 0x64, 0x10, 0x64, 0x10, 0x64, 0x10, 0x64, 0x10, 0x64, 0x10, 0x64, 0x10, 0x64, 0x10, 0x64, 0x10, 0x64, 0x10, 0x64, 0x10,
    0x64, 0x10, 0x64, 0x10, 0x64, 0x10, 0x64, 0x10, 0x64, 0x10, 0x64, 0x10, 0x64, 0x10, 0x64, 0x10, 0x64, 0x10, 0x64, 0x10, 0x64, 0x10, 0x64, 0x10, 0x64, 0x10, 0x64, 0x10, 0x64, 0x10, 0x64, 0x10,
    0x64, 0x10, 0x64, 0x10, 0x64, 0x10, 0x64, 0x10, 0x64, 0x10, 0x64, 0x10, 0x64, 0x10, 0x64, 0x10, 0x64, 0x10, 0x64, 0x10, 0x64, 0x10, 0x64, 0x10, 0x64, 0x10, 0x64, 0x10, 0x64, 0x10, 0x64, 0x10,
    0x64, 0x10, 0x64, 0x10, 0x64, 0x10, 0x64, 0x10, 0x64, 0x10, 0x64, 0x10, 0x64, 0x10, 0x64, 0x10, 0x64, 0x10, 0x64, 0x10, 0x64, 0x10, 0x64, 0x10, 0x64, 0x10, 0x64, 0x10, 0x64, 0x10, 0x64, 0x10,
    0x64, 0x10, 0x64, 0x10, 0x64, 0x10, 0x64, 0x10, 0x64, 0x10, 0x64, 0x10, 0x64, 0x10, 0x64, 0x10, 0x64, 0x10, 0x64, 0x10, 0x64, 0x10, 0x64, 0x10, 0x64, 0x10, 0x64, 0x10, 0x64, 0x10, 0x64, 0x10,
    0x64, 0x10, 0x64, 0x10, 0x64, 0x10, 0x64, 0x10, 0x64, 0x10, 0x64, 0x10, 0x64, 0x10, 0x64, 0x10, 0x64, 0x10, 0x64, 0x10, 0x64, 0x10, 0x64, 0x10, 0x64, 0x10, 0x64, 0x10, 0x64, 0x10, 0x64, 0x10,
    0x64, 0x10, 0x64, 0x10, 0x64, 0x10, 0x64, 0x10, 0x64, 0x10, 0x64, 0x10, 0x64, 0x10, 0x64, 0x10, 0x64, 0x10, 0x64, 0x10, 0x64, 0x10, 0x64, 0x10, 0x64, 0x10, 0x64, 0x10, 0x64, 0x10, 0x64, 0x10,
    0x64, 0x10, 0x64, 0x10, 0x64, 0x10, 0x64, 0x10, 0x64, 0x10, 0x64, 0x10, 0x64, 0x10, 0x64, 0x10, 0x64, 0x10, 0x64, 0x18, 0x64, 0x18, 0x63, 0x28, 0x63, 0x28, 0x43, 0x38, 0x43, 0x38, 0x00, 0xe0,
    0x00, 0xe0, 0x00, 0xe0, 0x00, 0xe0, 0x42, 0x68, 0x42, 0x68, 0x42, 0x78, 0x42, 0x78, 0x22, 0x88, 0x22, 0x88, 0x00, 0xe8, 0x00, 0xe8, 0x00, 0xe8, 0x00, 0xe8, 0x00, 0xf0, 0x00, 0xf0, 0x21, 0xa0,
    0x21, 0xa0, 0x00, 0xf0, 0x00, 0xf0, 0x00, 0xe8, 0x00, 0xe8, 0x42, 0x78, 0x42, 0x78, 0x42, 0x78, 0x42, 0x78, 0x42, 0x60, 0x42, 0x60, 0x43, 0x50, 0x43, 0x50, 0x42, 0x58, 0x42, 0x58, 0x42, 0x68,
    0x42, 0x68, 0x42, 0x70, 0x42, 0x70, 0x00, 0xe8, 0x00, 0xe8, 0x00, 0xe8, 0x00, 0xe8, 0x42, 0x78, 0x42, 0x78, 0x42, 0x78, 0x42, 0x78, 0x42, 0x60, 0x42, 0x60, 0x43, 0x50, 0x43, 0x50, 0x42, 0x58,
    0x42, 0x58, 0x42, 0x68, 0x42, 0x68, 0x42, 0x70, 0x42, 0x70, 0x00, 0xe8, 0x00, 0xe8, 0x00, 0xe8, 0x00, 0xe8, 0x42, 0x78, 0x42, 0x78, 0x42, 0x78, 0x42, 0x78, 0x42, 0x60, 0x42, 0x60, 0x43, 0x50,
    0x43, 0x50, 0x42, 0x58, 0x42, 0x58, 0x42, 0x68, 0x42, 0x68, 0x42, 0x70, 0x42, 0x70, 0x00, 0xe8, 0x00, 0xe8, 0x00, 0xe8, 0x00, 0xe8, 0x42, 0x78, 0x42, 0x78, 0x42, 0x78, 0x42, 0x78, 0x42, 0x60,
    0x42, 0x60, 0x43, 0x50, 0x43, 0x50, 0x43, 0x48, 0x43, 0x48, 0x43, 0x38, 0x43, 0x38, 0x63, 0x28, 0x63, 0x28, 0x63, 0x20, 0x63, 0x20, 0x64, 0x18, 0x64, 0x18, 0x64, 0x10, 0x64, 0x10, 0x64, 0x10,
    0x64, 0x10, 0x64, 0x10, 0x64, 0x10, 0x64, 0x10, 0x64, 0x10, 0x64, 0x10, 0x64, 0x10, 0x64, 0x10, 0x64, 0x10, 0x64, 0x10, 0x64, 0x10, 0x64, 0x10, 0x64, 0x10, 0x64, 0x10, 0x64, 0x10, 0x64, 0x10,
    0x64, 0x10, 0x64, 0x10, 0x64, 0x10, 0x64, 0x10, 0x64, 0x10, 0x64, 0x10, 0x64, 0x10, 0x64, 0x10, 0x64, 0x10, 0x64, 0x10, 0x64, 0x10, 0x64, 0x10, 0x64, 0x10, 0x64, 0x10, 0x64, 0x10, 0x64, 0x10,
    0x64, 0x10, 0x64, 0x10, 0x64, 0x10, 0x64, 0x10, 0x64, 0x10, 0x64, 0x10, 0x64, 0x10, 0x64, 0x10, 0x64, 0x10, 0x64, 0x10, 0x64, 0x10, 0x64, 0x10, 0x64, 0x10, 0x64, 0x10, 0x64, 0x10, 0x64, 0x10,
    0x64, 0x10, 0x64, 0x10, 0x64, 0x10, 0x64, 0x10, 0x64, 0x10, 0x64, 0x10, 0x64, 0x10, 0x64, 0x10, 0x64, 0x10, 0x64, 0x10, 0x64, 0x10, 0x64, 0x10, 0x64, 0x10, 0x64, 0x10, 0x64, 0x10, 0x64, 0x10,
    0x64, 0x10, 0x64, 0x10, 0x64, 0x10, 0x64, 0x10, 0x64, 0x10, 0x64, 0x10, 0x64, 0x10, 0x64, 0x10, 0x64, 0x10, 0x64, 0x10, 0x64, 0x10, 0x64, 0x10, 0x64, 0x10, 0x64, 0x10, 0x64, 0x10, 0x64, 0x10,
    0x64, 0x10, 0x64, 0x10, 0x64, 0x10, 0x64, 0x10, 0x64, 0x10, 0x64, 0x10, 0x64, 0x10, 0x64, 0x10, 0x64, 0x10, 0x64, 0x10, 0x64, 0x10, 0x64, 0x10, 0x64, 0x10, 0x64, 0x10, 0x64, 0x10, 0x64, 0x10,
    0x64, 0x10, 0x64, 0x10, 0x64, 0x10, 0x64, 0x10, 0x64, 0x10, 0x64, 0x10, 0x64, 0x10, 0x64, 0x10, 0x64, 0x10, 0x64, 0x10, 0x64, 0x10, 0x64, 0x10, 0x64, 0x10, 0x64, 0x10, 0x64, 0x10, 0x64, 0x10,
    0x64, 0x10, 0x64, 0x10, 0x64, 0x10, 0x64, 0x10, 0x64, 0x10, 0x64, 0x10, 0x64, 0x10, 0x64, 0x10, 0x64, 0x10, 0x64, 0x10, 0x64, 0x10, 0x64, 0x10, 0x64, 0x10, 0x64, 0x10, 0x64, 0x10, 0x64, 0x10,
    0x64, 0x10, 0x64, 0x10, 0x64, 0x10, 0x64, 0x10, 0x64, 0x10, 0x64, 0x10, 0x64, 0x10, 0x64, 0x10, 0x64, 0x10, 0x64, 0x10, 0x64, 0x10, 0x64, 0x10, 0x64, 0x10, 0x64, 0x10, 0x64, 0x10, 0x64, 0x10,
    0x64, 0x10, 0x64, 0x10, 0x64, 0x10, 0x64, 0x10, 0x64, 0x10, 0x64, 0x10, 0x64, 0x10, 0x64, 0x10, 0x64, 0x10, 0x64, 0x10, 0x64, 0x10, 0x64, 0x10, 0x64, 0x10, 0x64, 0x10, 0x64, 0x10, 0x64, 0x10,
    0x64, 0x10, 0x64, 0x10, 0x64, 0x10, 0x64, 0x10, 0x64, 0x10, 0x64, 0x10, 0x64, 0x10, 0x64, 0x10, 0x64, 0x10, 0x64, 0x10, 0x64, 0x10, 0x64, 0x10, 0x64, 0x10, 0x64, 0x10, 0x64, 0x10, 0x64, 0x10,
    0x64, 0x10, 0x64, 0x18, 0x64, 0x18, 0x63, 0x28, 0x63, 0x28, 0x43, 0x38, 0x43, 0x38, 0x00, 0xe0, 0x00, 0xe0, 0x00, 0xe0, 0x00, 0xe0, 0x42, 0x68, 0x42, 0x68, 0x42, 0x78, 0x42, 0x78, 0x22, 0x88,
    0x22, 0x88, 0x00, 0xe8, 0x00, 0xe8, 0x00, 0xe8, 0x00, 0xe8, 0x00, 0xf0, 0x00, 0xf0, 0x21, 0xa0, 0x21, 0xa0, 0x00, 0xf0, 0x00, 0xf0, 0x00, 0xe8, 0x00, 0xe8, 0x42, 0x78, 0x42, 0x78, 0x42, 0x78,
    0x42, 0x78, 0x42, 0x60, 0x42, 0x60, 0x43, 0x50, 0x43, 0x50, 0x42, 0x58, 0x42, 0x58, 0x42, 0x68, 0x42, 0x68, 0x42, 0x70, 0x42, 0x70, 0x00, 0xe8, 0x00, 0xe8, 0x00, 0xe8, 0x00, 0xe8, 0x42, 0x78,
    0x42, 0x78, 0x42, 0x78, 0x42, 0x78, 0x42, 0x60, 0x42, 0x60, 0x43, 0x50, 0x43, 0x50, 0x42, 0x58, 0x42, 0x58, 0x42, 0x68, 0x42, 0x68, 0x42, 0x70, 0x42, 0x70, 0x00, 0xe8, 0x00, 0xe8, 0x00, 0xe8,
    0x00, 0xe8, 0x42, 0x78, 0x42, 0x78, 0x42, 0x78, 0x42, 0x78, 0x42, 0x60, 0x42, 0x60, 0x43, 0x50, 0x43, 0x50, 0x42, 0x58, 0x42, 0x58, 0x42, 0x68, 0x42, 0x68, 0x42, 0x70, 0x42, 0x70, 0x00, 0xe8,
    0x00, 0xe8, 0x00, 0xe8, 0x00, 0xe8, 0x42, 0x78, 0x42, 0x78, 0x42, 0x78, 0x42, 0x78, 0x42, 0x60, 0x42, 0x60, 0x43, 0x50, 0x43, 0x50, 0x43, 0x48, 0x43, 0x48, 0x43, 0x38, 0x43, 0x38, 0x63, 0x28,
    0x63, 0x28, 0x63, 0x20, 0x63, 0x20, 0x64, 0x18, 0x64, 0x18, 0x64, 0x10, 0x64, 0x10, 0x64, 0x10, 0x64, 0x10, 0x64, 0x10, 0x64, 0x10, 0x64, 0x10, 0x64, 0x10, 0x64, 0x10, 0x64, 0x10, 0x64, 0x10,
    0x64, 0x10, 0x64, 0x10, 0x64, 0x10, 0x64, 0x10, 0x64, 0x10, 0x64, 0x10, 0x64, 0x10, 0x64, 0x10, 0x64, 0x10, 0x64, 0x10, 0x64, 0x10, 0x64, 0x10, 0x64, 0x10, 0x64, 0x10, 0x64, 0x10, 0x64, 0x10,
    0x64, 0x10, 0x64, 0x10, 0x64, 0x10, 0x64, 0x10, 0x64, 0x10, 0x64, 0x10, 0x64, 0x10, 0x64, 0x10, 0x64, 0x10, 0x64, 0x10, 0x64, 0x10, 0x64, 0x10, 0x64, 0x10, 0x64, 0x10, 0x64, 0x10, 0x64, 0x10,
    0x64, 0x10, 0x64, 0x10, 0x64, 0x10, 0x64, 0x10, 0x64, 0x10, 0x64, 0x10, 0x64, 0x10, 0x64, 0x10, 0x64, 0x10, 0x64, 0x10, 0x64, 0x10, 0x64, 0x10, 0x64, 0x10, 0x64, 0x10, 0x64, 0x10, 0x64, 0x10,
    0x64, 0x10, 0x64, 0x10, 0x64, 0x10, 0x64, 0x10, 0x64, 0x10, 0x64, 0x10, 0x64, 0x10, 0x64, 0x10, 0x64, 0x10, 0x64, 0x10, 0x64, 0x10, 0x64, 0x10, 0x64, 0x10, 0x64, 0x10, 0x64, 0x10, 0x64, 0x10,
    0x64, 0x10, 0x64, 0x10, 0x64, 0x10, 0x64, 0x10, 0x64, 0x10, 0x64, 0x10, 0x64, 0x10, 0x64, 0x10, 0x64, 0x10, 0x64, 0x10, 0x64, 0x10, 0x64, 0x10, 0x64, 0x10, 0x64, 0x10, 0x64, 0x10, 0x64, 0x10,
    0x64, 0x10, 0x64, 0x10, 0x64, 0x10, 0x64, 0x10, 0x64, 0x10, 0x64, 0x10, 0x64, 0x10, 0x64, 0x10, 0x64, 0x10, 0x64, 0x10, 0x64, 0x10, 0x64, 0x10, 0x64, 0x10, 0x64, 0x10, 0x64, 0x10, 0x64, 0x10,
    0x64, 0x10, 0x64, 0x10, 0x64, 0x10, 0x64, 0x10, 0x64, 0x10, 0x64, 0x10, 0x64, 0x10, 0x64, 0x10, 0x64, 0x10, 0x64, 0x10, 0x64, 0x10, 0x64, 0x10, 0x64, 0x10, 0x64, 0x10, 0x64, 0x10, 0x64, 0x10,
    0x64, 0x10, 0x64, 0x10, 0x64, 0x10, 0x64, 0x10, 0x64, 0x10, 0x64, 0x10, 0x64, 0x10, 0x64, 0x10, 0x64, 0x10, 0x64, 0x10, 0x64, 0x10, 0x64, 0x10, 0x64, 0x10, 0x64, 0x10, 0x64, 0x10, 0x64, 0x10,
    0x64, 0x10, 0x64, 0x10, 0x64, 0x10, 0x64, 0x10, 0x64, 0x10, 0x64, 0x10, 0x64, 0x10, 0x64, 0x10, 0x64, 0x10, 0x64, 0x10, 0x64, 0x10, 0x64, 0x10, 0x64, 0x10, 0x64, 0x10, 0x64, 0x10, 0x64, 0x10,
    0x64, 0x10, 0x64, 0x10, 0x64, 0x10, 0x64, 0x10, 0x64, 0x10, 0x64, 0x10, 0x64, 0x10, 0x64, 0x10, 0x64, 0x10, 0x64, 0x10, 0x64, 0x10, 0x64, 0x10, 0x64, 0x10, 0x64, 0x10, 0x64, 0x10, 0x64, 0x10,
    0x64, 0x10, 0x64, 0x10, 0x64, 0x10, 0x64, 0x10, 0x64, 0x10, 0x64, 0x10, 0x64, 0x10, 0x64, 0x10, 0x64, 0x10, 0x64, 0x18, 0x64, 0x18, 0x63, 0x30, 0x63, 0x30, 0x43, 0x40, 0x43, 0x40, 0x00, 0xe0,
    0x00, 0xe0, 0x00, 0xe0, 0x00, 0xe0, 0x00, 0xe8, 0x00, 0xe8, 0x00, 0xe8, 0x00, 0xe8, 0x00, 0xe8, 0x00, 0xe8, 0x00, 0xe8, 0x00, 0xe8, 0x00, 0xe8, 0x00, 0xe8, 0x00, 0xe8, 0x00, 0xe8, 0x22, 0x90,
    0x22, 0x90, 0x00, 0xe8, 0x00, 0xe8, 0x00, 0xe8, 0x00, 0xe8, 0x00, 0xe8, 0x00, 0xe8, 0x00, 0xe8, 0x00, 0xe8, 0x00, 0xe8, 0x00, 0xe8, 0x00, 0xe0, 0x00, 0xe0, 0x00, 0xe8, 0x00, 0xe8, 0x00, 0xe8,
    0x00, 0xe8, 0x42, 0x70, 0x42, 0x70, 0x00, 0xe8, 0x00, 0xe8, 0x00, 0xe8, 0x00, 0xe8, 0x00, 0xe8, 0x00, 0xe8, 0x00, 0xe8, 0x00, 0xe8, 0x00, 0xe8, 0x00, 0xe8, 0x00, 0xe0, 0x00, 0xe0, 0x00, 0xe8,
    0x00, 0xe8, 0x00, 0xe8, 0x00, 0xe8, 0x42, 0x70, 0x42, 0x70, 0x00, 0xe8, 0x00, 0xe8, 0x00, 0xe8, 0x00, 0xe8, 0x00, 0xe8, 0x00, 0xe8, 0x00, 0xe8, 0x00, 0xe8, 0x00, 0xe8, 0x00, 0xe8, 0x00, 0xe0,
    0x00, 0xe0, 0x00, 0xe8, 0x00, 0xe8, 0x00, 0xe8, 0x00, 0xe8, 0x42, 0x70, 0x42, 0x70, 0x00, 0xe8, 0x00, 0xe8, 0x00, 0xe8, 0x00, 0xe8, 0x00, 0xe8, 0x00, 0xe8, 0x00, 0xe8, 0x00, 0xe8, 0x00, 0xe8,
    0x00, 0xe8, 0x00, 0xe0, 0x00, 0xe0, 0x00, 0xe0, 0x00, 0xe0, 0x00, 0xe0, 0x00, 0xe0, 0x63, 0x30, 0x63, 0x30, 0x63, 0x28, 0x63, 0x28, 0x64, 0x18, 0x64, 0x18, 0x64, 0x10, 0x64, 0x10, 0x64, 0x10,
    0x64, 0x10, 0x64, 0x10, 0x64, 0x10, 0x64, 0x10, 0x64, 0x10, 0x64, 0x10, 0x64, 0x10, 0x64, 0x10, 0x64, 0x10, 0x64, 0x10, 0x64, 0x10, 0x64, 0x10, 0x64, 0x10, 0x64, 0x10, 0x64, 0x10, 0x64, 0x10,
    0x64, 0x10, 0x64, 0x10, 0x64, 0x10, 0x64, 0x10, 0x64, 0x10, 0x64, 0x10, 0x64, 0x10, 0x64, 0x10, 0x64, 0x10, 0x64, 0x10, 0x64, 0x10, 0x64, 0x10, 0x64, 0x10, 0x64, 0x10, 0x64, 0x10, 0x64, 0x10,
    0x64, 0x10, 0x64, 0x10, 0x64, 0x10, 0x64, 0x10, 0x64, 0x10, 0x64, 0x10, 0x64, 0x10, 0x64, 0x10, 0x64, 0x10, 0x64, 0x10, 0x64, 0x10, 0x64, 0x10, 0x64, 0x10, 0x64, 0x10, 0x64, 0x10, 0x64, 0x10,
    0x64, 0x10, 0x64, 0x10, 0x64, 0x10, 0x64, 0x10, 0x64, 0x10, 0x64, 0x10, 0x64, 0x10, 0x64, 0x10, 0x64, 0x10, 0x64, 0x10, 0x64, 0x10, 0x64, 0x10, 0x64, 0x10, 0x64, 0x10, 0x64, 0x10, 0x64, 0x10,
    0x64, 0x10, 0x64, 0x10, 0x64, 0x10, 0x64, 0x10, 0x64, 0x10, 0x64, 0x10, 0x64, 0x10, 0x64, 0x10, 0x64, 0x10, 0x64, 0x10, 0x64, 0x10, 0x64, 0x10, 0x64, 0x10, 0x64, 0x10, 0x64, 0x10, 0x64, 0x10,
    0x64, 0x10, 0x64, 0x10, 0x64, 0x10, 0x64, 0x10, 0x64, 0x10, 0x64, 0x10, 0x64, 0x10, 0x64, 0x10, 0x64, 0x10, 0x64, 0x10, 0x64, 0x10, 0x64, 0x10, 0x64, 0x10, 0x64, 0x10, 0x64, 0x10, 0x64, 0x10,
    0x64, 0x10, 0x64, 0x10, 0x64, 0x10, 0x64, 0x10, 0x64, 0x10, 0x64, 0x10, 0x64, 0x10, 0x64, 0x10, 0x64, 0x10, 0x64, 0x10, 0x64, 0x10, 0x64, 0x10, 0x64, 0x10, 0x64, 0x10, 0x64, 0x10, 0x64, 0x10,
    0x64, 0x10, 0x64, 0x10, 0x64, 0x10, 0x64, 0x10, 0x64, 0x10, 0x64, 0x10, 0x64, 0x10, 0x64, 0x10, 0x64, 0x10, 0x64, 0x10, 0x64, 0x10, 0x64, 0x10, 0x64, 0x10, 0x64, 0x10, 0x64, 0x10, 0x64, 0x10,
    0x64, 0x10, 0x64, 0x10, 0x64, 0x10, 0x64, 0x10, 0x64, 0x10, 0x64, 0x10, 0x64, 0x10, 0x64, 0x10, 0x64, 0x10, 0x64, 0x10, 0x64, 0x10, 0x64, 0x10, 0x64, 0x10, 0x64, 0x10, 0x64, 0x10, 0x64, 0x10,
    0x64, 0x10, 0x64, 0x10, 0x64, 0x10, 0x64, 0x10, 0x64, 0x10, 0x64, 0x10, 0x64, 0x10, 0x64, 0x10, 0x64, 0x10, 0x64, 0x10, 0x64, 0x10, 0x64, 0x10, 0x64, 0x10, 0x64, 0x10, 0x64, 0x10, 0x64, 0x10,
    0x64, 0x10, 0x64, 0x10, 0x64, 0x10, 0x64, 0x10, 0x64, 0x10, 0x64, 0x10, 0x64, 0x10, 0x64, 0x10, 0x64, 0x10, 0x64, 0x10, 0x64, 0x10, 0x64, 0x10, 0x64, 0x10, 0x64, 0x10, 0x64, 0x10, 0x64, 0x10,
    0x64, 0x10, 0x64, 0x18, 0x64, 0x18, 0x63, 0x30, 0x63, 0x30, 0x43, 0x40, 0x43, 0x40, 0x00, 0xe0, 0x00, 0xe0, 0x00, 0xe0, 0x00, 0xe0, 0x00, 0xe8, 0x00, 0xe8, 0x00, 0xe8, 0x00, 0xe8, 0x00, 0xe8,
    0x00, 0xe8, 0x00, 0xe8, 0x00, 0xe8, 0x00, 0xe8, 0x00, 0xe8, 0x00, 0xe8, 0x00, 0xe8, 0x22, 0x90, 0x22, 0x90, 0x00, 0xe8, 0x00, 0xe8, 0x00, 0xe8, 0x00, 0xe8, 0x00, 0xe8, 0x00, 0xe8, 0x00, 0xe8,
    0x00, 0xe8, 0x00, 0xe8, 0x00, 0xe8, 0x00, 0xe0, 0x00, 0xe0, 0x00, 0xe8, 0x00, 0xe8, 0x00, 0xe8, 0x00, 0xe8, 0x42, 0x70, 0x42, 0x70, 0x00, 0xe8, 0x00, 0xe8, 0x00, 0xe8, 0x00, 0xe8, 0x00, 0xe8,
    0x00, 0xe8, 0x00, 0xe8, 0x00, 0xe8, 0x00, 0xe8, 0x00, 0xe8, 0x00, 0xe0, 0x00, 0xe0, 0x00, 0xe8, 0x00, 0xe8, 0x00, 0xe8, 0x00, 0xe8, 0x42, 0x70, 0x42, 0x70, 0x00, 0xe8, 0x00, 0xe8, 0x00, 0xe8,
    0x00, 0xe8, 0x00, 0xe8, 0x00, 0xe8, 0x00, 0xe8, 0x00, 0xe8, 0x00, 0xe8, 0x00, 0xe8, 0x00, 0xe0, 0x00, 0xe0, 0x00, 0xe8, 0x00, 0xe8, 0x00, 0xe8, 0x00, 0xe8, 0x42, 0x70, 0x42, 0x70, 0x00, 0xe8,
    0x00, 0xe8, 0x00, 0xe8, 0x00, 0xe8, 0x00, 0xe8, 0x00, 0xe8, 0x00, 0xe8, 0x00, 0xe8, 0x00, 0xe8, 0x00, 0xe8, 0x00, 0xe0, 0x00, 0xe0, 0x00, 0xe0, 0x00, 0xe0, 0x00, 0xe0, 0x00, 0xe0, 0x63, 0x30,
    0x63, 0x30, 0x63, 0x28, 0x63, 0x28, 0x64, 0x18, 0x64, 0x18, 0x64, 0x10, 0x64, 0x10, 0x64, 0x10, 0x64, 0x10, 0x64, 0x10, 0x64, 0x10, 0x64, 0x10, 0x64, 0x10, 0x64, 0x10, 0x64, 0x10, 0x64, 0x10,
    0x64, 0x10, 0x64, 0x10, 0x64, 0x10, 0x64, 0x10, 0x64, 0x10, 0x64, 0x10, 0x64, 0x10, 0x64, 0x10, 0x64, 0x10, 0x64, 0x10, 0x64, 0x10, 0x64, 0x10, 0x64, 0x10, 0x64, 0x10, 0x64, 0x10, 0x64, 0x10,
    0x64, 0x10, 0x64, 0x10, 0x64, 0x10, 0x64, 0x10, 0x64, 0x10, 0x64, 0x10, 0x64, 0x10, 0x64, 0x10, 0x64, 0x10, 0x64, 0x10, 0x64, 0x10, 0x64, 0x10, 0x64, 0x10, 0x64, 0x10, 0x64, 0x10, 0x64, 0x10,
    0x64, 0x10, 0x64, 0x10, 0x64, 0x10, 0x64, 0x10, 0x64, 0x10, 0x64, 0x10, 0x64, 0x10, 0x64, 0x10, 0x64, 0x10, 0x64, 0x10, 0x64, 0x10, 0x64, 0x10, 0x64, 0x10, 0x64, 0x10, 0x64, 0x10, 0x64, 0x10,
    0x64, 0x10, 0x64, 0x10, 0x64, 0x10, 0x64, 0x10, 0x64, 0x10, 0x64, 0x10, 0x64, 0x10, 0x64, 0x10, 0x64, 0x10, 0x64, 0x10, 0x64, 0x10, 0x64, 0x10, 0x64, 0x10, 0x64, 0x10, 0x64, 0x10, 0x64, 0x10,
    0x64, 0x10, 0x64, 0x10, 0x64, 0x10, 0x64, 0x10, 0x64, 0x10, 0x64, 0x10, 0x64, 0x10, 0x64, 0x10, 0x64, 0x10, 0x64, 0x10, 0x64, 0x10, 0x64, 0x10, 0x64, 0x10, 0x64, 0x10, 0x64, 0x10, 0x64, 0x10,
    0x64, 0x10, 0x64, 0x10, 0x64, 0x10, 0x64, 0x10, 0x64, 0x10, 0x64, 0x10, 0x64, 0x10, 0x64, 0x10, 0x64, 0x10, 0x64, 0x10, 0x64, 0x10, 0x64, 0x10, 0x64, 0x10, 0x64, 0x10, 0x64, 0x10, 0x64, 0x10,
    0x64, 0x10, 0x64, 0x10, 0x64, 0x10, 0x64, 0x10, 0x64, 0x10, 0x64, 0x10, 0x64, 0x10, 0x64, 0x10, 0x64, 0x10, 0x64, 0x10, 0x64, 0x10, 0x64, 0x10, 0x64, 0x10, 0x64, 0x10, 0x64, 0x10, 0x64, 0x10,
    0x64, 0x10, 0x64, 0x10, 0x64, 0x10, 0x64, 0x10, 0x64, 0x10, 0x64, 0x10, 0x64, 0x10, 0x64, 0x10, 0x64, 0x10, 0x64, 0x10, 0x64, 0x10, 0x64, 0x10, 0x64, 0x10, 0x64, 0x10, 0x64, 0x10, 0x64, 0x10,
    0x64, 0x10, 0x64, 0x10, 0x64, 0x10, 0x64, 0x10, 0x64, 0x10, 0x64, 0x10, 0x64, 0x10, 0x64, 0x10, 0x64, 0x10, 0x64, 0x10, 0x64, 0x10, 0x64, 0x10, 0x64, 0x10, 0x64, 0x10, 0x64, 0x10, 0x64, 0x10,
    0x64, 0x10, 0x64, 0x10, 0x64, 0x10, 0x64, 0x10, 0x64, 0x10, 0x64, 0x10, 0x64, 0x10, 0x64, 0x10, 0x64, 0x10, 0x64, 0x10, 0x64, 0x10, 0x64, 0x10, 0x64, 0x10, 0x64, 0x10, 0x64, 0x10, 0x64, 0x10,
    0x64, 0x10, 0x64, 0x10, 0x64, 0x10, 0x64, 0x10, 0x64, 0x10, 0x64, 0x10, 0x64, 0x10, 0x64, 0x10, 0x64, 0x10, 0x64, 0x18, 0x64, 0x18, 0x63, 0x28, 0x63, 0x28, 0x43, 0x40, 0x43, 0x40, 0x00, 0xe0,
    0x00, 0xe0, 0x00, 0xe0, 0x00, 0xe0, 0x00, 0xe8, 0x00, 0xe8, 0x00, 0xe8, 0x00, 0xe8, 0x00, 0xe8, 0x00, 0xe8, 0x00, 0xe8, 0x00, 0xe8, 0x00, 0xe8, 0x00, 0xe8, 0x42, 0x78, 0x42, 0x78, 0x42, 0x70,
    0x42, 0x70, 0x00, 0xe8, 0x00, 0xe8, 0x00, 0xe8, 0x00, 0xe8, 0x00, 0xe8, 0x00, 0xe8, 0x00, 0xe8, 0x00, 0xe8, 0x00, 0xe8, 0x00, 0xe8, 0x00, 0xe0, 0x00, 0xe0, 0x00, 0xe0, 0x00, 0xe0, 0x00, 0xe8,
    0x00, 0xe8, 0x42, 0x68, 0x42, 0x68, 0x00, 0xe8, 0x00, 0xe8, 0x00, 0xe8, 0x00, 0xe8, 0x00, 0xe8, 0x00, 0xe8, 0x00, 0xe8, 0x00, 0xe8, 0x00, 0xe8, 0x00, 0xe8, 0x00, 0xe0, 0x00, 0xe0, 0x00, 0xe0,
    0x00, 0xe0, 0x00, 0xe8, 0x00, 0xe8, 0x42, 0x68, 0x42, 0x68, 0x00, 0xe8, 0x00, 0xe8, 0x00, 0xe8, 0x00, 0xe8, 0x00, 0xe8, 0x00, 0xe8, 0x00, 0xe8, 0x00, 0xe8, 0x00, 0xe8, 0x00, 0xe8, 0x00, 0xe0,
    0x00, 0xe0, 0x00, 0xe0, 0x00, 0xe0, 0x00, 0xe8, 0x00, 0xe8, 0x42, 0x68, 0x42, 0x68, 0x00, 0xe8, 0x00, 0xe8, 0x00, 0xe8, 0x00, 0xe8, 0x00, 0xe8, 0x00, 0xe8, 0x00, 0xe8, 0x00, 0xe8, 0x00, 0xe8,
    0x00, 0xe8, 0x00, 0xe0, 0x00, 0xe0, 0x00, 0xe0, 0x00, 0xe0, 0x00, 0xe0, 0x00, 0xe0, 0x63, 0x30, 0x63, 0x30, 0x63, 0x28, 0x63, 0x28, 0x64, 0x18, 0x64, 0x18, 0x64, 0x10, 0x64, 0x10, 0x64, 0x10,
    0x64, 0x10, 0x64, 0x10, 0x64, 0x10, 0x64, 0x10, 0x64, 0x10, 0x64, 0x10, 0x64, 0x10, 0x64, 0x10, 0x64, 0x10, 0x64, 0x10, 0x64, 0x10, 0x64, 0x10, 0x64, 0x10, 0x64, 0x10, 0x64, 0x10, 0x64, 0x10,
    0x64, 0x10, 0x64, 0x10, 0x64, 0x10, 0x64, 0x10, 0x64, 0x10, 0x64, 0x10, 0x64, 0x10, 0x64, 0x10, 0x64, 0x10, 0x64, 0x10, 0x64, 0x10, 0x64, 0x10, 0x64, 0x10, 0x64, 0x10, 0x64, 0x10, 0x64, 0x10,
    0x64, 0x10, 0x64, 0x10, 0x64, 0x10, 0x64, 0x10, 0x64, 0x10, 0x64, 0x10, 0x64, 0x10, 0x64, 0x10, 0x64, 0x10, 0x64, 0x10, 0x64, 0x10, 0x64, 0x10, 0x64, 0x10, 0x64, 0x10, 0x64, 0x10, 0x64, 0x10,
    0x64, 0x10, 0x64, 0x10, 0x64, 0x10, 0x64, 0x10, 0x64, 0x10, 0x64, 0x10, 0x64, 0x10, 0x64, 0x10, 0x64, 0x10, 0x64, 0x10, 0x64, 0x10, 0x64, 0x10, 0x64, 0x10, 0x64, 0x10, 0x64, 0x10, 0x64, 0x10,
    0x64, 0x10, 0x64, 0x10, 0x64, 0x10, 0x64, 0x10, 0x64, 0x10, 0x64, 0x10, 0x64, 0x10, 0x64, 0x10, 0x64, 0x10, 0x64, 0x10, 0x64, 0x10, 0x64, 0x10, 0x64, 0x10, 0x64, 0x10, 0x64, 0x10, 0x64, 0x10,
    0x64, 0x10, 0x64, 0x10, 0x64, 0x10, 0x64, 0x10, 0x64, 0x10, 0x64, 0x10, 0x64, 0x10, 0x64, 0x10, 0x64, 0x10, 0x64, 0x10, 0x64, 0x10, 0x64, 0x10, 0x64, 0x10, 0x64, 0x10, 0x64, 0x10, 0x64, 0x10,
    0x64, 0x10, 0x64, 0x10, 0x64, 0x10, 0x64, 0x10, 0x64, 0x10, 0x64, 0x10, 0x64, 0x10, 0x64, 0x10, 0x64, 0x10, 0x64, 0x10, 0x64, 0x10, 0x64, 0x10, 0x64, 0x10, 0x64, 0x10, 0x64, 0x10, 0x64, 0x10,
    0x64, 0x10, 0x64, 0x10, 0x64, 0x10, 0x64, 0x10, 0x64, 0x10, 0x64, 0x10, 0x64, 0x10, 0x64, 0x10, 0x64, 0x10, 0x64, 0x10, 0x64, 0x10, 0x64, 0x10, 0x64, 0x10, 0x64, 0x10, 0x64, 0x10, 0x64, 0x10,
    0x64, 0x10, 0x64, 0x10, 0x64, 0x10, 0x64, 0x10, 0x64, 0x10, 0x64, 0x10, 0x64, 0x10, 0x64, 0x10, 0x64, 0x10, 0x64, 0x10, 0x64, 0x10, 0x64, 0x10, 0x64, 0x10, 0x64, 0x10, 0x64, 0x10, 0x64, 0x10,
    0x64, 0x10, 0x64, 0x10, 0x64, 0x10, 0x64, 0x10, 0x64, 0x10, 0x64, 0x10, 0x64, 0x10, 0x64, 0x10, 0x64, 0x10, 0x64, 0x10, 0x64, 0x10, 0x64, 0x10, 0x64, 0x10, 0x64, 0x10, 0x64, 0x10, 0x64, 0x10,
    0x64, 0x10, 0x64, 0x10, 0x64, 0x10, 0x64, 0x10, 0x64, 0x10, 0x64, 0x10, 0x64, 0x10, 0x64, 0x10, 0x64, 0x10, 0x64, 0x10, 0x64, 0x10, 0x64, 0x10, 0x64, 0x10, 0x64, 0x10, 0x64, 0x10, 0x64, 0x10,
    0x64, 0x10, 0x64, 0x18, 0x64, 0x18, 0x63, 0x28, 0x63, 0x28, 0x43, 0x40, 0x43, 0x40, 0x00, 0xe0, 0x00, 0xe0, 0x00, 0xe0, 0x00, 0xe0, 0x00, 0xe8, 0x00, 0xe8, 0x00, 0xe8, 0x00, 0xe8, 0x00, 0xe8,
    0x00, 0xe8, 0x00, 0xe8, 0x00, 0xe8, 0x00, 0xe8, 0x00, 0xe8, 0x42, 0x78, 0x42, 0x78, 0x42, 0x70, 0x42, 0x70, 0x00, 0xe8, 0x00, 0xe8, 0x00, 0xe8, 0x00, 0xe8, 0x00, 0xe8, 0x00, 0xe8, 0x00, 0xe8,
    0x00, 0xe8, 0x00, 0xe8, 0x00, 0xe8, 0x00, 0xe0, 0x00, 0xe0, 0x00, 0xe0, 0x00, 0xe0, 0x00, 0xe8, 0x00, 0xe8, 0x42, 0x68, 0x42, 0x68, 0x00, 0xe8, 0x00, 0xe8, 0x00, 0xe8, 0x00, 0xe8, 0x00, 0xe8,
    0x00, 0xe8, 0x00, 0xe8, 0x00, 0xe8, 0x00, 0xe8, 0x00, 0xe8, 0x00, 0xe0, 0x00, 0xe0, 0x00, 0xe0, 0x00, 0xe0, 0x00, 0xe8, 0x00, 0xe8, 0x42, 0x68, 0x42, 0x68, 0x00, 0xe8, 0x00, 0xe8, 0x00, 0xe8,
    0x00, 0xe8, 0x00, 0xe8, 0x00, 0xe8, 0x00, 0xe8, 0x00, 0xe8, 0x00, 0xe8, 0x00, 0xe8, 0x00, 0xe0, 0x00, 0xe0, 0x00, 0xe0, 0x00, 0xe0, 0x00, 0xe8, 0x00, 0xe8, 0x42, 0x68, 0x42, 0x68, 0x00, 0xe8,
    0x00, 0xe8, 0x00, 0xe8, 0x00, 0xe8, 0x00, 0xe8, 0x00, 0xe8, 0x00, 0xe8, 0x00, 0xe8, 0x00, 0xe8, 0x00, 0xe8, 0x00, 0xe0, 0x00, 0xe0, 0x00, 0xe0, 0x00, 0xe0, 0x00, 0xe0, 0x00, 0xe0, 0x63, 0x30,
    0x63, 0x30, 0x63, 0x28, 0x63, 0x28, 0x64, 0x18, 0x64, 0x18, 0x64, 0x10, 0x64, 0x10, 0x64, 0x10, 0x64, 0x10, 0x64, 0x10, 0x64, 0x10, 0x64, 0x10, 0x64, 0x10, 0x64, 0x10, 0x64, 0x10, 0x64, 0x10,
    0x64, 0x10, 0x64, 0x10, 0x64, 0x10, 0x64, 0x10, 0x64, 0x10, 0x64, 0x10, 0x64, 0x10, 0x64, 0x10, 0x64, 0x10, 0x64, 0x10, 0x64, 0x10, 0x64, 0x10, 0x64, 0x10, 0x64, 0x10, 0x64, 0x10, 0x64, 0x10,
    0x64, 0x10, 0x64, 0x10, 0x64, 0x10, 0x64, 0x10, 0x64, 0x10, 0x64, 0x10, 0x64, 0x10, 0x64, 0x10, 0x64, 0x10, 0x64, 0x10, 0x64, 0x10, 0x64, 0x10, 0x64, 0x10, 0x64, 0x10, 0x64, 0x10, 0x64, 0x10,
    0x64, 0x10, 0x64, 0x10, 0x64, 0x10, 0x64, 0x10, 0x64, 0x10, 0x64, 0x10, 0x64, 0x10, 0x64, 0x10, 0x64, 0x10, 0x64, 0x10, 0x64, 0x10, 0x64, 0x10, 0x64, 0x10, 0x64, 0x10, 0x64, 0x10, 0x64, 0x10,
    0x64, 0x10, 0x64, 0x10, 0x64, 0x10, 0x64, 0x10, 0x64, 0x10, 0x64, 0x10, 0x64, 0x10, 0x64, 0x10, 0x64, 0x10, 0x64, 0x10, 0x64, 0x10, 0x64, 0x10, 0x64, 0x10, 0x64, 0x10, 0x64, 0x10, 0x64, 0x10,
    0x64, 0x10, 0x64, 0x10, 0x64, 0x10, 0x64, 0x10, 0x64, 0x10, 0x64, 0x10, 0x64, 0x10, 0x64, 0x10, 0x64, 0x10, 0x64, 0x10, 0x64, 0x10, 0x64, 0x10, 0x64, 0x10, 0x64, 0x10, 0x64, 0x10, 0x64, 0x10,
    0x64, 0x10, 0x64, 0x10, 0x64, 0x10, 0x64, 0x10, 0x64, 0x10, 0x64, 0x10, 0x64, 0x10, 0x64, 0x10, 0x64, 0x10, 0x64, 0x10, 0x64, 0x10, 0x64, 0x10, 0x64, 0x10, 0x64, 0x10, 0x64, 0x10, 0x64, 0x10,
    0x64, 0x10, 0x64, 0x10, 0x64, 0x10, 0x64, 0x10, 0x64, 0x10, 0x64, 0x10, 0x64, 0x10, 0x64, 0x10, 0x64, 0x10, 0x64, 0x10, 0x64, 0x10, 0x64, 0x10, 0x64, 0x10, 0x64, 0x10, 0x64, 0x10, 0x64, 0x10,
    0x64, 0x10, 0x64, 0x10, 0x64, 0x10, 0x64, 0x10, 0x64, 0x10, 0x64, 0x10, 0x64, 0x10, 0x64, 0x10, 0x64, 0x10, 0x64, 0x10, 0x64, 0x10, 0x64, 0x10, 0x64, 0x10, 0x64, 0x10, 0x64, 0x10, 0x64, 0x10,
    0x64, 0x10, 0x64, 0x10, 0x64, 0x10, 0x64, 0x10, 0x64, 0x10, 0x64, 0x10, 0x64, 0x10, 0x64, 0x10, 0x64, 0x10, 0x64, 0x10, 0x64, 0x10, 0x64, 0x10, 0x64, 0x10, 0x64, 0x10, 0x64, 0x10, 0x64, 0x10,
    0x64, 0x10, 0x64, 0x10, 0x64, 0x10, 0x64, 0x10, 0x64, 0x10, 0x64, 0x10, 0x64, 0x10, 0x64, 0x10, 0x64, 0x10, 0x64, 0x10, 0x64, 0x10, 0x64, 0x10, 0x64, 0x10, 0x64, 0x10, 0x64, 0x10, 0x64, 0x10,
    0x64, 0x10, 0x64, 0x10, 0x64, 0x10, 0x64, 0x10, 0x64, 0x10, 0x64, 0x10, 0x64, 0x10, 0x64, 0x10, 0x64, 0x10, 0x64, 0x18, 0x64, 0x18, 0x63, 0x20, 0x63, 0x20, 0x63, 0x30, 0x63, 0x30, 0x43, 0x40,
    0x43, 0x40, 0x43, 0x50, 0x43, 0x50, 0x42, 0x58, 0x42, 0x58, 0x42, 0x60, 0x42, 0x60, 0x42, 0x60, 0x42, 0x60, 0x42, 0x60, 0x42, 0x60, 0x42, 0x68, 0x42, 0x68, 0x42, 0x68, 0x42, 0x68, 0x42, 0x68,
    0x42, 0x68, 0x42, 0x68, 0x42, 0x68, 0x42, 0x68, 0x42, 0x68, 0x42, 0x68, 0x42, 0x68, 0x42, 0x70, 0x42, 0x70, 0x42, 0x68, 0x42, 0x68, 0x42, 0x60, 0x42, 0x60, 0x43, 0x58, 0x43, 0x58, 0x43, 0x50,
    0x43, 0x50, 0x43, 0x50, 0x43, 0x50, 0x43, 0x50, 0x43, 0x50, 0x43, 0x58, 0x43, 0x58, 0x43, 0x58, 0x43, 0x58, 0x42, 0x58, 0x42, 0x58, 0x42, 0x58, 0x42, 0x58, 0x43, 0x50, 0x43, 0x50, 0x43, 0x50,
    0x43, 0x50, 0x43, 0x50, 0x43, 0x50, 0x43, 0x50, 0x43, 0x50, 0x43, 0x50, 0x43, 0x50, 0x43, 0x58, 0x43, 0x58, 0x43, 0x58, 0x43, 0x58, 0x42, 0x58, 0x42, 0x58, 0x42, 0x58, 0x42, 0x58, 0x43, 0x50,
    0x43, 0x50, 0x43, 0x50, 0x43, 0x50, 0x43, 0x50, 0x43, 0x50, 0x43, 0x50, 0x43, 0x50, 0x43, 0x58, 0x43, 0x58, 0x42, 0x58, 0x42, 0x58, 0x42, 0x60, 0x42, 0x60, 0x42, 0x68, 0x42, 0x68, 0x42, 0x68,
    0x42, 0x68, 0x42, 0x60, 0x42, 0x60, 0x43, 0x50, 0x43, 0x50, 0x43, 0x40, 0x43, 0x40, 0x63, 0x30, 0x63, 0x30, 0x63, 0x20, 0x63, 0x20, 0x64, 0x18, 0x64, 0x18, 0x64, 0x10, 0x64, 0x10, 0x64, 0x10,
    0x64, 0x10, 0x64, 0x10, 0x64, 0x10, 0x64, 0x10, 0x64, 0x10, 0x64, 0x10, 0x64, 0x10, 0x64, 0x10, 0x64, 0x10, 0x64, 0x10, 0x64, 0x10, 0x64, 0x10, 0x64, 0x10, 0x64, 0x10, 0x64, 0x10, 0x64, 0x10,
    0x64, 0x10, 0x64, 0x10, 0x64, 0x10, 0x64, 0x10, 0x64, 0x10, 0x64, 0x10, 0x64, 0x10, 0x64, 0x10, 0x64, 0x10, 0x64, 0x10, 0x64, 0x10, 0x64, 0x10, 0x64, 0x10, 0x64, 0x10, 0x64, 0x10, 0x64, 0x10,
    0x64, 0x10, 0x64, 0x10, 0x64, 0x10, 0x64, 0x10, 0x64, 0x10, 0x64, 0x10, 0x64, 0x10, 0x64, 0x10, 0x64, 0x10, 0x64, 0x10, 0x64, 0x10, 0x64, 0x10, 0x64, 0x10, 0x64, 0x10, 0x64, 0x10, 0x64, 0x10,
    0x64, 0x10, 0x64, 0x10, 0x64, 0x10, 0x64, 0x10, 0x64, 0x10, 0x64, 0x10, 0x64, 0x10, 0x64, 0x10, 0x64, 0x10, 0x64, 0x10, 0x64, 0x10, 0x64, 0x10, 0x64, 0x10, 0x64, 0x10, 0x64, 0x10, 0x64, 0x10,
    0x64, 0x10, 0x64, 0x10, 0x64, 0x10, 0x64, 0x10, 0x64, 0x10, 0x64, 0x10, 0x64, 0x10, 0x64, 0x10, 0x64, 0x10, 0x64, 0x10, 0x64, 0x10, 0x64, 0x10, 0x64, 0x10, 0x64, 0x10, 0x64, 0x10, 0x64, 0x10,
    0x64, 0x10, 0x64, 0x10, 0x64, 0x10, 0x64, 0x10, 0x64, 0x10, 0x64, 0x10, 0x64, 0x10, 0x64, 0x10, 0x64, 0x10, 0x64, 0x10, 0x64, 0x10, 0x64, 0x10, 0x64, 0x10, 0x64, 0x10, 0x64, 0x10, 0x64, 0x10,
    0x64, 0x10, 0x64, 0x10, 0x64, 0x10, 0x64, 0x10, 0x64, 0x10, 0x64, 0x10, 0x64, 0x10, 0x64, 0x10, 0x64, 0x10, 0x64, 0x10, 0x64, 0x10, 0x64, 0x10, 0x64, 0x10, 0x64, 0x10, 0x64, 0x10, 0x64, 0x10,
    0x64, 0x10, 0x64, 0x10, 0x64, 0x10, 0x64, 0x10, 0x64, 0x10, 0x64, 0x10, 0x64, 0x10, 0x64, 0x10, 0x64, 0x10, 0x64, 0x10, 0x64, 0x10, 0x64, 0x10, 0x64, 0x10, 0x64, 0x10, 0x64, 0x10, 0x64, 0x10,
    0x64, 0x10, 0x64, 0x10, 0x64, 0x10, 0x64, 0x10, 0x64, 0x10, 0x64, 0x10, 0x64, 0x10, 0x64, 0x10, 0x64, 0x10, 0x64, 0x10, 0x64, 0x10, 0x64, 0x10, 0x64, 0x10, 0x64, 0x10, 0x64, 0x10, 0x64, 0x10,
    0x64, 0x10, 0x64, 0x10, 0x64, 0x10, 0x64, 0x10, 0x64, 0x10, 0x64, 0x10, 0x64, 0x10, 0x64, 0x10, 0x64, 0x10, 0x64, 0x10, 0x64, 0x10, 0x64, 0x10, 0x64, 0x10, 0x64, 0x10, 0x64, 0x10, 0x64, 0x10,
    0x64, 0x10, 0x64, 0x10, 0x64, 0x10, 0x64, 0x10, 0x64, 0x10, 0x64, 0x10, 0x64, 0x10, 0x64, 0x10, 0x64, 0x10, 0x64, 0x10, 0x64, 0x10, 0x64, 0x10, 0x64, 0x10, 0x64, 0x10, 0x64, 0x10, 0x64, 0x10,
    0x64, 0x10, 0x64, 0x18, 0x64, 0x18, 0x63, 0x20, 0x63, 0x20, 0x63, 0x30, 0x63, 0x30, 0x43, 0x40, 0x43, 0x40, 0x43, 0x50, 0x43, 0x50, 0x42, 0x58, 0x42, 0x58, 0x42, 0x60, 0x42, 0x60, 0x42, 0x60,
    0x42, 0x60, 0x42, 0x60, 0x42, 0x60, 0x42, 0x68, 0x42, 0x68, 0x42, 0x68, 0x42, 0x68, 0x42, 0x68, 0x42, 0x68, 0x42, 0x68, 0x42, 0x68, 0x42, 0x68, 0x42, 0x68, 0x42, 0x68, 0x42, 0x68, 0x42, 0x70,
    0x42, 0x70, 0x42, 0x68, 0x42, 0x68, 0x42, 0x60, 0x42, 0x60, 0x43, 0x58, 0x43, 0x58, 0x43, 0x50, 0x43, 0x50, 0x43, 0x50, 0x43, 0x50, 0x43, 0x50, 0x43, 0x50, 0x43, 0x58, 0x43, 0x58, 0x43, 0x58,
    0x43, 0x58, 0x42, 0x58, 0x42, 0x58, 0x42, 0x58, 0x42, 0x58, 0x43, 0x50, 0x43, 0x50, 0x43, 0x50, 0x43, 0x50, 0x43, 0x50, 0x43, 0x50, 0x43, 0x50, 0x43, 0x50, 0x43, 0x50, 0x43, 0x50, 0x43, 0x58,
    0x43, 0x58, 0x43, 0x58, 0x43, 0x58, 0x42, 0x58, 0x42, 0x58, 0x42, 0x58, 0x42, 0x58, 0x43, 0x50, 0x43, 0x50, 0x43, 0x50, 0x43, 0x50, 0x43, 0x50, 0x43, 0x50, 0x43, 0x50, 0x43, 0x50, 0x43, 0x58,
    0x43, 0x58, 0x42, 0x58, 0x42, 0x58, 0x42, 0x60, 0x42, 0x60, 0x42, 0x68, 0x42, 0x68, 0x42, 0x68, 0x42, 0x68, 0x42, 0x60, 0x42, 0x60, 0x43, 0x50, 0x43, 0x50, 0x43, 0x40, 0x43, 0x40, 0x63, 0x30,
    0x63, 0x30, 0x63, 0x20, 0x63, 0x20, 0x64, 0x18, 0x64, 0x18, 0x64, 0x10, 0x64, 0x10, 0x64, 0x10, 0x64, 0x10, 0x64, 0x10, 0x64, 0x10, 0x64, 0x10, 0x64, 0x10, 0x64, 0x10, 0x64, 0x10, 0x64, 0x10,
    0x64, 0x10, 0x64, 0x10, 0x64, 0x10, 0x64, 0x10, 0x64, 0x10, 0x64, 0x10, 0x64, 0x10, 0x64, 0x10, 0x64, 0x10, 0x64, 0x10, 0x64, 0x10, 0x64, 0x10, 0x64, 0x10, 0x64, 0x10, 0x64, 0x10, 0x64, 0x10,
    0x64, 0x10, 0x64, 0x10, 0x64, 0x10, 0x64, 0x10, 0x64, 0x10, 0x64, 0x10, 0x64, 0x10, 0x64, 0x10, 0x64, 0x10, 0x64, 0x10, 0x64, 0x10, 0x64, 0x10, 0x64, 0x10, 0x64, 0x10, 0x64, 0x10, 0x64, 0x10,
    0x64, 0x10, 0x64, 0x10, 0x64, 0x10, 0x64, 0x10, 0x64, 0x10, 0x64, 0x10, 0x64, 0x10, 0x64, 0x10, 0x64, 0x10, 0x64, 0x10, 0x64, 0x10, 0x64, 0x10, 0x64, 0x10, 0x64, 0x10, 0x64, 0x10, 0x64, 0x10,
    0x64, 0x10, 0x64, 0x10, 0x64, 0x10, 0x64, 0x10, 0x64, 0x10, 0x64, 0x10, 0x64, 0x10, 0x64, 0x10, 0x64, 0x10, 0x64, 0x10, 0x64, 0x10, 0x64, 0x10, 0x64, 0x10, 0x64, 0x10, 0x64, 0x10, 0x64, 0x10,
    0x64, 0x10, 0x64, 0x10, 0x64, 0x10, 0x64, 0x10, 0x64, 0x10, 0x64, 0x10, 0x64, 0x10, 0x64, 0x10, 0x64, 0x10, 0x64, 0x10, 0x64, 0x10, 0x64, 0x10, 0x64, 0x10, 0x64, 0x10, 0x64, 0x10, 0x64, 0x10,
    0x64, 0x10, 0x64, 0x10, 0x64, 0x10, 0x64, 0x10, 0x64, 0x10, 0x64, 0x10, 0x64, 0x10, 0x64, 0x10, 0x64, 0x10, 0x64, 0x10, 0x64, 0x10, 0x64, 0x10, 0x64, 0x10, 0x64, 0x10, 0x64, 0x10, 0x64, 0x10,
    0x64, 0x10, 0x64, 0x10, 0x64, 0x10, 0x64, 0x10, 0x64, 0x10, 0x64, 0x10, 0x64, 0x10, 0x64, 0x10, 0x64, 0x10, 0x64, 0x10, 0x64, 0x10, 0x64, 0x10, 0x64, 0x10, 0x64, 0x10, 0x64, 0x10, 0x64, 0x10,
    0x64, 0x10, 0x64, 0x10, 0x64, 0x10, 0x64, 0x10, 0x64, 0x10, 0x64, 0x10, 0x64, 0x10, 0x64, 0x10, 0x64, 0x10, 0x64, 0x10, 0x64, 0x10, 0x64, 0x10, 0x64, 0x10, 0x64, 0x10, 0x64, 0x10, 0x64, 0x10,
    0x64, 0x10, 0x64, 0x10, 0x64, 0x10, 0x64, 0x10, 0x64, 0x10, 0x64, 0x10, 0x64, 0x10, 0x64, 0x10, 0x64, 0x10, 0x64, 0x10, 0x64, 0x10, 0x64, 0x10, 0x64, 0x10, 0x64, 0x10, 0x64, 0x10, 0x64, 0x10,
    0x64, 0x10, 0x64, 0x10, 0x64, 0x10, 0x64, 0x10, 0x64, 0x10, 0x64, 0x10, 0x64, 0x10, 0x64, 0x10, 0x64, 0x10, 0x64, 0x10, 0x64, 0x10, 0x64, 0x10, 0x64, 0x10, 0x64, 0x10, 0x64, 0x10, 0x64, 0x10,
    0x64, 0x10, 0x64, 0x10, 0x64, 0x10, 0x64, 0x10, 0x64, 0x10, 0x64, 0x10, 0x64, 0x10, 0x64, 0x10, 0x64, 0x10, 0x64, 0x10, 0x64, 0x10, 0x64, 0x18, 0x64, 0x18, 0x63, 0x20, 0x63, 0x20, 0x63, 0x30,
    0x63, 0x30, 0x43, 0x40, 0x43, 0x40, 0x43, 0x48, 0x43, 0x48, 0x42, 0x58, 0x42, 0x58, 0x42, 0x60, 0x42, 0x60, 0x42, 0x60, 0x42, 0x60, 0x42, 0x68, 0x42, 0x68, 0x42, 0x68, 0x42, 0x68, 0x42, 0x68,
    0x42, 0x68, 0x42, 0x68, 0x42, 0x68, 0x42, 0x70, 0x42, 0x70, 0x42, 0x70, 0x42, 0x70, 0x42, 0x78, 0x42, 0x78, 0x42, 0x70, 0x42, 0x70, 0x42, 0x68, 0x42, 0x68, 0x42, 0x58, 0x42, 0x58, 0x43, 0x50,
    0x43, 0x50, 0x43, 0x40, 0x43, 0x40, 0x43, 0x40, 0x43, 0x40, 0x43, 0x40, 0x43, 0x40, 0x43, 0x40, 0x43, 0x40, 0x43, 0x40, 0x43, 0x40, 0x43, 0x40, 0x43, 0x40, 0x43, 0x40, 0x43, 0x40, 0x43, 0x40,
    0x43, 0x40, 0x43, 0x38, 0x43, 0x38, 0x43, 0x38, 0x43, 0x38, 0x43, 0x38, 0x43, 0x38, 0x43, 0x40, 0x43, 0x40, 0x43, 0x40, 0x43, 0x40, 0x43, 0x40, 0x43, 0x40, 0x43, 0x40, 0x43, 0x40, 0x43, 0x40,
    0x43, 0x40, 0x43, 0x40, 0x43, 0x40, 0x43, 0x38, 0x43, 0x38, 0x43, 0x38, 0x43, 0x38, 0x43, 0x48, 0x43, 0x48, 0x43, 0x50, 0x43, 0x50, 0x42, 0x60, 0x42, 0x60, 0x42, 0x68, 0x42, 0x68, 0x42, 0x70,
    0x42, 0x70, 0x42, 0x68, 0x42, 0x68, 0x42, 0x58, 0x42, 0x58, 0x43, 0x40, 0x43, 0x40, 0x63, 0x30, 0x63, 0x30, 0x63, 0x20, 0x63, 0x20, 0x64, 0x10, 0x64, 0x10, 0x64, 0x10, 0x64, 0x10, 0x64, 0x10,
    0x64, 0x10, 0x64, 0x10, 0x64, 0x10, 0x64, 0x10, 0x64, 0x10, 0x64, 0x10, 0x64, 0x10, 0x64, 0x10, 0x64, 0x10, 0x64, 0x10, 0x64, 0x10, 0x64, 0x10, 0x64, 0x10, 0x64, 0x10, 0x64, 0x10, 0x64, 0x10,
    0x64, 0x10, 0x64, 0x10, 0x64, 0x10, 0x64, 0x10, 0x64, 0x10, 0x64, 0x10, 0x64, 0x10, 0x64, 0x10, 0x64, 0x10, 0x64, 0x10, 0x64, 0x10, 0x64, 0x10, 0x64, 0x10, 0x64, 0x10, 0x64, 0x10, 0x64, 0x10,
    0x64, 0x10, 0x64, 0x10, 0x64, 0x10, 0x64, 0x10, 0x64, 0x10, 0x64, 0x10, 0x64, 0x10, 0x64, 0x10, 0x64, 0x10, 0x64, 0x10, 0x64, 0x10, 0x64, 0x10, 0x64, 0x10, 0x64, 0x10, 0x64, 0x10, 0x64, 0x10,
    0x64, 0x10, 0x64, 0x10, 0x64, 0x10, 0x64, 0x10, 0x64, 0x10, 0x64, 0x10, 0x64, 0x10, 0x64, 0x10, 0x64, 0x10, 0x64, 0x10, 0x64, 0x10, 0x64, 0x10, 0x64, 0x10, 0x64, 0x10, 0x64, 0x10, 0x64, 0x10,
    0x64, 0x10, 0x64, 0x10, 0x64, 0x10, 0x64, 0x10, 0x64, 0x10, 0x64, 0x10, 0x64, 0x10, 0x64, 0x10, 0x64, 0x10, 0x64, 0x10, 0x64, 0x10, 0x64, 0x10, 0x64, 0x10, 0x64, 0x10, 0x64, 0x10, 0x64, 0x10,
    0x64, 0x10, 0x64, 0x10, 0x64, 0x10, 0x64, 0x10, 0x64, 0x10, 0x64, 0x10, 0x64, 0x10, 0x64, 0x10, 0x64, 0x10, 0x64, 0x10, 0x64, 0x10, 0x64, 0x10, 0x64, 0x10, 0x64, 0x10, 0x64, 0x10, 0x64, 0x10,
    0x64, 0x10, 0x64, 0x10, 0x64, 0x10, 0x64, 0x10, 0x64, 0x10, 0x64, 0x10, 0x64, 0x10, 0x64, 0x10, 0x64, 0x10, 0x64, 0x10, 0x64, 0x10, 0x64, 0x10, 0x64, 0x10, 0x64, 0x10, 0x64, 0x10, 0x64, 0x10,
    0x64, 0x10, 0x64, 0x10, 0x64, 0x10, 0x64, 0x10, 0x64, 0x10, 0x64, 0x10, 0x64, 0x10, 0x64, 0x10, 0x64, 0x10, 0x64, 0x10, 0x64, 0x10, 0x64, 0x10, 0x64, 0x10, 0x64, 0x10, 0x64, 0x10, 0x64, 0x10,
    0x64, 0x10, 0x64, 0x10, 0x64, 0x10, 0x64, 0x10, 0x64, 0x10, 0x64, 0x10, 0x64, 0x10, 0x64, 0x10, 0x64, 0x10, 0x64, 0x10, 0x64, 0x10, 0x64, 0x10, 0x64, 0x10, 0x64, 0x10, 0x64, 0x10, 0x64, 0x10,
    0x64, 0x10, 0x64, 0x10, 0x64, 0x10, 0x64, 0x10, 0x64, 0x10, 0x64, 0x10, 0x64, 0x10, 0x64, 0x10, 0x64, 0x10, 0x64, 0x10, 0x64, 0x10, 0x64, 0x10, 0x64, 0x10, 0x64, 0x10, 0x64, 0x10, 0x64, 0x10,
    0x64, 0x10, 0x64, 0x10, 0x64, 0x10, 0x64, 0x10, 0x64, 0x10, 0x64, 0x10, 0x64, 0x10, 0x64, 0x10, 0x64, 0x10, 0x64, 0x10, 0x64, 0x10, 0x64, 0x10, 0x64, 0x10, 0x64, 0x10, 0x64, 0x10, 0x64, 0x10,
    0x64, 0x10, 0x64, 0x10, 0x64, 0x10, 0x64, 0x18, 0x64, 0x18, 0x63, 0x20, 0x63, 0x20, 0x63, 0x30, 0x63, 0x30, 0x43, 0x40, 0x43, 0x40, 0x43, 0x48, 0x43, 0x48, 0x42, 0x58, 0x42, 0x58, 0x42, 0x60,
    0x42, 0x60, 0x42, 0x60, 0x42, 0x60, 0x42, 0x68, 0x42, 0x68, 0x42, 0x68, 0x42, 0x68, 0x42, 0x68, 0x42, 0x68, 0x42, 0x68, 0x42, 0x68, 0x42, 0x70, 0x42, 0x70, 0x42, 0x70, 0x42, 0x70, 0x42, 0x78,
    0x42, 0x78, 0x42, 0x70, 0x42, 0x70, 0x42, 0x68, 0x42, 0x68, 0x42, 0x58, 0x42, 0x58, 0x43, 0x50, 0x43, 0x50, 0x43, 0x40, 0x43, 0x40, 0x43, 0x40, 0x43, 0x40, 0x43, 0x40, 0x43, 0x40, 0x43, 0x40,
    0x43, 0x40, 0x43, 0x40, 0x43, 0x40, 0x43, 0x40, 0x43, 0x40, 0x43, 0x40, 0x43, 0x40, 0x43, 0x40, 0x43, 0x40, 0x43, 0x38, 0x43, 0x38, 0x43, 0x38, 0x43, 0x38, 0x43, 0x38, 0x43, 0x38, 0x43, 0x40,
    0x43, 0x40, 0x43, 0x40, 0x43, 0x40, 0x43, 0x40, 0x43, 0x40, 0x43, 0x40, 0x43, 0x40, 0x43, 0x40, 0x43, 0x40, 0x43, 0x40, 0x43, 0x40, 0x43, 0x38, 0x43, 0x38, 0x43, 0x38, 0x43, 0x38, 0x43, 0x48,
    0x43, 0x48, 0x43, 0x50, 0x43, 0x50, 0x42, 0x60, 0x42, 0x60, 0x42, 0x68, 0x42, 0x68, 0x42, 0x70, 0x42, 0x70, 0x42, 0x68, 0x42, 0x68, 0x42, 0x58, 0x42, 0x58, 0x43, 0x40, 0x43, 0x40, 0x63, 0x30,
    0x63, 0x30, 0x63, 0x20, 0x63, 0x20, 0x64, 0x10, 0x64, 0x10, 0x64, 0x10, 0x64, 0x10, 0x64, 0x10, 0x64, 0x10, 0x64, 0x10, 0x64, 0x10, 0x64, 0x10, 0x64, 0x10, 0x64, 0x10, 0x64, 0x10, 0x64, 0x10,
    0x64, 0x10, 0x64, 0x10, 0x64, 0x10, 0x64, 0x10, 0x64, 0x10, 0x64, 0x10, 0x64, 0x10, 0x64, 0x10, 0x64, 0x10, 0x64, 0x10, 0x64, 0x10, 0x64, 0x10, 0x64, 0x10, 0x64, 0x10, 0x64, 0x10, 0x64, 0x10,
    0x64, 0x10, 0x64, 0x10, 0x64, 0x10, 0x64, 0x10, 0x64, 0x10, 0x64, 0x10, 0x64, 0x10, 0x64, 0x10, 0x64, 0x10, 0x64, 0x10, 0x64, 0x10, 0x64, 0x10, 0x64, 0x10, 0x64, 0x10, 0x64, 0x10, 0x64, 0x10,
    0x64, 0x10, 0x64, 0x10, 0x64, 0x10, 0x64, 0x10, 0x64, 0x10, 0x64, 0x10, 0x64, 0x10, 0x64, 0x10, 0x64, 0x10, 0x64, 0x10, 0x64, 0x10, 0x64, 0x10, 0x64, 0x10, 0x64, 0x10, 0x64, 0x10, 0x64, 0x10,
    0x64, 0x10, 0x64, 0x10, 0x64, 0x10, 0x64, 0x10, 0x64, 0x10, 0x64, 0x10, 0x64, 0x10, 0x64, 0x10, 0x64, 0x10, 0x64, 0x10, 0x64, 0x10, 0x64, 0x10, 0x64, 0x10, 0x64, 0x10, 0x64, 0x10, 0x64, 0x10,
    0x64, 0x10, 0x64, 0x10, 0x64, 0x10, 0x64, 0x10, 0x64, 0x10, 0x64, 0x10, 0x64, 0x10, 0x64, 0x10, 0x64, 0x10, 0x64, 0x10, 0x64, 0x10, 0x64, 0x10, 0x64, 0x10, 0x64, 0x10, 0x64, 0x10, 0x64, 0x10,
    0x64, 0x10, 0x64, 0x10, 0x64, 0x10, 0x64, 0x10, 0x64, 0x10, 0x64, 0x10, 0x64, 0x10, 0x64, 0x10, 0x64, 0x10, 0x64, 0x10, 0x64, 0x10, 0x64, 0x10, 0x64, 0x10, 0x64, 0x10, 0x64, 0x10, 0x64, 0x10,
    0x64, 0x10, 0x64, 0x10, 0x64, 0x10, 0x64, 0x10, 0x64, 0x10, 0x64, 0x10, 0x64, 0x10, 0x64, 0x10, 0x64, 0x10, 0x64, 0x10, 0x64, 0x10, 0x64, 0x10, 0x64, 0x10, 0x64, 0x10, 0x64, 0x10, 0x64, 0x10,
    0x64, 0x10, 0x64, 0x10, 0x64, 0x10, 0x64, 0x10, 0x64, 0x10, 0x64, 0x10, 0x64, 0x10, 0x64, 0x10, 0x64, 0x10, 0x64, 0x10, 0x64, 0x10, 0x64, 0x10, 0x64, 0x10, 0x64, 0x10, 0x64, 0x10, 0x64, 0x10,
    0x64, 0x10, 0x64, 0x10, 0x64, 0x10, 0x64, 0x10, 0x64, 0x10, 0x64, 0x10, 0x64, 0x10, 0x64, 0x10, 0x64, 0x10, 0x64, 0x10, 0x64, 0x10, 0x64, 0x10, 0x64, 0x10, 0x64, 0x10, 0x64, 0x10, 0x64, 0x10,
    0x64, 0x10, 0x64, 0x10, 0x64, 0x10, 0x64, 0x10, 0x64, 0x10, 0x64, 0x10, 0x64, 0x10, 0x64, 0x10, 0x64, 0x10, 0x64, 0x10, 0x64, 0x10, 0x64, 0x10, 0x64, 0x10, 0x64, 0x10, 0x64, 0x10, 0x64, 0x10,
    0x64, 0x10, 0x64, 0x10, 0x64, 0x10, 0x64, 0x10, 0x64, 0x10, 0x64, 0x10, 0x64, 0x10, 0x64, 0x10, 0x64, 0x10, 0x64, 0x10, 0x64, 0x10, 0x64, 0x10, 0x64, 0x10, 0x64, 0x18, 0x64, 0x18, 0x63, 0x20,
    0x63, 0x20, 0x63, 0x30, 0x63, 0x30, 0x43, 0x40, 0x43, 0x40, 0x43, 0x50, 0x43, 0x50, 0x42, 0x60, 0x42, 0x60, 0x42, 0x68, 0x42, 0x68, 0x42, 0x70, 0x42, 0x70, 0x42, 0x70, 0x42, 0x70, 0x42, 0x78,
    0x42, 0x78, 0x42, 0x78, 0x42, 0x78, 0x22, 0x80, 0x22, 0x80, 0x22, 0x80, 0x22, 0x80, 0x22, 0x80, 0x22, 0x80, 0x42, 0x78, 0x42, 0x78, 0x42, 0x70, 0x42, 0x70, 0x42, 0x60, 0x42, 0x60, 0x43, 0x50,
    0x43, 0x50, 0x43, 0x40, 0x43, 0x40, 0x63, 0x30, 0x63, 0x30, 0x63, 0x28, 0x63, 0x28, 0x63, 0x28, 0x63, 0x28, 0x63, 0x28, 0x63, 0x28, 0x63, 0x28, 0x63, 0x28, 0x63, 0x20, 0x63, 0x20, 0x63, 0x20,
    0x63, 0x20, 0x63, 0x20, 0x63, 0x20, 0x63, 0x20, 0x63, 0x20, 0x63, 0x20, 0x63, 0x20, 0x63, 0x20, 0x63, 0x20, 0x63, 0x20, 0x63, 0x20, 0x63, 0x28, 0x63, 0x28, 0x63, 0x28, 0x63, 0x28, 0x63, 0x28,
    0x63, 0x28, 0x63, 0x28, 0x63, 0x28, 0x63, 0x28, 0x63, 0x28, 0x63, 0x30, 0x63, 0x30, 0x43, 0x40, 0x43, 0x40, 0x43, 0x50, 0x43, 0x50, 0x42, 0x60, 0x42, 0x60, 0x42, 0x70, 0x42, 0x70, 0x42, 0x70,
    0x42, 0x70, 0x42, 0x68, 0x42, 0x68, 0x42, 0x58, 0x42, 0x58, 0x43, 0x40, 0x43, 0x40, 0x63, 0x28, 0x63, 0x28, 0x64, 0x18, 0x64, 0x18, 0x64, 0x10, 0x64, 0x10, 0x64, 0x10, 0x64, 0x10, 0x64, 0x10,
    0x64, 0x10, 0x64, 0x10, 0x64, 0x10, 0x64, 0x10, 0x64, 0x10, 0x64, 0x10, 0x64, 0x10, 0x64, 0x10, 0x64, 0x10, 0x64, 0x10, 0x64, 0x10, 0x64, 0x10, 0x64, 0x10, 0x64, 0x10, 0x64, 0x10, 0x64, 0x10,
    0x64, 0x10, 0x64, 0x10, 0x64, 0x10, 0x64, 0x10, 0x64, 0x10, 0x64, 0x10, 0x64, 0x10, 0x64, 0x10, 0x64, 0x10, 0x64, 0x10, 0x64, 0x10, 0x64, 0x10, 0x64, 0x10, 0x64, 0x10, 0x64, 0x10, 0x64, 0x10,
    0x64, 0x10, 0x64, 0x10, 0x64, 0x10, 0x64, 0x10, 0x64, 0x10, 0x64, 0x10, 0x64, 0x10, 0x64, 0x10, 0x64, 0x10, 0x64, 0x10, 0x64, 0x10, 0x64, 0x10, 0x64, 0x10, 0x64, 0x10, 0x64, 0x10, 0x64, 0x10,
    0x64, 0x10, 0x64, 0x10, 0x64, 0x10, 0x64, 0x10, 0x64, 0x10, 0x64, 0x10, 0x64, 0x10, 0x64, 0x10, 0x64, 0x10, 0x64, 0x10, 0x64, 0x10, 0x64, 0x10, 0x64, 0x10, 0x64, 0x10, 0x64, 0x10, 0x64, 0x10,
    0x64, 0x10, 0x64, 0x10, 0x64, 0x10, 0x64, 0x10, 0x64, 0x10, 0x64, 0x10, 0x64, 0x10, 0x64, 0x10, 0x64, 0x10, 0x64, 0x10, 0x64, 0x10, 0x64, 0x10, 0x64, 0x10, 0x64, 0x10, 0x64, 0x10, 0x64, 0x10,
    0x64, 0x10, 0x64, 0x10, 0x64, 0x10, 0x64, 0x10, 0x64, 0x10, 0x64, 0x10, 0x64, 0x10, 0x64, 0x10, 0x64, 0x10, 0x64, 0x10, 0x64, 0x10, 0x64, 0x10, 0x64, 0x10, 0x64, 0x10, 0x64, 0x10, 0x64, 0x10,
    0x64, 0x10, 0x64, 0x10, 0x64, 0x10, 0x64, 0x10, 0x64, 0x10, 0x64, 0x10, 0x64, 0x10, 0x64, 0x10, 0x64, 0x10, 0x64, 0x10, 0x64, 0x10, 0x64, 0x10, 0x64, 0x10, 0x64, 0x10, 0x64, 0x10, 0x64, 0x10,
    0x64, 0x10, 0x64, 0x10, 0x64, 0x10, 0x64, 0x10, 0x64, 0x10, 0x64, 0x10, 0x64, 0x10, 0x64, 0x10, 0x64, 0x10, 0x64, 0x10, 0x64, 0x10, 0x64, 0x10, 0x64, 0x10, 0x64, 0x10, 0x64, 0x10, 0x64, 0x10,
    0x64, 0x10, 0x64, 0x10, 0x64, 0x10, 0x64, 0x10, 0x64, 0x10, 0x64, 0x10, 0x64, 0x10, 0x64, 0x10, 0x64, 0x10, 0x64, 0x10, 0x64, 0x10, 0x64, 0x10, 0x64, 0x10, 0x64, 0x10, 0x64, 0x10, 0x64, 0x10,
    0x64, 0x10, 0x64, 0x10, 0x64, 0x10, 0x64, 0x10, 0x64, 0x10, 0x64, 0x10, 0x64, 0x10, 0x64, 0x10, 0x64, 0x10, 0x64, 0x10, 0x64, 0x10, 0x64, 0x10, 0x64, 0x10, 0x64, 0x10, 0x64, 0x10, 0x64, 0x10,
    0x64, 0x10, 0x64, 0x10, 0x64, 0x10, 0x64, 0x10, 0x64, 0x10, 0x64, 0x10, 0x64, 0x10, 0x64, 0x10, 0x64, 0x10, 0x64, 0x10, 0x64, 0x10, 0x64, 0x10, 0x64, 0x10, 0x64, 0x10, 0x64, 0x10, 0x64, 0x10,
    0x64, 0x10, 0x64, 0x10, 0x64, 0x10, 0x64, 0x10, 0x64, 0x10, 0x64, 0x18, 0x64, 0x18, 0x63, 0x20, 0x63, 0x20, 0x63, 0x30, 0x63, 0x30, 0x43, 0x40, 0x43, 0x40, 0x43, 0x50, 0x43, 0x50, 0x42, 0x60,
    0x42, 0x60, 0x42, 0x68, 0x42, 0x68, 0x42, 0x70, 0x42, 0x70, 0x42, 0x70, 0x42, 0x70, 0x42, 0x78, 0x42, 0x78, 0x42, 0x78, 0x42, 0x78, 0x22, 0x80, 0x22, 0x80, 0x22, 0x80, 0x22, 0x80, 0x22, 0x80,
    0x22, 0x80, 0x42, 0x78, 0x42, 0x78, 0x42, 0x70, 0x42, 0x70, 0x42, 0x60, 0x42, 0x60, 0x43, 0x50, 0x43, 0x50, 0x43, 0x40, 0x43, 0x40, 0x63, 0x30, 0x63, 0x30, 0x63, 0x28, 0x63, 0x28, 0x63, 0x28,
    0x63, 0x28, 0x63, 0x28, 0x63, 0x28, 0x63, 0x28, 0x63, 0x28, 0x63, 0x20, 0x63, 0x20, 0x63, 0x20, 0x63, 0x20, 0x63, 0x20, 0x63, 0x20, 0x63, 0x20, 0x63, 0x20, 0x63, 0x20, 0x63, 0x20, 0x63, 0x20,
    0x63, 0x20, 0x63, 0x20, 0x63, 0x20, 0x63, 0x28, 0x63, 0x28, 0x63, 0x28, 0x63, 0x28, 0x63, 0x28, 0x63, 0x28, 0x63, 0x28, 0x63, 0x28, 0x63, 0x28, 0x63, 0x28, 0x63, 0x30, 0x63, 0x30, 0x43, 0x40,
    0x43, 0x40, 0x43, 0x50, 0x43, 0x50, 0x42, 0x60, 0x42, 0x60, 0x42, 0x70, 0x42, 0x70, 0x42, 0x70, 0x42, 0x70, 0x42, 0x68, 0x42, 0x68, 0x42, 0x58, 0x42, 0x58, 0x43, 0x40, 0x43, 0x40, 0x63, 0x28,
    0x63, 0x28, 0x64, 0x18, 0x64, 0x18, 0x64, 0x10, 0x64, 0x10, 0x64, 0x10, 0x64, 0x10, 0x64, 0x10, 0x64, 0x10, 0x64, 0x10, 0x64, 0x10, 0x64, 0x10, 0x64, 0x10, 0x64, 0x10, 0x64, 0x10, 0x64, 0x10,
    0x64, 0x10, 0x64, 0x10, 0x64, 0x10, 0x64, 0x10, 0x64, 0x10, 0x64, 0x10, 0x64, 0x10, 0x64, 0x10, 0x64, 0x10, 0x64, 0x10, 0x64, 0x10, 0x64, 0x10, 0x64, 0x10, 0x64, 0x10, 0x64, 0x10, 0x64, 0x10,
    0x64, 0x10, 0x64, 0x10, 0x64, 0x10, 0x64, 0x10, 0x64, 0x10, 0x64, 0x10, 0x64, 0x10, 0x64, 0x10, 0x64, 0x10, 0x64, 0x10, 0x64, 0x10, 0x64, 0x10, 0x64, 0x10, 0x64, 0x10, 0x64, 0x10, 0x64, 0x10,
    0x64, 0x10, 0x64, 0x10, 0x64, 0x10, 0x64, 0x10, 0x64, 0x10, 0x64, 0x10, 0x64, 0x10, 0x64, 0x10, 0x64, 0x10, 0x64, 0x10, 0x64, 0x10, 0x64, 0x10, 0x64, 0x10, 0x64, 0x10, 0x64, 0x10, 0x64, 0x10,
    0x64, 0x10, 0x64, 0x10, 0x64, 0x10, 0x64, 0x10, 0x64, 0x10, 0x64, 0x10, 0x64, 0x10, 0x64, 0x10, 0x64, 0x10, 0x64, 0x10, 0x64, 0x10, 0x64, 0x10, 0x64, 0x10, 0x64, 0x10, 0x64, 0x10, 0x64, 0x10,
    0x64, 0x10, 0x64, 0x10, 0x64, 0x10, 0x64, 0x10, 0x64, 0x10, 0x64, 0x10, 0x64, 0x10, 0x64, 0x10, 0x64, 0x10, 0x64, 0x10, 0x64, 0x10, 0x64, 0x10, 0x64, 0x10, 0x64, 0x10, 0x64, 0x10, 0x64, 0x10,
    0x64, 0x10, 0x64, 0x10, 0x64, 0x10, 0x64, 0x10, 0x64, 0x10, 0x64, 0x10, 0x64, 0x10, 0x64, 0x10, 0x64, 0x10, 0x64, 0x10, 0x64, 0x10, 0x64, 0x10, 0x64, 0x10, 0x64, 0x10, 0x64, 0x10, 0x64, 0x10,
    0x64, 0x10, 0x64, 0x10, 0x64, 0x10, 0x64, 0x10, 0x64, 0x10, 0x64, 0x10, 0x64, 0x10, 0x64, 0x10, 0x64, 0x10, 0x64, 0x10, 0x64, 0x10, 0x64, 0x10, 0x64, 0x10, 0x64, 0x10, 0x64, 0x10, 0x64, 0x10,
    0x64, 0x10, 0x64, 0x10, 0x64, 0x10, 0x64, 0x10, 0x64, 0x10, 0x64, 0x10, 0x64, 0x10, 0x64, 0x10, 0x64, 0x10, 0x64, 0x10, 0x64, 0x10, 0x64, 0x10, 0x64, 0x10, 0x64, 0x10, 0x64, 0x10, 0x64, 0x10,
    0x64, 0x10, 0x64, 0x10, 0x64, 0x10, 0x64, 0x10, 0x64, 0x10, 0x64, 0x10, 0x64, 0x10, 0x64, 0x10, 0x64, 0x10, 0x64, 0x10, 0x64, 0x10, 0x64, 0x10, 0x64, 0x10, 0x64, 0x10, 0x64, 0x10, 0x64, 0x10,
    0x64, 0x10, 0x64, 0x10, 0x64, 0x10, 0x64, 0x10, 0x64, 0x10, 0x64, 0x10, 0x64, 0x10, 0x64, 0x10, 0x64, 0x10, 0x64, 0x10, 0x64, 0x10, 0x64, 0x10, 0x64, 0x10, 0x64, 0x10, 0x64, 0x10, 0x64, 0x10,
    0x64, 0x10, 0x64, 0x10, 0x64, 0x10, 0x64, 0x10, 0x64, 0x10, 0x64, 0x10, 0x64, 0x10, 0x64, 0x10, 0x64, 0x10, 0x64, 0x10, 0x64, 0x10, 0x64, 0x10, 0x64, 0x10, 0x64, 0x18, 0x64, 0x18, 0x63, 0x20,
    0x63, 0x20, 0x63, 0x30, 0x63, 0x30, 0x43, 0x48, 0x43, 0x48, 0x42, 0x60, 0x42, 0x60, 0x42, 0x70, 0x42, 0x70, 0x00, 0xe8, 0x00, 0xe8, 0x00, 0xe8, 0x00, 0xe8, 0x00, 0xe8, 0x00, 0xe8, 0x00, 0xe8,
    0x00, 0xe8, 0x00, 0xe8, 0x00, 0xe8, 0x00, 0xe8, 0x00, 0xe8, 0x00, 0xe8, 0x00, 0xe8, 0x00, 0xe8, 0x00, 0xe8, 0x00, 0xe8, 0x00, 0xe8, 0x00, 0xe8, 0x00, 0xe8, 0x42, 0x70, 0x42, 0x70, 0x42, 0x60,
    0x42, 0x60, 0x43, 0x48, 0x43, 0x48, 0x63, 0x30, 0x63, 0x30, 0x63, 0x20, 0x63, 0x20, 0x64, 0x18, 0x64, 0x18, 0x64, 0x10, 0x64, 0x10, 0x64, 0x10, 0x64, 0x10, 0x64, 0x10, 0x64, 0x10, 0x64, 0x10,
    0x64, 0x10, 0x64, 0x10, 0x64, 0x10, 0x64, 0x10, 0x64, 0x10, 0x64, 0x10, 0x64, 0x10, 0x64, 0x10, 0x64, 0x10, 0x64, 0x10, 0x64, 0x10, 0x64, 0x10, 0x64, 0x10, 0x64, 0x10, 0x64, 0x10, 0x64, 0x18,
    0x64, 0x18, 0x63, 0x20, 0x63, 0x20, 0x63, 0x30, 0x63, 0x30, 0x43, 0x40, 0x43, 0x40, 0x43, 0x50, 0x43, 0x50, 0x42, 0x68, 0x42, 0x68, 0x42, 0x78, 0x42, 0x78, 0x00, 0xe8, 0x00, 0xe8, 0x00, 0xe8,
    0x00, 0xe8, 0x00, 0xe8, 0x00, 0xe8, 0x00, 0xe8, 0x00, 0xe8, 0x43, 0x48, 0x43, 0x48, 0x63, 0x30, 0x63, 0x30, 0x64, 0x18, 0x64, 0x18, 0x64, 0x10, 0x64, 0x10, 0x64, 0x10, 0x64, 0x10, 0x64, 0x10,
    0x64, 0x10, 0x64, 0x10, 0x64, 0x10, 0x64, 0x10, 0x64, 0x10, 0x64, 0x10, 0x64, 0x10, 0x64, 0x10, 0x64, 0x10, 0x64, 0x10, 0x64, 0x10, 0x64, 0x10, 0x64, 0x10, 0x64, 0x10, 0x64, 0x10, 0x64, 0x10,
    0x64, 0x10, 0x64, 0x10, 0x64, 0x10, 0x64, 0x10, 0x64, 0x10, 0x64, 0x10, 0x64, 0x10, 0x64, 0x10, 0x64, 0x10, 0x64, 0x10, 0x64, 0x10, 0x64, 0x10, 0x64, 0x10, 0x64, 0x10, 0x64, 0x10, 0x64, 0x10,
    0x64, 0x10, 0x64, 0x10, 0x64, 0x10, 0x64, 0x10, 0x64, 0x10, 0x64, 0x10, 0x64, 0x10, 0x64, 0x10, 0x64, 0x10, 0x64, 0x10, 0x64, 0x10, 0x64, 0x10, 0x64, 0x10, 0x64, 0x10, 0x64, 0x10, 0x64, 0x10,
    0x64, 0x10, 0x64, 0x10, 0x64, 0x10, 0x64, 0x10, 0x64, 0x10, 0x64, 0x10, 0x64, 0x10, 0x64, 0x10, 0x64, 0x10, 0x64, 0x10, 0x64, 0x10, 0x64, 0x10, 0x64, 0x10, 0x64, 0x10, 0x64, 0x10, 0x64, 0x10,
    0x64, 0x10, 0x64, 0x10, 0x64, 0x10, 0x64, 0x10, 0x64, 0x10, 0x64, 0x10, 0x64, 0x10, 0x64, 0x10, 0x64, 0x10, 0x64, 0x10, 0x64, 0x10, 0x64, 0x10, 0x64, 0x10, 0x64, 0x10, 0x64, 0x10, 0x64, 0x10,
    0x64, 0x10, 0x64, 0x10, 0x64, 0x10, 0x64, 0x10, 0x64, 0x10, 0x64, 0x10, 0x64, 0x10, 0x64, 0x10, 0x64, 0x10, 0x64, 0x10, 0x64, 0x10, 0x64, 0x10, 0x64, 0x10, 0x64, 0x10, 0x64, 0x10, 0x64, 0x10,
    0x64, 0x10, 0x64, 0x10, 0x64, 0x10, 0x64, 0x10, 0x64, 0x10, 0x64, 0x10, 0x64, 0x10, 0x64, 0x10, 0x64, 0x10, 0x64, 0x10, 0x64, 0x10, 0x64, 0x10, 0x64, 0x10, 0x64, 0x10, 0x64, 0x10, 0x64, 0x10,
    0x64, 0x10, 0x64, 0x10, 0x64, 0x10, 0x64, 0x10, 0x64, 0x10, 0x64, 0x10, 0x64, 0x10, 0x64, 0x10, 0x64, 0x10, 0x64, 0x10, 0x64, 0x10, 0x64, 0x10, 0x64, 0x10, 0x64, 0x10, 0x64, 0x10, 0x64, 0x10,
    0x64, 0x10, 0x64, 0x10, 0x64, 0x10, 0x64, 0x10, 0x64, 0x10, 0x64, 0x10, 0x64, 0x10, 0x64, 0x10, 0x64, 0x10, 0x64, 0x10, 0x64, 0x10, 0x64, 0x10, 0x64, 0x10, 0x64, 0x10, 0x64, 0x10, 0x64, 0x10,
    0x64, 0x10, 0x64, 0x10, 0x64, 0x10, 0x64, 0x10, 0x64, 0x10, 0x64, 0x10, 0x64, 0x10, 0x64, 0x10, 0x64, 0x10, 0x64, 0x10, 0x64, 0x10, 0x64, 0x10, 0x64, 0x10, 0x64, 0x10, 0x64, 0x10, 0x64, 0x10,
    0x64, 0x10, 0x64, 0x10, 0x64, 0x10, 0x64, 0x10, 0x64, 0x10, 0x64, 0x10, 0x64, 0x10, 0x64, 0x10, 0x64, 0x10, 0x64, 0x10, 0x64, 0x10, 0x64, 0x10, 0x64, 0x10, 0x64, 0x10, 0x64, 0x10, 0x64, 0x10,
    0x64, 0x10, 0x64, 0x10, 0x64, 0x10, 0x64, 0x10, 0x64, 0x10, 0x64, 0x18, 0x64, 0x18, 0x63, 0x20, 0x63, 0x20, 0x63, 0x30, 0x63, 0x30, 0x43, 0x48, 0x43, 0x48, 0x42, 0x60, 0x42, 0x60, 0x42, 0x70,
    0x42, 0x70, 0x00, 0xe8, 0x00, 0xe8, 0x00, 0xe8, 0x00, 0xe8, 0x00, 0xe8, 0x00, 0xe8, 0x00, 0xe8, 0x00, 0xe8, 0x00, 0xe8, 0x00, 0xe8, 0x00, 0xe8, 0x00, 0xe8, 0x00, 0xe8, 0x00, 0xe8, 0x00, 0xe8,
    0x00, 0xe8, 0x00, 0xe8, 0x00, 0xe8, 0x00, 0xe8, 0x00, 0xe8, 0x42, 0x70, 0x42, 0x70, 0x42, 0x60, 0x42, 0x60, 0x43, 0x48, 0x43, 0x48, 0x63, 0x30, 0x63, 0x30, 0x63, 0x20, 0x63, 0x20, 0x64, 0x18,
    0x64, 0x18, 0x64, 0x10, 0x64, 0x10, 0x64, 0x10, 0x64, 0x10, 0x64, 0x10, 0x64, 0x10, 0x64, 0x10, 0x64, 0x10, 0x64, 0x10, 0x64, 0x10, 0x64, 0x10, 0x64, 0x10, 0x64, 0x10, 0x64, 0x10, 0x64, 0x10,
    0x64, 0x10, 0x64, 0x10, 0x64, 0x10, 0x64, 0x10, 0x64, 0x10, 0x64, 0x10, 0x64, 0x10, 0x64, 0x18, 0x64, 0x18, 0x63, 0x20, 0x63, 0x20, 0x63, 0x30, 0x63, 0x30, 0x43, 0x40, 0x43, 0x40, 0x43, 0x50,
    0x43, 0x50, 0x42, 0x68, 0x42, 0x68, 0x42, 0x78, 0x42, 0x78, 0x00, 0xe8, 0x00, 0xe8, 0x00, 0xe8, 0x00, 0xe8, 0x00, 0xe8, 0x00, 0xe8, 0x00, 0xe8, 0x00, 0xe8, 0x43, 0x48, 0x43, 0x48, 0x63, 0x30,
    0x63, 0x30, 0x64, 0x18, 0x64, 0x18, 0x64, 0x10, 0x64, 0x10, 0x64, 0x10, 0x64, 0x10, 0x64, 0x10, 0x64, 0x10, 0x64, 0x10, 0x64, 0x10, 0x64, 0x10, 0x64, 0x10, 0x64, 0x10, 0x64, 0x10, 0x64, 0x10,
    0x64, 0x10, 0x64, 0x10, 0x64, 0x10, 0x64, 0x10, 0x64, 0x10, 0x64, 0x10, 0x64, 0x10, 0x64, 0x10, 0x64, 0x10, 0x64, 0x10, 0x64, 0x10, 0x64, 0x10, 0x64, 0x10, 0x64, 0x10, 0x64, 0x10, 0x64, 0x10,
    0x64, 0x10, 0x64, 0x10, 0x64, 0x10, 0x64, 0x10, 0x64, 0x10, 0x64, 0x10, 0x64, 0x10, 0x64, 0x10, 0x64, 0x10, 0x64, 0x10, 0x64, 0x10, 0x64, 0x10, 0x64, 0x10, 0x64, 0x10, 0x64, 0x10, 0x64, 0x10,
    0x64, 0x10, 0x64, 0x10, 0x64, 0x10, 0x64, 0x10, 0x64, 0x10, 0x64, 0x10, 0x64, 0x10, 0x64, 0x10, 0x64, 0x10, 0x64, 0x10, 0x64, 0x10, 0x64, 0x10, 0x64, 0x10, 0x64, 0x10, 0x64, 0x10, 0x64, 0x10,
    0x64, 0x10, 0x64, 0x10, 0x64, 0x10, 0x64, 0x10, 0x64, 0x10, 0x64, 0x10, 0x64, 0x10, 0x64, 0x10, 0x64, 0x10, 0x64, 0x10, 0x64, 0x10, 0x64, 0x10, 0x64, 0x10, 0x64, 0x10, 0x64, 0x10, 0x64, 0x10,
    0x64, 0x10, 0x64, 0x10, 0x64, 0x10, 0x64, 0x10, 0x64, 0x10, 0x64, 0x10, 0x64, 0x10, 0x64, 0x10, 0x64, 0x10, 0x64, 0x10, 0x64, 0x10, 0x64, 0x10, 0x64, 0x10, 0x64, 0x10, 0x64, 0x10, 0x64, 0x10,
    0x64, 0x10, 0x64, 0x10, 0x64, 0x10, 0x64, 0x10, 0x64, 0x10, 0x64, 0x10, 0x64, 0x10, 0x64, 0x10, 0x64, 0x10, 0x64, 0x10, 0x64, 0x10, 0x64, 0x10, 0x64, 0x10, 0x64, 0x10, 0x64, 0x10, 0x64, 0x10,
    0x64, 0x10, 0x64, 0x10, 0x64, 0x10, 0x64, 0x10, 0x64, 0x10, 0x64, 0x10, 0x64, 0x10, 0x64, 0x10, 0x64, 0x10, 0x64, 0x10, 0x64, 0x10, 0x64, 0x10, 0x64, 0x10, 0x64, 0x10, 0x64, 0x10, 0x64, 0x10,
    0x64, 0x10, 0x64, 0x10, 0x64, 0x10, 0x64, 0x10, 0x64, 0x10, 0x64, 0x10, 0x64, 0x10, 0x64, 0x10, 0x64, 0x10, 0x64, 0x10, 0x64, 0x10, 0x64, 0x10, 0x64, 0x10, 0x64, 0x10, 0x64, 0x10, 0x64, 0x10,
    0x64, 0x10, 0x64, 0x10, 0x64, 0x10, 0x64, 0x10, 0x64, 0x10, 0x64, 0x10, 0x64, 0x10, 0x64, 0x10, 0x64, 0x10, 0x64, 0x10, 0x64, 0x10, 0x64, 0x10, 0x64, 0x10, 0x64, 0x10, 0x64, 0x10, 0x64, 0x10,
    0x64, 0x10, 0x64, 0x10, 0x64, 0x10, 0x64, 0x10, 0x64, 0x10, 0x64, 0x10, 0x64, 0x10, 0x64, 0x10, 0x64, 0x10, 0x64, 0x10, 0x64, 0x10, 0x64, 0x10, 0x64, 0x10, 0x64, 0x10, 0x64, 0x10, 0x64, 0x10,
    0x64, 0x10, 0x64, 0x10, 0x64, 0x10, 0x64, 0x10, 0x64, 0x10, 0x64, 0x10, 0x64, 0x10, 0x64, 0x10, 0x64, 0x10, 0x64, 0x10, 0x64, 0x10, 0x64, 0x10, 0x64, 0x10, 0x63, 0x20, 0x63, 0x20, 0x63, 0x30,
    0x63, 0x30, 0x43, 0x48, 0x43, 0x48, 0x42, 0x68, 0x42, 0x68, 0x00, 0xe8, 0x00, 0xe8, 0x00, 0xe8, 0x00, 0xe8, 0x00, 0xf0, 0x00, 0xf0, 0x00, 0xf0, 0x00, 0xf0, 0x00, 0xf0, 0x00, 0xf0, 0x00, 0xe8,
    0x00, 0xe8, 0x00, 0xe8, 0x00, 0xe8, 0x00, 0xe8, 0x00, 0xe8, 0x00, 0xf0, 0x00, 0xf0, 0x00, 0xf0, 0x00, 0xf0, 0x00, 0xf0, 0x00, 0xf0, 0x00, 0xf0, 0x00, 0xf0, 0x00, 0xe8, 0x00, 0xe8, 0x00, 0xe8,
    0x00, 0xe8, 0x42, 0x68, 0x42, 0x68, 0x43, 0x48, 0x43, 0x48, 0x63, 0x30, 0x63, 0x30, 0x63, 0x20, 0x63, 0x20, 0x64, 0x10, 0x64, 0x10, 0x64, 0x10, 0x64, 0x10, 0x64, 0x10, 0x64, 0x10, 0x64, 0x10,
    0x64, 0x10, 0x64, 0x10, 0x64, 0x10, 0x64, 0x10, 0x64, 0x10, 0x64, 0x10, 0x64, 0x10, 0x64, 0x10, 0x64, 0x10, 0x64, 0x10, 0x64, 0x10, 0x64, 0x10, 0x64, 0x10, 0x64, 0x18, 0x64, 0x18, 0x63, 0x28,
    0x63, 0x28, 0x43, 0x38, 0x43, 0x38, 0x43, 0x50, 0x43, 0x50, 0x42, 0x60, 0x42, 0x60, 0x42, 0x78, 0x42, 0x78, 0x00, 0xe8, 0x00, 0xe8, 0x00, 0xf0, 0x00, 0xf0, 0x00, 0xf0, 0x00, 0xf0, 0x00, 0xf0,
    0x00, 0xf0, 0x00, 0xe8, 0x00, 0xe8, 0x00, 0xe8, 0x00, 0xe8, 0x42, 0x58, 0x42, 0x58, 0x43, 0x38, 0x43, 0x38, 0x63, 0x20, 0x63, 0x20, 0x64, 0x10, 0x64, 0x10, 0x64, 0x10, 0x64, 0x10, 0x64, 0x10,
    0x64, 0x10, 0x64, 0x10, 0x64, 0x10, 0x64, 0x10, 0x64, 0x10, 0x64, 0x10, 0x64, 0x10, 0x64, 0x10, 0x64, 0x10, 0x64, 0x10, 0x64, 0x10, 0x64, 0x10, 0x64, 0x10, 0x64, 0x10, 0x64, 0x10, 0x64, 0x10,
    0x64, 0x10, 0x64, 0x10, 0x64, 0x10, 0x64, 0x10, 0x64, 0x10, 0x64, 0x10, 0x64, 0x10, 0x64, 0x10, 0x64, 0x10, 0x64, 0x10, 0x64, 0x10, 0x64, 0x10, 0x64, 0x10, 0x64, 0x10, 0x64, 0x10, 0x64, 0x10,
    0x64, 0x10, 0x64, 0x10, 0x64, 0x10, 0x64, 0x10, 0x64, 0x10, 0x64, 0x10, 0x64, 0x10, 0x64, 0x10, 0x64, 0x10, 0x64, 0x10, 0x64, 0x10, 0x64, 0x10, 0x64, 0x10, 0x64, 0x10, 0x64, 0x10, 0x64, 0x10,
    0x64, 0x10, 0x64, 0x10, 0x64, 0x10, 0x64, 0x10, 0x64, 0x10, 0x64, 0x10, 0x64, 0x10, 0x64, 0x10, 0x64, 0x10, 0x64, 0x10, 0x64, 0x10, 0x64, 0x10, 0x64, 0x10, 0x64, 0x10, 0x64, 0x10, 0x64, 0x10,
    0x64, 0x10, 0x64, 0x10, 0x64, 0x10, 0x64, 0x10, 0x64, 0x10, 0x64, 0x10, 0x64, 0x10, 0x64, 0x10, 0x64, 0x10, 0x64, 0x10, 0x64, 0x10, 0x64, 0x10, 0x64, 0x10, 0x64, 0x10, 0x64, 0x10, 0x64, 0x10,
    0x64, 0x10, 0x64, 0x10, 0x64, 0x10, 0x64, 0x10, 0x64, 0x10, 0x64, 0x10, 0x64, 0x10, 0x64, 0x10, 0x64, 0x10, 0x64, 0x10, 0x64, 0x10, 0x64, 0x10, 0x64, 0x10, 0x64, 0x10, 0x64, 0x10, 0x64, 0x10,
    0x64, 0x10, 0x64, 0x10, 0x64, 0x10, 0x64, 0x10, 0x64, 0x10, 0x64, 0x10, 0x64, 0x10, 0x64, 0x10, 0x64, 0x10, 0x64, 0x10, 0x64, 0x10, 0x64, 0x10, 0x64, 0x10, 0x64, 0x10, 0x64, 0x10, 0x64, 0x10,
    0x64, 0x10, 0x64, 0x10, 0x64, 0x10, 0x64, 0x10, 0x64, 0x10, 0x64, 0x10, 0x64, 0x10, 0x64, 0x10, 0x64, 0x10, 0x64, 0x10, 0x64, 0x10, 0x64, 0x10, 0x64, 0x10, 0x64, 0x10, 0x64, 0x10, 0x64, 0x10,
    0x64, 0x10, 0x64, 0x10, 0x64, 0x10, 0x64, 0x10, 0x64, 0x10, 0x64, 0x10, 0x64, 0x10, 0x64, 0x10, 0x64, 0x10, 0x64, 0x10, 0x64, 0x10, 0x64, 0x10, 0x64, 0x10, 0x64, 0x10, 0x64, 0x10, 0x64, 0x10,
    0x64, 0x10, 0x64, 0x10, 0x64, 0x10, 0x64, 0x10, 0x64, 0x10, 0x64, 0x10, 0x64, 0x10, 0x64, 0x10, 0x64, 0x10, 0x64, 0x10, 0x64, 0x10, 0x64, 0x10, 0x64, 0x10, 0x64, 0x10, 0x64, 0x10, 0x64, 0x10,
    0x64, 0x10, 0x64, 0x10, 0x64, 0x10, 0x64, 0x10, 0x64, 0x10, 0x64, 0x10, 0x64, 0x10, 0x64, 0x10, 0x64, 0x10, 0x64, 0x10, 0x64, 0x10, 0x64, 0x10, 0x64, 0x10, 0x64, 0x10, 0x64, 0x10, 0x64, 0x10,
    0x64, 0x10, 0x64, 0x10, 0x64, 0x10, 0x64, 0x10, 0x64, 0x10, 0x63, 0x20, 0x63, 0x20, 0x63, 0x30, 0x63, 0x30, 0x43, 0x48, 0x43, 0x48, 0x42, 0x68, 0x42, 0x68, 0x00, 0xe8, 0x00, 0xe8, 0x00, 0xe8,
    0x00, 0xe8, 0x00, 0xf0, 0x00, 0xf0, 0x00, 0xf0, 0x00, 0xf0, 0x00, 0xf0, 0x00, 0xf0, 0x00, 0xe8, 0x00, 0xe8, 0x00, 0xe8, 0x00, 0xe8, 0x00, 0xe8, 0x00, 0xe8, 0x00, 0xf0, 0x00, 0xf0, 0x00, 0xf0,
    0x00, 0xf0, 0x00, 0xf0, 0x00, 0xf0, 0x00, 0xf0, 0x00, 0xf0, 0x00, 0xe8, 0x00, 0xe8, 0x00, 0xe8, 0x00, 0xe8, 0x42, 0x68, 0x42, 0x68, 0x43, 0x48, 0x43, 0x48, 0x63, 0x30, 0x63, 0x30, 0x63, 0x20,
    0x63, 0x20, 0x64, 0x10, 0x64, 0x10, 0x64, 0x10, 0x64, 0x10, 0x64, 0x10, 0x64, 0x10, 0x64, 0x10, 0x64, 0x10, 0x64, 0x10, 0x64, 0x10, 0x64, 0x10, 0x64, 0x10, 0x64, 0x10, 0x64, 0x10, 0x64, 0x10,
    0x64, 0x10, 0x64, 0x10, 0x64, 0x10, 0x64, 0x10, 0x64, 0x10, 0x64, 0x18, 0x64, 0x18, 0x63, 0x28, 0x63, 0x28, 0x43, 0x38, 0x43, 0x38, 0x43, 0x50, 0x43, 0x50, 0x42, 0x60, 0x42, 0x60, 0x42, 0x78,
    0x42, 0x78, 0x00, 0xe8, 0x00, 0xe8, 0x00, 0xf0, 0x00, 0xf0, 0x00, 0xf0, 0x00, 0xf0, 0x00, 0xf0, 0x00, 0xf0, 0x00, 0xe8, 0x00, 0xe8, 0x00, 0xe8, 0x00, 0xe8, 0x42, 0x58, 0x42, 0x58, 0x43, 0x38,
    0x43, 0x38, 0x63, 0x20, 0x63, 0x20, 0x64, 0x10, 0x64, 0x10, 0x64, 0x10, 0x64, 0x10, 0x64, 0x10, 0x64, 0x10, 0x64, 0x10, 0x64, 0x10, 0x64, 0x10, 0x64, 0x10, 0x64, 0x10, 0x64, 0x10, 0x64, 0x10,
    0x64, 0x10, 0x64, 0x10, 0x64, 0x10, 0x64, 0x10, 0x64, 0x10, 0x64, 0x10, 0x64, 0x10, 0x64, 0x10, 0x64, 0x10, 0x64, 0x10, 0x64, 0x10, 0x64, 0x10, 0x64, 0x10, 0x64, 0x10, 0x64, 0x10, 0x64, 0x10,
    0x64, 0x10, 0x64, 0x10, 0x64, 0x10, 0x64, 0x10, 0x64, 0x10, 0x64, 0x10, 0x64, 0x10, 0x64, 0x10, 0x64, 0x10, 0x64, 0x10, 0x64, 0x10, 0x64, 0x10, 0x64, 0x10, 0x64, 0x10, 0x64, 0x10, 0x64, 0x10,
    0x64, 0x10, 0x64, 0x10, 0x64, 0x10, 0x64, 0x10, 0x64, 0x10, 0x64, 0x10, 0x64, 0x10, 0x64, 0x10, 0x64, 0x10, 0x64, 0x10, 0x64, 0x10, 0x64, 0x10, 0x64, 0x10, 0x64, 0x10, 0x64, 0x10, 0x64, 0x10,
    0x64, 0x10, 0x64, 0x10, 0x64, 0x10, 0x64, 0x10, 0x64, 0x10, 0x64, 0x10, 0x64, 0x10, 0x64, 0x10, 0x64, 0x10, 0x64, 0x10, 0x64, 0x10, 0x64, 0x10, 0x64, 0x10, 0x64, 0x10, 0x64, 0x10, 0x64, 0x10,
    0x64, 0x10, 0x64, 0x10, 0x64, 0x10, 0x64, 0x10, 0x64, 0x10, 0x64, 0x10, 0x64, 0x10, 0x64, 0x10, 0x64, 0x10, 0x64, 0x10, 0x64, 0x10, 0x64, 0x10, 0x64, 0x10, 0x64, 0x10, 0x64, 0x10, 0x64, 0x10,
    0x64, 0x10, 0x64, 0x10, 0x64, 0x10, 0x64, 0x10, 0x64, 0x10, 0x64, 0x10, 0x64, 0x10, 0x64, 0x10, 0x64, 0x10, 0x64, 0x10, 0x64, 0x10, 0x64, 0x10, 0x64, 0x10, 0x64, 0x10, 0x64, 0x10, 0x64, 0x10,
    0x64, 0x10, 0x64, 0x10, 0x64, 0x10, 0x64, 0x10, 0x64, 0x10, 0x64, 0x10, 0x64, 0x10, 0x64, 0x10, 0x64, 0x10, 0x64, 0x10, 0x64, 0x10, 0x64, 0x10, 0x64, 0x10, 0x64, 0x10, 0x64, 0x10, 0x64, 0x10,
    0x64, 0x10, 0x64, 0x10, 0x64, 0x10, 0x64, 0x10, 0x64, 0x10, 0x64, 0x10, 0x64, 0x10, 0x64, 0x10, 0x64, 0x10, 0x64, 0x10, 0x64, 0x10, 0x64, 0x10, 0x64, 0x10, 0x64, 0x10, 0x64, 0x10, 0x64, 0x10,
    0x64, 0x10, 0x64, 0x10, 0x64, 0x10, 0x64, 0x10, 0x64, 0x10, 0x64, 0x10, 0x64, 0x10, 0x64, 0x10, 0x64, 0x10, 0x64, 0x10, 0x64, 0x10, 0x64, 0x10, 0x64, 0x10, 0x64, 0x10, 0x64, 0x10, 0x64, 0x10,
    0x64, 0x10, 0x64, 0x10, 0x64, 0x10, 0x64, 0x10, 0x64, 0x10, 0x64, 0x10, 0x64, 0x10, 0x64, 0x10, 0x64, 0x10, 0x64, 0x10, 0x64, 0x10, 0x64, 0x10, 0x64, 0x10, 0x64, 0x10, 0x64, 0x10, 0x64, 0x10,
    0x64, 0x10, 0x64, 0x10, 0x64, 0x10, 0x64, 0x10, 0x64, 0x10, 0x64, 0x10, 0x64, 0x10, 0x64, 0x10, 0x64, 0x10, 0x64, 0x10, 0x64, 0x10, 0x64, 0x18, 0x64, 0x18, 0x63, 0x30, 0x63, 0x30, 0x43, 0x48,
    0x43, 0x48, 0x42, 0x68, 0x42, 0x68, 0x00, 0xe8, 0x00, 0xe8, 0x00, 0xf0, 0x00, 0xf0, 0x00, 0xf0, 0x00, 0xf0, 0x00, 0xf0, 0x00, 0xf0, 0x00, 0xf0, 0x00, 0xf0, 0x00, 0xf0, 0x00, 0xf0, 0x00, 0xe8,
    0x00, 0xe8, 0x00, 0xe8, 0x00, 0xe8, 0x00, 0xe8, 0x00, 0xe8, 0x00, 0xe8, 0x00, 0xe8, 0x00, 0xf0, 0x00, 0xf0, 0x00, 0xf0, 0x00, 0xf0, 0x00, 0xf0, 0x00, 0xf0, 0x00, 0xf0, 0x00, 0xf0, 0x00, 0xf0,
    0x00, 0xf0, 0x00, 0xe8, 0x00, 0xe8, 0x42, 0x68, 0x42, 0x68, 0x43, 0x48, 0x43, 0x48, 0x63, 0x30, 0x63, 0x30, 0x64, 0x18, 0x64, 0x18, 0x64, 0x10, 0x64, 0x10, 0x64, 0x10, 0x64, 0x10, 0x64, 0x10,
    0x64, 0x10, 0x64, 0x10, 0x64, 0x10, 0x64, 0x10, 0x64, 0x10, 0x64, 0x10, 0x64, 0x10, 0x64, 0x10, 0x64, 0x10, 0x64, 0x10, 0x64, 0x10, 0x64, 0x18, 0x64, 0x18, 0x63, 0x20, 0x63, 0x20, 0x43, 0x38,
    0x43, 0x38, 0x43, 0x50, 0x43, 0x50, 0x42, 0x70, 0x42, 0x70, 0x00, 0xe8, 0x00, 0xe8, 0x00, 0xf0, 0x00, 0xf0, 0x00, 0xf0, 0x00, 0xf0, 0x00, 0xf0, 0x00, 0xf0, 0x00, 0xf8, 0x00, 0xf8, 0x00, 0xf0,
    0x00, 0xf0, 0x00, 0xf0, 0x00, 0xf0, 0x00, 0xe8, 0x00, 0xe8, 0x42, 0x60, 0x42, 0x60, 0x43, 0x40, 0x43, 0x40, 0x63, 0x20, 0x63, 0x20, 0x64, 0x10, 0x64, 0x10, 0x64, 0x10, 0x64, 0x10, 0x64, 0x10,
    0x64, 0x10, 0x64, 0x10, 0x64, 0x10, 0x64, 0x10, 0x64, 0x10, 0x64, 0x10, 0x64, 0x10, 0x64, 0x10, 0x64, 0x10, 0x64, 0x10, 0x64, 0x10, 0x64, 0x10, 0x64, 0x10, 0x64, 0x10, 0x64, 0x10, 0x64, 0x10,
    0x64, 0x10, 0x64, 0x10, 0x64, 0x10, 0x64, 0x10, 0x64, 0x10, 0x64, 0x10, 0x64, 0x10, 0x64, 0x10, 0x64, 0x10, 0x64, 0x10, 0x64, 0x10, 0x64, 0x10, 0x64, 0x10, 0x64, 0x10, 0x64, 0x10, 0x64, 0x10,
    0x64, 0x10, 0x64, 0x10, 0x64, 0x10, 0x64, 0x10, 0x64, 0x10, 0x64, 0x10, 0x64, 0x10, 0x64, 0x10, 0x64, 0x10, 0x64, 0x10, 0x64, 0x10, 0x64, 0x10, 0x64, 0x10, 0x64, 0x10, 0x64, 0x10, 0x64, 0x10,
    0x64, 0x10, 0x64, 0x10, 0x64, 0x10, 0x64, 0x10, 0x64, 0x10, 0x64, 0x10, 0x64, 0x10, 0x64, 0x10, 0x64, 0x10, 0x64, 0x10, 0x64, 0x10, 0x64, 0x10, 0x64, 0x10, 0x64, 0x10, 0x64, 0x10, 0x64, 0x10,
    0x64, 0x10, 0x64, 0x10, 0x64, 0x10, 0x64, 0x10, 0x64, 0x10, 0x64, 0x10, 0x64, 0x10, 0x64, 0x10, 0x64, 0x10, 0x64, 0x10, 0x64, 0x10, 0x64, 0x10, 0x64, 0x10, 0x64, 0x10, 0x64, 0x10, 0x64, 0x10,
    0x64, 0x10, 0x64, 0x10, 0x64, 0x10, 0x64, 0x10, 0x64, 0x10, 0x64, 0x10, 0x64, 0x10, 0x64, 0x10, 0x64, 0x10, 0x64, 0x10, 0x64, 0x10, 0x64, 0x10, 0x64, 0x10, 0x64, 0x10, 0x64, 0x10, 0x64, 0x10,
    0x64, 0x10, 0x64, 0x10, 0x64, 0x10, 0x64, 0x10, 0x64, 0x10, 0x64, 0x10, 0x64, 0x10, 0x64, 0x10, 0x64, 0x10, 0x64, 0x10, 0x64, 0x10, 0x64, 0x10, 0x64, 0x10, 0x64, 0x10, 0x64, 0x10, 0x64, 0x10,
    0x64, 0x10, 0x64, 0x10, 0x64, 0x10, 0x64, 0x10, 0x64, 0x10, 0x64, 0x10, 0x64, 0x10, 0x64, 0x10, 0x64, 0x10, 0x64, 0x10, 0x64, 0x10, 0x64, 0x10, 0x64, 0x10, 0x64, 0x10, 0x64, 0x10, 0x64, 0x10,
    0x64, 0x10, 0x64, 0x10, 0x64, 0x10, 0x64, 0x10, 0x64, 0x10, 0x64, 0x10, 0x64, 0x10, 0x64, 0x10, 0x64, 0x10, 0x64, 0x10, 0x64, 0x10, 0x64, 0x10, 0x64, 0x10, 0x64, 0x10, 0x64, 0x10, 0x64, 0x10,
    0x64, 0x10, 0x64, 0x10, 0x64, 0x10, 0x64, 0x10, 0x64, 0x10, 0x64, 0x10, 0x64, 0x10, 0x64, 0x10, 0x64, 0x10, 0x64, 0x10, 0x64, 0x10, 0x64, 0x10, 0x64, 0x10, 0x64, 0x10, 0x64, 0x10, 0x64, 0x10,
    0x64, 0x10, 0x64, 0x10, 0x64, 0x10, 0x64, 0x10, 0x64, 0x10, 0x64, 0x10, 0x64, 0x10, 0x64, 0x10, 0x64, 0x10, 0x64, 0x10, 0x64, 0x10, 0x64, 0x10, 0x64, 0x10, 0x64, 0x10, 0x64, 0x10, 0x64, 0x10,
    0x64, 0x10, 0x64, 0x10, 0x64, 0x10, 0x64, 0x18, 0x64, 0x18, 0x63, 0x30, 0x63, 0x30, 0x43, 0x48, 0x43, 0x48, 0x42, 0x68, 0x42, 0x68, 0x00, 0xe8, 0x00, 0xe8, 0x00, 0xf0, 0x00, 0xf0, 0x00, 0xf0,
    0x00, 0xf0, 0x00, 0xf0, 0x00, 0xf0, 0x00, 0xf0, 0x00, 0xf0, 0x00, 0xf0, 0x00, 0xf0, 0x00, 0xe8, 0x00, 0xe8, 0x00, 0xe8, 0x00, 0xe8, 0x00, 0xe8, 0x00, 0xe8, 0x00, 0xe8, 0x00, 0xe8, 0x00, 0xf0,
    0x00, 0xf0, 0x00, 0xf0, 0x00, 0xf0, 0x00, 0xf0, 0x00, 0xf0, 0x00, 0xf0, 0x00, 0xf0, 0x00, 0xf0, 0x00, 0xf0, 0x00, 0xe8, 0x00, 0xe8, 0x42, 0x68, 0x42, 0x68, 0x43, 0x48, 0x43, 0x48, 0x63, 0x30,
    0x63, 0x30, 0x64, 0x18, 0x64, 0x18, 0x64, 0x10, 0x64, 0x10, 0x64, 0x10, 0x64, 0x10, 0x64, 0x10, 0x64, 0x10, 0x64, 0x10, 0x64, 0x10, 0x64, 0x10, 0x64, 0x10, 0x64, 0x10, 0x64, 0x10, 0x64, 0x10,
    0x64, 0x10, 0x64, 0x10, 0x64, 0x10, 0x64, 0x18, 0x64, 0x18, 0x63, 0x20, 0x63, 0x20, 0x43, 0x38, 0x43, 0x38, 0x43, 0x50, 0x43, 0x50, 0x42, 0x70, 0x42, 0x70, 0x00, 0xe8, 0x00, 0xe8, 0x00, 0xf0,
    0x00, 0xf0, 0x00, 0xf0, 0x00, 0xf0, 0x00, 0xf0, 0x00, 0xf0, 0x00, 0xf8, 0x00, 0xf8, 0x00, 0xf0, 0x00, 0xf0, 0x00, 0xf0, 0x00, 0xf0, 0x00, 0xe8, 0x00, 0xe8, 0x42, 0x60, 0x42, 0x60, 0x43, 0x40,
    0x43, 0x40, 0x63, 0x20, 0x63, 0x20, 0x64, 0x10, 0x64, 0x10, 0x64, 0x10, 0x64, 0x10, 0x64, 0x10, 0x64, 0x10, 0x64, 0x10, 0x64, 0x10, 0x64, 0x10, 0x64, 0x10, 0x64, 0x10, 0x64, 0x10, 0x64, 0x10,
    0x64, 0x10, 0x64, 0x10, 0x64, 0x10, 0x64, 0x10, 0x64, 0x10, 0x64, 0x10, 0x64, 0x10, 0x64, 0x10, 0x64, 0x10, 0x64, 0x10, 0x64, 0x10, 0x64, 0x10, 0x64, 0x10, 0x64, 0x10, 0x64, 0x10, 0x64, 0x10,
    0x64, 0x10, 0x64, 0x10, 0x64, 0x10, 0x64, 0x10, 0x64, 0x10, 0x64, 0x10, 0x64, 0x10, 0x64, 0x10, 0x64, 0x10, 0x64, 0x10, 0x64, 0x10, 0x64, 0x10, 0x64, 0x10, 0x64, 0x10, 0x64, 0x10, 0x64, 0x10,
    0x64, 0x10, 0x64, 0x10, 0x64, 0x10, 0x64, 0x10, 0x64, 0x10, 0x64, 0x10, 0x64, 0x10, 0x64, 0x10, 0x64, 0x10, 0x64, 0x10, 0x64, 0x10, 0x64, 0x10, 0x64, 0x10, 0x64, 0x10, 0x64, 0x10, 0x64, 0x10,
    0x64, 0x10, 0x64, 0x10, 0x64, 0x10, 0x64, 0x10, 0x64, 0x10, 0x64, 0x10, 0x64, 0x10, 0x64, 0x10, 0x64, 0x10, 0x64, 0x10, 0x64, 0x10, 0x64, 0x10, 0x64, 0x10, 0x64, 0x10, 0x64, 0x10, 0x64, 0x10,
    0x64, 0x10, 0x64, 0x10, 0x64, 0x10, 0x64, 0x10, 0x64, 0x10, 0x64, 0x10, 0x64, 0x10, 0x64, 0x10, 0x64, 0x10, 0x64, 0x10, 0x64, 0x10, 0x64, 0x10, 0x64, 0x10, 0x64, 0x10, 0x64, 0x10, 0x64, 0x10,
    0x64, 0x10, 0x64, 0x10, 0x64, 0x10, 0x64, 0x10, 0x64, 0x10, 0x64, 0x10, 0x64, 0x10, 0x64, 0x10, 0x64, 0x10, 0x64, 0x10, 0x64, 0x10, 0x64, 0x10, 0x64, 0x10, 0x64, 0x10, 0x64, 0x10, 0x64, 0x10,
    0x64, 0x10, 0x64, 0x10, 0x64, 0x10, 0x64, 0x10, 0x64, 0x10, 0x64, 0x10, 0x64, 0x10, 0x64, 0x10, 0x64, 0x10, 0x64, 0x10, 0x64, 0x10, 0x64, 0x10, 0x64, 0x10, 0x64, 0x10, 0x64, 0x10, 0x64, 0x10,
    0x64, 0x10, 0x64, 0x10, 0x64, 0x10, 0x64, 0x10, 0x64, 0x10, 0x64, 0x10, 0x64, 0x10, 0x64, 0x10, 0x64, 0x10, 0x64, 0x10, 0x64, 0x10, 0x64, 0x10, 0x64, 0x10, 0x64, 0x10, 0x64, 0x10, 0x64, 0x10,
    0x64, 0x10, 0x64, 0x10, 0x64, 0x10, 0x64, 0x10, 0x64, 0x10, 0x64, 0x10, 0x64, 0x10, 0x64, 0x10, 0x64, 0x10, 0x64, 0x10, 0x64, 0x10, 0x64, 0x10, 0x64, 0x10, 0x64, 0x10, 0x64, 0x10, 0x64, 0x10,
    0x64, 0x10, 0x64, 0x10, 0x64, 0x10, 0x64, 0x10, 0x64, 0x10, 0x64, 0x10, 0x64, 0x10, 0x64, 0x10, 0x64, 0x10, 0x64, 0x10, 0x64, 0x10, 0x64, 0x10, 0x64, 0x10, 0x64, 0x10, 0x64, 0x10, 0x64, 0x10,
    0x64, 0x10, 0x64, 0x10, 0x64, 0x10, 0x64, 0x10, 0x64, 0x10, 0x64, 0x10, 0x64, 0x10, 0x64, 0x10, 0x64, 0x10, 0x64, 0x10, 0x64, 0x10, 0x63, 0x20, 0x63, 0x20, 0x43, 0x40, 0x43, 0x40, 0x42, 0x60,
    0x42, 0x60, 0x00, 0xe8, 0x00, 0xe8, 0x00, 0xf0, 0x00, 0xf0, 0x00, 0xf0, 0x00, 0xf0, 0x00, 0xf0, 0x00, 0xf0, 0x00, 0xf0, 0x00, 0xf0, 0x00, 0xe8, 0x00, 0xe8, 0x22, 0x88, 0x22, 0x88, 0x42, 0x78,
    0x42, 0x78, 0x42, 0x70, 0x42, 0x70, 0x42, 0x70, 0x42, 0x70, 0x22, 0x80, 0x22, 0x80, 0x22, 0x88, 0x22, 0x88, 0x00, 0xf0, 0x00, 0xf0, 0x00, 0xf0, 0x00, 0xf0, 0x00, 0xf0, 0x00, 0xf0, 0x00, 0xf0,
    0x00, 0xf0, 0x00, 0xf0, 0x00, 0xf0, 0x00, 0xe8, 0x00, 0xe8, 0x42, 0x60, 0x42, 0x60, 0x43, 0x40, 0x43, 0x40, 0x63, 0x20, 0x63, 0x20, 0x64, 0x10, 0x64, 0x10, 0x64, 0x10, 0x64, 0x10, 0x64, 0x10,
    0x64, 0x10, 0x64, 0x10, 0x64, 0x10, 0x64, 0x10, 0x64, 0x10, 0x64, 0x10, 0x64, 0x10, 0x64, 0x10, 0x64, 0x10, 0x64, 0x10, 0x64, 0x10, 0x64, 0x18, 0x64, 0x18, 0x63, 0x28, 0x63, 0x28, 0x43, 0x40,
    0x43, 0x40, 0x00, 0xe0, 0x00, 0xe0, 0x00, 0xe8, 0x00, 0xe8, 0x00, 0xf0, 0x00, 0xf0, 0x00, 0xf0, 0x00, 0xf0, 0x00, 0xf8, 0x00, 0xf8, 0x00, 0xf8, 0x00, 0xf8, 0x00, 0xf8, 0x00, 0xf8, 0x00, 0xf8,
    0x00, 0xf8, 0x00, 0xf0, 0x00, 0xf0, 0x00, 0xf0, 0x00, 0xf0, 0x42, 0x68, 0x42, 0x68, 0x43, 0x40, 0x43, 0x40, 0x63, 0x28, 0x63, 0x28, 0x64, 0x10, 0x64, 0x10, 0x64, 0x10, 0x64, 0x10, 0x64, 0x10,
    0x64, 0x10, 0x64, 0x10, 0x64, 0x10, 0x64, 0x10, 0x64, 0x10, 0x64, 0x10, 0x64, 0x10, 0x64, 0x10, 0x64, 0x10, 0x64, 0x10, 0x64, 0x10, 0x64, 0x10, 0x64, 0x10, 0x64, 0x10, 0x64, 0x10, 0x64, 0x10,
    0x64, 0x10, 0x64, 0x10, 0x64, 0x10, 0x64, 0x10, 0x64, 0x10, 0x64, 0x10, 0x64, 0x10, 0x64, 0x10, 0x64, 0x10, 0x64, 0x10, 0x64, 0x10, 0x64, 0x10, 0x64, 0x10, 0x64, 0x10, 0x64, 0x10, 0x64, 0x10,
    0x64, 0x10, 0x64, 0x10, 0x64, 0x10, 0x64, 0x10, 0x64, 0x10, 0x64, 0x10, 0x64, 0x10, 0x64, 0x10, 0x64, 0x10, 0x64, 0x10, 0x64, 0x10, 0x64, 0x10, 0x64, 0x10, 0x64, 0x10, 0x64, 0x10, 0x64, 0x10,
    0x64, 0x10, 0x64, 0x10, 0x64, 0x10, 0x64, 0x10, 0x64, 0x10, 0x64, 0x10, 0x64, 0x10, 0x64, 0x10, 0x64, 0x10, 0x64, 0x10, 0x64, 0x10, 0x64, 0x10, 0x64, 0x10, 0x64, 0x10, 0x64, 0x10, 0x64, 0x10,
    0x64, 0x10, 0x64, 0x10, 0x64, 0x10, 0x64, 0x10, 0x64, 0x10, 0x64, 0x10, 0x64, 0x10, 0x64, 0x10, 0x64, 0x10, 0x64, 0x10, 0x64, 0x10, 0x64, 0x10, 0x64, 0x10, 0x64, 0x10, 0x64, 0x10, 0x64, 0x10,
    0x64, 0x10, 0x64, 0x10, 0x64, 0x10, 0x64, 0x10, 0x64, 0x10, 0x64, 0x10, 0x64, 0x10, 0x64, 0x10, 0x64, 0x10, 0x64, 0x10, 0x64, 0x10, 0x64, 0x10, 0x64, 0x10, 0x64, 0x10, 0x64, 0x10, 0x64, 0x10,
    0x64, 0x10, 0x64, 0x10, 0x64, 0x10, 0x64, 0x10, 0x64, 0x10, 0x64, 0x10, 0x64, 0x10, 0x64, 0x10, 0x64, 0x10, 0x64, 0x10, 0x64, 0x10, 0x64, 0x10, 0x64, 0x10, 0x64, 0x10, 0x64, 0x10, 0x64, 0x10,
    0x64, 0x10, 0x64, 0x10, 0x64, 0x10, 0x64, 0x10, 0x64, 0x10, 0x64, 0x10, 0x64, 0x10, 0x64, 0x10, 0x64, 0x10, 0x64, 0x10, 0x64, 0x10, 0x64, 0x10, 0x64, 0x10, 0x64, 0x10, 0x64, 0x10, 0x64, 0x10,
    0x64, 0x10, 0x64, 0x10, 0x64, 0x10, 0x64, 0x10, 0x64, 0x10, 0x64, 0x10, 0x64, 0x10, 0x64, 0x10, 0x64, 0x10, 0x64, 0x10, 0x64, 0x10, 0x64, 0x10, 0x64, 0x10, 0x64, 0x10, 0x64, 0x10, 0x64, 0x10,
    0x64, 0x10, 0x64, 0x10, 0x64, 0x10, 0x64, 0x10, 0x64, 0x10, 0x64, 0x10, 0x64, 0x10, 0x64, 0x10, 0x64, 0x10, 0x64, 0x10, 0x64, 0x10, 0x64, 0x10, 0x64, 0x10, 0x64, 0x10, 0x64, 0x10, 0x64, 0x10,
    0x64, 0x10, 0x64, 0x10, 0x64, 0x10, 0x64, 0x10, 0x64, 0x10, 0x64, 0x10, 0x64, 0x10, 0x64, 0x10, 0x64, 0x10, 0x64, 0x10, 0x64, 0x10, 0x64, 0x10, 0x64, 0x10, 0x64, 0x10, 0x64, 0x10, 0x64, 0x10,
    0x64, 0x10, 0x64, 0x10, 0x64, 0x10, 0x63, 0x20, 0x63, 0x20, 0x43, 0x40, 0x43, 0x40, 0x42, 0x60, 0x42, 0x60, 0x00, 0xe8, 0x00, 0xe8, 0x00, 0xf0, 0x00, 0xf0, 0x00, 0xf0, 0x00, 0xf0, 0x00, 0xf0,
    0x00, 0xf0, 0x00, 0xf0, 0x00, 0xf0, 0x00, 0xe8, 0x00, 0xe8, 0x22, 0x88, 0x22, 0x88, 0x42, 0x78, 0x42, 0x78, 0x42, 0x70, 0x42, 0x70, 0x42, 0x70, 0x42, 0x70, 0x22, 0x80, 0x22, 0x80, 0x22, 0x88,
    0x22, 0x88, 0x00, 0xf0, 0x00, 0xf0, 0x00, 0xf0, 0x00, 0xf0, 0x00, 0xf0, 0x00, 0xf0, 0x00, 0xf0, 0x00, 0xf0, 0x00, 0xf0, 0x00, 0xf0, 0x00, 0xe8, 0x00, 0xe8, 0x42, 0x60, 0x42, 0x60, 0x43, 0x40,
    0x43, 0x40, 0x63, 0x20, 0x63, 0x20, 0x64, 0x10, 0x64, 0x10, 0x64, 0x10, 0x64, 0x10, 0x64, 0x10, 0x64, 0x10, 0x64, 0x10, 0x64, 0x10, 0x64, 0x10, 0x64, 0x10, 0x64, 0x10, 0x64, 0x10, 0x64, 0x10,
    0x64, 0x10, 0x64, 0x10, 0x64, 0x10, 0x64, 0x18, 0x64, 0x18, 0x63, 0x28, 0x63, 0x28, 0x43, 0x40, 0x43, 0x40, 0x00, 0xe0, 0x00, 0xe0, 0x00, 0xe8, 0x00, 0xe8, 0x00, 0xf0, 0x00, 0xf0, 0x00, 0xf0,
    0x00, 0xf0, 0x00, 0xf8, 0x00, 0xf8, 0x00, 0xf8, 0x00, 0xf8, 0x00, 0xf8, 0x00, 0xf8, 0x00, 0xf8, 0x00, 0xf8, 0x00, 0xf0, 0x00, 0xf0, 0x00, 0xf0, 0x00, 0xf0, 0x42, 0x68, 0x42, 0x68, 0x43, 0x40,
    0x43, 0x40, 0x63, 0x28, 0x63, 0x28, 0x64, 0x10, 0x64, 0x10, 0x64, 0x10, 0x64, 0x10, 0x64, 0x10, 0x64, 0x10, 0x64, 0x10, 0x64, 0x10, 0x64, 0x10, 0x64, 0x10, 0x64, 0x10, 0x64, 0x10, 0x64, 0x10,
    0x64, 0x10, 0x64, 0x10, 0x64, 0x10, 0x64, 0x10, 0x64, 0x10, 0x64, 0x10, 0x64, 0x10, 0x64, 0x10, 0x64, 0x10, 0x64, 0x10, 0x64, 0x10, 0x64, 0x10, 0x64, 0x10, 0x64, 0x10, 0x64, 0x10, 0x64, 0x10,
    0x64, 0x10, 0x64, 0x10, 0x64, 0x10, 0x64, 0x10, 0x64, 0x10, 0x64, 0x10, 0x64, 0x10, 0x64, 0x10, 0x64, 0x10, 0x64, 0x10, 0x64, 0x10, 0x64, 0x10, 0x64, 0x10, 0x64, 0x10, 0x64, 0x10, 0x64, 0x10,
    0x64, 0x10, 0x64, 0x10, 0x64, 0x10, 0x64, 0x10, 0x64, 0x10, 0x64, 0x10, 0x64, 0x10, 0x64, 0x10, 0x64, 0x10, 0x64, 0x10, 0x64, 0x10, 0x64, 0x10, 0x64, 0x10, 0x64, 0x10, 0x64, 0x10, 0x64, 0x10,
    0x64, 0x10, 0x64, 0x10, 0x64, 0x10, 0x64, 0x10, 0x64, 0x10, 0x64, 0x10, 0x64, 0x10, 0x64, 0x10, 0x64, 0x10, 0x64, 0x10, 0x64, 0x10, 0x64, 0x10, 0x64, 0x10, 0x64, 0x10, 0x64, 0x10, 0x64, 0x10,
    0x64, 0x10, 0x64, 0x10, 0x64, 0x10, 0x64, 0x10, 0x64, 0x10, 0x64, 0x10, 0x64, 0x10, 0x64, 0x10, 0x64, 0x10, 0x64, 0x10, 0x64, 0x10, 0x64, 0x10, 0x64, 0x10, 0x64, 0x10, 0x64, 0x10, 0x64, 0x10,
    0x64, 0x10, 0x64, 0x10, 0x64, 0x10, 0x64, 0x10, 0x64, 0x10, 0x64, 0x10, 0x64, 0x10, 0x64, 0x10, 0x64, 0x10, 0x64, 0x10, 0x64, 0x10, 0x64, 0x10, 0x64, 0x10, 0x64, 0x10, 0x64, 0x10, 0x64, 0x10,
    0x64, 0x10, 0x64, 0x10, 0x64, 0x10, 0x64, 0x10, 0x64, 0x10, 0x64, 0x10, 0x64, 0x10, 0x64, 0x10, 0x64, 0x10, 0x64, 0x10, 0x64, 0x10, 0x64, 0x10, 0x64, 0x10, 0x64, 0x10, 0x64, 0x10, 0x64, 0x10,
    0x64, 0x10, 0x64, 0x10, 0x64, 0x10, 0x64, 0x10, 0x64, 0x10, 0x64, 0x10, 0x64, 0x10, 0x64, 0x10, 0x64, 0x10, 0x64, 0x10, 0x64, 0x10, 0x64, 0x10, 0x64, 0x10, 0x64, 0x10, 0x64, 0x10, 0x64, 0x10,
    0x64, 0x10, 0x64, 0x10, 0x64, 0x10, 0x64, 0x10, 0x64, 0x10, 0x64, 0x10, 0x64, 0x10, 0x64, 0x10, 0x64, 0x10, 0x64, 0x10, 0x64, 0x10, 0x64, 0x10, 0x64, 0x10, 0x64, 0x10, 0x64, 0x10, 0x64, 0x10,
    0x64, 0x10, 0x64, 0x10, 0x64, 0x10, 0x64, 0x10, 0x64, 0x10, 0x64, 0x10, 0x64, 0x10, 0x64, 0x10, 0x64, 0x10, 0x64, 0x10, 0x64, 0x10, 0x64, 0x10, 0x64, 0x10, 0x64, 0x10, 0x64, 0x10, 0x64, 0x10,
    0x64, 0x10, 0x64, 0x10, 0x64, 0x10, 0x64, 0x10, 0x64, 0x10, 0x64, 0x10, 0x64, 0x10, 0x64, 0x10, 0x64, 0x10, 0x64, 0x18, 0x64, 0x18, 0x63, 0x30, 0x63, 0x30, 0x43, 0x48, 0x43, 0x48, 0x42, 0x70,
    0x42, 0x70, 0x00, 0xf0, 0x00, 0xf0, 0x00, 0xf0, 0x00, 0xf0, 0x00, 0xf0, 0x00, 0xf0, 0x00, 0xf0, 0x00, 0xf0, 0x22, 0x90, 0x22, 0x90, 0x42, 0x78, 0x42, 0x78, 0x42, 0x60, 0x42, 0x60, 0x43, 0x50,
    0x43, 0x50, 0x43, 0x48, 0x43, 0x48, 0x43, 0x48, 0x43, 0x48, 0x43, 0x50, 0x43, 0x50, 0x42, 0x68, 0x42, 0x68, 0x22, 0x80, 0x22, 0x80, 0x00, 0xf0, 0x00, 0xf0, 0x00, 0xf0, 0x00, 0xf0, 0x00, 0xf0,
    0x00, 0xf0, 0x00, 0xf0, 0x00, 0xf0, 0x00, 0xf0, 0x00, 0xf0, 0x42, 0x70, 0x42, 0x70, 0x43, 0x48, 0x43, 0x48, 0x63, 0x30, 0x63, 0x30, 0x64, 0x18, 0x64, 0x18, 0x64, 0x10, 0x64, 0x10, 0x64, 0x10,
    0x64, 0x10, 0x64, 0x10, 0x64, 0x10, 0x64, 0x10, 0x64, 0x10, 0x64, 0x10, 0x64, 0x10, 0x64, 0x10, 0x64, 0x10, 0x64, 0x10, 0x64, 0x10, 0x64, 0x18, 0x64, 0x18, 0x63, 0x30, 0x63, 0x30, 0x43, 0x48,
    0x43, 0x48, 0x00, 0xe0, 0x00, 0xe0, 0x00, 0xe8, 0x00, 0xe8, 0x00, 0xf0, 0x00, 0xf0, 0x00, 0xf0, 0x00, 0xf0, 0x00, 0xf8, 0x00, 0xf8, 0x00, 0xf8, 0x00, 0xf8, 0x00, 0xf8, 0x00, 0xf8, 0x00, 0xf8,
    0x00, 0xf8, 0x00, 0xf0, 0x00, 0xf0, 0x00, 0xf0, 0x00, 0xf0, 0x42, 0x68, 0x42, 0x68, 0x43, 0x40, 0x43, 0x40, 0x63, 0x28, 0x63, 0x28, 0x64, 0x10, 0x64, 0x10, 0x64, 0x10, 0x64, 0x10, 0x64, 0x10,
    0x64, 0x10, 0x64, 0x10, 0x64, 0x10, 0x64, 0x10, 0x64, 0x10, 0x64, 0x10, 0x64, 0x10, 0x64, 0x10, 0x64, 0x10, 0x64, 0x10, 0x64, 0x10, 0x64, 0x10, 0x64, 0x10, 0x64, 0x10, 0x64, 0x10, 0x64, 0x10,
    0x64, 0x10, 0x64, 0x10, 0x64, 0x10, 0x64, 0x10, 0x64, 0x10, 0x64, 0x10, 0x64, 0x10, 0x64, 0x10, 0x64, 0x10, 0x64, 0x10, 0x64, 0x10, 0x64, 0x10, 0x64, 0x10, 0x64, 0x10, 0x64, 0x10, 0x64, 0x10,
    0x64, 0x10, 0x64, 0x10, 0x64, 0x10, 0x64, 0x10, 0x64, 0x10, 0x64, 0x10, 0x64, 0x10, 0x64, 0x10, 0x64, 0x10, 0x64, 0x10, 0x64, 0x10, 0x64, 0x10, 0x64, 0x10, 0x64, 0x10, 0x64, 0x10, 0x64, 0x10,
    0x64, 0x10, 0x64, 0x10, 0x64, 0x10, 0x64, 0x10, 0x64, 0x10, 0x64, 0x10, 0x64, 0x10, 0x64, 0x10, 0x64, 0x10, 0x64, 0x10, 0x64, 0x10, 0x64, 0x10, 0x64, 0x10, 0x64, 0x10, 0x64, 0x10, 0x64, 0x10,
    0x64, 0x10, 0x64, 0x10, 0x64, 0x10, 0x64, 0x10, 0x64, 0x10, 0x64, 0x10, 0x64, 0x10, 0x64, 0x10, 0x64, 0x10, 0x64, 0x10, 0x64, 0x10, 0x64, 0x10, 0x64, 0x10, 0x64, 0x10, 0x64, 0x10, 0x64, 0x10,
    0x64, 0x10, 0x64, 0x10, 0x64, 0x10, 0x64, 0x10, 0x64, 0x10, 0x64, 0x10, 0x64, 0x10, 0x64, 0x10, 0x64, 0x10, 0x64, 0x10, 0x64, 0x10, 0x64, 0x10, 0x64, 0x10, 0x64, 0x10, 0x64, 0x10, 0x64, 0x10,
    0x64, 0x10, 0x64, 0x10, 0x64, 0x10, 0x64, 0x10, 0x64, 0x10, 0x64, 0x10, 0x64, 0x10, 0x64, 0x10, 0x64, 0x10, 0x64, 0x10, 0x64, 0x10, 0x64, 0x10, 0x64, 0x10, 0x64, 0x10, 0x64, 0x10, 0x64, 0x10,
    0x64, 0x10, 0x64, 0x10, 0x64, 0x10, 0x64, 0x10, 0x64, 0x10, 0x64, 0x10, 0x64, 0x10, 0x64, 0x10, 0x64, 0x10, 0x64, 0x10, 0x64, 0x10, 0x64, 0x10, 0x64, 0x10, 0x64, 0x10, 0x64, 0x10, 0x64, 0x10,
    0x64, 0x10, 0x64, 0x10, 0x64, 0x10, 0x64, 0x10, 0x64, 0x10, 0x64, 0x10, 0x64, 0x10, 0x64, 0x10, 0x64, 0x10, 0x64, 0x10, 0x64, 0x10, 0x64, 0x10, 0x64, 0x10, 0x64, 0x10, 0x64, 0x10, 0x64, 0x10,
    0x64, 0x10, 0x64, 0x10, 0x64, 0x10, 0x64, 0x10, 0x64, 0x10, 0x64, 0x10, 0x64, 0x10, 0x64, 0x10, 0x64, 0x10, 0x64, 0x10, 0x64, 0x10, 0x64, 0x10, 0x64, 0x10, 0x64, 0x10, 0x64, 0x10, 0x64, 0x10,
    0x64, 0x10, 0x64, 0x10, 0x64, 0x10, 0x64, 0x10, 0x64, 0x10, 0x64, 0x10, 0x64, 0x10, 0x64, 0x10, 0x64, 0x10, 0x64, 0x10, 0x64, 0x10, 0x64, 0x10, 0x64, 0x10, 0x64, 0x10, 0x64, 0x10, 0x64, 0x10,
    0x64, 0x10, 0x64, 0x18, 0x64, 0x18, 0x63, 0x30, 0x63, 0x30, 0x43, 0x48, 0x43, 0x48, 0x42, 0x70, 0x42, 0x70, 0x00, 0xf0, 0x00, 0xf0, 0x00, 0xf0, 0x00, 0xf0, 0x00, 0xf0, 0x00, 0xf0, 0x00, 0xf0,
    0x00, 0xf0, 0x22, 0x90, 0x22, 0x90, 0x42, 0x78, 0x42, 0x78, 0x42, 0x60, 0x42, 0x60, 0x43, 0x50, 0x43, 0x50, 0x43, 0x48, 0x43, 0x48, 0x43, 0x48, 0x43, 0x48, 0x43, 0x50, 0x43, 0x50, 0x42, 0x68,
    0x42, 0x68, 0x22, 0x80, 0x22, 0x80, 0x00, 0xf0, 0x00, 0xf0, 0x00, 0xf0, 0x00, 0xf0, 0x00, 0xf0, 0x00, 0xf0, 0x00, 0xf0, 0x00, 0xf0, 0x00, 0xf0, 0x00, 0xf0, 0x42, 0x70, 0x42, 0x70, 0x43, 0x48,
    0x43, 0x48, 0x63, 0x30, 0x63, 0x30, 0x64, 0x18, 0x64, 0x18, 0x64, 0x10, 0x64, 0x10, 0x64, 0x10, 0x64, 0x10, 0x64, 0x10, 0x64, 0x10, 0x64, 0x10, 0x64, 0x10, 0x64, 0x10, 0x64, 0x10, 0x64, 0x10,
    0x64, 0x10, 0x64, 0x10, 0x64, 0x10, 0x64, 0x18, 0x64, 0x18, 0x63, 0x30, 0x63, 0x30, 0x43, 0x48, 0x43, 0x48, 0x00, 0xe0, 0x00, 0xe0, 0x00, 0xe8, 0x00, 0xe8, 0x00, 0xf0, 0x00, 0xf0, 0x00, 0xf0,
    0x00, 0xf0, 0x00, 0xf8, 0x00, 0xf8, 0x00, 0xf8, 0x00, 0xf8, 0x00, 0xf8, 0x00, 0xf8, 0x00, 0xf8, 0x00, 0xf8, 0x00, 0xf0, 0x00, 0xf0, 0x00, 0xf0, 0x00, 0xf0, 0x42, 0x68, 0x42, 0x68, 0x43, 0x40,
    0x43, 0x40, 0x63, 0x28, 0x63, 0x28, 0x64, 0x10, 0x64, 0x10, 0x64, 0x10, 0x64, 0x10, 0x64, 0x10, 0x64, 0x10, 0x64, 0x10, 0x64, 0x10, 0x64, 0x10, 0x64, 0x10, 0x64, 0x10, 0x64, 0x10, 0x64, 0x10,
    0x64, 0x10, 0x64, 0x10, 0x64, 0x10, 0x64, 0x10, 0x64, 0x10, 0x64, 0x10, 0x64, 0x10, 0x64, 0x10, 0x64, 0x10, 0x64, 0x10, 0x64, 0x10, 0x64, 0x10, 0x64, 0x10, 0x64, 0x10, 0x64, 0x10, 0x64, 0x10,
    0x64, 0x10, 0x64, 0x10, 0x64, 0x10, 0x64, 0x10, 0x64, 0x10, 0x64, 0x10, 0x64, 0x10, 0x64, 0x10, 0x64, 0x10, 0x64, 0x10, 0x64, 0x10, 0x64, 0x10, 0x64, 0x10, 0x64, 0x10, 0x64, 0x10, 0x64, 0x10,
    0x64, 0x10, 0x64, 0x10, 0x64, 0x10, 0x64, 0x10, 0x64, 0x10, 0x64, 0x10, 0x64, 0x10, 0x64, 0x10, 0x64, 0x10, 0x64, 0x10, 0x64, 0x10, 0x64, 0x10, 0x64, 0x10, 0x64, 0x10, 0x64, 0x10, 0x64, 0x10,
    0x64, 0x10, 0x64, 0x10, 0x64, 0x10, 0x64, 0x10, 0x64, 0x10, 0x64, 0x10, 0x64, 0x10, 0x64, 0x10, 0x64, 0x10, 0x64, 0x10, 0x64, 0x10, 0x64, 0x10, 0x64, 0x10, 0x64, 0x10, 0x64, 0x10, 0x64, 0x10,
    0x64, 0x10, 0x64, 0x10, 0x64, 0x10, 0x64, 0x10, 0x64, 0x10, 0x64, 0x10, 0x64, 0x10, 0x64, 0x10, 0x64, 0x10, 0x64, 0x10, 0x64, 0x10, 0x64, 0x10, 0x64, 0x10, 0x64, 0x10, 0x64, 0x10, 0x64, 0x10,
    0x64, 0x10, 0x64, 0x10, 0x64, 0x10, 0x64, 0x10, 0x64, 0x10, 0x64, 0x10, 0x64, 0x10, 0x64, 0x10, 0x64, 0x10, 0x64, 0x10, 0x64, 0x10, 0x64, 0x10, 0x64, 0x10, 0x64, 0x10, 0x64, 0x10, 0x64, 0x10,
    0x64, 0x10, 0x64, 0x10, 0x64, 0x10, 0x64, 0x10, 0x64, 0x10, 0x64, 0x10, 0x64, 0x10, 0x64, 0x10, 0x64, 0x10, 0x64, 0x10, 0x64, 0x10, 0x64, 0x10, 0x64, 0x10, 0x64, 0x10, 0x64, 0x10, 0x64, 0x10,
    0x64, 0x10, 0x64, 0x10, 0x64, 0x10, 0x64, 0x10, 0x64, 0x10, 0x64, 0x10, 0x64, 0x10, 0x64, 0x10, 0x64, 0x10, 0x64, 0x10, 0x64, 0x10, 0x64, 0x10, 0x64, 0x10, 0x64, 0x10, 0x64, 0x10, 0x64, 0x10,
    0x64, 0x10, 0x64, 0x10, 0x64, 0x10, 0x64, 0x10, 0x64, 0x10, 0x64, 0x10, 0x64, 0x10, 0x64, 0x10, 0x64, 0x10, 0x64, 0x10, 0x64, 0x10, 0x64, 0x10, 0x64, 0x10, 0x64, 0x10, 0x64, 0x10, 0x64, 0x10,
    0x64, 0x10, 0x64, 0x10, 0x64, 0x10, 0x64, 0x10, 0x64, 0x10, 0x64, 0x10, 0x64, 0x10, 0x64, 0x10, 0x64, 0x10, 0x64, 0x10, 0x64, 0x10, 0x64, 0x10, 0x64, 0x10, 0x64, 0x10, 0x64, 0x10, 0x64, 0x10,
    0x64, 0x10, 0x64, 0x10, 0x64, 0x10, 0x64, 0x10, 0x64, 0x10, 0x64, 0x10, 0x64, 0x10, 0x64, 0x10, 0x64, 0x10, 0x64, 0x18, 0x64, 0x18, 0x43, 0x38, 0x43, 0x38, 0x42, 0x58, 0x42, 0x58, 0x00, 0xe8,
    0x00, 0xe8, 0x00, 0xf0, 0x00, 0xf0, 0x00, 0xf0, 0x00, 0xf0, 0x00, 0xf0, 0x00, 0xf0, 0x00, 0xf0, 0x00, 0xf0, 0x42, 0x78, 0x42, 0x78, 0x43, 0x58, 0x43, 0x58, 0x43, 0x38, 0x43, 0x38, 0x63, 0x28,
    0x63, 0x28, 0x63, 0x28, 0x63, 0x28, 0x63, 0x28, 0x63, 0x28, 0x63, 0x30, 0x63, 0x30, 0x43, 0x48, 0x43, 0x48, 0x42, 0x68, 0x42, 0x68, 0x22, 0x90, 0x22, 0x90, 0x00, 0xf0, 0x00, 0xf0, 0x00, 0xf0,
    0x00, 0xf0, 0x00, 0xf0, 0x00, 0xf0, 0x00, 0xf0, 0x00, 0xf0, 0x00, 0xe8, 0x00, 0xe8, 0x42, 0x58, 0x42, 0x58, 0x43, 0x38, 0x43, 0x38, 0x64, 0x18, 0x64, 0x18, 0x64, 0x10, 0x64, 0x10, 0x64, 0x10,
    0x64, 0x10, 0x64, 0x10, 0x64, 0x10, 0x64, 0x10, 0x64, 0x10, 0x64, 0x10, 0x64, 0x10, 0x64, 0x10, 0x64, 0x10, 0x64, 0x10, 0x64, 0x10, 0x64, 0x18, 0x64, 0x18, 0x63, 0x28, 0x63, 0x28, 0x43, 0x40,
    0x43, 0x40, 0x00, 0xe0, 0x00, 0xe0, 0x00, 0xe8, 0x00, 0xe8, 0x00, 0xf0, 0x00, 0xf0, 0x00, 0xf0, 0x00, 0xf0, 0x00, 0xf8, 0x00, 0xf8, 0x00, 0xf8, 0x00, 0xf8, 0x00, 0xf8, 0x00, 0xf8, 0x00, 0xf8,
    0x00, 0xf8, 0x00, 0xf0, 0x00, 0xf0, 0x00, 0xf0, 0x00, 0xf0, 0x42, 0x68, 0x42, 0x68, 0x43, 0x40, 0x43, 0x40, 0x63, 0x28, 0x63, 0x28, 0x64, 0x10, 0x64, 0x10, 0x64, 0x10, 0x64, 0x10, 0x64, 0x10,
    0x64, 0x10, 0x64, 0x10, 0x64, 0x10, 0x64, 0x10, 0x64, 0x10, 0x64, 0x10, 0x64, 0x10, 0x64, 0x10, 0x64, 0x10, 0x64, 0x10, 0x64, 0x10, 0x64, 0x10, 0x64, 0x10, 0x64, 0x10, 0x64, 0x10, 0x64, 0x10,
    0x64, 0x10, 0x64, 0x10, 0x64, 0x10, 0x64, 0x10, 0x64, 0x10, 0x64, 0x10, 0x64, 0x10, 0x64, 0x10, 0x64, 0x10, 0x64, 0x10, 0x64, 0x10, 0x64, 0x10, 0x64, 0x10, 0x64, 0x10, 0x64, 0x10, 0x64, 0x10,
    0x64, 0x10, 0x64, 0x10, 0x64, 0x10, 0x64, 0x10, 0x64, 0x10, 0x64, 0x10, 0x64, 0x10, 0x64, 0x10, 0x64, 0x10, 0x64, 0x10, 0x64, 0x10, 0x64, 0x10, 0x64, 0x10, 0x64, 0x10, 0x64, 0x10, 0x64, 0x10,
    0x64, 0x10, 0x64, 0x10, 0x64, 0x10, 0x64, 0x10, 0x64, 0x10, 0x64, 0x10, 0x64, 0x10, 0x64, 0x10, 0x64, 0x10, 0x64, 0x10, 0x64, 0x10, 0x64, 0x10, 0x64, 0x10, 0x64, 0x10, 0x64, 0x10, 0x64, 0x10,
    0x64, 0x10, 0x64, 0x10, 0x64, 0x10, 0x64, 0x10, 0x64, 0x10, 0x64, 0x10, 0x64, 0x10, 0x64, 0x10, 0x64, 0x10, 0x64, 0x10, 0x64, 0x10, 0x64, 0x10, 0x64, 0x10, 0x64, 0x10, 0x64, 0x10, 0x64, 0x10,
    0x64, 0x10, 0x64, 0x10, 0x64, 0x10, 0x64, 0x10, 0x64, 0x10, 0x64, 0x10, 0x64, 0x10, 0x64, 0x10, 0x64, 0x10, 0x64, 0x10, 0x64, 0x10, 0x64, 0x10, 0x64, 0x10, 0x64, 0x10, 0x64, 0x10, 0x64, 0x10,
    0x64, 0x10, 0x64, 0x10, 0x64, 0x10, 0x64, 0x10, 0x64, 0x10, 0x64, 0x10, 0x64, 0x10, 0x64, 0x10, 0x64, 0x10, 0x64, 0x10, 0x64, 0x10, 0x64, 0x10, 0x64, 0x10, 0x64, 0x10, 0x64, 0x10, 0x64, 0x10,
    0x64, 0x10, 0x64, 0x10, 0x64, 0x10, 0x64, 0x10, 0x64, 0x10, 0x64, 0x10, 0x64, 0x10, 0x64, 0x10, 0x64, 0x10, 0x64, 0x10, 0x64, 0x10, 0x64, 0x10, 0x64, 0x10, 0x64, 0x10, 0x64, 0x10, 0x64, 0x10,
    0x64, 0x10, 0x64, 0x10, 0x64, 0x10, 0x64, 0x10, 0x64, 0x10, 0x64, 0x10, 0x64, 0x10, 0x64, 0x10, 0x64, 0x10, 0x64, 0x10, 0x64, 0x10, 0x64, 0x10, 0x64, 0x10, 0x64, 0x10, 0x64, 0x10, 0x64, 0x10,
    0x64, 0x10, 0x64, 0x10, 0x64, 0x10, 0x64, 0x10, 0x64, 0x10, 0x64, 0x10, 0x64, 0x10, 0x64, 0x10, 0x64, 0x10, 0x64, 0x10, 0x64, 0x10, 0x64, 0x10, 0x64, 0x10, 0x64, 0x10, 0x64, 0x10, 0x64, 0x10,
    0x64, 0x10, 0x64, 0x10, 0x64, 0x10, 0x64, 0x10, 0x64, 0x10, 0x64, 0x10, 0x64, 0x10, 0x64, 0x10, 0x64, 0x10, 0x64, 0x10, 0x64, 0x10, 0x64, 0x10, 0x64, 0x10, 0x64, 0x10, 0x64, 0x10, 0x64, 0x10,
    0x64, 0x10, 0x64, 0x18, 0x64, 0x18, 0x43, 0x38, 0x43, 0x38, 0x42, 0x58, 0x42, 0x58, 0x00, 0xe8, 0x00, 0xe8, 0x00, 0xf0, 0x00, 0xf0, 0x00, 0xf0, 0x00, 0xf0, 0x00, 0xf0, 0x00, 0xf0, 0x00, 0xf0,
    0x00, 0xf0, 0x42, 0x78, 0x42, 0x78, 0x43, 0x58, 0x43, 0x58, 0x43, 0x38, 0x43, 0x38, 0x63, 0x28, 0x63, 0x28, 0x63, 0x28, 0x63, 0x28, 0x63, 0x28, 0x63, 0x28, 0x63, 0x30, 0x63, 0x30, 0x43, 0x48,
    0x43, 0x48, 0x42, 0x68, 0x42, 0x68, 0x22, 0x90, 0x22, 0x90, 0x00, 0xf0, 0x00, 0xf0, 0x00, 0xf0, 0x00, 0xf0, 0x00, 0xf0, 0x00, 0xf0, 0x00, 0xf0, 0x00, 0xf0, 0x00, 0xe8, 0x00, 0xe8, 0x42, 0x58,
    0x42, 0x58, 0x43, 0x38, 0x43, 0x38, 0x64, 0x18, 0x64, 0x18, 0x64, 0x10, 0x64, 0x10, 0x64, 0x10, 0x64, 0x10, 0x64, 0x10, 0x64, 0x10, 0x64, 0x10, 0x64, 0x10, 0x64, 0x10, 0x64, 0x10, 0x64, 0x10,
    0x64, 0x10, 0x64, 0x10, 0x64, 0x10, 0x64, 0x18, 0x64, 0x18, 0x63, 0x28, 0x63, 0x28, 0x43, 0x40, 0x43, 0x40, 0x00, 0xe0, 0x00, 0xe0, 0x00, 0xe8, 0x00, 0xe8, 0x00, 0xf0, 0x00, 0xf0, 0x00, 0xf0,
    0x00, 0xf0, 0x00, 0xf8, 0x00, 0xf8, 0x00, 0xf8, 0x00, 0xf8, 0x00, 0xf8, 0x00, 0xf8, 0x00, 0xf8, 0x00, 0xf8, 0x00, 0xf0, 0x00, 0xf0, 0x00, 0xf0, 0x00, 0xf0, 0x42, 0x68, 0x42, 0x68, 0x43, 0x40,
    0x43, 0x40, 0x63, 0x28, 0x63, 0x28, 0x64, 0x10, 0x64, 0x10, 0x64, 0x10, 0x64, 0x10, 0x64, 0x10, 0x64, 0x10, 0x64, 0x10, 0x64, 0x10, 0x64, 0x10, 0x64, 0x10, 0x64, 0x10, 0x64, 0x10, 0x64, 0x10,
    0x64, 0x10, 0x64, 0x10, 0x64, 0x10, 0x64, 0x10, 0x64, 0x10, 0x64, 0x10, 0x64, 0x10, 0x64, 0x10, 0x64, 0x10, 0x64, 0x10, 0x64, 0x10, 0x64, 0x10, 0x64, 0x10, 0x64, 0x10, 0x64, 0x10, 0x64, 0x10,
    0x64, 0x10, 0x64, 0x10, 0x64, 0x10, 0x64, 0x10, 0x64, 0x10, 0x64, 0x10, 0x64, 0x10, 0x64, 0x10, 0x64, 0x10, 0x64, 0x10, 0x64, 0x10, 0x64, 0x10, 0x64, 0x10, 0x64, 0x10, 0x64, 0x10, 0x64, 0x10,
    0x64, 0x10, 0x64, 0x10, 0x64, 0x10, 0x64, 0x10, 0x64, 0x10, 0x64, 0x10, 0x64, 0x10, 0x64, 0x10, 0x64, 0x10, 0x64, 0x10, 0x64, 0x10, 0x64, 0x10, 0x64, 0x10, 0x64, 0x10, 0x64, 0x10, 0x64, 0x10,
    0x64, 0x10, 0x64, 0x10, 0x64, 0x10, 0x64, 0x10, 0x64, 0x10, 0x64, 0x10, 0x64, 0x10, 0x64, 0x10, 0x64, 0x10, 0x64, 0x10, 0x64, 0x10, 0x64, 0x10, 0x64, 0x10, 0x64, 0x10, 0x64, 0x10, 0x64, 0x10,
    0x64, 0x10, 0x64, 0x10, 0x64, 0x10, 0x64, 0x10, 0x64, 0x10, 0x64, 0x10, 0x64, 0x10, 0x64, 0x10, 0x64, 0x10, 0x64, 0x10, 0x64, 0x10, 0x64, 0x10, 0x64, 0x10, 0x64, 0x10, 0x64, 0x10, 0x64, 0x10,
    0x64, 0x10, 0x64, 0x10, 0x64, 0x10, 0x64, 0x10, 0x64, 0x10, 0x64, 0x10, 0x64, 0x10, 0x64, 0x10, 0x64, 0x10, 0x64, 0x10, 0x64, 0x10, 0x64, 0x10, 0x64, 0x10, 0x64, 0x10, 0x64, 0x10, 0x64, 0x10,
    0x64, 0x10, 0x64, 0x10, 0x64, 0x10, 0x64, 0x10, 0x64, 0x10, 0x64, 0x10, 0x64, 0x10, 0x64, 0x10, 0x64, 0x10, 0x64, 0x10, 0x64, 0x10, 0x64, 0x10, 0x64, 0x10, 0x64, 0x10, 0x64, 0x10, 0x64, 0x10,
    0x64, 0x10, 0x64, 0x10, 0x64, 0x10, 0x64, 0x10, 0x64, 0x10, 0x64, 0x10, 0x64, 0x10, 0x64, 0x10, 0x64, 0x10, 0x64, 0x10, 0x64, 0x10, 0x64, 0x10, 0x64, 0x10, 0x64, 0x10, 0x64, 0x10, 0x64, 0x10,
    0x64, 0x10, 0x64, 0x10, 0x64, 0x10, 0x64, 0x10, 0x64, 0x10, 0x64, 0x10, 0x64, 0x10, 0x64, 0x10, 0x64, 0x10, 0x64, 0x10, 0x64, 0x10, 0x64, 0x10, 0x64, 0x10, 0x64, 0x10, 0x64, 0x10, 0x64, 0x10,
    0x64, 0x10, 0x64, 0x10, 0x64, 0x10, 0x64, 0x10, 0x64, 0x10, 0x64, 0x10, 0x64, 0x10, 0x64, 0x10, 0x64, 0x10, 0x64, 0x10, 0x64, 0x10, 0x64, 0x10, 0x64, 0x10, 0x64, 0x10, 0x64, 0x10, 0x64, 0x10,
    0x64, 0x10, 0x64, 0x10, 0x64, 0x10, 0x64, 0x10, 0x64, 0x10, 0x64, 0x10, 0x64, 0x10, 0x64, 0x10, 0x64, 0x10, 0x63, 0x20, 0x63, 0x20, 0x43, 0x40, 0x43, 0x40, 0x42, 0x60, 0x42, 0x60, 0x00, 0xe8,
    0x00, 0xe8, 0x00, 0xf0, 0x00, 0xf0, 0x00, 0xf0, 0x00, 0xf0, 0x00, 0xf0, 0x00, 0xf0, 0x22, 0x88, 0x22, 0x88, 0x42, 0x60, 0x42, 0x60, 0x43, 0x38, 0x43, 0x38, 0x63, 0x20, 0x63, 0x20, 0x64, 0x10,
    0x64, 0x10, 0x64, 0x10, 0x64, 0x10, 0x64, 0x10, 0x64, 0x10, 0x64, 0x18, 0x64, 0x18, 0x63, 0x30, 0x63, 0x30, 0x43, 0x58, 0x43, 0x58, 0x22, 0x80, 0x22, 0x80, 0x00, 0xf0, 0x00, 0xf0, 0x00, 0xf0,
    0x00, 0xf0, 0x00, 0xf8, 0x00, 0xf8, 0x00, 0xf0, 0x00, 0xf0, 0x00, 0xe8, 0x00, 0xe8, 0x42, 0x60, 0x42, 0x60, 0x43, 0x40, 0x43, 0x40, 0x63, 0x20, 0x63, 0x20, 0x64, 0x10, 0x64, 0x10, 0x64, 0x10,
    0x64, 0x10, 0x64, 0x10, 0x64, 0x10, 0x64, 0x10, 0x64, 0x10, 0x64, 0x10, 0x64, 0x10, 0x64, 0x10, 0x64, 0x10, 0x64, 0x10, 0x64, 0x10, 0x64, 0x18, 0x64, 0x18, 0x63, 0x20, 0x63, 0x20, 0x63, 0x30,
    0x63, 0x30, 0x43, 0x48, 0x43, 0x48, 0x42, 0x68, 0x42, 0x68, 0x22, 0x80, 0x22, 0x80, 0x21, 0xa8, 0x21, 0xa8, 0x00, 0xf0, 0x00, 0xf0, 0x00, 0xf8, 0x00, 0xf8, 0x00, 0xf8, 0x00, 0xf8, 0x00, 0xf8,
    0x00, 0xf8, 0x00, 0xf0, 0x00, 0xf0, 0x00, 0xf0, 0x00, 0xf0, 0x42, 0x68, 0x42, 0x68, 0x43, 0x40, 0x43, 0x40, 0x63, 0x28, 0x63, 0x28, 0x64, 0x10, 0x64, 0x10, 0x64, 0x10, 0x64, 0x10, 0x64, 0x10,
    0x64, 0x10, 0x64, 0x10, 0x64, 0x10, 0x64, 0x10, 0x64, 0x10, 0x64, 0x10, 0x64, 0x10, 0x64, 0x10, 0x64, 0x10, 0x64, 0x10, 0x64, 0x10, 0x64, 0x10, 0x64, 0x10, 0x64, 0x10, 0x64, 0x10, 0x64, 0x10,
    0x64, 0x10, 0x64, 0x10, 0x64, 0x10, 0x64, 0x10, 0x64, 0x10, 0x64, 0x10, 0x64, 0x10, 0x64, 0x10, 0x64, 0x10, 0x64, 0x10, 0x64, 0x10, 0x64, 0x10, 0x64, 0x10, 0x64, 0x10, 0x64, 0x10, 0x64, 0x10,
    0x64, 0x10, 0x64, 0x10, 0x64, 0x10, 0x64, 0x10, 0x64, 0x10, 0x64, 0x10, 0x64, 0x10, 0x64, 0x10, 0x64, 0x10, 0x64, 0x10, 0x64, 0x10, 0x64, 0x10, 0x64, 0x10, 0x64, 0x10, 0x64, 0x10, 0x64, 0x10,
    0x64, 0x10, 0x64, 0x10, 0x64, 0x10, 0x64, 0x10, 0x64, 0x10, 0x64, 0x10, 0x64, 0x10, 0x64, 0x10, 0x64, 0x10, 0x64, 0x10, 0x64, 0x10, 0x64, 0x10, 0x64, 0x10, 0x64, 0x10, 0x64, 0x10, 0x64, 0x10,
    0x64, 0x10, 0x64, 0x10, 0x64, 0x10, 0x64, 0x10, 0x64, 0x10, 0x64, 0x10, 0x64, 0x10, 0x64, 0x10, 0x64, 0x10, 0x64, 0x10, 0x64, 0x10, 0x64, 0x10, 0x64, 0x10, 0x64, 0x10, 0x64, 0x10, 0x64, 0x10,
    0x64, 0x10, 0x64, 0x10, 0x64, 0x10, 0x64, 0x10, 0x64, 0x10, 0x64, 0x10, 0x64, 0x10, 0x64, 0x10, 0x64, 0x10, 0x64, 0x10, 0x64, 0x10, 0x64, 0x10, 0x64, 0x10, 0x64, 0x10, 0x64, 0x10, 0x64, 0x10,
    0x64, 0x10, 0x64, 0x10, 0x64, 0x10, 0x64, 0x10, 0x64, 0x10, 0x64, 0x10, 0x64, 0x10, 0x64, 0x10, 0x64, 0x10, 0x64, 0x10, 0x64, 0x10, 0x64, 0x10, 0x64, 0x10, 0x64, 0x10, 0x64, 0x10, 0x64, 0x10,
    0x64, 0x10, 0x64, 0x10, 0x64, 0x10, 0x64, 0x10, 0x64, 0x10, 0x64, 0x10, 0x64, 0x10, 0x64, 0x10, 0x64, 0x10, 0x64, 0x10, 0x64, 0x10, 0x64, 0x10, 0x64, 0x10, 0x64, 0x10, 0x64, 0x10, 0x64, 0x10,
    0x64, 0x10, 0x64, 0x10, 0x64, 0x10, 0x64, 0x10, 0x64, 0x10, 0x64, 0x10, 0x64, 0x10, 0x64, 0x10, 0x64, 0x10, 0x64, 0x10, 0x64, 0x10, 0x64, 0x10, 0x64, 0x10, 0x64, 0x10, 0x64, 0x10, 0x64, 0x10,
    0x64, 0x10, 0x64, 0x10, 0x64, 0x10, 0x64, 0x10, 0x64, 0x10, 0x64, 0x10, 0x64, 0x10, 0x64, 0x10, 0x64, 0x10, 0x64, 0x10, 0x64, 0x10, 0x64, 0x10, 0x64, 0x10, 0x64, 0x10, 0x64, 0x10, 0x64, 0x10,
    0x64, 0x10, 0x64, 0x10, 0x64, 0x10, 0x64, 0x10, 0x64, 0x10, 0x64, 0x10, 0x64, 0x10, 0x64, 0x10, 0x64, 0x10, 0x64, 0x10, 0x64, 0x10, 0x64, 0x10, 0x64, 0x10, 0x64, 0x10, 0x64, 0x10, 0x64, 0x10,
    0x64, 0x10, 0x63, 0x20, 0x63, 0x20, 0x43, 0x40, 0x43, 0x40, 0x42, 0x60, 0x42, 0x60, 0x00, 0xe8, 0x00, 0xe8, 0x00, 0xf0, 0x00, 0xf0, 0x00, 0xf0, 0x00, 0xf0, 0x00, 0xf0, 0x00, 0xf0, 0x22, 0x88,
    0x22, 0x88, 0x42, 0x60, 0x42, 0x60, 0x43, 0x38, 0x43, 0x38, 0x63, 0x20, 0x63, 0x20, 0x64, 0x10, 0x64, 0x10, 0x64, 0x10, 0x64, 0x10, 0x64, 0x10, 0x64, 0x10, 0x64, 0x18, 0x64, 0x18, 0x63, 0x30,
    0x63, 0x30, 0x43, 0x58, 0x43, 0x58, 0x22, 0x80, 0x22, 0x80, 0x00, 0xf0, 0x00, 0xf0, 0x00, 0xf0, 0x00, 0xf0, 0x00, 0xf8, 0x00, 0xf8, 0x00, 0xf0, 0x00, 0xf0, 0x00, 0xe8, 0x00, 0xe8, 0x42, 0x60,
    0x42, 0x60, 0x43, 0x40, 0x43, 0x40, 0x63, 0x20, 0x63, 0x20, 0x64, 0x10, 0x64, 0x10, 0x64, 0x10, 0x64, 0x10, 0x64, 0x10, 0x64, 0x10, 0x64, 0x10, 0x64, 0x10, 0x64, 0x10, 0x64, 0x10, 0x64, 0x10,
    0x64, 0x10, 0x64, 0x10, 0x64, 0x10, 0x64, 0x18, 0x64, 0x18, 0x63, 0x20, 0x63, 0x20, 0x63, 0x30, 0x63, 0x30, 0x43, 0x48, 0x43, 0x48, 0x42, 0x68, 0x42, 0x68, 0x22, 0x80, 0x22, 0x80, 0x21, 0xa8,
    0x21, 0xa8, 0x00, 0xf0, 0x00, 0xf0, 0x00, 0xf8, 0x00, 0xf8, 0x00, 0xf8, 0x00, 0xf8, 0x00, 0xf8, 0x00, 0xf8, 0x00, 0xf0, 0x00, 0xf0, 0x00, 0xf0, 0x00, 0xf0, 0x42, 0x68, 0x42, 0x68, 0x43, 0x40,
    0x43, 0x40, 0x63, 0x28, 0x63, 0x28, 0x64, 0x10, 0x64, 0x10, 0x64, 0x10, 0x64, 0x10, 0x64, 0x10, 0x64, 0x10, 0x64, 0x10, 0x64, 0x10, 0x64, 0x10, 0x64, 0x10, 0x64, 0x10, 0x64, 0x10, 0x64, 0x10,
    0x64, 0x10, 0x64, 0x10, 0x64, 0x10, 0x64, 0x10, 0x64, 0x10, 0x64, 0x10, 0x64, 0x10, 0x64, 0x10, 0x64, 0x10, 0x64, 0x10, 0x64, 0x10, 0x64, 0x10, 0x64, 0x10, 0x64, 0x10, 0x64, 0x10, 0x64, 0x10,
    0x64, 0x10, 0x64, 0x10, 0x64, 0x10, 0x64, 0x10, 0x64, 0x10, 0x64, 0x10, 0x64, 0x10, 0x64, 0x10, 0x64, 0x10, 0x64, 0x10, 0x64, 0x10, 0x64, 0x10, 0x64, 0x10, 0x64, 0x10, 0x64, 0x10, 0x64, 0x10,
    0x64, 0x10, 0x64, 0x10, 0x64, 0x10, 0x64, 0x10, 0x64, 0x10, 0x64, 0x10, 0x64, 0x10, 0x64, 0x10, 0x64, 0x10, 0x64, 0x10, 0x64, 0x10, 0x64, 0x10, 0x64, 0x10, 0x64, 0x10, 0x64, 0x10, 0x64, 0x10,
    0x64, 0x10, 0x64, 0x10, 0x64, 0x10, 0x64, 0x10, 0x64, 0x10, 0x64, 0x10, 0x64, 0x10, 0x64, 0x10, 0x64, 0x10, 0x64, 0x10, 0x64, 0x10, 0x64, 0x10, 0x64, 0x10, 0x64, 0x10, 0x64, 0x10, 0x64, 0x10,
    0x64, 0x10, 0x64, 0x10, 0x64, 0x10, 0x64, 0x10, 0x64, 0x10, 0x64, 0x10, 0x64, 0x10, 0x64, 0x10, 0x64, 0x10, 0x64, 0x10, 0x64, 0x10, 0x64, 0x10, 0x64, 0x10, 0x64, 0x10, 0x64, 0x10, 0x64, 0x10,
    0x64, 0x10, 0x64, 0x10, 0x64, 0x10, 0x64, 0x10, 0x64, 0x10, 0x64, 0x10, 0x64, 0x10, 0x64, 0x10, 0x64, 0x10, 0x64, 0x10, 0x64, 0x10, 0x64, 0x10, 0x64, 0x10, 0x64, 0x10, 0x64, 0x10, 0x64, 0x10,
    0x64, 0x10, 0x64, 0x10, 0x64, 0x10, 0x64, 0x10, 0x64, 0x10, 0x64, 0x10, 0x64, 0x10, 0x64, 0x10, 0x64, 0x10, 0x64, 0x10, 0x64, 0x10, 0x64, 0x10, 0x64, 0x10, 0x64, 0x10, 0x64, 0x10, 0x64, 0x10,
    0x64, 0x10, 0x64, 0x10, 0x64, 0x10, 0x64, 0x10, 0x64, 0x10, 0x64, 0x10, 0x64, 0x10, 0x64, 0x10, 0x64, 0x10, 0x64, 0x10, 0x64, 0x10, 0x64, 0x10, 0x64, 0x10, 0x64, 0x10, 0x64, 0x10, 0x64, 0x10,
    0x64, 0x10, 0x64, 0x10, 0x64, 0x10, 0x64, 0x10, 0x64, 0x10, 0x64, 0x10, 0x64, 0x10, 0x64, 0x10, 0x64, 0x10, 0x64, 0x10, 0x64, 0x10, 0x64, 0x10, 0x64, 0x10, 0x64, 0x10, 0x64, 0x10, 0x64, 0x10,
    0x64, 0x10, 0x64, 0x10, 0x64, 0x10, 0x64, 0x10, 0x64, 0x10, 0x64, 0x10, 0x64, 0x10, 0x64, 0x10, 0x64, 0x10, 0x64, 0x10, 0x64, 0x10, 0x64, 0x10, 0x64, 0x10, 0x64, 0x10, 0x64, 0x10, 0x64, 0x10,
    0x64, 0x10, 0x64, 0x10, 0x64, 0x10, 0x64, 0x10, 0x64, 0x10, 0x64, 0x10, 0x64, 0x10, 0x64, 0x10, 0x64, 0x10, 0x63, 0x20, 0x63, 0x20, 0x43, 0x40, 0x43, 0x40, 0x42, 0x68, 0x42, 0x68, 0x00, 0xe8,
    0x00, 0xe8, 0x00, 0xf0, 0x00, 0xf0, 0x00, 0xf0, 0x00, 0xf0, 0x00, 0xf0, 0x00, 0xf0, 0x42, 0x78, 0x42, 0x78, 0x43, 0x50, 0x43, 0x50, 0x63, 0x28, 0x63, 0x28, 0x64, 0x10, 0x64, 0x10, 0x64, 0x10,
    0x64, 0x10, 0x64, 0x10, 0x64, 0x10, 0x64, 0x10, 0x64, 0x10, 0x64, 0x18, 0x64, 0x18, 0x63, 0x30, 0x63, 0x30, 0x43, 0x58, 0x43, 0x58, 0x22, 0x80, 0x22, 0x80, 0x00, 0xf0, 0x00, 0xf0, 0x00, 0xf8,
    0x00, 0xf8, 0x00, 0xf8, 0x00, 0xf8, 0x00, 0xf0, 0x00, 0xf0, 0x00, 0xe8, 0x00, 0xe8, 0x42, 0x68, 0x42, 0x68, 0x43, 0x40, 0x43, 0x40, 0x63, 0x20, 0x63, 0x20, 0x64, 0x10, 0x64, 0x10, 0x64, 0x10,
    0x64, 0x10, 0x64, 0x10, 0x64, 0x10, 0x64, 0x10, 0x64, 0x10, 0x64, 0x10, 0x64, 0x10, 0x64, 0x10, 0x64, 0x10, 0x64, 0x10, 0x64, 0x10, 0x64, 0x10, 0x64, 0x10, 0x64, 0x18, 0x64, 0x18, 0x63, 0x20,
    0x63, 0x20, 0x63, 0x30, 0x63, 0x30, 0x43, 0x48, 0x43, 0x48, 0x42, 0x68, 0x42, 0x68, 0x22, 0x88, 0x22, 0x88, 0x00, 0xf0, 0x00, 0xf0, 0x00, 0xf8, 0x00, 0xf8, 0x00, 0xf8, 0x00, 0xf8, 0x00, 0xf8,
    0x00, 0xf8, 0x00, 0xf0, 0x00, 0xf0, 0x00, 0xf0, 0x00, 0xf0, 0x42, 0x68, 0x42, 0x68, 0x43, 0x40, 0x43, 0x40, 0x63, 0x28, 0x63, 0x28, 0x64, 0x10, 0x64, 0x10, 0x64, 0x10, 0x64, 0x10, 0x64, 0x10,
    0x64, 0x10, 0x64, 0x10, 0x64, 0x10, 0x64, 0x10, 0x64, 0x10, 0x64, 0x10, 0x64, 0x10, 0x64, 0x10, 0x64, 0x10, 0x64, 0x10, 0x64, 0x10, 0x64, 0x10, 0x64, 0x10, 0x64, 0x10, 0x64, 0x10, 0x64, 0x10,
    0x64, 0x10, 0x64, 0x10, 0x64, 0x10, 0x64, 0x10, 0x64, 0x10, 0x64, 0x10, 0x64, 0x10, 0x64, 0x10, 0x64, 0x10, 0x64, 0x10, 0x64, 0x10, 0x64, 0x10, 0x64, 0x10, 0x64, 0x10, 0x64, 0x10, 0x64, 0x10,
    0x64, 0x10, 0x64, 0x10, 0x64, 0x10, 0x64, 0x10, 0x64, 0x10, 0x64, 0x10, 0x64, 0x10, 0x64, 0x10, 0x64, 0x10, 0x64, 0x10, 0x64, 0x10, 0x64, 0x10, 0x64, 0x10, 0x64, 0x10, 0x64, 0x10, 0x64, 0x10,
    0x64, 0x10, 0x64, 0x10, 0x64, 0x10, 0x64, 0x10, 0x64, 0x10, 0x64, 0x10, 0x64, 0x10, 0x64, 0x10, 0x64, 0x10, 0x64, 0x10, 0x64, 0x10, 0x64, 0x10, 0x64, 0x10, 0x64, 0x10, 0x64, 0x10, 0x64, 0x10,
    0x64, 0x10, 0x64, 0x10, 0x64, 0x10, 0x64, 0x10, 0x64, 0x10, 0x64, 0x10, 0x64, 0x10, 0x64, 0x10, 0x64, 0x10, 0x64, 0x10, 0x64, 0x10, 0x64, 0x10, 0x64, 0x10, 0x64, 0x10, 0x64, 0x10, 0x64, 0x10,
    0x64, 0x10, 0x64, 0x10, 0x64, 0x10, 0x64, 0x10, 0x64, 0x10, 0x64, 0x10, 0x64, 0x10, 0x64, 0x10, 0x64, 0x10, 0x64, 0x10, 0x64, 0x10, 0x64, 0x10, 0x64, 0x10, 0x64, 0x10, 0x64, 0x10, 0x64, 0x10,
    0x64, 0x10, 0x64, 0x10, 0x64, 0x10, 0x64, 0x10, 0x64, 0x10, 0x64, 0x10, 0x64, 0x10, 0x64, 0x10, 0x64, 0x10, 0x64, 0x10, 0x64, 0x10, 0x64, 0x10, 0x64, 0x10, 0x64, 0x10, 0x64, 0x10, 0x64, 0x10,
    0x64, 0x10, 0x64, 0x10, 0x64, 0x10, 0x64, 0x10, 0x64, 0x10, 0x64, 0x10, 0x64, 0x10, 0x64, 0x10, 0x64, 0x10, 0x64, 0x10, 0x64, 0x10, 0x64, 0x10, 0x64, 0x10, 0x64, 0x10, 0x64, 0x10, 0x64, 0x10,
    0x64, 0x10, 0x64, 0x10, 0x64, 0x10, 0x64, 0x10, 0x64, 0x10, 0x64, 0x10, 0x64, 0x10, 0x64, 0x10, 0x64, 0x10, 0x64, 0x10, 0x64, 0x10, 0x64, 0x10, 0x64, 0x10, 0x64, 0x10, 0x64, 0x10, 0x64, 0x10,
    0x64, 0x10, 0x64, 0x10, 0x64, 0x10, 0x64, 0x10, 0x64, 0x10, 0x64, 0x10, 0x64, 0x10, 0x64, 0x10, 0x64, 0x10, 0x64, 0x10, 0x64, 0x10, 0x64, 0x10, 0x64, 0x10, 0x64, 0x10, 0x64, 0x10, 0x64, 0x10,
    0x64, 0x10, 0x64, 0x10, 0x64, 0x10, 0x64, 0x10, 0x64, 0x10, 0x64, 0x10, 0x64, 0x10, 0x64, 0x10, 0x64, 0x10, 0x64, 0x10, 0x64, 0x10, 0x64, 0x10, 0x64, 0x10, 0x64, 0x10, 0x64, 0x10, 0x64, 0x10,
    0x64, 0x10, 0x63, 0x20, 0x63, 0x20, 0x43, 0x40, 0x43, 0x40, 0x42, 0x68, 0x42, 0x68, 0x00, 0xe8, 0x00, 0xe8, 0x00, 0xf0, 0x00, 0xf0, 0x00, 0xf0, 0x00, 0xf0, 0x00, 0xf0, 0x00, 0xf0, 0x42, 0x78,
    0x42, 0x78, 0x43, 0x50, 0x43, 0x50, 0x63, 0x28, 0x63, 0x28, 0x64, 0x10, 0x64, 0x10, 0x64, 0x10, 0x64, 0x10, 0x64, 0x10, 0x64, 0x10, 0x64, 0x10, 0x64, 0x10, 0x64, 0x18, 0x64, 0x18, 0x63, 0x30,
    0x63, 0x30, 0x43, 0x58, 0x43, 0x58, 0x22, 0x80, 0x22, 0x80, 0x00, 0xf0, 0x00, 0xf0, 0x00, 0xf8, 0x00, 0xf8, 0x00, 0xf8, 0x00, 0xf8, 0x00, 0xf0, 0x00, 0xf0, 0x00, 0xe8, 0x00, 0xe8, 0x42, 0x68,
    0x42, 0x68, 0x43, 0x40, 0x43, 0x40, 0x63, 0x20, 0x63, 0x20, 0x64, 0x10, 0x64, 0x10, 0x64, 0x10, 0x64, 0x10, 0x64, 0x10, 0x64, 0x10, 0x64, 0x10, 0x64, 0x10, 0x64, 0x10, 0x64, 0x10, 0x64, 0x10,
    0x64, 0x10, 0x64, 0x10, 0x64, 0x10, 0x64, 0x10, 0x64, 0x10, 0x64, 0x18, 0x64, 0x18, 0x63, 0x20, 0x63, 0x20, 0x63, 0x30, 0x63, 0x30, 0x43, 0x48, 0x43, 0x48, 0x42, 0x68, 0x42, 0x68, 0x22, 0x88,
    0x22, 0x88, 0x00, 0xf0, 0x00, 0xf0, 0x00, 0xf8, 0x00, 0xf8, 0x00, 0xf8, 0x00, 0xf8, 0x00, 0xf8, 0x00, 0xf8, 0x00, 0xf0, 0x00, 0xf0, 0x00, 0xf0, 0x00, 0xf0, 0x42, 0x68, 0x42, 0x68, 0x43, 0x40,
    0x43, 0x40, 0x63, 0x28, 0x63, 0x28, 0x64, 0x10, 0x64, 0x10, 0x64, 0x10, 0x64, 0x10, 0x64, 0x10, 0x64, 0x10, 0x64, 0x10, 0x64, 0x10, 0x64, 0x10, 0x64, 0x10, 0x64, 0x10, 0x64, 0x10, 0x64, 0x10,
    0x64, 0x10, 0x64, 0x10, 0x64, 0x10, 0x64, 0x10, 0x64, 0x10, 0x64, 0x10, 0x64, 0x10, 0x64, 0x10, 0x64, 0x10, 0x64, 0x10, 0x64, 0x10, 0x64, 0x10, 0x64, 0x10, 0x64, 0x10, 0x64, 0x10, 0x64, 0x10,
    0x64, 0x10, 0x64, 0x10, 0x64, 0x10, 0x64, 0x10, 0x64, 0x10, 0x64, 0x10, 0x64, 0x10, 0x64, 0x10, 0x64, 0x10, 0x64, 0x10, 0x64, 0x10, 0x64, 0x10, 0x64, 0x10, 0x64, 0x10, 0x64, 0x10, 0x64, 0x10,
    0x64, 0x10, 0x64, 0x10, 0x64, 0x10, 0x64, 0x10, 0x64, 0x10, 0x64, 0x10, 0x64, 0x10, 0x64, 0x10, 0x64, 0x10, 0x64, 0x10, 0x64, 0x10, 0x64, 0x10, 0x64, 0x10, 0x64, 0x10, 0x64, 0x10, 0x64, 0x10,
    0x64, 0x10, 0x64, 0x10, 0x64, 0x10, 0x64, 0x10, 0x64, 0x10, 0x64, 0x10, 0x64, 0x10, 0x64, 0x10, 0x64, 0x10, 0x64, 0x10, 0x64, 0x10, 0x64, 0x10, 0x64, 0x10, 0x64, 0x10, 0x64, 0x10, 0x64, 0x10,
    0x64, 0x10, 0x64, 0x10, 0x64, 0x10, 0x64, 0x10, 0x64, 0x10, 0x64, 0x10, 0x64, 0x10, 0x64, 0x10, 0x64, 0x10, 0x64, 0x10, 0x64, 0x10, 0x64, 0x10, 0x64, 0x10, 0x64, 0x10, 0x64, 0x10, 0x64, 0x10,
    0x64, 0x10, 0x64, 0x10, 0x64, 0x10, 0x64, 0x10, 0x64, 0x10, 0x64, 0x10, 0x64, 0x10, 0x64, 0x10, 0x64, 0x10, 0x64, 0x10, 0x64, 0x10, 0x64, 0x10, 0x64, 0x10, 0x64, 0x10, 0x64, 0x10, 0x64, 0x10,
    0x64, 0x10, 0x64, 0x10, 0x64, 0x10, 0x64, 0x10, 0x64, 0x10, 0x64, 0x10, 0x64, 0x10, 0x64, 0x10, 0x64, 0x10, 0x64, 0x10, 0x64, 0x10, 0x64, 0x10, 0x64, 0x10, 0x64, 0x10, 0x64, 0x10, 0x64, 0x10,
    0x64, 0x10, 0x64, 0x10, 0x64, 0x10, 0x64, 0x10, 0x64, 0x10, 0x64, 0x10, 0x64, 0x10, 0x64, 0x10, 0x64, 0x10, 0x64, 0x10, 0x64, 0x10, 0x64, 0x10, 0x64, 0x10, 0x64, 0x10, 0x64, 0x10, 0x64, 0x10,
    0x64, 0x10, 0x64, 0x10, 0x64, 0x10, 0x64, 0x10, 0x64, 0x10, 0x64, 0x10, 0x64, 0x10, 0x64, 0x10, 0x64, 0x10, 0x64, 0x10, 0x64, 0x10, 0x64, 0x10, 0x64, 0x10, 0x64, 0x10, 0x64, 0x10, 0x64, 0x10,
    0x64, 0x10, 0x64, 0x10, 0x64, 0x10, 0x64, 0x10, 0x64, 0x10, 0x64, 0x10, 0x64, 0x10, 0x64, 0x10, 0x64, 0x10, 0x64, 0x10, 0x64, 0x10, 0x64, 0x10, 0x64, 0x10, 0x64, 0x10, 0x64, 0x10, 0x64, 0x10,
    0x64, 0x10, 0x64, 0x10, 0x64, 0x10, 0x64, 0x10, 0x64, 0x10, 0x64, 0x10, 0x64, 0x10, 0x64, 0x10, 0x64, 0x10, 0x63, 0x28, 0x63, 0x28, 0x43, 0x40, 0x43, 0x40, 0x42, 0x68, 0x42, 0x68, 0x00, 0xf0,
    0x00, 0xf0, 0x00, 0xf0, 0x00, 0xf0, 0x00, 0xf0, 0x00, 0xf0, 0x00, 0xf0, 0x00, 0xf0, 0x42, 0x70, 0x42, 0x70, 0x43, 0x48, 0x43, 0x48, 0x63, 0x28, 0x63, 0x28, 0x64, 0x10, 0x64, 0x10, 0x64, 0x10,
    0x64, 0x10, 0x64, 0x10, 0x64, 0x10, 0x64, 0x18, 0x64, 0x18, 0x63, 0x20, 0x63, 0x20, 0x43, 0x40, 0x43, 0x40, 0x42, 0x60, 0x42, 0x60, 0x22, 0x88, 0x22, 0x88, 0x00, 0xf0, 0x00, 0xf0, 0x00, 0xf8,
    0x00, 0xf8, 0x00, 0xf8, 0x00, 0xf8, 0x00, 0xf0, 0x00, 0xf0, 0x00, 0xf0, 0x00, 0xf0, 0x42, 0x68, 0x42, 0x68, 0x43, 0x40, 0x43, 0x40, 0x63, 0x28, 0x63, 0x28, 0x64, 0x10, 0x64, 0x10, 0x64, 0x10,
    0x64, 0x10, 0x64, 0x10, 0x64, 0x10, 0x64, 0x10, 0x64, 0x10, 0x64, 0x10, 0x64, 0x10, 0x64, 0x10, 0x64, 0x10, 0x64, 0x10, 0x64, 0x10, 0x64, 0x10, 0x64, 0x10, 0x64, 0x10, 0x64, 0x10, 0x64, 0x18,
    0x64, 0x18, 0x64, 0x18, 0x64, 0x18, 0x43, 0x38, 0x43, 0x38, 0x43, 0x50, 0x43, 0x50, 0x42, 0x78, 0x42, 0x78, 0x00, 0xf0, 0x00, 0xf0, 0x00, 0xf0, 0x00, 0xf0, 0x00, 0xf8, 0x00, 0xf8, 0x00, 0xf8,
    0x00, 0xf8, 0x00, 0xf0, 0x00, 0xf0, 0x00, 0xf0, 0x00, 0xf0, 0x42, 0x68, 0x42, 0x68, 0x43, 0x40, 0x43, 0x40, 0x63, 0x28, 0x63, 0x28, 0x64, 0x10, 0x64, 0x10, 0x64, 0x10, 0x64, 0x10, 0x64, 0x10,
    0x64, 0x10, 0x64, 0x10, 0x64, 0x10, 0x64, 0x10, 0x64, 0x10, 0x64, 0x10, 0x64, 0x10, 0x64, 0x10, 0x64, 0x10, 0x64, 0x10, 0x64, 0x10, 0x64, 0x10, 0x64, 0x10, 0x64, 0x10, 0x64, 0x10, 0x64, 0x10,
    0x64, 0x10, 0x64, 0x10, 0x64, 0x10, 0x64, 0x10, 0x64, 0x10, 0x64, 0x10, 0x64, 0x10, 0x64, 0x10, 0x64, 0x10, 0x64, 0x10, 0x64, 0x10, 0x64, 0x10, 0x64, 0x10, 0x64, 0x10, 0x64, 0x10, 0x64, 0x10,
    0x64, 0x10, 0x64, 0x10, 0x64, 0x10, 0x64, 0x10, 0x64, 0x10, 0x64, 0x10, 0x64, 0x10, 0x64, 0x10, 0x64, 0x10, 0x64, 0x10, 0x64, 0x10, 0x64, 0x10, 0x64, 0x10, 0x64, 0x10, 0x64, 0x10, 0x64, 0x10,
    0x64, 0x10, 0x64, 0x10, 0x64, 0x10, 0x64, 0x10, 0x64, 0x10, 0x64, 0x10, 0x64, 0x10, 0x64, 0x10, 0x64, 0x10, 0x64, 0x10, 0x64, 0x10, 0x64, 0x10, 0x64, 0x10, 0x64, 0x10, 0x64, 0x10, 0x64, 0x10,
    0x64, 0x10, 0x64, 0x10, 0x64, 0x10, 0x64, 0x10, 0x64, 0x10, 0x64, 0x10, 0x64, 0x10, 0x64, 0x10, 0x64, 0x10, 0x64, 0x10, 0x64, 0x10, 0x64, 0x10, 0x64, 0x10, 0x64, 0x10, 0x64, 0x10, 0x64, 0x10,
    0x64, 0x10, 0x64, 0x10, 0x64, 0x10, 0x64, 0x10, 0x64, 0x10, 0x64, 0x10, 0x64, 0x10, 0x64, 0x10, 0x64, 0x10, 0x64, 0x10, 0x64, 0x10, 0x64, 0x10, 0x64, 0x10, 0x64, 0x10, 0x64, 0x10, 0x64, 0x10,
    0x64, 0x10, 0x64, 0x10, 0x64, 0x10, 0x64, 0x10, 0x64, 0x10, 0x64, 0x10, 0x64, 0x10, 0x64, 0x10, 0x64, 0x10, 0x64, 0x10, 0x64, 0x10, 0x64, 0x10, 0x64, 0x10, 0x64, 0x10, 0x64, 0x10, 0x64, 0x10,
    0x64, 0x10, 0x64, 0x10, 0x64, 0x10, 0x64, 0x10, 0x64, 0x10, 0x64, 0x10, 0x64, 0x10, 0x64, 0x10, 0x64, 0x10, 0x64, 0x10, 0x64, 0x10, 0x64, 0x10, 0x64, 0x10, 0x64, 0x10, 0x64, 0x10, 0x64, 0x10,
    0x64, 0x10, 0x64, 0x10, 0x64, 0x10, 0x64, 0x10, 0x64, 0x10, 0x64, 0x10, 0x64, 0x10, 0x64, 0x10, 0x64, 0x10, 0x64, 0x10, 0x64, 0x10, 0x64, 0x10, 0x64, 0x10, 0x64, 0x10, 0x64, 0x10, 0x64, 0x10,
    0x64, 0x10, 0x64, 0x10, 0x64, 0x10, 0x64, 0x10, 0x64, 0x10, 0x64, 0x10, 0x64, 0x10, 0x64, 0x10, 0x64, 0x10, 0x64, 0x10, 0x64, 0x10, 0x64, 0x10, 0x64, 0x10, 0x64, 0x10, 0x64, 0x10, 0x64, 0x10,
    0x64, 0x10, 0x64, 0x10, 0x64, 0x10, 0x64, 0x10, 0x64, 0x10, 0x64, 0x10, 0x64, 0x10, 0x64, 0x10, 0x64, 0x10, 0x64, 0x10, 0x64, 0x10, 0x64, 0x10, 0x64, 0x10, 0x64, 0x10, 0x64, 0x10, 0x64, 0x10,
    0x64, 0x10, 0x63, 0x28, 0x63, 0x28, 0x43, 0x40, 0x43, 0x40, 0x42, 0x68, 0x42, 0x68, 0x00, 0xf0, 0x00, 0xf0, 0x00, 0xf0, 0x00, 0xf0, 0x00, 0xf0, 0x00, 0xf0, 0x00, 0xf0, 0x00, 0xf0, 0x42, 0x70,
    0x42, 0x70, 0x43, 0x48, 0x43, 0x48, 0x63, 0x28, 0x63, 0x28, 0x64, 0x10, 0x64, 0x10, 0x64, 0x10, 0x64, 0x10, 0x64, 0x10, 0x64, 0x10, 0x64, 0x18, 0x64, 0x18, 0x63, 0x20, 0x63, 0x20, 0x43, 0x40,
    0x43, 0x40, 0x42, 0x60, 0x42, 0x60, 0x22, 0x88, 0x22, 0x88, 0x00, 0xf0, 0x00, 0xf0, 0x00, 0xf8, 0x00, 0xf8, 0x00, 0xf8, 0x00, 0xf8, 0x00, 0xf0, 0x00, 0xf0, 0x00, 0xf0, 0x00, 0xf0, 0x42, 0x68,
    0x42, 0x68, 0x43, 0x40, 0x43, 0x40, 0x63, 0x28, 0x63, 0x28, 0x64, 0x10, 0x64, 0x10, 0x64, 0x10, 0x64, 0x10, 0x64, 0x10, 0x64, 0x10, 0x64, 0x10, 0x64, 0x10, 0x64, 0x10, 0x64, 0x10, 0x64, 0x10,
    0x64, 0x10, 0x64, 0x10, 0x64, 0x10, 0x64, 0x10, 0x64, 0x10, 0x64, 0x10, 0x64, 0x10, 0x64, 0x18, 0x64, 0x18, 0x64, 0x18, 0x64, 0x18, 0x43, 0x38, 0x43, 0x38, 0x43, 0x50, 0x43, 0x50, 0x42, 0x78,
    0x42, 0x78, 0x00, 0xf0, 0x00, 0xf0, 0x00, 0xf0, 0x00, 0xf0, 0x00, 0xf8, 0x00, 0xf8, 0x00, 0xf8, 0x00, 0xf8, 0x00, 0xf0, 0x00, 0xf0, 0x00, 0xf0, 0x00, 0xf0, 0x42, 0x68, 0x42, 0x68, 0x43, 0x40,
    0x43, 0x40, 0x63, 0x28, 0x63, 0x28, 0x64, 0x10, 0x64, 0x10, 0x64, 0x10, 0x64, 0x10, 0x64, 0x10, 0x64, 0x10, 0x64, 0x10, 0x64, 0x10, 0x64, 0x10, 0x64, 0x10, 0x64, 0x10, 0x64, 0x10, 0x64, 0x10,
    0x64, 0x10, 0x64, 0x10, 0x64, 0x10, 0x64, 0x10, 0x64, 0x10, 0x64, 0x10, 0x64, 0x10, 0x64, 0x10, 0x64, 0x10, 0x64, 0x10, 0x64, 0x10, 0x64, 0x10, 0x64, 0x10, 0x64, 0x10, 0x64, 0x10, 0x64, 0x10,
    0x64, 0x10, 0x64, 0x10, 0x64, 0x10, 0x64, 0x10, 0x64, 0x10, 0x64, 0x10, 0x64, 0x10, 0x64, 0x10, 0x64, 0x10, 0x64, 0x10, 0x64, 0x10, 0x64, 0x10, 0x64, 0x10, 0x64, 0x10, 0x64, 0x10, 0x64, 0x10,
    0x64, 0x10, 0x64, 0x10, 0x64, 0x10, 0x64, 0x10, 0x64, 0x10, 0x64, 0x10, 0x64, 0x10, 0x64, 0x10, 0x64, 0x10, 0x64, 0x10, 0x64, 0x10, 0x64, 0x10, 0x64, 0x10, 0x64, 0x10, 0x64, 0x10, 0x64, 0x10,
    0x64, 0x10, 0x64, 0x10, 0x64, 0x10, 0x64, 0x10, 0x64, 0x10, 0x64, 0x10, 0x64, 0x10, 0x64, 0x10, 0x64, 0x10, 0x64, 0x10, 0x64, 0x10, 0x64, 0x10, 0x64, 0x10, 0x64, 0x10, 0x64, 0x10, 0x64, 0x10,
    0x64, 0x10, 0x64, 0x10, 0x64, 0x10, 0x64, 0x10, 0x64, 0x10, 0x64, 0x10, 0x64, 0x10, 0x64, 0x10, 0x64, 0x10, 0x64, 0x10, 0x64, 0x10, 0x64, 0x10, 0x64, 0x10, 0x64, 0x10, 0x64, 0x10, 0x64, 0x10,
    0x64, 0x10, 0x64, 0x10, 0x64, 0x10, 0x64, 0x10, 0x64, 0x10, 0x64, 0x10, 0x64, 0x10, 0x64, 0x10, 0x64, 0x10, 0x64, 0x10, 0x64, 0x10, 0x64, 0x10, 0x64, 0x10, 0x64, 0x10, 0x64, 0x10, 0x64, 0x10,
    0x64, 0x10, 0x64, 0x10, 0x64, 0x10, 0x64, 0x10, 0x64, 0x10, 0x64, 0x10, 0x64, 0x10, 0x64, 0x10, 0x64, 0x10, 0x64, 0x10, 0x64, 0x10, 0x64, 0x10, 0x64, 0x10, 0x64, 0x10, 0x64, 0x10, 0x64, 0x10,
    0x64, 0x10, 0x64, 0x10, 0x64, 0x10, 0x64, 0x10, 0x64, 0x10, 0x64, 0x10, 0x64, 0x10, 0x64, 0x10, 0x64, 0x10, 0x64, 0x10, 0x64, 0x10, 0x64, 0x10, 0x64, 0x10, 0x64, 0x10, 0x64, 0x10, 0x64, 0x10,
    0x64, 0x10, 0x64, 0x10, 0x64, 0x10, 0x64, 0x10, 0x64, 0x10, 0x64, 0x10, 0x64, 0x10, 0x64, 0x10, 0x64, 0x10, 0x64, 0x10, 0x64, 0x10, 0x64, 0x10, 0x64, 0x10, 0x64, 0x10, 0x64, 0x10, 0x64, 0x10,
    0x64, 0x10, 0x64, 0x10, 0x64, 0x10, 0x64, 0x10, 0x64, 0x10, 0x64, 0x10, 0x64, 0x10, 0x64, 0x10, 0x64, 0x10, 0x64, 0x10, 0x64, 0x10, 0x64, 0x10, 0x64, 0x10, 0x64, 0x10, 0x64, 0x10, 0x64, 0x10,
    0x64, 0x10, 0x64, 0x10, 0x64, 0x10, 0x64, 0x10, 0x64, 0x10, 0x64, 0x10, 0x64, 0x10, 0x64, 0x10, 0x64, 0x10, 0x63, 0x28, 0x63, 0x28, 0x43, 0x40, 0x43, 0x40, 0x42, 0x68, 0x42, 0x68, 0x00, 0xf0,
    0x00, 0xf0, 0x00, 0xf0, 0x00, 0xf0, 0x00, 0xf0, 0x00, 0xf0, 0x00, 0xf0, 0x00, 0xf0, 0x42, 0x68, 0x42, 0x68, 0x43, 0x40, 0x43, 0x40, 0x63, 0x28, 0x63, 0x28, 0x64, 0x10, 0x64, 0x10, 0x64, 0x10,
    0x64, 0x10, 0x64, 0x18, 0x64, 0x18, 0x63, 0x20, 0x63, 0x20, 0x43, 0x38, 0x43, 0x38, 0x42, 0x58, 0x42, 0x58, 0x22, 0x80, 0x22, 0x80, 0x00, 0xf0, 0x00, 0xf0, 0x00, 0xf0, 0x00, 0xf0, 0x00, 0xf8,
    0x00, 0xf8, 0x00, 0xf8, 0x00, 0xf8, 0x00, 0xf0, 0x00, 0xf0, 0x00, 0xf0, 0x00, 0xf0, 0x42, 0x68, 0x42, 0x68, 0x43, 0x40, 0x43, 0x40, 0x63, 0x28, 0x63, 0x28, 0x64, 0x10, 0x64, 0x10, 0x64, 0x10,
    0x64, 0x10, 0x64, 0x10, 0x64, 0x10, 0x64, 0x10, 0x64, 0x10, 0x64, 0x10, 0x64, 0x10, 0x64, 0x10, 0x64, 0x10, 0x64, 0x10, 0x64, 0x10, 0x64, 0x10, 0x64, 0x10, 0x64, 0x10, 0x64, 0x10, 0x64, 0x10,
    0x64, 0x10, 0x64, 0x10, 0x64, 0x10, 0x63, 0x28, 0x63, 0x28, 0x43, 0x40, 0x43, 0x40, 0x42, 0x68, 0x42, 0x68, 0x00, 0xf0, 0x00, 0xf0, 0x00, 0xf0, 0x00, 0xf0, 0x00, 0xf8, 0x00, 0xf8, 0x00, 0xf8,
    0x00, 0xf8, 0x00, 0xf0, 0x00, 0xf0, 0x00, 0xf0, 0x00, 0xf0, 0x42, 0x68, 0x42, 0x68, 0x43, 0x40, 0x43, 0x40, 0x63, 0x28, 0x63, 0x28, 0x64, 0x10, 0x64, 0x10, 0x64, 0x10, 0x64, 0x10, 0x64, 0x10,
    0x64, 0x10, 0x64, 0x10, 0x64, 0x10, 0x64, 0x10, 0x64, 0x10, 0x64, 0x10, 0x64, 0x10, 0x64, 0x10, 0x64, 0x10, 0x64, 0x10, 0x64, 0x10, 0x64, 0x10, 0x64, 0x10, 0x64, 0x10, 0x64, 0x10, 0x64, 0x10,
    0x64, 0x10, 0x64, 0x10, 0x64, 0x10, 0x64, 0x10, 0x64, 0x10, 0x64, 0x10, 0x64, 0x10, 0x64, 0x10, 0x64, 0x10, 0x64, 0x10, 0x64, 0x10, 0x64, 0x10, 0x64, 0x10, 0x64, 0x10, 0x64, 0x10, 0x64, 0x10,
    0x64, 0x10, 0x64, 0x10, 0x64, 0x10, 0x64, 0x10, 0x64, 0x10, 0x64, 0x10, 0x64, 0x10, 0x64, 0x10, 0x64, 0x10, 0x64, 0x10, 0x64, 0x10, 0x64, 0x10, 0x64, 0x10, 0x64, 0x10, 0x64, 0x10, 0x64, 0x10,
    0x64, 0x10, 0x64, 0x10, 0x64, 0x10, 0x64, 0x10, 0x64, 0x10, 0x64, 0x10, 0x64, 0x10, 0x64, 0x10, 0x64, 0x10, 0x64, 0x10, 0x64, 0x10, 0x64, 0x10, 0x64, 0x10, 0x64, 0x10, 0x64, 0x10, 0x64, 0x10,
    0x64, 0x10, 0x64, 0x10, 0x64, 0x10, 0x64, 0x10, 0x64, 0x10, 0x64, 0x10, 0x64, 0x10, 0x64, 0x10, 0x64, 0x10, 0x64, 0x10, 0x64, 0x10, 0x64, 0x10, 0x64, 0x10, 0x64, 0x10, 0x64, 0x10, 0x64, 0x10,
    0x64, 0x10, 0x64, 0x10, 0x64, 0x10, 0x64, 0x10, 0x64, 0x10, 0x64, 0x10, 0x64, 0x10, 0x64, 0x10, 0x64, 0x10, 0x64, 0x10, 0x64, 0x10, 0x64, 0x10, 0x64, 0x10, 0x64, 0x10, 0x64, 0x10, 0x64, 0x10,
    0x64, 0x10, 0x64, 0x10, 0x64, 0x10, 0x64, 0x10, 0x64, 0x10, 0x64, 0x10, 0x64, 0x10, 0x64, 0x10, 0x64, 0x10, 0x64, 0x10, 0x64, 0x10, 0x64, 0x10, 0x64, 0x10, 0x64, 0x10, 0x64, 0x10, 0x64, 0x10,
    0x64, 0x10, 0x64, 0x10, 0x64, 0x10, 0x64, 0x10, 0x64, 0x10, 0x64, 0x10, 0x64, 0x10, 0x64, 0x10, 0x64, 0x10, 0x64, 0x10, 0x64, 0x10, 0x64, 0x10, 0x64, 0x10, 0x64, 0x10, 0x64, 0x10, 0x64, 0x10,
    0x64, 0x10, 0x64, 0x10, 0x64, 0x10, 0x64, 0x10, 0x64, 0x10, 0x64, 0x10, 0x64, 0x10, 0x64, 0x10, 0x64, 0x10, 0x64, 0x10, 0x64, 0x10, 0x64, 0x10, 0x64, 0x10, 0x64, 0x10, 0x64, 0x10, 0x64, 0x10,
    0x64, 0x10, 0x64, 0x10, 0x64, 0x10, 0x64, 0x10, 0x64, 0x10, 0x64, 0x10, 0x64, 0x10, 0x64, 0x10, 0x64, 0x10, 0x64, 0x10, 0x64, 0x10, 0x64, 0x10, 0x64, 0x10, 0x64, 0x10, 0x64, 0x10, 0x64, 0x10,
    0x64, 0x10, 0x64, 0x10, 0x64, 0x10, 0x64, 0x10, 0x64, 0x10, 0x64, 0x10, 0x64, 0x10, 0x64, 0x10, 0x64, 0x10, 0x64, 0x10, 0x64, 0x10, 0x64, 0x10, 0x64, 0x10, 0x64, 0x10, 0x64, 0x10, 0x64, 0x10,
    0x64, 0x10, 0x63, 0x28, 0x63, 0x28, 0x43, 0x40, 0x43, 0x40, 0x42, 0x68, 0x42, 0x68, 0x00, 0xf0, 0x00, 0xf0, 0x00, 0xf0, 0x00, 0xf0, 0x00, 0xf0, 0x00, 0xf0, 0x00, 0xf0, 0x00, 0xf0, 0x42, 0x68,
    0x42, 0x68, 0x43, 0x40, 0x43, 0x40, 0x63, 0x28, 0x63, 0x28, 0x64, 0x10, 0x64, 0x10, 0x64, 0x10, 0x64, 0x10, 0x64, 0x18, 0x64, 0x18, 0x63, 0x20, 0x63, 0x20, 0x43, 0x38, 0x43, 0x38, 0x42, 0x58,
    0x42, 0x58, 0x22, 0x80, 0x22, 0x80, 0x00, 0xf0, 0x00, 0xf0, 0x00, 0xf0, 0x00, 0xf0, 0x00, 0xf8, 0x00, 0xf8, 0x00, 0xf8, 0x00, 0xf8, 0x00, 0xf0, 0x00, 0xf0, 0x00, 0xf0, 0x00, 0xf0, 0x42, 0x68,
    0x42, 0x68, 0x43, 0x40, 0x43, 0x40, 0x63, 0x28, 0x63, 0x28, 0x64, 0x10, 0x64, 0x10, 0x64, 0x10, 0x64, 0x10, 0x64, 0x10, 0x64, 0x10, 0x64, 0x10, 0x64, 0x10, 0x64, 0x10, 0x64, 0x10, 0x64, 0x10,
    0x64, 0x10, 0x64, 0x10, 0x64, 0x10, 0x64, 0x10, 0x64, 0x10, 0x64, 0x10, 0x64, 0x10, 0x64, 0x10, 0x64, 0x10, 0x64, 0x10, 0x64, 0x10, 0x63, 0x28, 0x63, 0x28, 0x43, 0x40, 0x43, 0x40, 0x42, 0x68,
    0x42, 0x68, 0x00, 0xf0, 0x00, 0xf0, 0x00, 0xf0, 0x00, 0xf0, 0x00, 0xf8, 0x00, 0xf8, 0x00, 0xf8, 0x00, 0xf8, 0x00, 0xf0, 0x00, 0xf0, 0x00, 0xf0, 0x00, 0xf0, 0x42, 0x68, 0x42, 0x68, 0x43, 0x40,
    0x43, 0x40, 0x63, 0x28, 0x63, 0x28, 0x64, 0x10, 0x64, 0x10, 0x64, 0x10, 0x64, 0x10, 0x64, 0x10, 0x64, 0x10, 0x64, 0x10, 0x64, 0x10, 0x64, 0x10, 0x64, 0x10, 0x64, 0x10, 0x64, 0x10, 0x64, 0x10,
    0x64, 0x10, 0x64, 0x10, 0x64, 0x10, 0x64, 0x10, 0x64, 0x10, 0x64, 0x10, 0x64, 0x10, 0x64, 0x10, 0x64, 0x10, 0x64, 0x10, 0x64, 0x10, 0x64, 0x10, 0x64, 0x10, 0x64, 0x10, 0x64, 0x10, 0x64, 0x10,
    0x64, 0x10, 0x64, 0x10, 0x64, 0x10, 0x64, 0x10, 0x64, 0x10, 0x64, 0x10, 0x64, 0x10, 0x64, 0x10, 0x64, 0x10, 0x64, 0x10, 0x64, 0x10, 0x64, 0x10, 0x64, 0x10, 0x64, 0x10, 0x64, 0x10, 0x64, 0x10,
    0x64, 0x10, 0x64, 0x10, 0x64, 0x10, 0x64, 0x10, 0x64, 0x10, 0x64, 0x10, 0x64, 0x10, 0x64, 0x10, 0x64, 0x10, 0x64, 0x10, 0x64, 0x10, 0x64, 0x10, 0x64, 0x10, 0x64, 0x10, 0x64, 0x10, 0x64, 0x10,
    0x64, 0x10, 0x64, 0x10, 0x64, 0x10, 0x64, 0x10, 0x64, 0x10, 0x64, 0x10, 0x64, 0x10, 0x64, 0x10, 0x64, 0x10, 0x64, 0x10, 0x64, 0x10, 0x64, 0x10, 0x64, 0x10, 0x64, 0x10, 0x64, 0x10, 0x64, 0x10,
    0x64, 0x10, 0x64, 0x10, 0x64, 0x10, 0x64, 0x10, 0x64, 0x10, 0x64, 0x10, 0x64, 0x10, 0x64, 0x10, 0x64, 0x10, 0x64, 0x10, 0x64, 0x10, 0x64, 0x10, 0x64, 0x10, 0x64, 0x10, 0x64, 0x10, 0x64, 0x10,
    0x64, 0x10, 0x64, 0x10, 0x64, 0x10, 0x64, 0x10, 0x64, 0x10, 0x64, 0x10, 0x64, 0x10, 0x64, 0x10, 0x64, 0x10, 0x64, 0x10, 0x64, 0x10, 0x64, 0x10, 0x64, 0x10, 0x64, 0x10, 0x64, 0x10, 0x64, 0x10,
    0x64, 0x10, 0x64, 0x10, 0x64, 0x10, 0x64, 0x10, 0x64, 0x10, 0x64, 0x10, 0x64, 0x10, 0x64, 0x10, 0x64, 0x10, 0x64, 0x10, 0x64, 0x10, 0x64, 0x10, 0x64, 0x10, 0x64, 0x10, 0x64, 0x10, 0x64, 0x10,
    0x64, 0x10, 0x64, 0x10, 0x64, 0x10, 0x64, 0x10, 0x64, 0x10, 0x64, 0x10, 0x64, 0x10, 0x64, 0x10, 0x64, 0x10, 0x64, 0x10, 0x64, 0x10, 0x64, 0x10, 0x64, 0x10, 0x64, 0x10, 0x64, 0x10, 0x64, 0x10,
    0x64, 0x10, 0x64, 0x10, 0x64, 0x10, 0x64, 0x10, 0x64, 0x10, 0x64, 0x10, 0x64, 0x10, 0x64, 0x10, 0x64, 0x10, 0x64, 0x10, 0x64, 0x10, 0x64, 0x10, 0x64, 0x10, 0x64, 0x10, 0x64, 0x10, 0x64, 0x10,
    0x64, 0x10, 0x64, 0x10, 0x64, 0x10, 0x64, 0x10, 0x64, 0x10, 0x64, 0x10, 0x64, 0x10, 0x64, 0x10, 0x64, 0x10, 0x64, 0x10, 0x64, 0x10, 0x64, 0x10, 0x64, 0x10, 0x64, 0x10, 0x64, 0x10, 0x64, 0x10,
    0x64, 0x10, 0x64, 0x10, 0x64, 0x10, 0x64, 0x10, 0x64, 0x10, 0x64, 0x10, 0x64, 0x10, 0x64, 0x10, 0x64, 0x10, 0x63, 0x28, 0x63, 0x28, 0x43, 0x40, 0x43, 0x40, 0x42, 0x68, 0x42, 0x68, 0x00, 0xf0,
    0x00, 0xf0, 0x00, 0xf0, 0x00, 0xf0, 0x00, 0xf0, 0x00, 0xf0, 0x00, 0xf0, 0x00, 0xf0, 0x42, 0x68, 0x42, 0x68, 0x43, 0x40, 0x43, 0x40, 0x63, 0x28, 0x63, 0x28, 0x64, 0x10, 0x64, 0x10, 0x64, 0x18,
    0x64, 0x18, 0x63, 0x20, 0x63, 0x20, 0x43, 0x38, 0x43, 0x38, 0x43, 0x50, 0x43, 0x50, 0x42, 0x70, 0x42, 0x70, 0x00, 0xe8, 0x00, 0xe8, 0x00, 0xf0, 0x00, 0xf0, 0x00, 0xf8, 0x00, 0xf8, 0x00, 0xf8,
    0x00, 0xf8, 0x00, 0xf8, 0x00, 0xf8, 0x00, 0xf0, 0x00, 0xf0, 0x00, 0xf0, 0x00, 0xf0, 0x42, 0x68, 0x42, 0x68, 0x43, 0x40, 0x43, 0x40, 0x63, 0x28, 0x63, 0x28, 0x64, 0x10, 0x64, 0x10, 0x64, 0x10,
    0x64, 0x10, 0x64, 0x10, 0x64, 0x10, 0x64, 0x10, 0x64, 0x10, 0x64, 0x10, 0x64, 0x10, 0x64, 0x10, 0x64, 0x10, 0x64, 0x10, 0x64, 0x10, 0x64, 0x10, 0x64, 0x10, 0x64, 0x10, 0x64, 0x10, 0x64, 0x10,
    0x64, 0x10, 0x64, 0x10, 0x64, 0x10, 0x63, 0x28, 0x63, 0x28, 0x43, 0x40, 0x43, 0x40, 0x42, 0x68, 0x42, 0x68, 0x00, 0xf0, 0x00, 0xf0, 0x00, 0xf0, 0x00, 0xf0, 0x00, 0xf8, 0x00, 0xf8, 0x00, 0xf8,
    0x00, 0xf8, 0x00, 0xf0, 0x00, 0xf0, 0x00, 0xf0, 0x00, 0xf0, 0x42, 0x68, 0x42, 0x68, 0x43, 0x40, 0x43, 0x40, 0x63, 0x28, 0x63, 0x28, 0x64, 0x10, 0x64, 0x10, 0x64, 0x10, 0x64, 0x10, 0x64, 0x10,
    0x64, 0x10, 0x64, 0x10, 0x64, 0x10, 0x64, 0x10, 0x64, 0x10, 0x64, 0x10, 0x64, 0x10, 0x64, 0x10, 0x64, 0x10, 0x64, 0x10, 0x64, 0x10, 0x64, 0x10, 0x64, 0x10, 0x64, 0x10, 0x64, 0x10, 0x64, 0x10,
    0x64, 0x10, 0x64, 0x10, 0x64, 0x10, 0x64, 0x10, 0x64, 0x10, 0x64, 0x10, 0x64, 0x10, 0x64, 0x10, 0x64, 0x10, 0x64, 0x10, 0x64, 0x10, 0x64, 0x10, 0x64, 0x10, 0x64, 0x10, 0x64, 0x10, 0x64, 0x10,
    0x64, 0x10, 0x64, 0x10, 0x64, 0x10, 0x64, 0x10, 0x64, 0x10, 0x64, 0x10, 0x64, 0x10, 0x64, 0x10, 0x64, 0x10, 0x64, 0x10, 0x64, 0x10, 0x64, 0x10, 0x64, 0x10, 0x64, 0x10, 0x64, 0x10, 0x64, 0x10,
    0x64, 0x10, 0x64, 0x10, 0x64, 0x10, 0x64, 0x10, 0x64, 0x10, 0x64, 0x10, 0x64, 0x10, 0x64, 0x10, 0x64, 0x10, 0x64, 0x10, 0x64, 0x10, 0x64, 0x10, 0x64, 0x10, 0x64, 0x10, 0x64, 0x10, 0x64, 0x10,
    0x64, 0x10, 0x64, 0x10, 0x64, 0x10, 0x64, 0x10, 0x64, 0x10, 0x64, 0x10, 0x64, 0x10, 0x64, 0x10, 0x64, 0x10, 0x64, 0x10, 0x64, 0x10, 0x64, 0x10, 0x64, 0x10, 0x64, 0x10, 0x64, 0x10, 0x64, 0x10,
    0x64, 0x10, 0x64, 0x10, 0x64, 0x10, 0x64, 0x10, 0x64, 0x10, 0x64, 0x10, 0x64, 0x10, 0x64, 0x10, 0x64, 0x10, 0x64, 0x10, 0x64, 0x10, 0x64, 0x10, 0x64, 0x10, 0x64, 0x10, 0x64, 0x10, 0x64, 0x10,
    0x64, 0x10, 0x64, 0x10, 0x64, 0x10, 0x64, 0x10, 0x64, 0x10, 0x64, 0x10, 0x64, 0x10, 0x64, 0x10, 0x64, 0x10, 0x64, 0x10, 0x64, 0x10, 0x64, 0x10, 0x64, 0x10, 0x64, 0x10, 0x64, 0x10, 0x64, 0x10,
    0x64, 0x10, 0x64, 0x10, 0x64, 0x10, 0x64, 0x10, 0x64, 0x10, 0x64, 0x10, 0x64, 0x10, 0x64, 0x10, 0x64, 0x10, 0x64, 0x10, 0x64, 0x10, 0x64, 0x10, 0x64, 0x10, 0x64, 0x10, 0x64, 0x10, 0x64, 0x10,
    0x64, 0x10, 0x64, 0x10, 0x64, 0x10, 0x64, 0x10, 0x64, 0x10, 0x64, 0x10, 0x64, 0x10, 0x64, 0x10, 0x64, 0x10, 0x64, 0x10, 0x64, 0x10, 0x64, 0x10, 0x64, 0x10, 0x64, 0x10, 0x64, 0x10, 0x64, 0x10,
    0x64, 0x10, 0x64, 0x10, 0x64, 0x10, 0x64, 0x10, 0x64, 0x10, 0x64, 0x10, 0x64, 0x10, 0x64, 0x10, 0x64, 0x10, 0x64, 0x10, 0x64, 0x10, 0x64, 0x10, 0x64, 0x10, 0x64, 0x10, 0x64, 0x10, 0x64, 0x10,
    0x64, 0x10, 0x64, 0x10, 0x64, 0x10, 0x64, 0x10, 0x64, 0x10, 0x64, 0x10, 0x64, 0x10, 0x64, 0x10, 0x64, 0x10, 0x64, 0x10, 0x64, 0x10, 0x64, 0x10, 0x64, 0x10, 0x64, 0x10, 0x64, 0x10, 0x64, 0x10,
    0x64, 0x10, 0x63, 0x28, 0x63, 0x28, 0x43, 0x40, 0x43, 0x40, 0x42, 0x68, 0x42, 0x68, 0x00, 0xf0, 0x00, 0xf0, 0x00, 0xf0, 0x00, 0xf0, 0x00, 0xf0, 0x00, 0xf0, 0x00, 0xf0, 0x00, 0xf0, 0x42, 0x68,
    0x42, 0x68, 0x43, 0x40, 0x43, 0x40, 0x63, 0x28, 0x63, 0x28, 0x64, 0x10, 0x64, 0x10, 0x64, 0x18, 0x64, 0x18, 0x63, 0x20, 0x63, 0x20, 0x43, 0x38, 0x43, 0x38, 0x43, 0x50, 0x43, 0x50, 0x42, 0x70,
    0x42, 0x70, 0x00, 0xe8, 0x00, 0xe8, 0x00, 0xf0, 0x00, 0xf0, 0x00, 0xf8, 0x00, 0xf8, 0x00, 0xf8, 0x00, 0xf8, 0x00, 0xf8, 0x00, 0xf8, 0x00, 0xf0, 0x00, 0xf0, 0x00, 0xf0, 0x00, 0xf0, 0x42, 0x68,
    0x42, 0x68, 0x43, 0x40, 0x43, 0x40, 0x63, 0x28, 0x63, 0x28, 0x64, 0x10, 0x64, 0x10, 0x64, 0x10, 0x64, 0x10, 0x64, 0x10, 0x64, 0x10, 0x64, 0x10, 0x64, 0x10, 0x64, 0x10, 0x64, 0x10, 0x64, 0x10,
    0x64, 0x10, 0x64, 0x10, 0x64, 0x10, 0x64, 0x10, 0x64, 0x10, 0x64, 0x10, 0x64, 0x10, 0x64, 0x10, 0x64, 0x10, 0x64, 0x10, 0x64, 0x10, 0x63, 0x28, 0x63, 0x28, 0x43, 0x40, 0x43, 0x40, 0x42, 0x68,
    0x42, 0x68, 0x00, 0xf0, 0x00, 0xf0, 0x00, 0xf0, 0x00, 0xf0, 0x00, 0xf8, 0x00, 0xf8, 0x00, 0xf8, 0x00, 0xf8, 0x00, 0xf0, 0x00, 0xf0, 0x00, 0xf0, 0x00, 0xf0, 0x42, 0x68, 0x42, 0x68, 0x43, 0x40,
    0x43, 0x40, 0x63, 0x28, 0x63, 0x28, 0x64, 0x10, 0x64, 0x10, 0x64, 0x10, 0x64, 0x10, 0x64, 0x10, 0x64, 0x10, 0x64, 0x10, 0x64, 0x10, 0x64, 0x10, 0x64, 0x10, 0x64, 0x10, 0x64, 0x10, 0x64, 0x10,
    0x64, 0x10, 0x64, 0x10, 0x64, 0x10, 0x64, 0x10, 0x64, 0x10, 0x64, 0x10, 0x64, 0x10, 0x64, 0x10, 0x64, 0x10, 0x64, 0x10, 0x64, 0x10, 0x64, 0x10, 0x64, 0x10, 0x64, 0x10, 0x64, 0x10, 0x64, 0x10,
    0x64, 0x10, 0x64, 0x10, 0x64, 0x10, 0x64, 0x10, 0x64, 0x10, 0x64, 0x10, 0x64, 0x10, 0x64, 0x10, 0x64, 0x10, 0x64, 0x10, 0x64, 0x10, 0x64, 0x10, 0x64, 0x10, 0x64, 0x10, 0x64, 0x10, 0x64, 0x10,
    0x64, 0x10, 0x64, 0x10, 0x64, 0x10, 0x64, 0x10, 0x64, 0x10, 0x64, 0x10, 0x64, 0x10, 0x64, 0x10, 0x64, 0x10, 0x64, 0x10, 0x64, 0x10, 0x64, 0x10, 0x64, 0x10, 0x64, 0x10, 0x64, 0x10, 0x64, 0x10,
    0x64, 0x10, 0x64, 0x10, 0x64, 0x10, 0x64, 0x10, 0x64, 0x10, 0x64, 0x10, 0x64, 0x10, 0x64, 0x10, 0x64, 0x10, 0x64, 0x10, 0x64, 0x10, 0x64, 0x10, 0x64, 0x10, 0x64, 0x10, 0x64, 0x10, 0x64, 0x10,
    0x64, 0x10, 0x64, 0x10, 0x64, 0x10, 0x64, 0x10, 0x64, 0x10, 0x64, 0x10, 0x64, 0x10, 0x64, 0x10, 0x64, 0x10, 0x64, 0x10, 0x64, 0x10, 0x64, 0x10, 0x64, 0x10, 0x64, 0x10, 0x64, 0x10, 0x64, 0x10,
    0x64, 0x10, 0x64, 0x10, 0x64, 0x10, 0x64, 0x10, 0x64, 0x10, 0x64, 0x10, 0x64, 0x10, 0x64, 0x10, 0x64, 0x10, 0x64, 0x10, 0x64, 0x10, 0x64, 0x10, 0x64, 0x10, 0x64, 0x10, 0x64, 0x10, 0x64, 0x10,
    0x64, 0x10, 0x64, 0x10, 0x64, 0x10, 0x64, 0x10, 0x64, 0x10, 0x64, 0x10, 0x64, 0x10, 0x64, 0x10, 0x64, 0x10, 0x64, 0x10, 0x64, 0x10, 0x64, 0x10, 0x64, 0x10, 0x64, 0x10, 0x64, 0x10, 0x64, 0x10,
    0x64, 0x10, 0x64, 0x10, 0x64, 0x10, 0x64, 0x10, 0x64, 0x10, 0x64, 0x10, 0x64, 0x10, 0x64, 0x10, 0x64, 0x10, 0x64, 0x10, 0x64, 0x10, 0x64, 0x10, 0x64, 0x10, 0x64, 0x10, 0x64, 0x10, 0x64, 0x10,
    0x64, 0x10, 0x64, 0x10, 0x64, 0x10, 0x64, 0x10, 0x64, 0x10, 0x64, 0x10, 0x64, 0x10, 0x64, 0x10, 0x64, 0x10, 0x64, 0x10, 0x64, 0x10, 0x64, 0x10, 0x64, 0x10, 0x64, 0x10, 0x64, 0x10, 0x64, 0x10,
    0x64, 0x10, 0x64, 0x10, 0x64, 0x10, 0x64, 0x10, 0x64, 0x10, 0x64, 0x10, 0x64, 0x10, 0x64, 0x10, 0x64, 0x10, 0x64, 0x10, 0x64, 0x10, 0x64, 0x10, 0x64, 0x10, 0x64, 0x10, 0x64, 0x10, 0x64, 0x10,
    0x64, 0x10, 0x64, 0x10, 0x64, 0x10, 0x64, 0x10, 0x64, 0x10, 0x64, 0x10, 0x64, 0x10, 0x64, 0x10, 0x64, 0x10, 0x63, 0x28, 0x63, 0x28, 0x43, 0x40, 0x43, 0x40, 0x42, 0x68, 0x42, 0x68, 0x00, 0xf0,
    0x00, 0xf0, 0x00, 0xf0, 0x00, 0xf0, 0x00, 0xf0, 0x00, 0xf0, 0x00, 0xf0, 0x00, 0xf0, 0x42, 0x68, 0x42, 0x68, 0x43, 0x40, 0x43, 0x40, 0x63, 0x28, 0x63, 0x28, 0x64, 0x18, 0x64, 0x18, 0x63, 0x20,
    0x63, 0x20, 0x43, 0x38, 0x43, 0x38, 0x43, 0x50, 0x43, 0x50, 0x42, 0x70, 0x42, 0x70, 0x00, 0xe8, 0x00, 0xe8, 0x00, 0xf0, 0x00, 0xf0, 0x00, 0xf0, 0x00, 0xf0, 0x00, 0xf8, 0x00, 0xf8, 0x00, 0xf8,
    0x00, 0xf8, 0x00, 0xf8, 0x00, 0xf8, 0x00, 0xf0, 0x00, 0xf0, 0x00, 0xf0, 0x00, 0xf0, 0x42, 0x68, 0x42, 0x68, 0x43, 0x40, 0x43, 0x40, 0x63, 0x28, 0x63, 0x28, 0x64, 0x10, 0x64, 0x10, 0x64, 0x10,
    0x64, 0x10, 0x64, 0x10, 0x64, 0x10, 0x64, 0x10, 0x64, 0x10, 0x64, 0x10, 0x64, 0x10, 0x64, 0x10, 0x64, 0x10, 0x64, 0x10, 0x64, 0x10, 0x64, 0x10, 0x64, 0x10, 0x64, 0x10, 0x64, 0x10, 0x64, 0x10,
    0x64, 0x10, 0x64, 0x10, 0x64, 0x10, 0x63, 0x28, 0x63, 0x28, 0x43, 0x40, 0x43, 0x40, 0x42, 0x68, 0x42, 0x68, 0x00, 0xf0, 0x00, 0xf0, 0x00, 0xf0, 0x00, 0xf0, 0x00, 0xf8, 0x00, 0xf8, 0x00, 0xf8,
    0x00, 0xf8, 0x00, 0xf0, 0x00, 0xf0, 0x00, 0xf0, 0x00, 0xf0, 0x42, 0x68, 0x42, 0x68, 0x43, 0x40, 0x43, 0x40, 0x63, 0x28, 0x63, 0x28, 0x64, 0x10, 0x64, 0x10, 0x64, 0x10, 0x64, 0x10, 0x64, 0x10,
    0x64, 0x10, 0x64, 0x10, 0x64, 0x10, 0x64, 0x10, 0x64, 0x10, 0x64, 0x10, 0x64, 0x10, 0x64, 0x10, 0x64, 0x10, 0x64, 0x10, 0x64, 0x10, 0x64, 0x10, 0x64, 0x10, 0x64, 0x10, 0x64, 0x10, 0x64, 0x10,
    0x64, 0x10, 0x64, 0x10, 0x64, 0x10, 0x64, 0x10, 0x64, 0x10, 0x64, 0x10, 0x64, 0x10, 0x64, 0x10, 0x64, 0x10, 0x64, 0x10, 0x64, 0x10, 0x64, 0x10, 0x64, 0x10, 0x64, 0x10, 0x64, 0x10, 0x64, 0x10,
    0x64, 0x10, 0x64, 0x10, 0x64, 0x10, 0x64, 0x10, 0x64, 0x10, 0x64, 0x10, 0x64, 0x10, 0x64, 0x10, 0x64, 0x10, 0x64, 0x10, 0x64, 0x10, 0x64, 0x10, 0x64, 0x10, 0x64, 0x10, 0x64, 0x10, 0x64, 0x10,
    0x64, 0x10, 0x64, 0x10, 0x64, 0x10, 0x64, 0x10, 0x64, 0x10, 0x64, 0x10, 0x64, 0x10, 0x64, 0x10, 0x64, 0x10, 0x64, 0x10, 0x64, 0x10, 0x64, 0x10, 0x64, 0x10, 0x64, 0x10, 0x64, 0x10, 0x64, 0x10,
    0x64, 0x10, 0x64, 0x10, 0x64, 0x10, 0x64, 0x10, 0x64, 0x10, 0x64, 0x10, 0x64, 0x10, 0x64, 0x10, 0x64, 0x10, 0x64, 0x10, 0x64, 0x10, 0x64, 0x10, 0x64, 0x10, 0x64, 0x10, 0x64, 0x10, 0x64, 0x10,
    0x64, 0x10, 0x64, 0x10, 0x64, 0x10, 0x64, 0x10, 0x64, 0x10, 0x64, 0x10, 0x64, 0x10, 0x64, 0x10, 0x64, 0x10, 0x64, 0x10, 0x64, 0x10, 0x64, 0x10, 0x64, 0x10, 0x64, 0x10, 0x64, 0x10, 0x64, 0x10,
    0x64, 0x10, 0x64, 0x10, 0x64, 0x10, 0x64, 0x10, 0x64, 0x10, 0x64, 0x10, 0x64, 0x10, 0x64, 0x10, 0x64, 0x10, 0x64, 0x10, 0x64, 0x10, 0x64, 0x10, 0x64, 0x10, 0x64, 0x10, 0x64, 0x10, 0x64, 0x10,
    0x64, 0x10, 0x64, 0x10, 0x64, 0x10, 0x64, 0x10, 0x64, 0x10, 0x64, 0x10, 0x64, 0x10, 0x64, 0x10, 0x64, 0x10, 0x64, 0x10, 0x64, 0x10, 0x64, 0x10, 0x64, 0x10, 0x64, 0x10, 0x64, 0x10, 0x64, 0x10,
    0x64, 0x10, 0x64, 0x10, 0x64, 0x10, 0x64, 0x10, 0x64, 0x10, 0x64, 0x10, 0x64, 0x10, 0x64, 0x10, 0x64, 0x10, 0x64, 0x10, 0x64, 0x10, 0x64, 0x10, 0x64, 0x10, 0x64, 0x10, 0x64, 0x10, 0x64, 0x10,
    0x64, 0x10, 0x64, 0x10, 0x64, 0x10, 0x64, 0x10, 0x64, 0x10, 0x64, 0x10, 0x64, 0x10, 0x64, 0x10, 0x64, 0x10, 0x64, 0x10, 0x64, 0x10, 0x64, 0x10, 0x64, 0x10, 0x64, 0x10, 0x64, 0x10, 0x64, 0x10,
    0x64, 0x10, 0x64, 0x10, 0x64, 0x10, 0x64, 0x10, 0x64, 0x10, 0x64, 0x10, 0x64, 0x10, 0x64, 0x10, 0x64, 0x10, 0x64, 0x10, 0x64, 0x10, 0x64, 0x10, 0x64, 0x10, 0x64, 0x10, 0x64, 0x10, 0x64, 0x10,
    0x64, 0x10, 0x63, 0x28, 0x63, 0x28, 0x43, 0x40, 0x43, 0x40, 0x42, 0x68, 0x42, 0x68, 0x00, 0xf0, 0x00, 0xf0, 0x00, 0xf0, 0x00, 0xf0, 0x00, 0xf0, 0x00, 0xf0, 0x00, 0xf0, 0x00, 0xf0, 0x42, 0x68,
    0x42, 0x68, 0x43, 0x40, 0x43, 0x40, 0x63, 0x28, 0x63, 0x28, 0x64, 0x18, 0x64, 0x18, 0x63, 0x20, 0x63, 0x20, 0x43, 0x38, 0x43, 0x38, 0x43, 0x50, 0x43, 0x50, 0x42, 0x70, 0x42, 0x70, 0x00, 0xe8,
    0x00, 0xe8, 0x00, 0xf0, 0x00, 0xf0, 0x00, 0xf0, 0x00, 0xf0, 0x00, 0xf8, 0x00, 0xf8, 0x00, 0xf8, 0x00, 0xf8, 0x00, 0xf8, 0x00, 0xf8, 0x00, 0xf0, 0x00, 0xf0, 0x00, 0xf0, 0x00, 0xf0, 0x42, 0x68,
    0x42, 0x68, 0x43, 0x40, 0x43, 0x40, 0x63, 0x28, 0x63, 0x28, 0x64, 0x10, 0x64, 0x10, 0x64, 0x10, 0x64, 0x10, 0x64, 0x10, 0x64, 0x10, 0x64, 0x10, 0x64, 0x10, 0x64, 0x10, 0x64, 0x10, 0x64, 0x10,
    0x64, 0x10, 0x64, 0x10, 0x64, 0x10, 0x64, 0x10, 0x64, 0x10, 0x64, 0x10, 0x64, 0x10, 0x64, 0x10, 0x64, 0x10, 0x64, 0x10, 0x64, 0x10, 0x63, 0x28, 0x63, 0x28, 0x43, 0x40, 0x43, 0x40, 0x42, 0x68,
    0x42, 0x68, 0x00, 0xf0, 0x00, 0xf0, 0x00, 0xf0, 0x00, 0xf0, 0x00, 0xf8, 0x00, 0xf8, 0x00, 0xf8, 0x00, 0xf8, 0x00, 0xf0, 0x00, 0xf0, 0x00, 0xf0, 0x00, 0xf0, 0x42, 0x68, 0x42, 0x68, 0x43, 0x40,
    0x43, 0x40, 0x63, 0x28, 0x63, 0x28, 0x64, 0x10, 0x64, 0x10, 0x64, 0x10, 0x64, 0x10, 0x64, 0x10, 0x64, 0x10, 0x64, 0x10, 0x64, 0x10, 0x64, 0x10, 0x64, 0x10, 0x64, 0x10, 0x64, 0x10, 0x64, 0x10,
    0x64, 0x10, 0x64, 0x10, 0x64, 0x10, 0x64, 0x10, 0x64, 0x10, 0x64, 0x10, 0x64, 0x10, 0x64, 0x10, 0x64, 0x10, 0x64, 0x10, 0x64, 0x10, 0x64, 0x10, 0x64, 0x10, 0x64, 0x10, 0x64, 0x10, 0x64, 0x10,
    0x64, 0x10, 0x64, 0x10, 0x64, 0x10, 0x64, 0x10, 0x64, 0x10, 0x64, 0x10, 0x64, 0x10, 0x64, 0x10, 0x64, 0x10, 0x64, 0x10, 0x64, 0x10, 0x64, 0x10, 0x64, 0x10, 0x64, 0x10, 0x64, 0x10, 0x64, 0x10,
    0x64, 0x10, 0x64, 0x10, 0x64, 0x10, 0x64, 0x10, 0x64, 0x10, 0x64, 0x10, 0x64, 0x10, 0x64, 0x10, 0x64, 0x10, 0x64, 0x10, 0x64, 0x10, 0x64, 0x10, 0x64, 0x10, 0x64, 0x10, 0x64, 0x10, 0x64, 0x10,
    0x64, 0x10, 0x64, 0x10, 0x64, 0x10, 0x64, 0x10, 0x64, 0x10, 0x64, 0x10, 0x64, 0x10, 0x64, 0x10, 0x64, 0x10, 0x64, 0x10, 0x64, 0x10, 0x64, 0x10, 0x64, 0x10, 0x64, 0x10, 0x64, 0x10, 0x64, 0x10,
    0x64, 0x10, 0x64, 0x10, 0x64, 0x10, 0x64, 0x10, 0x64, 0x10, 0x64, 0x10, 0x64, 0x10, 0x64, 0x10, 0x64, 0x10, 0x64, 0x10, 0x64, 0x10, 0x64, 0x10, 0x64, 0x10, 0x64, 0x10, 0x64, 0x10, 0x64, 0x10,
    0x64, 0x10, 0x64, 0x10, 0x64, 0x10, 0x64, 0x10, 0x64, 0x10, 0x64, 0x10, 0x64, 0x10, 0x64, 0x10, 0x64, 0x10, 0x64, 0x10, 0x64, 0x10, 0x64, 0x10, 0x64, 0x10, 0x64, 0x10, 0x64, 0x10, 0x64, 0x10,
    0x64, 0x10, 0x64, 0x10, 0x64, 0x10, 0x64, 0x10, 0x64, 0x10, 0x64, 0x10, 0x64, 0x10, 0x64, 0x10, 0x64, 0x10, 0x64, 0x10, 0x64, 0x10, 0x64, 0x10, 0x64, 0x10, 0x64, 0x10, 0x64, 0x10, 0x64, 0x10,
    0x64, 0x10, 0x64, 0x10, 0x64, 0x10, 0x64, 0x10, 0x64, 0x10, 0x64, 0x10, 0x64, 0x10, 0x64, 0x10, 0x64, 0x10, 0x64, 0x10, 0x64, 0x10, 0x64, 0x10, 0x64, 0x10, 0x64, 0x10, 0x64, 0x10, 0x64, 0x10,
    0x64, 0x10, 0x64, 0x10, 0x64, 0x10, 0x64, 0x10, 0x64, 0x10, 0x64, 0x10, 0x64, 0x10, 0x64, 0x10, 0x64, 0x10, 0x64, 0x10, 0x64, 0x10, 0x64, 0x10, 0x64, 0x10, 0x64, 0x10, 0x64, 0x10, 0x64, 0x10,
    0x64, 0x10, 0x64, 0x10, 0x64, 0x10, 0x64, 0x10, 0x64, 0x10, 0x64, 0x10, 0x64, 0x10, 0x64, 0x10, 0x64, 0x10, 0x64, 0x10, 0x64, 0x10, 0x64, 0x10, 0x64, 0x10, 0x64, 0x10, 0x64, 0x10, 0x64, 0x10,
    0x64, 0x10, 0x64, 0x10, 0x64, 0x10, 0x64, 0x10, 0x64, 0x10, 0x64, 0x10, 0x64, 0x10, 0x64, 0x10, 0x64, 0x10, 0x63, 0x28, 0x63, 0x28, 0x43, 0x40, 0x43, 0x40, 0x42, 0x68, 0x42, 0x68, 0x00, 0xf0,
    0x00, 0xf0, 0x00, 0xf0, 0x00, 0xf0, 0x00, 0xf0, 0x00, 0xf0, 0x00, 0xf0, 0x00, 0xf0, 0x42, 0x68, 0x42, 0x68, 0x43, 0x48, 0x43, 0x48, 0x63, 0x28, 0x63, 0x28, 0x63, 0x20, 0x63, 0x20, 0x43, 0x38,
    0x43, 0x38, 0x43, 0x50, 0x43, 0x50, 0x42, 0x70, 0x42, 0x70, 0x00, 0xe8, 0x00, 0xe8, 0x00, 0xf0, 0x00, 0xf0, 0x00, 0xf0, 0x00, 0xf0, 0x00, 0xf0, 0x00, 0xf0, 0x00, 0xf8, 0x00, 0xf8, 0x00, 0xf8,
    0x00, 0xf8, 0x00, 0xf8, 0x00, 0xf8, 0x00, 0xf0, 0x00, 0xf0, 0x00, 0xf0, 0x00, 0xf0, 0x42, 0x68, 0x42, 0x68, 0x43, 0x40, 0x43, 0x40, 0x63, 0x28, 0x63, 0x28, 0x64, 0x10, 0x64, 0x10, 0x64, 0x10,
    0x64, 0x10, 0x64, 0x10, 0x64, 0x10, 0x64, 0x10, 0x64, 0x10, 0x64, 0x10, 0x64, 0x10, 0x64, 0x10, 0x64, 0x10, 0x64, 0x10, 0x64, 0x10, 0x64, 0x10, 0x64, 0x10, 0x64, 0x10, 0x64, 0x10, 0x64, 0x10,
    0x64, 0x10, 0x64, 0x10, 0x64, 0x10, 0x63, 0x28, 0x63, 0x28, 0x43, 0x40, 0x43, 0x40, 0x42, 0x68, 0x42, 0x68, 0x00, 0xf0, 0x00, 0xf0, 0x00, 0xf0, 0x00, 0xf0, 0x00, 0xf8, 0x00, 0xf8, 0x00, 0xf8,
    0x00, 0xf8, 0x00, 0xf0, 0x00, 0xf0, 0x00, 0xf0, 0x00, 0xf0, 0x42, 0x68, 0x42, 0x68, 0x43, 0x40, 0x43, 0x40, 0x63, 0x28, 0x63, 0x28, 0x64, 0x10, 0x64, 0x10, 0x64, 0x10, 0x64, 0x10, 0x64, 0x10,
    0x64, 0x10, 0x64, 0x10, 0x64, 0x10, 0x64, 0x10, 0x64, 0x10, 0x64, 0x10, 0x64, 0x10, 0x64, 0x10, 0x64, 0x10, 0x64, 0x10, 0x64, 0x10, 0x64, 0x10, 0x64, 0x10, 0x64, 0x10, 0x64, 0x10, 0x64, 0x10,
    0x64, 0x10, 0x64, 0x10, 0x64, 0x10, 0x64, 0x10, 0x64, 0x10, 0x64, 0x10, 0x64, 0x10, 0x64, 0x10, 0x64, 0x10, 0x64, 0x10, 0x64, 0x10, 0x64, 0x10, 0x64, 0x10, 0x64, 0x10, 0x64, 0x10, 0x64, 0x10,
    0x64, 0x10, 0x64, 0x10, 0x64, 0x10, 0x64, 0x10, 0x64, 0x10, 0x64, 0x10, 0x64, 0x10, 0x64, 0x10, 0x64, 0x10, 0x64, 0x10, 0x64, 0x10, 0x64, 0x10, 0x64, 0x10, 0x64, 0x10, 0x64, 0x10, 0x64, 0x10,
    0x64, 0x10, 0x64, 0x10, 0x64, 0x10, 0x64, 0x10, 0x64, 0x10, 0x64, 0x10, 0x64, 0x10, 0x64, 0x10, 0x64, 0x10, 0x64, 0x10, 0x64, 0x10, 0x64, 0x10, 0x64, 0x10, 0x64, 0x10, 0x64, 0x10, 0x64, 0x10,
    0x64, 0x10, 0x64, 0x10, 0x64, 0x10, 0x64, 0x10, 0x64, 0x10, 0x64, 0x10, 0x64, 0x10, 0x64, 0x10, 0x64, 0x10, 0x64, 0x10, 0x64, 0x10, 0x64, 0x10, 0x64, 0x10, 0x64, 0x10, 0x64, 0x10, 0x64, 0x10,
    0x64, 0x10, 0x64, 0x10, 0x64, 0x10, 0x64, 0x10, 0x64, 0x10, 0x64, 0x10, 0x64, 0x10, 0x64, 0x10, 0x64, 0x10, 0x64, 0x10, 0x64, 0x10, 0x64, 0x10, 0x64, 0x10, 0x64, 0x10, 0x64, 0x10, 0x64, 0x10,
    0x64, 0x10, 0x64, 0x10, 0x64, 0x10, 0x64, 0x10, 0x64, 0x10, 0x64, 0x10, 0x64, 0x10, 0x64, 0x10, 0x64, 0x10, 0x64, 0x10, 0x64, 0x10, 0x64, 0x10, 0x64, 0x10, 0x64, 0x10, 0x64, 0x10, 0x64, 0x10,
    0x64, 0x10, 0x64, 0x10, 0x64, 0x10, 0x64, 0x10, 0x64, 0x10, 0x64, 0x10, 0x64, 0x10, 0x64, 0x10, 0x64, 0x10, 0x64, 0x10, 0x64, 0x10, 0x64, 0x10, 0x64, 0x10, 0x64, 0x10, 0x64, 0x10, 0x64, 0x10,
    0x64, 0x10, 0x64, 0x10, 0x64, 0x10, 0x64, 0x10, 0x64, 0x10, 0x64, 0x10, 0x64, 0x10, 0x64, 0x10, 0x64, 0x10, 0x64, 0x10, 0x64, 0x10, 0x64, 0x10, 0x64, 0x10, 0x64, 0x10, 0x64, 0x10, 0x64, 0x10,
    0x64, 0x10, 0x64, 0x10, 0x64, 0x10, 0x64, 0x10, 0x64, 0x10, 0x64, 0x10, 0x64, 0x10, 0x64, 0x10, 0x64, 0x10, 0x64, 0x10, 0x64, 0x10, 0x64, 0x10, 0x64, 0x10, 0x64, 0x10, 0x64, 0x10, 0x64, 0x10,
    0x64, 0x10, 0x64, 0x10, 0x64, 0x10, 0x64, 0x10, 0x64, 0x10, 0x64, 0x10, 0x64, 0x10, 0x64, 0x10, 0x64, 0x10, 0x64, 0x10, 0x64, 0x10, 0x64, 0x10, 0x64, 0x10, 0x64, 0x10, 0x64, 0x10, 0x64, 0x10,
    0x64, 0x10, 0x63, 0x28, 0x63, 0x28, 0x43, 0x40, 0x43, 0x40, 0x42, 0x68, 0x42, 0x68, 0x00, 0xf0, 0x00, 0xf0, 0x00, 0xf0, 0x00, 0xf0, 0x00, 0xf0, 0x00, 0xf0, 0x00, 0xf0, 0x00, 0xf0, 0x42, 0x68,
    0x42, 0x68, 0x43, 0x48, 0x43, 0x48, 0x63, 0x28, 0x63, 0x28, 0x63, 0x20, 0x63, 0x20, 0x43, 0x38, 0x43, 0x38, 0x43, 0x50, 0x43, 0x50, 0x42, 0x70, 0x42, 0x70, 0x00, 0xe8, 0x00, 0xe8, 0x00, 0xf0,
    0x00, 0xf0, 0x00, 0xf0, 0x00, 0xf0, 0x00, 0xf0, 0x00, 0xf0, 0x00, 0xf8, 0x00, 0xf8, 0x00, 0xf8, 0x00, 0xf8, 0x00, 0xf8, 0x00, 0xf8, 0x00, 0xf0, 0x00, 0xf0, 0x00, 0xf0, 0x00, 0xf0, 0x42, 0x68,
    0x42, 0x68, 0x43, 0x40, 0x43, 0x40, 0x63, 0x28, 0x63, 0x28, 0x64, 0x10, 0x64, 0x10, 0x64, 0x10, 0x64, 0x10, 0x64, 0x10, 0x64, 0x10, 0x64, 0x10, 0x64, 0x10, 0x64, 0x10, 0x64, 0x10, 0x64, 0x10,
    0x64, 0x10, 0x64, 0x10, 0x64, 0x10, 0x64, 0x10, 0x64, 0x10, 0x64, 0x10, 0x64, 0x10, 0x64, 0x10, 0x64, 0x10, 0x64, 0x10, 0x64, 0x10, 0x63, 0x28, 0x63, 0x28, 0x43, 0x40, 0x43, 0x40, 0x42, 0x68,
    0x42, 0x68, 0x00, 0xf0, 0x00, 0xf0, 0x00, 0xf0, 0x00, 0xf0, 0x00, 0xf8, 0x00, 0xf8, 0x00, 0xf8, 0x00, 0xf8, 0x00, 0xf0, 0x00, 0xf0, 0x00, 0xf0, 0x00, 0xf0, 0x42, 0x68, 0x42, 0x68, 0x43, 0x40,
    0x43, 0x40, 0x63, 0x28, 0x63, 0x28, 0x64, 0x10, 0x64, 0x10, 0x64, 0x10, 0x64, 0x10, 0x64, 0x10, 0x64, 0x10, 0x64, 0x10, 0x64, 0x10, 0x64, 0x10, 0x64, 0x10, 0x64, 0x10, 0x64, 0x10, 0x64, 0x10,
    0x64, 0x10, 0x64, 0x10, 0x64, 0x10, 0x64, 0x10, 0x64, 0x10, 0x64, 0x10, 0x64, 0x10, 0x64, 0x10, 0x64, 0x10, 0x64, 0x10, 0x64, 0x10, 0x64, 0x10, 0x64, 0x10, 0x64, 0x10, 0x64, 0x10, 0x64, 0x10,
    0x64, 0x10, 0x64, 0x10, 0x64, 0x10, 0x64, 0x10, 0x64, 0x10, 0x64, 0x10, 0x64, 0x10, 0x64, 0x10, 0x64, 0x10, 0x64, 0x10, 0x64, 0x10, 0x64, 0x10, 0x64, 0x10, 0x64, 0x10, 0x64, 0x10, 0x64, 0x10,
    0x64, 0x10, 0x64, 0x10, 0x64, 0x10, 0x64, 0x10, 0x64, 0x10, 0x64, 0x10, 0x64, 0x10, 0x64, 0x10, 0x64, 0x10, 0x64, 0x10, 0x64, 0x10, 0x64, 0x10, 0x64, 0x10, 0x64, 0x10, 0x64, 0x10, 0x64, 0x10,
    0x64, 0x10, 0x64, 0x10, 0x64, 0x10, 0x64, 0x10, 0x64, 0x10, 0x64, 0x10, 0x64, 0x10, 0x64, 0x10, 0x64, 0x10, 0x64, 0x10, 0x64, 0x10, 0x64, 0x10, 0x64, 0x10, 0x64, 0x10, 0x64, 0x10, 0x64, 0x10,
    0x64, 0x10, 0x64, 0x10, 0x64, 0x10, 0x64, 0x10, 0x64, 0x10, 0x64, 0x10, 0x64, 0x10, 0x64, 0x10, 0x64, 0x10, 0x64, 0x10, 0x64, 0x10, 0x64, 0x10, 0x64, 0x10, 0x64, 0x10, 0x64, 0x10, 0x64, 0x10,
    0x64, 0x10, 0x64, 0x10, 0x64, 0x10, 0x64, 0x10, 0x64, 0x10, 0x64, 0x10, 0x64, 0x10, 0x64, 0x10, 0x64, 0x10, 0x64, 0x10, 0x64, 0x10, 0x64, 0x10, 0x64, 0x10, 0x64, 0x10, 0x64, 0x10, 0x64, 0x10,
    0x64, 0x10, 0x64, 0x10, 0x64, 0x10, 0x64, 0x10, 0x64, 0x10, 0x64, 0x10, 0x64, 0x10, 0x64, 0x10, 0x64, 0x10, 0x64, 0x10, 0x64, 0x10, 0x64, 0x10, 0x64, 0x10, 0x64, 0x10, 0x64, 0x10, 0x64, 0x10,
    0x64, 0x10, 0x64, 0x10, 0x64, 0x10, 0x64, 0x10, 0x64, 0x10, 0x64, 0x10, 0x64, 0x10, 0x64, 0x10, 0x64, 0x10, 0x64, 0x10, 0x64, 0x10, 0x64, 0x10, 0x64, 0x10, 0x64, 0x10, 0x64, 0x10, 0x64, 0x10,
    0x64, 0x10, 0x64, 0x10, 0x64, 0x10, 0x64, 0x10, 0x64, 0x10, 0x64, 0x10, 0x64, 0x10, 0x64, 0x10, 0x64, 0x10, 0x64, 0x10, 0x64, 0x10, 0x64, 0x10, 0x64, 0x10, 0x64, 0x10, 0x64, 0x10, 0x64, 0x10,
    0x64, 0x10, 0x64, 0x10, 0x64, 0x10, 0x64, 0x10, 0x64, 0x10, 0x64, 0x10, 0x64, 0x10, 0x64, 0x10, 0x64, 0x10, 0x64, 0x10, 0x64, 0x10, 0x64, 0x10, 0x64, 0x10, 0x64, 0x10, 0x64, 0x10, 0x64, 0x10,
    0x64, 0x10, 0x64, 0x10, 0x64, 0x10, 0x64, 0x10, 0x64, 0x10, 0x64, 0x10, 0x64, 0x10, 0x64, 0x10, 0x64, 0x10, 0x63, 0x28, 0x63, 0x28, 0x43, 0x40, 0x43, 0x40, 0x42, 0x68, 0x42, 0x68, 0x00, 0xf0,
    0x00, 0xf0, 0x00, 0xf0, 0x00, 0xf0, 0x00, 0xf0, 0x00, 0xf0, 0x00, 0xf0, 0x00, 0xf0, 0x42, 0x70, 0x42, 0x70, 0x43, 0x48, 0x43, 0x48, 0x43, 0x38, 0x43, 0x38, 0x43, 0x38, 0x43, 0x38, 0x43, 0x50,
    0x43, 0x50, 0x42, 0x70, 0x42, 0x70, 0x00, 0xe8, 0x00, 0xe8, 0x00, 0xf0, 0x00, 0xf0, 0x00, 0xf0, 0x00, 0xf0, 0x00, 0xf0, 0x00, 0xf0, 0x00, 0xf0, 0x00, 0xf0, 0x21, 0xc0, 0x21, 0xc0, 0x00, 0xf8,
    0x00, 0xf8, 0x00, 0xf0, 0x00, 0xf0, 0x00, 0xf0, 0x00, 0xf0, 0x00, 0xf0, 0x00, 0xf0, 0x42, 0x68, 0x42, 0x68, 0x43, 0x40, 0x43, 0x40, 0x63, 0x28, 0x63, 0x28, 0x64, 0x10, 0x64, 0x10, 0x64, 0x10,
    0x64, 0x10, 0x64, 0x10, 0x64, 0x10, 0x64, 0x10, 0x64, 0x10, 0x64, 0x10, 0x64, 0x10, 0x64, 0x10, 0x64, 0x10, 0x64, 0x10, 0x64, 0x10, 0x64, 0x10, 0x64, 0x10, 0x64, 0x10, 0x64, 0x10, 0x64, 0x10,
    0x64, 0x10, 0x64, 0x10, 0x64, 0x10, 0x63, 0x28, 0x63, 0x28, 0x43, 0x40, 0x43, 0x40, 0x42, 0x68, 0x42, 0x68, 0x00, 0xf0, 0x00, 0xf0, 0x00, 0xf0, 0x00, 0xf0, 0x00, 0xf8, 0x00, 0xf8, 0x00, 0xf8,
    0x00, 0xf8, 0x00, 0xf0, 0x00, 0xf0, 0x00, 0xf0, 0x00, 0xf0, 0x42, 0x68, 0x42, 0x68, 0x43, 0x40, 0x43, 0x40, 0x63, 0x28, 0x63, 0x28, 0x64, 0x10, 0x64, 0x10, 0x64, 0x10, 0x64, 0x10, 0x64, 0x10,
    0x64, 0x10, 0x64, 0x10, 0x64, 0x10, 0x64, 0x10, 0x64, 0x10, 0x64, 0x10, 0x64, 0x10, 0x64, 0x10, 0x64, 0x10, 0x64, 0x10, 0x64, 0x10, 0x64, 0x10, 0x64, 0x10, 0x64, 0x10, 0x64, 0x10, 0x64, 0x10,
    0x64, 0x10, 0x64, 0x10, 0x64, 0x10, 0x64, 0x10, 0x64, 0x10, 0x64, 0x10, 0x64, 0x10, 0x64, 0x10, 0x64, 0x10, 0x64, 0x10, 0x64, 0x10, 0x64, 0x10, 0x64, 0x10, 0x64, 0x10, 0x64, 0x10, 0x64, 0x10,
    0x64, 0x10, 0x64, 0x10, 0x64, 0x10, 0x64, 0x10, 0x64, 0x10, 0x64, 0x10, 0x64, 0x10, 0x64, 0x10, 0x64, 0x10, 0x64, 0x10, 0x64, 0x10, 0x64, 0x10, 0x64, 0x10, 0x64, 0x10, 0x64, 0x10, 0x64, 0x10,
    0x64, 0x10, 0x64, 0x10, 0x64, 0x10, 0x64, 0x10, 0x64, 0x10, 0x64, 0x10, 0x64, 0x10, 0x64, 0x10, 0x64, 0x10, 0x64, 0x10, 0x64, 0x10, 0x64, 0x10, 0x64, 0x10, 0x64, 0x10, 0x64, 0x10, 0x64, 0x10,
    0x64, 0x10, 0x64, 0x10, 0x64, 0x10, 0x64, 0x10, 0x64, 0x10, 0x64, 0x10, 0x64, 0x10, 0x64, 0x10, 0x64, 0x10, 0x64, 0x10, 0x64, 0x10, 0x64, 0x10, 0x64, 0x10, 0x64, 0x10, 0x64, 0x10, 0x64, 0x10,
    0x64, 0x10, 0x64, 0x10, 0x64, 0x10, 0x64, 0x10, 0x64, 0x10, 0x64, 0x10, 0x64, 0x10, 0x64, 0x10, 0x64, 0x10, 0x64, 0x10, 0x64, 0x10, 0x64, 0x10, 0x64, 0x10, 0x64, 0x10, 0x64, 0x10, 0x64, 0x10,
    0x64, 0x10, 0x64, 0x10, 0x64, 0x10, 0x64, 0x10, 0x64, 0x10, 0x64, 0x10, 0x64, 0x10, 0x64, 0x10, 0x64, 0x10, 0x64, 0x10, 0x64, 0x10, 0x64, 0x10, 0x64, 0x10, 0x64, 0x10, 0x64, 0x10, 0x64, 0x10,
    0x64, 0x10, 0x64, 0x10, 0x64, 0x10, 0x64, 0x10, 0x64, 0x10, 0x64, 0x10, 0x64, 0x10, 0x64, 0x10, 0x64, 0x10, 0x64, 0x10, 0x64, 0x10, 0x64, 0x10, 0x64, 0x10, 0x64, 0x10, 0x64, 0x10, 0x64, 0x10,
    0x64, 0x10, 0x64, 0x10, 0x64, 0x10, 0x64, 0x10, 0x64, 0x10, 0x64, 0x10, 0x64, 0x10, 0x64, 0x10, 0x64, 0x10, 0x64, 0x10, 0x64, 0x10, 0x64, 0x10, 0x64, 0x10, 0x64, 0x10, 0x64, 0x10, 0x64, 0x10,
    0x64, 0x10, 0x64, 0x10, 0x64, 0x10, 0x64, 0x10, 0x64, 0x10, 0x64, 0x10, 0x64, 0x10, 0x64, 0x10, 0x64, 0x10, 0x64, 0x10, 0x64, 0x10, 0x64, 0x10, 0x64, 0x10, 0x64, 0x10, 0x64, 0x10, 0x64, 0x10,
    0x64, 0x10, 0x64, 0x10, 0x64, 0x10, 0x64, 0x10, 0x64, 0x10, 0x64, 0x10, 0x64, 0x10, 0x64, 0x10, 0x64, 0x10, 0x64, 0x10, 0x64, 0x10, 0x64, 0x10, 0x64, 0x10, 0x64, 0x10, 0x64, 0x10, 0x64, 0x10,
    0x64, 0x10, 0x63, 0x28, 0x63, 0x28, 0x43, 0x40, 0x43, 0x40, 0x42, 0x68, 0x42, 0x68, 0x00, 0xf0, 0x00, 0xf0, 0x00, 0xf0, 0x00, 0xf0, 0x00, 0xf0, 0x00, 0xf0, 0x00, 0xf0, 0x00, 0xf0, 0x42, 0x70,
    0x42, 0x70, 0x43, 0x48, 0x43, 0x48, 0x43, 0x38, 0x43, 0x38, 0x43, 0x38, 0x43, 0x38, 0x43, 0x50, 0x43, 0x50, 0x42, 0x70, 0x42, 0x70, 0x00, 0xe8, 0x00, 0xe8, 0x00, 0xf0, 0x00, 0xf0, 0x00, 0xf0,
    0x00, 0xf0, 0x00, 0xf0, 0x00, 0xf0, 0x00, 0xf0, 0x00, 0xf0, 0x21, 0xc0, 0x21, 0xc0, 0x00, 0xf8, 0x00, 0xf8, 0x00, 0xf0, 0x00, 0xf0, 0x00, 0xf0, 0x00, 0xf0, 0x00, 0xf0, 0x00, 0xf0, 0x42, 0x68,
    0x42, 0x68, 0x43, 0x40, 0x43, 0x40, 0x63, 0x28, 0x63, 0x28, 0x64, 0x10, 0x64, 0x10, 0x64, 0x10, 0x64, 0x10, 0x64, 0x10, 0x64, 0x10, 0x64, 0x10, 0x64, 0x10, 0x64, 0x10, 0x64, 0x10, 0x64, 0x10,
    0x64, 0x10, 0x64, 0x10, 0x64, 0x10, 0x64, 0x10, 0x64, 0x10, 0x64, 0x10, 0x64, 0x10, 0x64, 0x10, 0x64, 0x10, 0x64, 0x10, 0x64, 0x10, 0x63, 0x28, 0x63, 0x28, 0x43, 0x40, 0x43, 0x40, 0x42, 0x68,
    0x42, 0x68, 0x00, 0xf0, 0x00, 0xf0, 0x00, 0xf0, 0x00, 0xf0, 0x00, 0xf8, 0x00, 0xf8, 0x00, 0xf8, 0x00, 0xf8, 0x00, 0xf0, 0x00, 0xf0, 0x00, 0xf0, 0x00, 0xf0, 0x42, 0x68, 0x42, 0x68, 0x43, 0x40,
    0x43, 0x40, 0x63, 0x28, 0x63, 0x28, 0x64, 0x10, 0x64, 0x10, 0x64, 0x10, 0x64, 0x10, 0x64, 0x10, 0x64, 0x10, 0x64, 0x10, 0x64, 0x10, 0x64, 0x10, 0x64, 0x10, 0x64, 0x10, 0x64, 0x10, 0x64, 0x10,
    0x64, 0x10, 0x64, 0x10, 0x64, 0x10, 0x64, 0x10, 0x64, 0x10, 0x64, 0x10, 0x64, 0x10, 0x64, 0x10, 0x64, 0x10, 0x64, 0x10, 0x64, 0x10, 0x64, 0x10, 0x64, 0x10, 0x64, 0x10, 0x64, 0x10, 0x64, 0x10,
    0x64, 0x10, 0x64, 0x10, 0x64, 0x10, 0x64, 0x10, 0x64, 0x10, 0x64, 0x10, 0x64, 0x10, 0x64, 0x10, 0x64, 0x10, 0x64, 0x10, 0x64, 0x10, 0x64, 0x10, 0x64, 0x10, 0x64, 0x10, 0x64, 0x10, 0x64, 0x10,
    0x64, 0x10, 0x64, 0x10, 0x64, 0x10, 0x64, 0x10, 0x64, 0x10, 0x64, 0x10, 0x64, 0x10, 0x64, 0x10, 0x64, 0x10, 0x64, 0x10, 0x64, 0x10, 0x64, 0x10, 0x64, 0x10, 0x64, 0x10, 0x64, 0x10, 0x64, 0x10,
    0x64, 0x10, 0x64, 0x10, 0x64, 0x10, 0x64, 0x10, 0x64, 0x10, 0x64, 0x10, 0x64, 0x10, 0x64, 0x10, 0x64, 0x10, 0x64, 0x10, 0x64, 0x10, 0x64, 0x10, 0x64, 0x10, 0x64, 0x10, 0x64, 0x10, 0x64, 0x10,
    0x64, 0x10, 0x64, 0x10, 0x64, 0x10, 0x64, 0x10, 0x64, 0x10, 0x64, 0x10, 0x64, 0x10, 0x64, 0x10, 0x64, 0x10, 0x64, 0x10, 0x64, 0x10, 0x64, 0x10, 0x64, 0x10, 0x64, 0x10, 0x64, 0x10, 0x64, 0x10,
    0x64, 0x10, 0x64, 0x10, 0x64, 0x10, 0x64, 0x10, 0x64, 0x10, 0x64, 0x10, 0x64, 0x10, 0x64, 0x10, 0x64, 0x10, 0x64, 0x10, 0x64, 0x10, 0x64, 0x10, 0x64, 0x10, 0x64, 0x10, 0x64, 0x10, 0x64, 0x10,
    0x64, 0x10, 0x64, 0x10, 0x64, 0x10, 0x64, 0x10, 0x64, 0x10, 0x64, 0x10, 0x64, 0x10, 0x64, 0x10, 0x64, 0x10, 0x64, 0x10, 0x64, 0x10, 0x64, 0x10, 0x64, 0x10, 0x64, 0x10, 0x64, 0x10, 0x64, 0x10,
    0x64, 0x10, 0x64, 0x10, 0x64, 0x10, 0x64, 0x10, 0x64, 0x10, 0x64, 0x10, 0x64, 0x10, 0x64, 0x10, 0x64, 0x10, 0x64, 0x10, 0x64, 0x10, 0x64, 0x10, 0x64, 0x10, 0x64, 0x10, 0x64, 0x10, 0x64, 0x10,
    0x64, 0x10, 0x64, 0x10, 0x64, 0x10, 0x64, 0x10, 0x64, 0x10, 0x64, 0x10, 0x64, 0x10, 0x64, 0x10, 0x64, 0x10, 0x64, 0x10, 0x64, 0x10, 0x64, 0x10, 0x64, 0x10, 0x64, 0x10, 0x64, 0x10, 0x64, 0x10,
    0x64, 0x10, 0x64, 0x10, 0x64, 0x10, 0x64, 0x10, 0x64, 0x10, 0x64, 0x10, 0x64, 0x10, 0x64, 0x10, 0x64, 0x10, 0x64, 0x10, 0x64, 0x10, 0x64, 0x10, 0x64, 0x10, 0x64, 0x10, 0x64, 0x10, 0x64, 0x10,
    0x64, 0x10, 0x64, 0x10, 0x64, 0x10, 0x64, 0x10, 0x64, 0x10, 0x64, 0x10, 0x64, 0x10, 0x64, 0x10, 0x64, 0x10, 0x63, 0x28, 0x63, 0x28, 0x43, 0x40, 0x43, 0x40, 0x42, 0x68, 0x42, 0x68, 0x00, 0xf0,
    0x00, 0xf0, 0x00, 0xf0, 0x00, 0xf0, 0x00, 0xf0, 0x00, 0xf0, 0x00, 0xf0, 0x00, 0xf0, 0x42, 0x70, 0x42, 0x70, 0x43, 0x58, 0x43, 0x58, 0x43, 0x50, 0x43, 0x50, 0x43, 0x50, 0x43, 0x50, 0x42, 0x70,
    0x42, 0x70, 0x00, 0xe8, 0x00, 0xe8, 0x00, 0xf0, 0x00, 0xf0, 0x00, 0xf0, 0x00, 0xf0, 0x00, 0xf0, 0x00, 0xf0, 0x00, 0xf0, 0x00, 0xf0, 0x21, 0xa8, 0x21, 0xa8, 0x21, 0xb0, 0x21, 0xb0, 0x00, 0xf0,
    0x00, 0xf0, 0x00, 0xf0, 0x00, 0xf0, 0x00, 0xf0, 0x00, 0xf0, 0x00, 0xf0, 0x00, 0xf0, 0x42, 0x68, 0x42, 0x68, 0x43, 0x40, 0x43, 0x40, 0x63, 0x28, 0x63, 0x28, 0x64, 0x10, 0x64, 0x10, 0x64, 0x10,
    0x64, 0x10, 0x64, 0x10, 0x64, 0x10, 0x64, 0x10, 0x64, 0x10, 0x64, 0x10, 0x64, 0x10, 0x64, 0x10, 0x64, 0x10, 0x64, 0x10, 0x64, 0x10, 0x64, 0x10, 0x64, 0x10, 0x64, 0x10, 0x64, 0x10, 0x64, 0x10,
    0x64, 0x10, 0x64, 0x10, 0x64, 0x10, 0x63, 0x28, 0x63, 0x28, 0x43, 0x40, 0x43, 0x40, 0x42, 0x68, 0x42, 0x68, 0x00, 0xf0, 0x00, 0xf0, 0x00, 0xf0, 0x00, 0xf0, 0x00, 0xf8, 0x00, 0xf8, 0x00, 0xf8,
    0x00, 0xf8, 0x00, 0xf0, 0x00, 0xf0, 0x00, 0xf0, 0x00, 0xf0, 0x42, 0x68, 0x42, 0x68, 0x43, 0x40, 0x43, 0x40, 0x63, 0x28, 0x63, 0x28, 0x64, 0x10, 0x64, 0x10, 0x64, 0x10, 0x64, 0x10, 0x64, 0x10,
    0x64, 0x10, 0x64, 0x10, 0x64, 0x10, 0x64, 0x10, 0x64, 0x10, 0x64, 0x10, 0x64, 0x10, 0x64, 0x10, 0x64, 0x10, 0x64, 0x10, 0x64, 0x10, 0x64, 0x10, 0x64, 0x10, 0x64, 0x10, 0x64, 0x10, 0x64, 0x10,
    0x64, 0x10, 0x64, 0x10, 0x64, 0x10, 0x64, 0x10, 0x64, 0x10, 0x64, 0x10, 0x64, 0x10, 0x64, 0x10, 0x64, 0x10, 0x64, 0x10, 0x64, 0x10, 0x64, 0x10, 0x64, 0x10, 0x64, 0x10, 0x64, 0x10, 0x64, 0x10,
    0x64, 0x10, 0x64, 0x10, 0x64, 0x10, 0x64, 0x10, 0x64, 0x10, 0x64, 0x10, 0x64, 0x10, 0x64, 0x10, 0x64, 0x10, 0x64, 0x10, 0x64, 0x10, 0x64, 0x10, 0x64, 0x10, 0x64, 0x10, 0x64, 0x10, 0x64, 0x10,
    0x64, 0x10, 0x64, 0x10, 0x64, 0x10, 0x64, 0x10, 0x64, 0x10, 0x64, 0x10, 0x64, 0x10, 0x64, 0x10, 0x64, 0x10, 0x64, 0x10, 0x64, 0x10, 0x64, 0x10, 0x64, 0x10, 0x64, 0x10, 0x64, 0x10, 0x64, 0x10,
    0x64, 0x10, 0x64, 0x10, 0x64, 0x10, 0x64, 0x10, 0x64, 0x10, 0x64, 0x10, 0x64, 0x10, 0x64, 0x10, 0x64, 0x10, 0x64, 0x10, 0x64, 0x10, 0x64, 0x10, 0x64, 0x10, 0x64, 0x10, 0x64, 0x10, 0x64, 0x10,
    0x64, 0x10, 0x64, 0x10, 0x64, 0x10, 0x64, 0x10, 0x64, 0x10, 0x64, 0x10, 0x64, 0x10, 0x64, 0x10, 0x64, 0x10, 0x64, 0x10, 0x64, 0x10, 0x64, 0x10, 0x64, 0x10, 0x64, 0x10, 0x64, 0x10, 0x64, 0x10,
    0x64, 0x10, 0x64, 0x10, 0x64, 0x10, 0x64, 0x10, 0x64, 0x10, 0x64, 0x10, 0x64, 0x10, 0x64, 0x10, 0x64, 0x10, 0x64, 0x10, 0x64, 0x10, 0x64, 0x10, 0x64, 0x10, 0x64, 0x10, 0x64, 0x10, 0x64, 0x10,
    0x64, 0x10, 0x64, 0x10, 0x64, 0x10, 0x64, 0x10, 0x64, 0x10, 0x64, 0x10, 0x64, 0x10, 0x64, 0x10, 0x64, 0x10, 0x64, 0x10, 0x64, 0x10, 0x64, 0x10, 0x64, 0x10, 0x64, 0x10, 0x64, 0x10, 0x64, 0x10,
    0x64, 0x10, 0x64, 0x10, 0x64, 0x10, 0x64, 0x10, 0x64, 0x10, 0x64, 0x10, 0x64, 0x10, 0x64, 0x10, 0x64, 0x10, 0x64, 0x10, 0x64, 0x10, 0x64, 0x10, 0x64, 0x10, 0x64, 0x10, 0x64, 0x10, 0x64, 0x10,
    0x64, 0x10, 0x64, 0x10, 0x64, 0x10, 0x64, 0x10, 0x64, 0x10, 0x64, 0x10, 0x64, 0x10, 0x64, 0x10, 0x64, 0x10, 0x64, 0x10, 0x64, 0x10, 0x64, 0x10, 0x64, 0x10, 0x64, 0x10, 0x64, 0x10, 0x64, 0x10,
    0x64, 0x10, 0x64, 0x10, 0x64, 0x10, 0x64, 0x10, 0x64, 0x10, 0x64, 0x10, 0x64, 0x10, 0x64, 0x10, 0x64, 0x10, 0x64, 0x10, 0x64, 0x10, 0x64, 0x10, 0x64, 0x10, 0x64, 0x10, 0x64, 0x10, 0x64, 0x10,
    0x64, 0x10, 0x63, 0x28, 0x63, 0x28, 0x43, 0x40, 0x43, 0x40, 0x42, 0x68, 0x42, 0x68, 0x00, 0xf0, 0x00, 0xf0, 0x00, 0xf0, 0x00, 0xf0, 0x00, 0xf0, 0x00, 0xf0, 0x00, 0xf0, 0x00, 0xf0, 0x42, 0x70,
    0x42, 0x70, 0x43, 0x58, 0x43, 0x58, 0x43, 0x50, 0x43, 0x50, 0x43, 0x50, 0x43, 0x50, 0x42, 0x70, 0x42, 0x70, 0x00, 0xe8, 0x00, 0xe8, 0x00, 0xf0, 0x00, 0xf0, 0x00, 0xf0, 0x00, 0xf0, 0x00, 0xf0,
    0x00, 0xf0, 0x00, 0xf0, 0x00, 0xf0, 0x21, 0xa8, 0x21, 0xa8, 0x21, 0xb0, 0x21, 0xb0, 0x00, 0xf0, 0x00, 0xf0, 0x00, 0xf0, 0x00, 0xf0, 0x00, 0xf0, 0x00, 0xf0, 0x00, 0xf0, 0x00, 0xf0, 0x42, 0x68,
    0x42, 0x68, 0x43, 0x40, 0x43, 0x40, 0x63, 0x28, 0x63, 0x28, 0x64, 0x10, 0x64, 0x10, 0x64, 0x10, 0x64, 0x10, 0x64, 0x10, 0x64, 0x10, 0x64, 0x10, 0x64, 0x10, 0x64, 0x10, 0x64, 0x10, 0x64, 0x10,
    0x64, 0x10, 0x64, 0x10, 0x64, 0x10, 0x64, 0x10, 0x64, 0x10, 0x64, 0x10, 0x64, 0x10, 0x64, 0x10, 0x64, 0x10, 0x64, 0x10, 0x64, 0x10, 0x63, 0x28, 0x63, 0x28, 0x43, 0x40, 0x43, 0x40, 0x42, 0x68,
    0x42, 0x68, 0x00, 0xf0, 0x00, 0xf0, 0x00, 0xf0, 0x00, 0xf0, 0x00, 0xf8, 0x00, 0xf8, 0x00, 0xf8, 0x00, 0xf8, 0x00, 0xf0, 0x00, 0xf0, 0x00, 0xf0, 0x00, 0xf0, 0x42, 0x68, 0x42, 0x68, 0x43, 0x40,
    0x43, 0x40, 0x63, 0x28, 0x63, 0x28, 0x64, 0x10, 0x64, 0x10, 0x64, 0x10, 0x64, 0x10, 0x64, 0x10, 0x64, 0x10, 0x64, 0x10, 0x64, 0x10, 0x64, 0x10, 0x64, 0x10, 0x64, 0x10, 0x64, 0x10, 0x64, 0x10,
    0x64, 0x10, 0x64, 0x10, 0x64, 0x10, 0x64, 0x10, 0x64, 0x10, 0x64, 0x10, 0x64, 0x10, 0x64, 0x10, 0x64, 0x10, 0x64, 0x10, 0x64, 0x10, 0x64, 0x10, 0x64, 0x10, 0x64, 0x10, 0x64, 0x10, 0x64, 0x10,
    0x64, 0x10, 0x64, 0x10, 0x64, 0x10, 0x64, 0x10, 0x64, 0x10, 0x64, 0x10, 0x64, 0x10, 0x64, 0x10, 0x64, 0x10, 0x64, 0x10, 0x64, 0x10, 0x64, 0x10, 0x64, 0x10, 0x64, 0x10, 0x64, 0x10, 0x64, 0x10,
    0x64, 0x10, 0x64, 0x10, 0x64, 0x10, 0x64, 0x10, 0x64, 0x10, 0x64, 0x10, 0x64, 0x10, 0x64, 0x10, 0x64, 0x10, 0x64, 0x10, 0x64, 0x10, 0x64, 0x10, 0x64, 0x10, 0x64, 0x10, 0x64, 0x10, 0x64, 0x10,
    0x64, 0x10, 0x64, 0x10, 0x64, 0x10, 0x64, 0x10, 0x64, 0x10, 0x64, 0x10, 0x64, 0x10, 0x64, 0x10, 0x64, 0x10, 0x64, 0x10, 0x64, 0x10, 0x64, 0x10, 0x64, 0x10, 0x64, 0x10, 0x64, 0x10, 0x64, 0x10,
    0x64, 0x10, 0x64, 0x10, 0x64, 0x10, 0x64, 0x10, 0x64, 0x10, 0x64, 0x10, 0x64, 0x10, 0x64, 0x10, 0x64, 0x10, 0x64, 0x10, 0x64, 0x10, 0x64, 0x10, 0x64, 0x10, 0x64, 0x10, 0x64, 0x10, 0x64, 0x10,
    0x64, 0x10, 0x64, 0x10, 0x64, 0x10, 0x64, 0x10, 0x64, 0x10, 0x64, 0x10, 0x64, 0x10, 0x64, 0x10, 0x64, 0x10, 0x64, 0x10, 0x64, 0x10, 0x64, 0x10, 0x64, 0x10, 0x64, 0x10, 0x64, 0x10, 0x64, 0x10,
    0x64, 0x10, 0x64, 0x10, 0x64, 0x10, 0x64, 0x10, 0x64, 0x10, 0x64, 0x10, 0x64, 0x10, 0x64, 0x10, 0x64, 0x10, 0x64, 0x10, 0x64, 0x10, 0x64, 0x10, 0x64, 0x10, 0x64, 0x10, 0x64, 0x10, 0x64, 0x10,
    0x64, 0x10, 0x64, 0x10, 0x64, 0x10, 0x64, 0x10, 0x64, 0x10, 0x64, 0x10, 0x64, 0x10, 0x64, 0x10, 0x64, 0x10, 0x64, 0x10, 0x64, 0x10, 0x64, 0x10, 0x64, 0x10, 0x64, 0x10, 0x64, 0x10, 0x64, 0x10,
    0x64, 0x10, 0x64, 0x10, 0x64, 0x10, 0x64, 0x10, 0x64, 0x10, 0x64, 0x10, 0x64, 0x10, 0x64, 0x10, 0x64, 0x10, 0x64, 0x10, 0x64, 0x10, 0x64, 0x10, 0x64, 0x10, 0x64, 0x10, 0x64, 0x10, 0x64, 0x10,
    0x64, 0x10, 0x64, 0x10, 0x64, 0x10, 0x64, 0x10, 0x64, 0x10, 0x64, 0x10, 0x64, 0x10, 0x64, 0x10, 0x64, 0x10, 0x64, 0x10, 0x64, 0x10, 0x64, 0x10, 0x64, 0x10, 0x64, 0x10, 0x64, 0x10, 0x64, 0x10,
    0x64, 0x10, 0x64, 0x10, 0x64, 0x10, 0x64, 0x10, 0x64, 0x10, 0x64, 0x10, 0x64, 0x10, 0x64, 0x10, 0x64, 0x10, 0x63, 0x28, 0x63, 0x28, 0x43, 0x40, 0x43, 0x40, 0x42, 0x68, 0x42, 0x68, 0x00, 0xf0,
    0x00, 0xf0, 0x00, 0xf0, 0x00, 0xf0, 0x00, 0xf0, 0x00, 0xf0, 0x00, 0xf0, 0x00, 0xf0, 0x22, 0x80, 0x22, 0x80, 0x42, 0x68, 0x42, 0x68, 0x42, 0x68, 0x42, 0x68, 0x42, 0x70, 0x42, 0x70, 0x00, 0xe8,
    0x00, 0xe8, 0x00, 0xf0, 0x00, 0xf0, 0x00, 0xf0, 0x00, 0xf0, 0x00, 0xf0, 0x00, 0xf0, 0x00, 0xe8, 0x00, 0xe8, 0x22, 0x88, 0x22, 0x88, 0x22, 0x88, 0x22, 0x88, 0x21, 0x98, 0x21, 0x98, 0x00, 0xf0,
    0x00, 0xf0, 0x00, 0xf0, 0x00, 0xf0, 0x00, 0xf0, 0x00, 0xf0, 0x00, 0xf0, 0x00, 0xf0, 0x42, 0x68, 0x42, 0x68, 0x43, 0x40, 0x43, 0x40, 0x63, 0x28, 0x63, 0x28, 0x64, 0x10, 0x64, 0x10, 0x64, 0x10,
    0x64, 0x10, 0x64, 0x10, 0x64, 0x10, 0x64, 0x10, 0x64, 0x10, 0x64, 0x10, 0x64, 0x10, 0x64, 0x10, 0x64, 0x10, 0x64, 0x10, 0x64, 0x10, 0x64, 0x10, 0x64, 0x10, 0x64, 0x10, 0x64, 0x10, 0x64, 0x10,
    0x64, 0x10, 0x64, 0x10, 0x64, 0x10, 0x63, 0x28, 0x63, 0x28, 0x43, 0x40, 0x43, 0x40, 0x42, 0x68, 0x42, 0x68, 0x00, 0xf0, 0x00, 0xf0, 0x00, 0xf0, 0x00, 0xf0, 0x00, 0xf8, 0x00, 0xf8, 0x00, 0xf8,
    0x00, 0xf8, 0x00, 0xf0, 0x00, 0xf0, 0x00, 0xf0, 0x00, 0xf0, 0x42, 0x68, 0x42, 0x68, 0x43, 0x40, 0x43, 0x40, 0x63, 0x28, 0x63, 0x28, 0x64, 0x10, 0x64, 0x10, 0x64, 0x10, 0x64, 0x10, 0x64, 0x10,
    0x64, 0x10, 0x64, 0x10, 0x64, 0x10, 0x64, 0x10, 0x64, 0x10, 0x64, 0x10, 0x64, 0x10, 0x64, 0x10, 0x64, 0x10, 0x64, 0x10, 0x64, 0x10, 0x64, 0x10, 0x64, 0x10, 0x64, 0x10, 0x64, 0x10, 0x64, 0x10,
    0x64, 0x10, 0x64, 0x10, 0x64, 0x10, 0x64, 0x10, 0x64, 0x10, 0x64, 0x10, 0x64, 0x10, 0x64, 0x10, 0x64, 0x10, 0x64, 0x10, 0x64, 0x10, 0x64, 0x10, 0x64, 0x10, 0x64, 0x10, 0x64, 0x10, 0x64, 0x10,
    0x64, 0x10, 0x64, 0x10, 0x64, 0x10, 0x64, 0x10, 0x64, 0x10, 0x64, 0x10, 0x64, 0x10, 0x64, 0x10, 0x64, 0x10, 0x64, 0x10, 0x64, 0x10, 0x64, 0x10, 0x64, 0x10, 0x64, 0x10, 0x64, 0x10, 0x64, 0x10,
    0x64, 0x10, 0x64, 0x10, 0x64, 0x10, 0x64, 0x10, 0x64, 0x10, 0x64, 0x10, 0x64, 0x10, 0x64, 0x10, 0x64, 0x10, 0x64, 0x10, 0x64, 0x10, 0x64, 0x10, 0x64, 0x10, 0x64, 0x10, 0x64, 0x10, 0x64, 0x10,
    0x64, 0x10, 0x64, 0x10, 0x64, 0x10, 0x64, 0x10, 0x64, 0x10, 0x64, 0x10, 0x64, 0x10, 0x64, 0x10, 0x64, 0x10, 0x64, 0x10, 0x64, 0x10, 0x64, 0x10, 0x64, 0x10, 0x64, 0x10, 0x64, 0x10, 0x64, 0x10,
    0x64, 0x10, 0x64, 0x10, 0x64, 0x10, 0x64, 0x10, 0x64, 0x10, 0x64, 0x10, 0x64, 0x10, 0x64, 0x10, 0x64, 0x10, 0x64, 0x10, 0x64, 0x10, 0x64, 0x10, 0x64, 0x10, 0x64, 0x10, 0x64, 0x10, 0x64, 0x10,
    0x64, 0x10, 0x64, 0x10, 0x64, 0x10, 0x64, 0x10, 0x64, 0x10, 0x64, 0x10, 0x64, 0x10, 0x64, 0x10, 0x64, 0x10, 0x64, 0x10, 0x64, 0x10, 0x64, 0x10, 0x64, 0x10, 0x64, 0x10, 0x64, 0x10, 0x64, 0x10,
    0x64, 0x10, 0x64, 0x10, 0x64, 0x10, 0x64, 0x10, 0x64, 0x10, 0x64, 0x10, 0x64, 0x10, 0x64, 0x10, 0x64, 0x10, 0x64, 0x10, 0x64, 0x10, 0x64, 0x10, 0x64, 0x10, 0x64, 0x10, 0x64, 0x10, 0x64, 0x10,
    0x64, 0x10, 0x64, 0x10, 0x64, 0x10, 0x64, 0x10, 0x64, 0x10, 0x64, 0x10, 0x64, 0x10, 0x64, 0x10, 0x64, 0x10, 0x64, 0x10, 0x64, 0x10, 0x64, 0x10, 0x64, 0x10, 0x64, 0x10, 0x64, 0x10, 0x64, 0x10,
    0x64, 0x10, 0x64, 0x10, 0x64, 0x10, 0x64, 0x10, 0x64, 0x10, 0x64, 0x10, 0x64, 0x10, 0x64, 0x10, 0x64, 0x10, 0x64, 0x10, 0x64, 0x10, 0x64, 0x10, 0x64, 0x10, 0x64, 0x10, 0x64, 0x10, 0x64, 0x10,
    0x64, 0x10, 0x64, 0x10, 0x64, 0x10, 0x64, 0x10, 0x64, 0x10, 0x64, 0x10, 0x64, 0x10, 0x64, 0x10, 0x64, 0x10, 0x64, 0x10, 0x64, 0x10, 0x64, 0x10, 0x64, 0x10, 0x64, 0x10, 0x64, 0x10, 0x64, 0x10,
    0x64, 0x10, 0x63, 0x28, 0x63, 0x28, 0x43, 0x40, 0x43, 0x40, 0x42, 0x68, 0x42, 0x68, 0x00, 0xf0, 0x00, 0xf0, 0x00, 0xf0, 0x00, 0xf0, 0x00, 0xf0, 0x00, 0xf0, 0x00, 0xf0, 0x00, 0xf0, 0x22, 0x80,
    0x22, 0x80, 0x42, 0x68, 0x42, 0x68, 0x42, 0x68, 0x42, 0x68, 0x42, 0x70, 0x42, 0x70, 0x00, 0xe8, 0x00, 0xe8, 0x00, 0xf0, 0x00, 0xf0, 0x00, 0xf0, 0x00, 0xf0, 0x00, 0xf0, 0x00, 0xf0, 0x00, 0xe8,
    0x00, 0xe8, 0x22, 0x88, 0x22, 0x88, 0x22, 0x88, 0x22, 0x88, 0x21, 0x98, 0x21, 0x98, 0x00, 0xf0, 0x00, 0xf0, 0x00, 0xf0, 0x00, 0xf0, 0x00, 0xf0, 0x00, 0xf0, 0x00, 0xf0, 0x00, 0xf0, 0x42, 0x68,
    0x42, 0x68, 0x43, 0x40, 0x43, 0x40, 0x63, 0x28, 0x63, 0x28, 0x64, 0x10, 0x64, 0x10, 0x64, 0x10, 0x64, 0x10, 0x64, 0x10, 0x64, 0x10, 0x64, 0x10, 0x64, 0x10, 0x64, 0x10, 0x64, 0x10, 0x64, 0x10,
    0x64, 0x10, 0x64, 0x10, 0x64, 0x10, 0x64, 0x10, 0x64, 0x10, 0x64, 0x10, 0x64, 0x10, 0x64, 0x10, 0x64, 0x10, 0x64, 0x10, 0x64, 0x10, 0x63, 0x28, 0x63, 0x28, 0x43, 0x40, 0x43, 0x40, 0x42, 0x68,
    0x42, 0x68, 0x00, 0xf0, 0x00, 0xf0, 0x00, 0xf0, 0x00, 0xf0, 0x00, 0xf8, 0x00, 0xf8, 0x00, 0xf8, 0x00, 0xf8, 0x00, 0xf0, 0x00, 0xf0, 0x00, 0xf0, 0x00, 0xf0, 0x42, 0x68, 0x42, 0x68, 0x43, 0x40,
    0x43, 0x40, 0x63, 0x28, 0x63, 0x28, 0x64, 0x10, 0x64, 0x10, 0x64, 0x10, 0x64, 0x10, 0x64, 0x10, 0x64, 0x10, 0x64, 0x10, 0x64, 0x10, 0x64, 0x10, 0x64, 0x10, 0x64, 0x10, 0x64, 0x10, 0x64, 0x10,
    0x64, 0x10, 0x64, 0x10, 0x64, 0x10, 0x64, 0x10, 0x64, 0x10, 0x64, 0x10, 0x64, 0x10, 0x64, 0x10, 0x64, 0x10, 0x64, 0x10, 0x64, 0x10, 0x64, 0x10, 0x64, 0x10, 0x64, 0x10, 0x64, 0x10, 0x64, 0x10,
    0x64, 0x10, 0x64, 0x10, 0x64, 0x10, 0x64, 0x10, 0x64, 0x10, 0x64, 0x10, 0x64, 0x10, 0x64, 0x10, 0x64, 0x10, 0x64, 0x10, 0x64, 0x10, 0x64, 0x10, 0x64, 0x10, 0x64, 0x10, 0x64, 0x10, 0x64, 0x10,
    0x64, 0x10, 0x64, 0x10, 0x64, 0x10, 0x64, 0x10, 0x64, 0x10, 0x64, 0x10, 0x64, 0x10, 0x64, 0x10, 0x64, 0x10, 0x64, 0x10, 0x64, 0x10, 0x64, 0x10, 0x64, 0x10, 0x64, 0x10, 0x64, 0x10, 0x64, 0x10,
    0x64, 0x10, 0x64, 0x10, 0x64, 0x10, 0x64, 0x10, 0x64, 0x10, 0x64, 0x10, 0x64, 0x10, 0x64, 0x10, 0x64, 0x10, 0x64, 0x10, 0x64, 0x10, 0x64, 0x10, 0x64, 0x10, 0x64, 0x10, 0x64, 0x10, 0x64, 0x10,
    0x64, 0x10, 0x64, 0x10, 0x64, 0x10, 0x64, 0x10, 0x64, 0x10, 0x64, 0x10, 0x64, 0x10, 0x64, 0x10, 0x64, 0x10, 0x64, 0x10, 0x64, 0x10, 0x64, 0x10, 0x64, 0x10, 0x64, 0x10, 0x64, 0x10, 0x64, 0x10,
    0x64, 0x10, 0x64, 0x10, 0x64, 0x10, 0x64, 0x10, 0x64, 0x10, 0x64, 0x10, 0x64, 0x10, 0x64, 0x10, 0x64, 0x10, 0x64, 0x10, 0x64, 0x10, 0x64, 0x10, 0x64, 0x10, 0x64, 0x10, 0x64, 0x10, 0x64, 0x10,
    0x64, 0x10, 0x64, 0x10, 0x64, 0x10, 0x64, 0x10, 0x64, 0x10, 0x64, 0x10, 0x64, 0x10, 0x64, 0x10, 0x64, 0x10, 0x64, 0x10, 0x64, 0x10, 0x64, 0x10, 0x64, 0x10, 0x64, 0x10, 0x64, 0x10, 0x64, 0x10,
    0x64, 0x10, 0x64, 0x10, 0x64, 0x10, 0x64, 0x10, 0x64, 0x10, 0x64, 0x10, 0x64, 0x10, 0x64, 0x10, 0x64, 0x10, 0x64, 0x10, 0x64, 0x10, 0x64, 0x10, 0x64, 0x10, 0x64, 0x10, 0x64, 0x10, 0x64, 0x10,
    0x64, 0x10, 0x64, 0x10, 0x64, 0x10, 0x64, 0x10, 0x64, 0x10, 0x64, 0x10, 0x64, 0x10, 0x64, 0x10, 0x64, 0x10, 0x64, 0x10, 0x64, 0x10, 0x64, 0x10, 0x64, 0x10, 0x64, 0x10, 0x64, 0x10, 0x64, 0x10,
    0x64, 0x10, 0x64, 0x10, 0x64, 0x10, 0x64, 0x10, 0x64, 0x10, 0x64, 0x10, 0x64, 0x10, 0x64, 0x10, 0x64, 0x10, 0x64, 0x10, 0x64, 0x10, 0x64, 0x10, 0x64, 0x10, 0x64, 0x10, 0x64, 0x10, 0x64, 0x10,
    0x64, 0x10, 0x64, 0x10, 0x64, 0x10, 0x64, 0x10, 0x64, 0x10, 0x64, 0x10, 0x64, 0x10, 0x64, 0x10, 0x64, 0x10, 0x63, 0x28, 0x63, 0x28, 0x43, 0x40, 0x43, 0x40, 0x42, 0x68, 0x42, 0x68, 0x00, 0xf0,
    0x00, 0xf0, 0x00, 0xf0, 0x00, 0xf0, 0x00, 0xf0, 0x00, 0xf0, 0x00, 0xf0, 0x00, 0xf0, 0x21, 0x98, 0x21, 0x98, 0x22, 0x88, 0x22, 0x88, 0x22, 0x88, 0x22, 0x88, 0x00, 0xe8, 0x00, 0xe8, 0x00, 0xf0,
    0x00, 0xf0, 0x00, 0xf0, 0x00, 0xf0, 0x00, 0xf0, 0x00, 0xf0, 0x00, 0xe8, 0x00, 0xe8, 0x42, 0x70, 0x42, 0x70, 0x42, 0x68, 0x42, 0x68, 0x42, 0x68, 0x42, 0x68, 0x22, 0x80, 0x22, 0x80, 0x00, 0xf0,
    0x00, 0xf0, 0x00, 0xf0, 0x00, 0xf0, 0x00, 0xf0, 0x00, 0xf0, 0x00, 0xf0, 0x00, 0xf0, 0x42, 0x68, 0x42, 0x68, 0x43, 0x40, 0x43, 0x40, 0x63, 0x28, 0x63, 0x28, 0x64, 0x10, 0x64, 0x10, 0x64, 0x10,
    0x64, 0x10, 0x64, 0x10, 0x64, 0x10, 0x64, 0x10, 0x64, 0x10, 0x64, 0x10, 0x64, 0x10, 0x64, 0x10, 0x64, 0x10, 0x64, 0x10, 0x64, 0x10, 0x64, 0x10, 0x64, 0x10, 0x64, 0x10, 0x64, 0x10, 0x64, 0x10,
    0x64, 0x10, 0x64, 0x10, 0x64, 0x10, 0x63, 0x28, 0x63, 0x28, 0x43, 0x40, 0x43, 0x40, 0x42, 0x68, 0x42, 0x68, 0x00, 0xf0, 0x00, 0xf0, 0x00, 0xf0, 0x00, 0xf0, 0x00, 0xf8, 0x00, 0xf8, 0x00, 0xf8,
    0x00, 0xf8, 0x00, 0xf0, 0x00, 0xf0, 0x00, 0xf0, 0x00, 0xf0, 0x42, 0x68, 0x42, 0x68, 0x43, 0x40, 0x43, 0x40, 0x63, 0x28, 0x63, 0x28, 0x64, 0x10, 0x64, 0x10, 0x64, 0x10, 0x64, 0x10, 0x64, 0x10,
    0x64, 0x10, 0x64, 0x10, 0x64, 0x10, 0x64, 0x10, 0x64, 0x10, 0x64, 0x10, 0x64, 0x10, 0x64, 0x10, 0x64, 0x10, 0x64, 0x10, 0x64, 0x10, 0x64, 0x10, 0x64, 0x10, 0x64, 0x10, 0x64, 0x10, 0x64, 0x10,
    0x64, 0x10, 0x64, 0x10, 0x64, 0x10, 0x64, 0x10, 0x64, 0x10, 0x64, 0x10, 0x64, 0x10, 0x64, 0x10, 0x64, 0x10, 0x64, 0x10, 0x64, 0x10, 0x64, 0x10, 0x64, 0x10, 0x64, 0x10, 0x64, 0x10, 0x64, 0x10,
    0x64, 0x10, 0x64, 0x10, 0x64, 0x10, 0x64, 0x10, 0x64, 0x10, 0x64, 0x10, 0x64, 0x10, 0x64, 0x10, 0x64, 0x10, 0x64, 0x10, 0x64, 0x10, 0x64, 0x10, 0x64, 0x10, 0x64, 0x10, 0x64, 0x10, 0x64, 0x10,
    0x64, 0x10, 0x64, 0x10, 0x64, 0x10, 0x64, 0x10, 0x64, 0x10, 0x64, 0x10, 0x64, 0x10, 0x64, 0x10, 0x64, 0x10, 0x64, 0x10, 0x64, 0x10, 0x64, 0x10, 0x64, 0x10, 0x64, 0x10, 0x64, 0x10, 0x64, 0x10,
    0x64, 0x10, 0x64, 0x10, 0x64, 0x10, 0x64, 0x10, 0x64, 0x10, 0x64, 0x10, 0x64, 0x10, 0x64, 0x10, 0x64, 0x10, 0x64, 0x10, 0x64, 0x10, 0x64, 0x10, 0x64, 0x10, 0x64, 0x10, 0x64, 0x10, 0x64, 0x10,
    0x64, 0x10, 0x64, 0x10, 0x64, 0x10, 0x64, 0x10, 0x64, 0x10, 0x64, 0x10, 0x64, 0x10, 0x64, 0x10, 0x64, 0x10, 0x64, 0x10, 0x64, 0x10, 0x64, 0x10, 0x64, 0x10, 0x64, 0x10, 0x64, 0x10, 0x64, 0x10,
    0x64, 0x10, 0x64, 0x10, 0x64, 0x10, 0x64, 0x10, 0x64, 0x10, 0x64, 0x10, 0x64, 0x10, 0x64, 0x10, 0x64, 0x10, 0x64, 0x10, 0x64, 0x10, 0x64, 0x10, 0x64, 0x10, 0x64, 0x10, 0x64, 0x10, 0x64, 0x10,
    0x64, 0x10, 0x64, 0x10, 0x64, 0x10, 0x64, 0x10, 0x64, 0x10, 0x64, 0x10, 0x64, 0x10, 0x64, 0x10, 0x64, 0x10, 0x64, 0x10, 0x64, 0x10, 0x64, 0x10, 0x64, 0x10, 0x64, 0x10, 0x64, 0x10, 0x64, 0x10,
    0x64, 0x10, 0x64, 0x10, 0x64, 0x10, 0x64, 0x10, 0x64, 0x10, 0x64, 0x10, 0x64, 0x10, 0x64, 0x10, 0x64, 0x10, 0x64, 0x10, 0x64, 0x10, 0x64, 0x10, 0x64, 0x10, 0x64, 0x10, 0x64, 0x10, 0x64, 0x10,
    0x64, 0x10, 0x64, 0x10, 0x64, 0x10, 0x64, 0x10, 0x64, 0x10, 0x64, 0x10, 0x64, 0x10, 0x64, 0x10, 0x64, 0x10, 0x64, 0x10, 0x64, 0x10, 0x64, 0x10, 0x64, 0x10, 0x64, 0x10, 0x64, 0x10, 0x64, 0x10,
    0x64, 0x10, 0x64, 0x10, 0x64, 0x10, 0x64, 0x10, 0x64, 0x10, 0x64, 0x10, 0x64, 0x10, 0x64, 0x10, 0x64, 0x10, 0x64, 0x10, 0x64, 0x10, 0x64, 0x10, 0x64, 0x10, 0x64, 0x10, 0x64, 0x10, 0x64, 0x10,
    0x64, 0x10, 0x63, 0x28, 0x63, 0x28, 0x43, 0x40, 0x43, 0x40, 0x42, 0x68, 0x42, 0x68, 0x00, 0xf0, 0x00, 0xf0, 0x00, 0xf0, 0x00, 0xf0, 0x00, 0xf0, 0x00, 0xf0, 0x00, 0xf0, 0x00, 0xf0, 0x21, 0x98,
    0x21, 0x98, 0x22, 0x88, 0x22, 0x88, 0x22, 0x88, 0x22, 0x88, 0x00, 0xe8, 0x00, 0xe8, 0x00, 0xf0, 0x00, 0xf0, 0x00, 0xf0, 0x00, 0xf0, 0x00, 0xf0, 0x00, 0xf0, 0x00, 0xe8, 0x00, 0xe8, 0x42, 0x70,
    0x42, 0x70, 0x42, 0x68, 0x42, 0x68, 0x42, 0x68, 0x42, 0x68, 0x22, 0x80, 0x22, 0x80, 0x00, 0xf0, 0x00, 0xf0, 0x00, 0xf0, 0x00, 0xf0, 0x00, 0xf0, 0x00, 0xf0, 0x00, 0xf0, 0x00, 0xf0, 0x42, 0x68,
    0x42, 0x68, 0x43, 0x40, 0x43, 0x40, 0x63, 0x28, 0x63, 0x28, 0x64, 0x10, 0x64, 0x10, 0x64, 0x10, 0x64, 0x10, 0x64, 0x10, 0x64, 0x10, 0x64, 0x10, 0x64, 0x10, 0x64, 0x10, 0x64, 0x10, 0x64, 0x10,
    0x64, 0x10, 0x64, 0x10, 0x64, 0x10, 0x64, 0x10, 0x64, 0x10, 0x64, 0x10, 0x64, 0x10, 0x64, 0x10, 0x64, 0x10, 0x64, 0x10, 0x64, 0x10, 0x63, 0x28, 0x63, 0x28, 0x43, 0x40, 0x43, 0x40, 0x42, 0x68,
    0x42, 0x68, 0x00, 0xf0, 0x00, 0xf0, 0x00, 0xf0, 0x00, 0xf0, 0x00, 0xf8, 0x00, 0xf8, 0x00, 0xf8, 0x00, 0xf8, 0x00, 0xf0, 0x00, 0xf0, 0x00, 0xf0, 0x00, 0xf0, 0x42, 0x68, 0x42, 0x68, 0x43, 0x40,
    0x43, 0x40, 0x63, 0x28, 0x63, 0x28, 0x64, 0x10, 0x64, 0x10, 0x64, 0x10, 0x64, 0x10, 0x64, 0x10, 0x64, 0x10, 0x64, 0x10, 0x64, 0x10, 0x64, 0x10, 0x64, 0x10, 0x64, 0x10, 0x64, 0x10, 0x64, 0x10,
    0x64, 0x10, 0x64, 0x10, 0x64, 0x10, 0x64, 0x10, 0x64, 0x10, 0x64, 0x10, 0x64, 0x10, 0x64, 0x10, 0x64, 0x10, 0x64, 0x10, 0x64, 0x10, 0x64, 0x10, 0x64, 0x10, 0x64, 0x10, 0x64, 0x10, 0x64, 0x10,
    0x64, 0x10, 0x64, 0x10, 0x64, 0x10, 0x64, 0x10, 0x64, 0x10, 0x64, 0x10, 0x64, 0x10, 0x64, 0x10, 0x64, 0x10, 0x64, 0x10, 0x64, 0x10, 0x64, 0x10, 0x64, 0x10, 0x64, 0x10, 0x64, 0x10, 0x64, 0x10,
    0x64, 0x10, 0x64, 0x10, 0x64, 0x10, 0x64, 0x10, 0x64, 0x10, 0x64, 0x10, 0x64, 0x10, 0x64, 0x10, 0x64, 0x10, 0x64, 0x10, 0x64, 0x10, 0x64, 0x10, 0x64, 0x10, 0x64, 0x10, 0x64, 0x10, 0x64, 0x10,
    0x64, 0x10, 0x64, 0x10, 0x64, 0x10, 0x64, 0x10, 0x64, 0x10, 0x64, 0x10, 0x64, 0x10, 0x64, 0x10, 0x64, 0x10, 0x64, 0x10, 0x64, 0x10, 0x64, 0x10, 0x64, 0x10, 0x64, 0x10, 0x64, 0x10, 0x64, 0x10,
    0x64, 0x10, 0x64, 0x10, 0x64, 0x10, 0x64, 0x10, 0x64, 0x10, 0x64, 0x10, 0x64, 0x10, 0x64, 0x10, 0x64, 0x10, 0x64, 0x10, 0x64, 0x10, 0x64, 0x10, 0x64, 0x10, 0x64, 0x10, 0x64, 0x10, 0x64, 0x10,
    0x64, 0x10, 0x64, 0x10, 0x64, 0x10, 0x64, 0x10, 0x64, 0x10, 0x64, 0x10, 0x64, 0x10, 0x64, 0x10, 0x64, 0x10, 0x64, 0x10, 0x64, 0x10, 0x64, 0x10, 0x64, 0x10, 0x64, 0x10, 0x64, 0x10, 0x64, 0x10,
    0x64, 0x10, 0x64, 0x10, 0x64, 0x10, 0x64, 0x10, 0x64, 0x10, 0x64, 0x10, 0x64, 0x10, 0x64, 0x10, 0x64, 0x10, 0x64, 0x10, 0x64, 0x10, 0x64, 0x10, 0x64, 0x10, 0x64, 0x10, 0x64, 0x10, 0x64, 0x10,
    0x64, 0x10, 0x64, 0x10, 0x64, 0x10, 0x64, 0x10, 0x64, 0x10, 0x64, 0x10, 0x64, 0x10, 0x64, 0x10, 0x64, 0x10, 0x64, 0x10, 0x64, 0x10, 0x64, 0x10, 0x64, 0x10, 0x64, 0x10, 0x64, 0x10, 0x64, 0x10,
    0x64, 0x10, 0x64, 0x10, 0x64, 0x10, 0x64, 0x10, 0x64, 0x10, 0x64, 0x10, 0x64, 0x10, 0x64, 0x10, 0x64, 0x10, 0x64, 0x10, 0x64, 0x10, 0x64, 0x10, 0x64, 0x10, 0x64, 0x10, 0x64, 0x10, 0x64, 0x10,
    0x64, 0x10, 0x64, 0x10, 0x64, 0x10, 0x64, 0x10, 0x64, 0x10, 0x64, 0x10, 0x64, 0x10, 0x64, 0x10, 0x64, 0x10, 0x64, 0x10, 0x64, 0x10, 0x64, 0x10, 0x64, 0x10, 0x64, 0x10, 0x64, 0x10, 0x64, 0x10,
    0x64, 0x10, 0x64, 0x10, 0x64, 0x10, 0x64, 0x10, 0x64, 0x10, 0x64, 0x10, 0x64, 0x10, 0x64, 0x10, 0x64, 0x10, 0x63, 0x28, 0x63, 0x28, 0x43, 0x40, 0x43, 0x40, 0x42, 0x68, 0x42, 0x68, 0x00, 0xf0,
    0x00, 0xf0, 0x00, 0xf0, 0x00, 0xf0, 0x00, 0xf0, 0x00, 0xf0, 0x00, 0xf0, 0x00, 0xf0, 0x21, 0xb0, 0x21, 0xb0, 0x21, 0xa8, 0x21, 0xa8, 0x00, 0xf0, 0x00, 0xf0, 0x00, 0xf0, 0x00, 0xf0, 0x00, 0xf0,
    0x00, 0xf0, 0x00, 0xf0, 0x00, 0xf0, 0x00, 0xe8, 0x00, 0xe8, 0x42, 0x70, 0x42, 0x70, 0x43, 0x50, 0x43, 0x50, 0x43, 0x50, 0x43, 0x50, 0x43, 0x58, 0x43, 0x58, 0x42, 0x70, 0x42, 0x70, 0x00, 0xf0,
    0x00, 0xf0, 0x00, 0xf0, 0x00, 0xf0, 0x00, 0xf0, 0x00, 0xf0, 0x00, 0xf0, 0x00, 0xf0, 0x42, 0x68, 0x42, 0x68, 0x43, 0x40, 0x43, 0x40, 0x63, 0x28, 0x63, 0x28, 0x64, 0x10, 0x64, 0x10, 0x64, 0x10,
    0x64, 0x10, 0x64, 0x10, 0x64, 0x10, 0x64, 0x10, 0x64, 0x10, 0x64, 0x10, 0x64, 0x10, 0x64, 0x10, 0x64, 0x10, 0x64, 0x10, 0x64, 0x10, 0x64, 0x10, 0x64, 0x10, 0x64, 0x10, 0x64, 0x10, 0x64, 0x10,
    0x64, 0x10, 0x64, 0x10, 0x64, 0x10, 0x63, 0x28, 0x63, 0x28, 0x43, 0x40, 0x43, 0x40, 0x42, 0x68, 0x42, 0x68, 0x00, 0xf0, 0x00, 0xf0, 0x00, 0xf0, 0x00, 0xf0, 0x00, 0xf8, 0x00, 0xf8, 0x00, 0xf8,
    0x00, 0xf8, 0x00, 0xf0, 0x00, 0xf0, 0x00, 0xf0, 0x00, 0xf0, 0x42, 0x68, 0x42, 0x68, 0x43, 0x40, 0x43, 0x40, 0x63, 0x28, 0x63, 0x28, 0x64, 0x10, 0x64, 0x10, 0x64, 0x10, 0x64, 0x10, 0x64, 0x10,
    0x64, 0x10, 0x64, 0x10, 0x64, 0x10, 0x64, 0x10, 0x64, 0x10, 0x64, 0x10, 0x64, 0x10, 0x64, 0x10, 0x64, 0x10, 0x64, 0x10, 0x64, 0x10, 0x64, 0x10, 0x64, 0x10, 0x64, 0x10, 0x64, 0x10, 0x64, 0x10,
    0x64, 0x10, 0x64, 0x10, 0x64, 0x10, 0x64, 0x10, 0x64, 0x10, 0x64, 0x10, 0x64, 0x10, 0x64, 0x10, 0x64, 0x10, 0x64, 0x10, 0x64, 0x10, 0x64, 0x10, 0x64, 0x10, 0x64, 0x10, 0x64, 0x10, 0x64, 0x10,
    0x64, 0x10, 0x64, 0x10, 0x64, 0x10, 0x64, 0x10, 0x64, 0x10, 0x64, 0x10, 0x64, 0x10, 0x64, 0x10, 0x64, 0x10, 0x64, 0x10, 0x64, 0x10, 0x64, 0x10, 0x64, 0x10, 0x64, 0x10, 0x64, 0x10, 0x64, 0x10,
    0x64, 0x10, 0x64, 0x10, 0x64, 0x10, 0x64, 0x10, 0x64, 0x10, 0x64, 0x10, 0x64, 0x10, 0x64, 0x10, 0x64, 0x10, 0x64, 0x10, 0x64, 0x10, 0x64, 0x10, 0x64, 0x10, 0x64, 0x10, 0x64, 0x10, 0x64, 0x10,
    0x64, 0x10, 0x64, 0x10, 0x64, 0x10, 0x64, 0x10, 0x64, 0x10, 0x64, 0x10, 0x64, 0x10, 0x64, 0x10, 0x64, 0x10, 0x64, 0x10, 0x64, 0x10, 0x64, 0x10, 0x64, 0x10, 0x64, 0x10, 0x64, 0x10, 0x64, 0x10,
    0x64, 0x10, 0x64, 0x10, 0x64, 0x10, 0x64, 0x10, 0x64, 0x10, 0x64, 0x10, 0x64, 0x10, 0x64, 0x10, 0x64, 0x10, 0x64, 0x10, 0x64, 0x10, 0x64, 0x10, 0x64, 0x10, 0x64, 0x10, 0x64, 0x10, 0x64, 0x10,
    0x64, 0x10, 0x64, 0x10, 0x64, 0x10, 0x64, 0x10, 0x64, 0x10, 0x64, 0x10, 0x64, 0x10, 0x64, 0x10, 0x64, 0x10, 0x64, 0x10, 0x64, 0x10, 0x64, 0x10, 0x64, 0x10, 0x64, 0x10, 0x64, 0x10, 0x64, 0x10,
    0x64, 0x10, 0x64, 0x10, 0x64, 0x10, 0x64, 0x10, 0x64, 0x10, 0x64, 0x10, 0x64, 0x10, 0x64, 0x10, 0x64, 0x10, 0x64, 0x10, 0x64, 0x10, 0x64, 0x10, 0x64, 0x10, 0x64, 0x10, 0x64, 0x10, 0x64, 0x10,
    0x64, 0x10, 0x64, 0x10, 0x64, 0x10, 0x64, 0x10, 0x64, 0x10, 0x64, 0x10, 0x64, 0x10, 0x64, 0x10, 0x64, 0x10, 0x64, 0x10, 0x64, 0x10, 0x64, 0x10, 0x64, 0x10, 0x64, 0x10, 0x64, 0x10, 0x64, 0x10,
    0x64, 0x10, 0x64, 0x10, 0x64, 0x10, 0x64, 0x10, 0x64, 0x10, 0x64, 0x10, 0x64, 0x10, 0x64, 0x10, 0x64, 0x10, 0x64, 0x10, 0x64, 0x10, 0x64, 0x10, 0x64, 0x10, 0x64, 0x10, 0x64, 0x10, 0x64, 0x10,
    0x64, 0x10, 0x64, 0x10, 0x64, 0x10, 0x64, 0x10, 0x64, 0x10, 0x64, 0x10, 0x64, 0x10, 0x64, 0x10, 0x64, 0x10, 0x64, 0x10, 0x64, 0x10, 0x64, 0x10, 0x64, 0x10, 0x64, 0x10, 0x64, 0x10, 0x64, 0x10,
    0x64, 0x10, 0x63, 0x28, 0x63, 0x28, 0x43, 0x40, 0x43, 0x40, 0x42, 0x68, 0x42, 0x68, 0x00, 0xf0, 0x00, 0xf0, 0x00, 0xf0, 0x00, 0xf0, 0x00, 0xf0, 0x00, 0xf0, 0x00, 0xf0, 0x00, 0xf0, 0x21, 0xb0,
    0x21, 0xb0, 0x21, 0xa8, 0x21, 0xa8, 0x00, 0xf0, 0x00, 0xf0, 0x00, 0xf0, 0x00, 0xf0, 0x00, 0xf0, 0x00, 0xf0, 0x00, 0xf0, 0x00, 0xf0, 0x00, 0xe8, 0x00, 0xe8, 0x42, 0x70, 0x42, 0x70, 0x43, 0x50,
    0x43, 0x50, 0x43, 0x50, 0x43, 0x50, 0x43, 0x58, 0x43, 0x58, 0x42, 0x70, 0x42, 0x70, 0x00, 0xf0, 0x00, 0xf0, 0x00, 0xf0, 0x00, 0xf0, 0x00, 0xf0, 0x00, 0xf0, 0x00, 0xf0, 0x00, 0xf0, 0x42, 0x68,
    0x42, 0x68, 0x43, 0x40, 0x43, 0x40, 0x63, 0x28, 0x63, 0x28, 0x64, 0x10, 0x64, 0x10, 0x64, 0x10, 0x64, 0x10, 0x64, 0x10, 0x64, 0x10, 0x64, 0x10, 0x64, 0x10, 0x64, 0x10, 0x64, 0x10, 0x64, 0x10,
    0x64, 0x10, 0x64, 0x10, 0x64, 0x10, 0x64, 0x10, 0x64, 0x10, 0x64, 0x10, 0x64, 0x10, 0x64, 0x10, 0x64, 0x10, 0x64, 0x10, 0x64, 0x10, 0x63, 0x28, 0x63, 0x28, 0x43, 0x40, 0x43, 0x40, 0x42, 0x68,
    0x42, 0x68, 0x00, 0xf0, 0x00, 0xf0, 0x00, 0xf0, 0x00, 0xf0, 0x00, 0xf8, 0x00, 0xf8, 0x00, 0xf8, 0x00, 0xf8, 0x00, 0xf0, 0x00, 0xf0, 0x00, 0xf0, 0x00, 0xf0, 0x42, 0x68, 0x42, 0x68, 0x43, 0x40,
    0x43, 0x40, 0x63, 0x28, 0x63, 0x28, 0x64, 0x10, 0x64, 0x10, 0x64, 0x10, 0x64, 0x10, 0x64, 0x10, 0x64, 0x10, 0x64, 0x10, 0x64, 0x10, 0x64, 0x10, 0x64, 0x10, 0x64, 0x10, 0x64, 0x10, 0x64, 0x10,
    0x64, 0x10, 0x64, 0x10, 0x64, 0x10, 0x64, 0x10, 0x64, 0x10, 0x64, 0x10, 0x64, 0x10, 0x64, 0x10, 0x64, 0x10, 0x64, 0x10, 0x64, 0x10, 0x64, 0x10, 0x64, 0x10, 0x64, 0x10, 0x64, 0x10, 0x64, 0x10,
    0x64, 0x10, 0x64, 0x10, 0x64, 0x10, 0x64, 0x10, 0x64, 0x10, 0x64, 0x10, 0x64, 0x10, 0x64, 0x10, 0x64, 0x10, 0x64, 0x10, 0x64, 0x10, 0x64, 0x10, 0x64, 0x10, 0x64, 0x10, 0x64, 0x10, 0x64, 0x10,
    0x64, 0x10, 0x64, 0x10, 0x64, 0x10, 0x64, 0x10, 0x64, 0x10, 0x64, 0x10, 0x64, 0x10, 0x64, 0x10, 0x64, 0x10, 0x64, 0x10, 0x64, 0x10, 0x64, 0x10, 0x64, 0x10, 0x64, 0x10, 0x64, 0x10, 0x64, 0x10,
    0x64, 0x10, 0x64, 0x10, 0x64, 0x10, 0x64, 0x10, 0x64, 0x10, 0x64, 0x10, 0x64, 0x10, 0x64, 0x10, 0x64, 0x10, 0x64, 0x10, 0x64, 0x10, 0x64, 0x10, 0x64, 0x10, 0x64, 0x10, 0x64, 0x10, 0x64, 0x10,
    0x64, 0x10, 0x64, 0x10, 0x64, 0x10, 0x64, 0x10, 0x64, 0x10, 0x64, 0x10, 0x64, 0x10, 0x64, 0x10, 0x64, 0x10, 0x64, 0x10, 0x64, 0x10, 0x64, 0x10, 0x64, 0x10, 0x64, 0x10, 0x64, 0x10, 0x64, 0x10,
    0x64, 0x10, 0x64, 0x10, 0x64, 0x10, 0x64, 0x10, 0x64, 0x10, 0x64, 0x10, 0x64, 0x10, 0x64, 0x10, 0x64, 0x10, 0x64, 0x10, 0x64, 0x10, 0x64, 0x10, 0x64, 0x10, 0x64, 0x10, 0x64, 0x10, 0x64, 0x10,
    0x64, 0x10, 0x64, 0x10, 0x64, 0x10, 0x64, 0x10, 0x64, 0x10, 0x64, 0x10, 0x64, 0x10, 0x64, 0x10, 0x64, 0x10, 0x64, 0x10, 0x64, 0x10, 0x64, 0x10, 0x64, 0x10, 0x64, 0x10, 0x64, 0x10, 0x64, 0x10,
    0x64, 0x10, 0x64, 0x10, 0x64, 0x10, 0x64, 0x10, 0x64, 0x10, 0x64, 0x10, 0x64, 0x10, 0x64, 0x10, 0x64, 0x10, 0x64, 0x10, 0x64, 0x10, 0x64, 0x10, 0x64, 0x10, 0x64, 0x10, 0x64, 0x10, 0x64, 0x10,
    0x64, 0x10, 0x64, 0x10, 0x64, 0x10, 0x64, 0x10, 0x64, 0x10, 0x64, 0x10, 0x64, 0x10, 0x64, 0x10, 0x64, 0x10, 0x64, 0x10, 0x64, 0x10, 0x64, 0x10, 0x64, 0x10, 0x64, 0x10, 0x64, 0x10, 0x64, 0x10,
    0x64, 0x10, 0x64, 0x10, 0x64, 0x10, 0x64, 0x10, 0x64, 0x10, 0x64, 0x10, 0x64, 0x10, 0x64, 0x10, 0x64, 0x10, 0x64, 0x10, 0x64, 0x10, 0x64, 0x10, 0x64, 0x10, 0x64, 0x10, 0x64, 0x10, 0x64, 0x10,
    0x64, 0x10, 0x64, 0x10, 0x64, 0x10, 0x64, 0x10, 0x64, 0x10, 0x64, 0x10, 0x64, 0x10, 0x64, 0x10, 0x64, 0x10, 0x63, 0x28, 0x63, 0x28, 0x43, 0x40, 0x43, 0x40, 0x42, 0x68, 0x42, 0x68, 0x00, 0xf0,
    0x00, 0xf0, 0x00, 0xf0, 0x00, 0xf0, 0x00, 0xf0, 0x00, 0xf0, 0x00, 0xf8, 0x00, 0xf8, 0x21, 0xc0, 0x21, 0xc0, 0x00, 0xf0, 0x00, 0xf0, 0x00, 0xf0, 0x00, 0xf0, 0x00, 0xf0, 0x00, 0xf0, 0x00, 0xf0,
    0x00, 0xf0, 0x00, 0xe8, 0x00, 0xe8, 0x42, 0x70, 0x42, 0x70, 0x43, 0x50, 0x43, 0x50, 0x43, 0x38, 0x43, 0x38, 0x43, 0x38, 0x43, 0x38, 0x43, 0x48, 0x43, 0x48, 0x42, 0x70, 0x42, 0x70, 0x00, 0xf0,
    0x00, 0xf0, 0x00, 0xf0, 0x00, 0xf0, 0x00, 0xf0, 0x00, 0xf0, 0x00, 0xf0, 0x00, 0xf0, 0x42, 0x68, 0x42, 0x68, 0x43, 0x40, 0x43, 0x40, 0x63, 0x28, 0x63, 0x28, 0x64, 0x10, 0x64, 0x10, 0x64, 0x10,
    0x64, 0x10, 0x64, 0x10, 0x64, 0x10, 0x64, 0x10, 0x64, 0x10, 0x64, 0x10, 0x64, 0x10, 0x64, 0x10, 0x64, 0x10, 0x64, 0x10, 0x64, 0x10, 0x64, 0x10, 0x64, 0x10, 0x64, 0x10, 0x64, 0x10, 0x64, 0x10,
    0x64, 0x10, 0x64, 0x10, 0x64, 0x10, 0x63, 0x28, 0x63, 0x28, 0x43, 0x40, 0x43, 0x40, 0x42, 0x68, 0x42, 0x68, 0x00, 0xf0, 0x00, 0xf0, 0x00, 0xf0, 0x00, 0xf0, 0x00, 0xf8, 0x00, 0xf8, 0x00, 0xf8,
    0x00, 0xf8, 0x00, 0xf0, 0x00, 0xf0, 0x00, 0xf0, 0x00, 0xf0, 0x42, 0x68, 0x42, 0x68, 0x43, 0x40, 0x43, 0x40, 0x63, 0x28, 0x63, 0x28, 0x64, 0x10, 0x64, 0x10, 0x64, 0x10, 0x64, 0x10, 0x64, 0x10,
    0x64, 0x10, 0x64, 0x10, 0x64, 0x10, 0x64, 0x10, 0x64, 0x10, 0x64, 0x10, 0x64, 0x10, 0x64, 0x10, 0x64, 0x10, 0x64, 0x10, 0x64, 0x10, 0x64, 0x10, 0x64, 0x10, 0x64, 0x10, 0x64, 0x10, 0x64, 0x10,
    0x64, 0x10, 0x64, 0x10, 0x64, 0x10, 0x64, 0x10, 0x64, 0x10, 0x64, 0x10, 0x64, 0x10, 0x64, 0x10, 0x64, 0x10, 0x64, 0x10, 0x64, 0x10, 0x64, 0x10, 0x64, 0x10, 0x64, 0x10, 0x64, 0x10, 0x64, 0x10,
    0x64, 0x10, 0x64, 0x10, 0x64, 0x10, 0x64, 0x10, 0x64, 0x10, 0x64, 0x10, 0x64, 0x10, 0x64, 0x10, 0x64, 0x10, 0x64, 0x10, 0x64, 0x10, 0x64, 0x10, 0x64, 0x10, 0x64, 0x10, 0x64, 0x10, 0x64, 0x10,
    0x64, 0x10, 0x64, 0x10, 0x64, 0x10, 0x64, 0x10, 0x64, 0x10, 0x64, 0x10, 0x64, 0x10, 0x64, 0x10, 0x64, 0x10, 0x64, 0x10, 0x64, 0x10, 0x64, 0x10, 0x64, 0x10, 0x64, 0x10, 0x64, 0x10, 0x64, 0x10,
    0x64, 0x10, 0x64, 0x10, 0x64, 0x10, 0x64, 0x10, 0x64, 0x10, 0x64, 0x10, 0x64, 0x10, 0x64, 0x10, 0x64, 0x10, 0x64, 0x10, 0x64, 0x10, 0x64, 0x10, 0x64, 0x10, 0x64, 0x10, 0x64, 0x10, 0x64, 0x10,
    0x64, 0x10, 0x64, 0x10, 0x64, 0x10, 0x64, 0x10, 0x64, 0x10, 0x64, 0x10, 0x64, 0x10, 0x64, 0x10, 0x64, 0x10, 0x64, 0x10, 0x64, 0x10, 0x64, 0x10, 0x64, 0x10, 0x64, 0x10, 0x64, 0x10, 0x64, 0x10,
    0x64, 0x10, 0x64, 0x10, 0x64, 0x10, 0x64, 0x10, 0x64, 0x10, 0x64, 0x10, 0x64, 0x10, 0x64, 0x10, 0x64, 0x10, 0x64, 0x10, 0x64, 0x10, 0x64, 0x10, 0x64, 0x10, 0x64, 0x10, 0x64, 0x10, 0x64, 0x10,
    0x64, 0x10, 0x64, 0x10, 0x64, 0x10, 0x64, 0x10, 0x64, 0x10, 0x64, 0x10, 0x64, 0x10, 0x64, 0x10, 0x64, 0x10, 0x64, 0x10, 0x64, 0x10, 0x64, 0x10, 0x64, 0x10, 0x64, 0x10, 0x64, 0x10, 0x64, 0x10,
    0x64, 0x10, 0x64, 0x10, 0x64, 0x10, 0x64, 0x10, 0x64, 0x10, 0x64, 0x10, 0x64, 0x10, 0x64, 0x10, 0x64, 0x10, 0x64, 0x10, 0x64, 0x10, 0x64, 0x10, 0x64, 0x10, 0x64, 0x10, 0x64, 0x10, 0x64, 0x10,
    0x64, 0x10, 0x64, 0x10, 0x64, 0x10, 0x64, 0x10, 0x64, 0x10, 0x64, 0x10, 0x64, 0x10, 0x64, 0x10, 0x64, 0x10, 0x64, 0x10, 0x64, 0x10, 0x64, 0x10, 0x64, 0x10, 0x64, 0x10, 0x64, 0x10, 0x64, 0x10,
    0x64, 0x10, 0x64, 0x10, 0x64, 0x10, 0x64, 0x10, 0x64, 0x10, 0x64, 0x10, 0x64, 0x10, 0x64, 0x10, 0x64, 0x10, 0x64, 0x10, 0x64, 0x10, 0x64, 0x10, 0x64, 0x10, 0x64, 0x10, 0x64, 0x10, 0x64, 0x10,
    0x64, 0x10, 0x63, 0x28, 0x63, 0x28, 0x43, 0x40, 0x43, 0x40, 0x42, 0x68, 0x42, 0x68, 0x00, 0xf0, 0x00, 0xf0, 0x00, 0xf0, 0x00, 0xf0, 0x00, 0xf0, 0x00, 0xf0, 0x00, 0xf8, 0x00, 0xf8, 0x21, 0xc0,
    0x21, 0xc0, 0x00, 0xf0, 0x00, 0xf0, 0x00, 0xf0, 0x00, 0xf0, 0x00, 0xf0, 0x00, 0xf0, 0x00, 0xf0, 0x00, 0xf0, 0x00, 0xe8, 0x00, 0xe8, 0x42, 0x70, 0x42, 0x70, 0x43, 0x50, 0x43, 0x50, 0x43, 0x38,
    0x43, 0x38, 0x43, 0x38, 0x43, 0x38, 0x43, 0x48, 0x43, 0x48, 0x42, 0x70, 0x42, 0x70, 0x00, 0xf0, 0x00, 0xf0, 0x00, 0xf0, 0x00, 0xf0, 0x00, 0xf0, 0x00, 0xf0, 0x00, 0xf0, 0x00, 0xf0, 0x42, 0x68,
    0x42, 0x68, 0x43, 0x40, 0x43, 0x40, 0x63, 0x28, 0x63, 0x28, 0x64, 0x10, 0x64, 0x10, 0x64, 0x10, 0x64, 0x10, 0x64, 0x10, 0x64, 0x10, 0x64, 0x10, 0x64, 0x10, 0x64, 0x10, 0x64, 0x10, 0x64, 0x10,
    0x64, 0x10, 0x64, 0x10, 0x64, 0x10, 0x64, 0x10, 0x64, 0x10, 0x64, 0x10, 0x64, 0x10, 0x64, 0x10, 0x64, 0x10, 0x64, 0x10, 0x64, 0x10, 0x63, 0x28, 0x63, 0x28, 0x43, 0x40, 0x43, 0x40, 0x42, 0x68,
    0x42, 0x68, 0x00, 0xf0, 0x00, 0xf0, 0x00, 0xf0, 0x00, 0xf0, 0x00, 0xf8, 0x00, 0xf8, 0x00, 0xf8, 0x00, 0xf8, 0x00, 0xf0, 0x00, 0xf0, 0x00, 0xf0, 0x00, 0xf0, 0x42, 0x68, 0x42, 0x68, 0x43, 0x40,
    0x43, 0x40, 0x63, 0x28, 0x63, 0x28, 0x64, 0x10, 0x64, 0x10, 0x64, 0x10, 0x64, 0x10, 0x64, 0x10, 0x64, 0x10, 0x64, 0x10, 0x64, 0x10, 0x64, 0x10, 0x64, 0x10, 0x64, 0x10, 0x64, 0x10, 0x64, 0x10,
    0x64, 0x10, 0x64, 0x10, 0x64, 0x10, 0x64, 0x10, 0x64, 0x10, 0x64, 0x10, 0x64, 0x10, 0x64, 0x10, 0x64, 0x10, 0x64, 0x10, 0x64, 0x10, 0x64, 0x10, 0x64, 0x10, 0x64, 0x10, 0x64, 0x10, 0x64, 0x10,
    0x64, 0x10, 0x64, 0x10, 0x64, 0x10, 0x64, 0x10, 0x64, 0x10, 0x64, 0x10, 0x64, 0x10, 0x64, 0x10, 0x64, 0x10, 0x64, 0x10, 0x64, 0x10, 0x64, 0x10, 0x64, 0x10, 0x64, 0x10, 0x64, 0x10, 0x64, 0x10,
    0x64, 0x10, 0x64, 0x10, 0x64, 0x10, 0x64, 0x10, 0x64, 0x10, 0x64, 0x10, 0x64, 0x10, 0x64, 0x10, 0x64, 0x10, 0x64, 0x10, 0x64, 0x10, 0x64, 0x10, 0x64, 0x10, 0x64, 0x10, 0x64, 0x10, 0x64, 0x10,
    0x64, 0x10, 0x64, 0x10, 0x64, 0x10, 0x64, 0x10, 0x64, 0x10, 0x64, 0x10, 0x64, 0x10, 0x64, 0x10, 0x64, 0x10, 0x64, 0x10, 0x64, 0x10, 0x64, 0x10, 0x64, 0x10, 0x64, 0x10, 0x64, 0x10, 0x64, 0x10,
    0x64, 0x10, 0x64, 0x10, 0x64, 0x10, 0x64, 0x10, 0x64, 0x10, 0x64, 0x10, 0x64, 0x10, 0x64, 0x10, 0x64, 0x10, 0x64, 0x10, 0x64, 0x10, 0x64, 0x10, 0x64, 0x10, 0x64, 0x10, 0x64, 0x10, 0x64, 0x10,
    0x64, 0x10, 0x64, 0x10, 0x64, 0x10, 0x64, 0x10, 0x64, 0x10, 0x64, 0x10, 0x64, 0x10, 0x64, 0x10, 0x64, 0x10, 0x64, 0x10, 0x64, 0x10, 0x64, 0x10, 0x64, 0x10, 0x64, 0x10, 0x64, 0x10, 0x64, 0x10,
    0x64, 0x10, 0x64, 0x10, 0x64, 0x10, 0x64, 0x10, 0x64, 0x10, 0x64, 0x10, 0x64, 0x10, 0x64, 0x10, 0x64, 0x10, 0x64, 0x10, 0x64, 0x10, 0x64, 0x10, 0x64, 0x10, 0x64, 0x10, 0x64, 0x10, 0x64, 0x10,
    0x64, 0x10, 0x64, 0x10, 0x64, 0x10, 0x64, 0x10, 0x64, 0x10, 0x64, 0x10, 0x64, 0x10, 0x64, 0x10, 0x64, 0x10, 0x64, 0x10, 0x64, 0x10, 0x64, 0x10, 0x64, 0x10, 0x64, 0x10, 0x64, 0x10, 0x64, 0x10,
    0x64, 0x10, 0x64, 0x10, 0x64, 0x10, 0x64, 0x10, 0x64, 0x10, 0x64, 0x10, 0x64, 0x10, 0x64, 0x10, 0x64, 0x10, 0x64, 0x10, 0x64, 0x10, 0x64, 0x10, 0x64, 0x10, 0x64, 0x10, 0x64, 0x10, 0x64, 0x10,
    0x64, 0x10, 0x64, 0x10, 0x64, 0x10, 0x64, 0x10, 0x64, 0x10, 0x64, 0x10, 0x64, 0x10, 0x64, 0x10, 0x64, 0x10, 0x64, 0x10, 0x64, 0x10, 0x64, 0x10, 0x64, 0x10, 0x64, 0x10, 0x64, 0x10, 0x64, 0x10,
    0x64, 0x10, 0x64, 0x10, 0x64, 0x10, 0x64, 0x10, 0x64, 0x10, 0x64, 0x10, 0x64, 0x10, 0x64, 0x10, 0x64, 0x10, 0x63, 0x28, 0x63, 0x28, 0x43, 0x40, 0x43, 0x40, 0x42, 0x68, 0x42, 0x68, 0x00, 0xf0,
    0x00, 0xf0, 0x00, 0xf0, 0x00, 0xf0, 0x00, 0xf8, 0x00, 0xf8, 0x00, 0xf8, 0x00, 0xf8, 0x00, 0xf8, 0x00, 0xf8, 0x00, 0xf0, 0x00, 0xf0, 0x00, 0xf0, 0x00, 0xf0, 0x00, 0xf0, 0x00, 0xf0, 0x00, 0xe8,
    0x00, 0xe8, 0x42, 0x70, 0x42, 0x70, 0x43, 0x50, 0x43, 0x50, 0x43, 0x38, 0x43, 0x38, 0x63, 0x20, 0x63, 0x20, 0x63, 0x28, 0x63, 0x28, 0x43, 0x48, 0x43, 0x48, 0x42, 0x68, 0x42, 0x68, 0x00, 0xf0,
    0x00, 0xf0, 0x00, 0xf0, 0x00, 0xf0, 0x00, 0xf0, 0x00, 0xf0, 0x00, 0xf0, 0x00, 0xf0, 0x42, 0x68, 0x42, 0x68, 0x43, 0x40, 0x43, 0x40, 0x63, 0x28, 0x63, 0x28, 0x64, 0x10, 0x64, 0x10, 0x64, 0x10,
    0x64, 0x10, 0x64, 0x10, 0x64, 0x10, 0x64, 0x10, 0x64, 0x10, 0x64, 0x10, 0x64, 0x10, 0x64, 0x10, 0x64, 0x10, 0x64, 0x10, 0x64, 0x10, 0x64, 0x10, 0x64, 0x10, 0x64, 0x10, 0x64, 0x10, 0x64, 0x10,
    0x64, 0x10, 0x64, 0x10, 0x64, 0x10, 0x63, 0x28, 0x63, 0x28, 0x43, 0x40, 0x43, 0x40, 0x42, 0x68, 0x42, 0x68, 0x00, 0xf0, 0x00, 0xf0, 0x00, 0xf0, 0x00, 0xf0, 0x00, 0xf8, 0x00, 0xf8, 0x00, 0xf8,
    0x00, 0xf8, 0x00, 0xf0, 0x00, 0xf0, 0x00, 0xf0, 0x00, 0xf0, 0x42, 0x68, 0x42, 0x68, 0x43, 0x40, 0x43, 0x40, 0x63, 0x28, 0x63, 0x28, 0x64, 0x10, 0x64, 0x10, 0x64, 0x10, 0x64, 0x10, 0x64, 0x10,
    0x64, 0x10, 0x64, 0x10, 0x64, 0x10, 0x64, 0x10, 0x64, 0x10, 0x64, 0x10, 0x64, 0x10, 0x64, 0x10, 0x64, 0x10, 0x64, 0x10, 0x64, 0x10, 0x64, 0x10, 0x64, 0x10, 0x64, 0x10, 0x64, 0x10, 0x64, 0x10,
    0x64, 0x10, 0x64, 0x10, 0x64, 0x10, 0x64, 0x10, 0x64, 0x10, 0x64, 0x10, 0x64, 0x10, 0x64, 0x10, 0x64, 0x10, 0x64, 0x10, 0x64, 0x10, 0x64, 0x10, 0x64, 0x10, 0x64, 0x10, 0x64, 0x10, 0x64, 0x10,
    0x64, 0x10, 0x64, 0x10, 0x64, 0x10, 0x64, 0x10, 0x64, 0x10, 0x64, 0x10, 0x64, 0x10, 0x64, 0x10, 0x64, 0x10, 0x64, 0x10, 0x64, 0x10, 0x64, 0x10, 0x64, 0x10, 0x64, 0x10, 0x64, 0x10, 0x64, 0x10,
    0x64, 0x10, 0x64, 0x10, 0x64, 0x10, 0x64, 0x10, 0x64, 0x10, 0x64, 0x10, 0x64, 0x10, 0x64, 0x10, 0x64, 0x10, 0x64, 0x10, 0x64, 0x10, 0x64, 0x10, 0x64, 0x10, 0x64, 0x10, 0x64, 0x10, 0x64, 0x10,
    0x64, 0x10, 0x64, 0x10, 0x64, 0x10, 0x64, 0x10, 0x64, 0x10, 0x64, 0x10, 0x64, 0x10, 0x64, 0x10, 0x64, 0x10, 0x64, 0x10, 0x64, 0x10, 0x64, 0x10, 0x64, 0x10, 0x64, 0x10, 0x64, 0x10, 0x64, 0x10,
    0x64, 0x10, 0x64, 0x10, 0x64, 0x10, 0x64, 0x10, 0x64, 0x10, 0x64, 0x10, 0x64, 0x10, 0x64, 0x10, 0x64, 0x10, 0x64, 0x10, 0x64, 0x10, 0x64, 0x10, 0x64, 0x10, 0x64, 0x10, 0x64, 0x10, 0x64, 0x10,
    0x64, 0x10, 0x64, 0x10, 0x64, 0x10, 0x64, 0x10, 0x64, 0x10, 0x64, 0x10, 0x64, 0x10, 0x64, 0x10, 0x64, 0x10, 0x64, 0x10, 0x64, 0x10, 0x64, 0x10, 0x64, 0x10, 0x64, 0x10, 0x64, 0x10, 0x64, 0x10,
    0x64, 0x10, 0x64, 0x10, 0x64, 0x10, 0x64, 0x10, 0x64, 0x10, 0x64, 0x10, 0x64, 0x10, 0x64, 0x10, 0x64, 0x10, 0x64, 0x10, 0x64, 0x10, 0x64, 0x10, 0x64, 0x10, 0x64, 0x10, 0x64, 0x10, 0x64, 0x10,
    0x64, 0x10, 0x64, 0x10, 0x64, 0x10, 0x64, 0x10, 0x64, 0x10, 0x64, 0x10, 0x64, 0x10, 0x64, 0x10, 0x64, 0x10, 0x64, 0x10, 0x64, 0x10, 0x64, 0x10, 0x64, 0x10, 0x64, 0x10, 0x64, 0x10, 0x64, 0x10,
    0x64, 0x10, 0x64, 0x10, 0x64, 0x10, 0x64, 0x10, 0x64, 0x10, 0x64, 0x10, 0x64, 0x10, 0x64, 0x10, 0x64, 0x10, 0x64, 0x10, 0x64, 0x10, 0x64, 0x10, 0x64, 0x10, 0x64, 0x10, 0x64, 0x10, 0x64, 0x10,
    0x64, 0x10, 0x64, 0x10, 0x64, 0x10, 0x64, 0x10, 0x64, 0x10, 0x64, 0x10, 0x64, 0x10, 0x64, 0x10, 0x64, 0x10, 0x64, 0x10, 0x64, 0x10, 0x64, 0x10, 0x64, 0x10, 0x64, 0x10, 0x64, 0x10, 0x64, 0x10,
    0x64, 0x10, 0x63, 0x28, 0x63, 0x28, 0x43, 0x40, 0x43, 0x40, 0x42, 0x68, 0x42, 0x68, 0x00, 0xf0, 0x00, 0xf0, 0x00, 0xf0, 0x00, 0xf0, 0x00, 0xf8, 0x00, 0xf8, 0x00, 0xf8, 0x00, 0xf8, 0x00, 0xf8,
    0x00, 0xf8, 0x00, 0xf0, 0x00, 0xf0, 0x00, 0xf0, 0x00, 0xf0, 0x00, 0xf0, 0x00, 0xf0, 0x00, 0xe8, 0x00, 0xe8, 0x42, 0x70, 0x42, 0x70, 0x43, 0x50, 0x43, 0x50, 0x43, 0x38, 0x43, 0x38, 0x63, 0x20,
    0x63, 0x20, 0x63, 0x28, 0x63, 0x28, 0x43, 0x48, 0x43, 0x48, 0x42, 0x68, 0x42, 0x68, 0x00, 0xf0, 0x00, 0xf0, 0x00, 0xf0, 0x00, 0xf0, 0x00, 0xf0, 0x00, 0xf0, 0x00, 0xf0, 0x00, 0xf0, 0x42, 0x68,
    0x42, 0x68, 0x43, 0x40, 0x43, 0x40, 0x63, 0x28, 0x63, 0x28, 0x64, 0x10, 0x64, 0x10, 0x64, 0x10, 0x64, 0x10, 0x64, 0x10, 0x64, 0x10, 0x64, 0x10, 0x64, 0x10, 0x64, 0x10, 0x64, 0x10, 0x64, 0x10,
    0x64, 0x10, 0x64, 0x10, 0x64, 0x10, 0x64, 0x10, 0x64, 0x10, 0x64, 0x10, 0x64, 0x10, 0x64, 0x10, 0x64, 0x10, 0x64, 0x10, 0x64, 0x10, 0x63, 0x28, 0x63, 0x28, 0x43, 0x40, 0x43, 0x40, 0x42, 0x68,
    0x42, 0x68, 0x00, 0xf0, 0x00, 0xf0, 0x00, 0xf0, 0x00, 0xf0, 0x00, 0xf8, 0x00, 0xf8, 0x00, 0xf8, 0x00, 0xf8, 0x00, 0xf0, 0x00, 0xf0, 0x00, 0xf0, 0x00, 0xf0, 0x42, 0x68, 0x42, 0x68, 0x43, 0x40,
    0x43, 0x40, 0x63, 0x28, 0x63, 0x28, 0x64, 0x10, 0x64, 0x10, 0x64, 0x10, 0x64, 0x10, 0x64, 0x10, 0x64, 0x10, 0x64, 0x10, 0x64, 0x10, 0x64, 0x10, 0x64, 0x10, 0x64, 0x10, 0x64, 0x10, 0x64, 0x10,
    0x64, 0x10, 0x64, 0x10, 0x64, 0x10, 0x64, 0x10, 0x64, 0x10, 0x64, 0x10, 0x64, 0x10, 0x64, 0x10, 0x64, 0x10, 0x64, 0x10, 0x64, 0x10, 0x64, 0x10, 0x64, 0x10, 0x64, 0x10, 0x64, 0x10, 0x64, 0x10,
    0x64, 0x10, 0x64, 0x10, 0x64, 0x10, 0x64, 0x10, 0x64, 0x10, 0x64, 0x10, 0x64, 0x10, 0x64, 0x10, 0x64, 0x10, 0x64, 0x10, 0x64, 0x10, 0x64, 0x10, 0x64, 0x10, 0x64, 0x10, 0x64, 0x10, 0x64, 0x10,
    0x64, 0x10, 0x64, 0x10, 0x64, 0x10, 0x64, 0x10, 0x64, 0x10, 0x64, 0x10, 0x64, 0x10, 0x64, 0x10, 0x64, 0x10, 0x64, 0x10, 0x64, 0x10, 0x64, 0x10, 0x64, 0x10, 0x64, 0x10, 0x64, 0x10, 0x64, 0x10,
    0x64, 0x10, 0x64, 0x10, 0x64, 0x10, 0x64, 0x10, 0x64, 0x10, 0x64, 0x10, 0x64, 0x10, 0x64, 0x10, 0x64, 0x10, 0x64, 0x10, 0x64, 0x10, 0x64, 0x10, 0x64, 0x10, 0x64, 0x10, 0x64, 0x10, 0x64, 0x10,
    0x64, 0x10, 0x64, 0x10, 0x64, 0x10, 0x64, 0x10, 0x64, 0x10, 0x64, 0x10, 0x64, 0x10, 0x64, 0x10, 0x64, 0x10, 0x64, 0x10, 0x64, 0x10, 0x64, 0x10, 0x64, 0x10, 0x64, 0x10, 0x64, 0x10, 0x64, 0x10,
    0x64, 0x10, 0x64, 0x10, 0x64, 0x10, 0x64, 0x10, 0x64, 0x10, 0x64, 0x10, 0x64, 0x10, 0x64, 0x10, 0x64, 0x10, 0x64, 0x10, 0x64, 0x10, 0x64, 0x10, 0x64, 0x10, 0x64, 0x10, 0x64, 0x10, 0x64, 0x10,
    0x64, 0x10, 0x64, 0x10, 0x64, 0x10, 0x64, 0x10, 0x64, 0x10, 0x64, 0x10, 0x64, 0x10, 0x64, 0x10, 0x64, 0x10, 0x64, 0x10, 0x64, 0x10, 0x64, 0x10, 0x64, 0x10, 0x64, 0x10, 0x64, 0x10, 0x64, 0x10,
    0x64, 0x10, 0x64, 0x10, 0x64, 0x10, 0x64, 0x10, 0x64, 0x10, 0x64, 0x10, 0x64, 0x10, 0x64, 0x10, 0x64, 0x10, 0x64, 0x10, 0x64, 0x10, 0x64, 0x10, 0x64, 0x10, 0x64, 0x10, 0x64, 0x10, 0x64, 0x10,
    0x64, 0x10, 0x64, 0x10, 0x64, 0x10, 0x64, 0x10, 0x64, 0x10, 0x64, 0x10, 0x64, 0x10, 0x64, 0x10, 0x64, 0x10, 0x64, 0x10, 0x64, 0x10, 0x64, 0x10, 0x64, 0x10, 0x64, 0x10, 0x64, 0x10, 0x64, 0x10,
    0x64, 0x10, 0x64, 0x10, 0x64, 0x10, 0x64, 0x10, 0x64, 0x10, 0x64, 0x10, 0x64, 0x10, 0x64, 0x10, 0x64, 0x10, 0x64, 0x10, 0x64, 0x10, 0x64, 0x10, 0x64, 0x10, 0x64, 0x10, 0x64, 0x10, 0x64, 0x10,
    0x64, 0x10, 0x64, 0x10, 0x64, 0x10, 0x64, 0x10, 0x64, 0x10, 0x64, 0x10, 0x64, 0x10, 0x64, 0x10, 0x64, 0x10, 0x63, 0x28, 0x63, 0x28, 0x43, 0x40, 0x43, 0x40, 0x42, 0x68, 0x42, 0x68, 0x00, 0xf0,
    0x00, 0xf0, 0x00, 0xf0, 0x00, 0xf0, 0x00, 0xf8, 0x00, 0xf8, 0x00, 0xf8, 0x00, 0xf8, 0x00, 0xf8, 0x00, 0xf8, 0x00, 0xf0, 0x00, 0xf0, 0x00, 0xf0, 0x00, 0xf0, 0x00, 0xe8, 0x00, 0xe8, 0x42, 0x70,
    0x42, 0x70, 0x43, 0x50, 0x43, 0x50, 0x43, 0x38, 0x43, 0x38, 0x63, 0x20, 0x63, 0x20, 0x64, 0x18, 0x64, 0x18, 0x63, 0x28, 0x63, 0x28, 0x43, 0x40, 0x43, 0x40, 0x42, 0x68, 0x42, 0x68, 0x00, 0xf0,
    0x00, 0xf0, 0x00, 0xf0, 0x00, 0xf0, 0x00, 0xf0, 0x00, 0xf0, 0x00, 0xf0, 0x00, 0xf0, 0x42, 0x68, 0x42, 0x68, 0x43, 0x40, 0x43, 0x40, 0x63, 0x28, 0x63, 0x28, 0x64, 0x10, 0x64, 0x10, 0x64, 0x10,
    0x64, 0x10, 0x64, 0x10, 0x64, 0x10, 0x64, 0x10, 0x64, 0x10, 0x64, 0x10, 0x64, 0x10, 0x64, 0x10, 0x64, 0x10, 0x64, 0x10, 0x64, 0x10, 0x64, 0x10, 0x64, 0x10, 0x64, 0x10, 0x64, 0x10, 0x64, 0x10,
    0x64, 0x10, 0x64, 0x10, 0x64, 0x10, 0x63, 0x28, 0x63, 0x28, 0x43, 0x40, 0x43, 0x40, 0x42, 0x68, 0x42, 0x68, 0x00, 0xf0, 0x00, 0xf0, 0x00, 0xf0, 0x00, 0xf0, 0x00, 0xf8, 0x00, 0xf8, 0x00, 0xf8,
    0x00, 0xf8, 0x00, 0xf0, 0x00, 0xf0, 0x00, 0xf0, 0x00, 0xf0, 0x42, 0x68, 0x42, 0x68, 0x43, 0x40, 0x43, 0x40, 0x63, 0x28, 0x63, 0x28, 0x64, 0x10, 0x64, 0x10, 0x64, 0x10, 0x64, 0x10, 0x64, 0x10,
    0x64, 0x10, 0x64, 0x10, 0x64, 0x10, 0x64, 0x10, 0x64, 0x10, 0x64, 0x10, 0x64, 0x10, 0x64, 0x10, 0x64, 0x10, 0x64, 0x10, 0x64, 0x10, 0x64, 0x10, 0x64, 0x10, 0x64, 0x10, 0x64, 0x10, 0x64, 0x10,
    0x64, 0x10, 0x64, 0x10, 0x64, 0x10, 0x64, 0x10, 0x64, 0x10, 0x64, 0x10, 0x64, 0x10, 0x64, 0x10, 0x64, 0x10, 0x64, 0x10, 0x64, 0x10, 0x64, 0x10, 0x64, 0x10, 0x64, 0x10, 0x64, 0x10, 0x64, 0x10,
    0x64, 0x10, 0x64, 0x10, 0x64, 0x10, 0x64, 0x10, 0x64, 0x10, 0x64, 0x10, 0x64, 0x10, 0x64, 0x10, 0x64, 0x10, 0x64, 0x10, 0x64, 0x10, 0x64, 0x10, 0x64, 0x10, 0x64, 0x10, 0x64, 0x10, 0x64, 0x10,
    0x64, 0x10, 0x64, 0x10, 0x64, 0x10, 0x64, 0x10, 0x64, 0x10, 0x64, 0x10, 0x64, 0x10, 0x64, 0x10, 0x64, 0x10, 0x64, 0x10, 0x64, 0x10, 0x64, 0x10, 0x64, 0x10, 0x64, 0x10, 0x64, 0x10, 0x64, 0x10,
    0x64, 0x10, 0x64, 0x10, 0x64, 0x10, 0x64, 0x10, 0x64, 0x10, 0x64, 0x10, 0x64, 0x10, 0x64, 0x10, 0x64, 0x10, 0x64, 0x10, 0x64, 0x10, 0x64, 0x10, 0x64, 0x10, 0x64, 0x10, 0x64, 0x10, 0x64, 0x10,
    0x64, 0x10, 0x64, 0x10, 0x64, 0x10, 0x64, 0x10, 0x64, 0x10, 0x64, 0x10, 0x64, 0x10, 0x64, 0x10, 0x64, 0x10, 0x64, 0x10, 0x64, 0x10, 0x64, 0x10, 0x64, 0x10, 0x64, 0x10, 0x64, 0x10, 0x64, 0x10,
    0x64, 0x10, 0x64, 0x10, 0x64, 0x10, 0x64, 0x10, 0x64, 0x10, 0x64, 0x10, 0x64, 0x10, 0x64, 0x10, 0x64, 0x10, 0x64, 0x10, 0x64, 0x10, 0x64, 0x10, 0x64, 0x10, 0x64, 0x10, 0x64, 0x10, 0x64, 0x10,
    0x64, 0x10, 0x64, 0x10, 0x64, 0x10, 0x64, 0x10, 0x64, 0x10, 0x64, 0x10, 0x64, 0x10, 0x64, 0x10, 0x64, 0x10, 0x64, 0x10, 0x64, 0x10, 0x64, 0x10, 0x64, 0x10, 0x64, 0x10, 0x64, 0x10, 0x64, 0x10,
    0x64, 0x10, 0x64, 0x10, 0x64, 0x10, 0x64, 0x10, 0x64, 0x10, 0x64, 0x10, 0x64, 0x10, 0x64, 0x10, 0x64, 0x10, 0x64, 0x10, 0x64, 0x10, 0x64, 0x10, 0x64, 0x10, 0x64, 0x10, 0x64, 0x10, 0x64, 0x10,
    0x64, 0x10, 0x64, 0x10, 0x64, 0x10, 0x64, 0x10, 0x64, 0x10, 0x64, 0x10, 0x64, 0x10, 0x64, 0x10, 0x64, 0x10, 0x64, 0x10, 0x64, 0x10, 0x64, 0x10, 0x64, 0x10, 0x64, 0x10, 0x64, 0x10, 0x64, 0x10,
    0x64, 0x10, 0x64, 0x10, 0x64, 0x10, 0x64, 0x10, 0x64, 0x10, 0x64, 0x10, 0x64, 0x10, 0x64, 0x10, 0x64, 0x10, 0x64, 0x10, 0x64, 0x10, 0x64, 0x10, 0x64, 0x10, 0x64, 0x10, 0x64, 0x10, 0x64, 0x10,
    0x64, 0x10, 0x63, 0x28, 0x63, 0x28, 0x43, 0x40, 0x43, 0x40, 0x42, 0x68, 0x42, 0x68, 0x00, 0xf0, 0x00, 0xf0, 0x00, 0xf0, 0x00, 0xf0, 0x00, 0xf8, 0x00, 0xf8, 0x00, 0xf8, 0x00, 0xf8, 0x00, 0xf8,
    0x00, 0xf8, 0x00, 0xf0, 0x00, 0xf0, 0x00, 0xf0, 0x00, 0xf0, 0x00, 0xe8, 0x00, 0xe8, 0x42, 0x70, 0x42, 0x70, 0x43, 0x50, 0x43, 0x50, 0x43, 0x38, 0x43, 0x38, 0x63, 0x20, 0x63, 0x20, 0x64, 0x18,
    0x64, 0x18, 0x63, 0x28, 0x63, 0x28, 0x43, 0x40, 0x43, 0x40, 0x42, 0x68, 0x42, 0x68, 0x00, 0xf0, 0x00, 0xf0, 0x00, 0xf0, 0x00, 0xf0, 0x00, 0xf0, 0x00, 0xf0, 0x00, 0xf0, 0x00, 0xf0, 0x42, 0x68,
    0x42, 0x68, 0x43, 0x40, 0x43, 0x40, 0x63, 0x28, 0x63, 0x28, 0x64, 0x10, 0x64, 0x10, 0x64, 0x10, 0x64, 0x10, 0x64, 0x10, 0x64, 0x10, 0x64, 0x10, 0x64, 0x10, 0x64, 0x10, 0x64, 0x10, 0x64, 0x10,
    0x64, 0x10, 0x64, 0x10, 0x64, 0x10, 0x64, 0x10, 0x64, 0x10, 0x64, 0x10, 0x64, 0x10, 0x64, 0x10, 0x64, 0x10, 0x64, 0x10, 0x64, 0x10, 0x63, 0x28, 0x63, 0x28, 0x43, 0x40, 0x43, 0x40, 0x42, 0x68,
    0x42, 0x68, 0x00, 0xf0, 0x00, 0xf0, 0x00, 0xf0, 0x00, 0xf0, 0x00, 0xf8, 0x00, 0xf8, 0x00, 0xf8, 0x00, 0xf8, 0x00, 0xf0, 0x00, 0xf0, 0x00, 0xf0, 0x00, 0xf0, 0x42, 0x68, 0x42, 0x68, 0x43, 0x40,
    0x43, 0x40, 0x63, 0x28, 0x63, 0x28, 0x64, 0x10, 0x64, 0x10, 0x64, 0x10, 0x64, 0x10, 0x64, 0x10, 0x64, 0x10, 0x64, 0x10, 0x64, 0x10, 0x64, 0x10, 0x64, 0x10, 0x64, 0x10, 0x64, 0x10, 0x64, 0x10,
    0x64, 0x10, 0x64, 0x10, 0x64, 0x10, 0x64, 0x10, 0x64, 0x10, 0x64, 0x10, 0x64, 0x10, 0x64, 0x10, 0x64, 0x10, 0x64, 0x10, 0x64, 0x10, 0x64, 0x10, 0x64, 0x10, 0x64, 0x10, 0x64, 0x10, 0x64, 0x10,
    0x64, 0x10, 0x64, 0x10, 0x64, 0x10, 0x64, 0x10, 0x64, 0x10, 0x64, 0x10, 0x64, 0x10, 0x64, 0x10, 0x64, 0x10, 0x64, 0x10, 0x64, 0x10, 0x64, 0x10, 0x64, 0x10, 0x64, 0x10, 0x64, 0x10, 0x64, 0x10,
    0x64, 0x10, 0x64, 0x10, 0x64, 0x10, 0x64, 0x10, 0x64, 0x10, 0x64, 0x10, 0x64, 0x10, 0x64, 0x10, 0x64, 0x10, 0x64, 0x10, 0x64, 0x10, 0x64, 0x10, 0x64, 0x10, 0x64, 0x10, 0x64, 0x10, 0x64, 0x10,
    0x64, 0x10, 0x64, 0x10, 0x64, 0x10, 0x64, 0x10, 0x64, 0x10, 0x64, 0x10, 0x64, 0x10, 0x64, 0x10, 0x64, 0x10, 0x64, 0x10, 0x64, 0x10, 0x64, 0x10, 0x64, 0x10, 0x64, 0x10, 0x64, 0x10, 0x64, 0x10,
    0x64, 0x10, 0x64, 0x10, 0x64, 0x10, 0x64, 0x10, 0x64, 0x10, 0x64, 0x10, 0x64, 0x10, 0x64, 0x10, 0x64, 0x10, 0x64, 0x10, 0x64, 0x10, 0x64, 0x10, 0x64, 0x10, 0x64, 0x10, 0x64, 0x10, 0x64, 0x10,
    0x64, 0x10, 0x64, 0x10, 0x64, 0x10, 0x64, 0x10, 0x64, 0x10, 0x64, 0x10, 0x64, 0x10, 0x64, 0x10, 0x64, 0x10, 0x64, 0x10, 0x64, 0x10, 0x64, 0x10, 0x64, 0x10, 0x64, 0x10, 0x64, 0x10, 0x64, 0x10,
    0x64, 0x10, 0x64, 0x10, 0x64, 0x10, 0x64, 0x10, 0x64, 0x10, 0x64, 0x10, 0x64, 0x10, 0x64, 0x10, 0x64, 0x10, 0x64, 0x10, 0x64, 0x10, 0x64, 0x10, 0x64, 0x10, 0x64, 0x10, 0x64, 0x10, 0x64, 0x10,
    0x64, 0x10, 0x64, 0x10, 0x64, 0x10, 0x64, 0x10, 0x64, 0x10, 0x64, 0x10, 0x64, 0x10, 0x64, 0x10, 0x64, 0x10, 0x64, 0x10, 0x64, 0x10, 0x64, 0x10, 0x64, 0x10, 0x64, 0x10, 0x64, 0x10, 0x64, 0x10,
    0x64, 0x10, 0x64, 0x10, 0x64, 0x10, 0x64, 0x10, 0x64, 0x10, 0x64, 0x10, 0x64, 0x10, 0x64, 0x10, 0x64, 0x10, 0x64, 0x10, 0x64, 0x10, 0x64, 0x10, 0x64, 0x10, 0x64, 0x10, 0x64, 0x10, 0x64, 0x10,
    0x64, 0x10, 0x64, 0x10, 0x64, 0x10, 0x64, 0x10, 0x64, 0x10, 0x64, 0x10, 0x64, 0x10, 0x64, 0x10, 0x64, 0x10, 0x64, 0x10, 0x64, 0x10, 0x64, 0x10, 0x64, 0x10, 0x64, 0x10, 0x64, 0x10, 0x64, 0x10,
    0x64, 0x10, 0x64, 0x10, 0x64, 0x10, 0x64, 0x10, 0x64, 0x10, 0x64, 0x10, 0x64, 0x10, 0x64, 0x10, 0x64, 0x10, 0x63, 0x28, 0x63, 0x28, 0x43, 0x40, 0x43, 0x40, 0x42, 0x68, 0x42, 0x68, 0x00, 0xf0,
    0x00, 0xf0, 0x00, 0xf0, 0x00, 0xf0, 0x00, 0xf8, 0x00, 0xf8, 0x00, 0xf8, 0x00, 0xf8, 0x00, 0xf8, 0x00, 0xf8, 0x00, 0xf0, 0x00, 0xf0, 0x00, 0xe8, 0x00, 0xe8, 0x42, 0x70, 0x42, 0x70, 0x43, 0x50,
    0x43, 0x50, 0x43, 0x38, 0x43, 0x38, 0x63, 0x20, 0x63, 0x20, 0x64, 0x18, 0x64, 0x18, 0x64, 0x10, 0x64, 0x10, 0x63, 0x28, 0x63, 0x28, 0x43, 0x40, 0x43, 0x40, 0x42, 0x68, 0x42, 0x68, 0x00, 0xf0,
    0x00, 0xf0, 0x00, 0xf0, 0x00, 0xf0, 0x00, 0xf0, 0x00, 0xf0, 0x00, 0xf0, 0x00, 0xf0, 0x42, 0x68, 0x42, 0x68, 0x43, 0x40, 0x43, 0x40, 0x63, 0x28, 0x63, 0x28, 0x64, 0x10, 0x64, 0x10, 0x64, 0x10,
    0x64, 0x10, 0x64, 0x10, 0x64, 0x10, 0x64, 0x10, 0x64, 0x10, 0x64, 0x10, 0x64, 0x10, 0x64, 0x10, 0x64, 0x10, 0x64, 0x10, 0x64, 0x10, 0x64, 0x10, 0x64, 0x10, 0x64, 0x10, 0x64, 0x10, 0x64, 0x10,
    0x64, 0x10, 0x64, 0x10, 0x64, 0x10, 0x63, 0x28, 0x63, 0x28, 0x43, 0x40, 0x43, 0x40, 0x42, 0x68, 0x42, 0x68, 0x00, 0xf0, 0x00, 0xf0, 0x00, 0xf0, 0x00, 0xf0, 0x00, 0xf8, 0x00, 0xf8, 0x00, 0xf8,
    0x00, 0xf8, 0x00, 0xf0, 0x00, 0xf0, 0x00, 0xf0, 0x00, 0xf0, 0x42, 0x68, 0x42, 0x68, 0x43, 0x40, 0x43, 0x40, 0x63, 0x28, 0x63, 0x28, 0x64, 0x10, 0x64, 0x10, 0x64, 0x10, 0x64, 0x10, 0x64, 0x10,
    0x64, 0x10, 0x64, 0x10, 0x64, 0x10, 0x64, 0x10, 0x64, 0x10, 0x64, 0x10, 0x64, 0x10, 0x64, 0x10, 0x64, 0x10, 0x64, 0x10, 0x64, 0x10, 0x64, 0x10, 0x64, 0x10, 0x64, 0x10, 0x64, 0x10, 0x64, 0x10,
    0x64, 0x10, 0x64, 0x10, 0x64, 0x10, 0x64, 0x10, 0x64, 0x10, 0x64, 0x10, 0x64, 0x10, 0x64, 0x10, 0x64, 0x10, 0x64, 0x10, 0x64, 0x10, 0x64, 0x10, 0x64, 0x10, 0x64, 0x10, 0x64, 0x10, 0x64, 0x10,
    0x64, 0x10, 0x64, 0x10, 0x64, 0x10, 0x64, 0x10, 0x64, 0x10, 0x64, 0x10, 0x64, 0x10, 0x64, 0x10, 0x64, 0x10, 0x64, 0x10, 0x64, 0x10, 0x64, 0x10, 0x64, 0x10, 0x64, 0x10, 0x64, 0x10, 0x64, 0x10,
    0x64, 0x10, 0x64, 0x10, 0x64, 0x10, 0x64, 0x10, 0x64, 0x10, 0x64, 0x10, 0x64, 0x10, 0x64, 0x10, 0x64, 0x10, 0x64, 0x10, 0x64, 0x10, 0x64, 0x10, 0x64, 0x10, 0x64, 0x10, 0x64, 0x10, 0x64, 0x10,
    0x64, 0x10, 0x64, 0x10, 0x64, 0x10, 0x64, 0x10, 0x64, 0x10, 0x64, 0x10, 0x64, 0x10, 0x64, 0x10, 0x64, 0x10, 0x64, 0x10, 0x64, 0x10, 0x64, 0x10, 0x64, 0x10, 0x64, 0x10, 0x64, 0x10, 0x64, 0x10,
    0x64, 0x10, 0x64, 0x10, 0x64, 0x10, 0x64, 0x10, 0x64, 0x10, 0x64, 0x10, 0x64, 0x10, 0x64, 0x10, 0x64, 0x10, 0x64, 0x10, 0x64, 0x10, 0x64, 0x10, 0x64, 0x10, 0x64, 0x10, 0x64, 0x10, 0x64, 0x10,
    0x64, 0x10, 0x64, 0x10, 0x64, 0x10, 0x64, 0x10, 0x64, 0x10, 0x64, 0x10, 0x64, 0x10, 0x64, 0x10, 0x64, 0x10, 0x64, 0x10, 0x64, 0x10, 0x64, 0x10, 0x64, 0x10, 0x64, 0x10, 0x64, 0x10, 0x64, 0x10,
    0x64, 0x10, 0x64, 0x10, 0x64, 0x10, 0x64, 0x10, 0x64, 0x10, 0x64, 0x10, 0x64, 0x10, 0x64, 0x10, 0x64, 0x10, 0x64, 0x10, 0x64, 0x10, 0x64, 0x10, 0x64, 0x10, 0x64, 0x10, 0x64, 0x10, 0x64, 0x10,
    0x64, 0x10, 0x64, 0x10, 0x64, 0x10, 0x64, 0x10, 0x64, 0x10, 0x64, 0x10, 0x64, 0x10, 0x64, 0x10, 0x64, 0x10, 0x64, 0x10, 0x64, 0x10, 0x64, 0x10, 0x64, 0x10, 0x64, 0x10, 0x64, 0x10, 0x64, 0x10,
    0x64, 0x10, 0x64, 0x10, 0x64, 0x10, 0x64, 0x10, 0x64, 0x10, 0x64, 0x10, 0x64, 0x10, 0x64, 0x10, 0x64, 0x10, 0x64, 0x10, 0x64, 0x10, 0x64, 0x10, 0x64, 0x10, 0x64, 0x10, 0x64, 0x10, 0x64, 0x10,
    0x64, 0x10, 0x64, 0x10, 0x64, 0x10, 0x64, 0x10, 0x64, 0x10, 0x64, 0x10, 0x64, 0x10, 0x64, 0x10, 0x64, 0x10, 0x64, 0x10, 0x64, 0x10, 0x64, 0x10, 0x64, 0x10, 0x64, 0x10, 0x64, 0x10, 0x64, 0x10,
    0x64, 0x10, 0x63, 0x28, 0x63, 0x28, 0x43, 0x40, 0x43, 0x40, 0x42, 0x68, 0x42, 0x68, 0x00, 0xf0, 0x00, 0xf0, 0x00, 0xf0, 0x00, 0xf0, 0x00, 0xf8, 0x00, 0xf8, 0x00, 0xf8, 0x00, 0xf8, 0x00, 0xf8,
    0x00, 0xf8, 0x00, 0xf0, 0x00, 0xf0, 0x00, 0xe8, 0x00, 0xe8, 0x42, 0x70, 0x42, 0x70, 0x43, 0x50, 0x43, 0x50, 0x43, 0x38, 0x43, 0x38, 0x63, 0x20, 0x63, 0x20, 0x64, 0x18, 0x64, 0x18, 0x64, 0x10,
    0x64, 0x10, 0x63, 0x28, 0x63, 0x28, 0x43, 0x40, 0x43, 0x40, 0x42, 0x68, 0x42, 0x68, 0x00, 0xf0, 0x00, 0xf0, 0x00, 0xf0, 0x00, 0xf0, 0x00, 0xf0, 0x00, 0xf0, 0x00, 0xf0, 0x00, 0xf0, 0x42, 0x68,
    0x42, 0x68, 0x43, 0x40, 0x43, 0x40, 0x63, 0x28, 0x63, 0x28, 0x64, 0x10, 0x64, 0x10, 0x64, 0x10, 0x64, 0x10, 0x64, 0x10, 0x64, 0x10, 0x64, 0x10, 0x64, 0x10, 0x64, 0x10, 0x64, 0x10, 0x64, 0x10,
    0x64, 0x10, 0x64, 0x10, 0x64, 0x10, 0x64, 0x10, 0x64, 0x10, 0x64, 0x10, 0x64, 0x10, 0x64, 0x10, 0x64, 0x10, 0x64, 0x10, 0x64, 0x10, 0x63, 0x28, 0x63, 0x28, 0x43, 0x40, 0x43, 0x40, 0x42, 0x68,
    0x42, 0x68, 0x00, 0xf0, 0x00, 0xf0, 0x00, 0xf0, 0x00, 0xf0, 0x00, 0xf8, 0x00, 0xf8, 0x00, 0xf8, 0x00, 0xf8, 0x00, 0xf0, 0x00, 0xf0, 0x00, 0xf0, 0x00, 0xf0, 0x42, 0x68, 0x42, 0x68, 0x43, 0x40,
    0x43, 0x40, 0x63, 0x28, 0x63, 0x28, 0x64, 0x10, 0x64, 0x10, 0x64, 0x10, 0x64, 0x10, 0x64, 0x10, 0x64, 0x10, 0x64, 0x10, 0x64, 0x10, 0x64, 0x10, 0x64, 0x10, 0x64, 0x10, 0x64, 0x10, 0x64, 0x10,
    0x64, 0x10, 0x64, 0x10, 0x64, 0x10, 0x64, 0x10, 0x64, 0x10, 0x64, 0x10, 0x64, 0x10, 0x64, 0x10, 0x64, 0x10, 0x64, 0x10, 0x64, 0x10, 0x64, 0x10, 0x64, 0x10, 0x64, 0x10, 0x64, 0x10, 0x64, 0x10,
    0x64, 0x10, 0x64, 0x10, 0x64, 0x10, 0x64, 0x10, 0x64, 0x10, 0x64, 0x10, 0x64, 0x10, 0x64, 0x10, 0x64, 0x10, 0x64, 0x10, 0x64, 0x10, 0x64, 0x10, 0x64, 0x10, 0x64, 0x10, 0x64, 0x10, 0x64, 0x10,
    0x64, 0x10, 0x64, 0x10, 0x64, 0x10, 0x64, 0x10, 0x64, 0x10, 0x64, 0x10, 0x64, 0x10, 0x64, 0x10, 0x64, 0x10, 0x64, 0x10, 0x64, 0x10, 0x64, 0x10, 0x64, 0x10, 0x64, 0x10, 0x64, 0x10, 0x64, 0x10,
    0x64, 0x10, 0x64, 0x10, 0x64, 0x10, 0x64, 0x10, 0x64, 0x10, 0x64, 0x10, 0x64, 0x10, 0x64, 0x10, 0x64, 0x10, 0x64, 0x10, 0x64, 0x10, 0x64, 0x10, 0x64, 0x10, 0x64, 0x10, 0x64, 0x10, 0x64, 0x10,
    0x64, 0x10, 0x64, 0x10, 0x64, 0x10, 0x64, 0x10, 0x64, 0x10, 0x64, 0x10, 0x64, 0x10, 0x64, 0x10, 0x64, 0x10, 0x64, 0x10, 0x64, 0x10, 0x64, 0x10, 0x64, 0x10, 0x64, 0x10, 0x64, 0x10, 0x64, 0x10,
    0x64, 0x10, 0x64, 0x10, 0x64, 0x10, 0x64, 0x10, 0x64, 0x10, 0x64, 0x10, 0x64, 0x10, 0x64, 0x10, 0x64, 0x10, 0x64, 0x10, 0x64, 0x10, 0x64, 0x10, 0x64, 0x10, 0x64, 0x10, 0x64, 0x10, 0x64, 0x10,
    0x64, 0x10, 0x64, 0x10, 0x64, 0x10, 0x64, 0x10, 0x64, 0x10, 0x64, 0x10, 0x64, 0x10, 0x64, 0x10, 0x64, 0x10, 0x64, 0x10, 0x64, 0x10, 0x64, 0x10, 0x64, 0x10, 0x64, 0x10, 0x64, 0x10, 0x64, 0x10,
    0x64, 0x10, 0x64, 0x10, 0x64, 0x10, 0x64, 0x10, 0x64, 0x10, 0x64, 0x10, 0x64, 0x10, 0x64, 0x10, 0x64, 0x10, 0x64, 0x10, 0x64, 0x10, 0x64, 0x10, 0x64, 0x10, 0x64, 0x10, 0x64, 0x10, 0x64, 0x10,
    0x64, 0x10, 0x64, 0x10, 0x64, 0x10, 0x64, 0x10, 0x64, 0x10, 0x64, 0x10, 0x64, 0x10, 0x64, 0x10, 0x64, 0x10, 0x64, 0x10, 0x64, 0x10, 0x64, 0x10, 0x64, 0x10, 0x64, 0x10, 0x64, 0x10, 0x64, 0x10,
    0x64, 0x10, 0x64, 0x10, 0x64, 0x10, 0x64, 0x10, 0x64, 0x10, 0x64, 0x10, 0x64, 0x10, 0x64, 0x10, 0x64, 0x10, 0x64, 0x10, 0x64, 0x10, 0x64, 0x10, 0x64, 0x10, 0x64, 0x10, 0x64, 0x10, 0x64, 0x10,
    0x64, 0x10, 0x64, 0x10, 0x64, 0x10, 0x64, 0x10, 0x64, 0x10, 0x64, 0x10, 0x64, 0x10, 0x64, 0x10, 0x64, 0x10, 0x63, 0x28, 0x63, 0x28, 0x43, 0x40, 0x43, 0x40, 0x42, 0x68, 0x42, 0x68, 0x00, 0xf0,
    0x00, 0xf0, 0x00, 0xf0, 0x00, 0xf0, 0x00, 0xf8, 0x00, 0xf8, 0x00, 0xf8, 0x00, 0xf8, 0x00, 0xf0, 0x00, 0xf0, 0x00, 0xf0, 0x00, 0xf0, 0x22, 0x80, 0x22, 0x80, 0x42, 0x58, 0x42, 0x58, 0x43, 0x38,
    0x43, 0x38, 0x63, 0x20, 0x63, 0x20, 0x64, 0x18, 0x64, 0x18, 0x64, 0x10, 0x64, 0x10, 0x64, 0x10, 0x64, 0x10, 0x63, 0x28, 0x63, 0x28, 0x43, 0x40, 0x43, 0x40, 0x42, 0x68, 0x42, 0x68, 0x00, 0xf0,
    0x00, 0xf0, 0x00, 0xf0, 0x00, 0xf0, 0x00, 0xf0, 0x00, 0xf0, 0x00, 0xf0, 0x00, 0xf0, 0x42, 0x68, 0x42, 0x68, 0x43, 0x40, 0x43, 0x40, 0x63, 0x28, 0x63, 0x28, 0x64, 0x10, 0x64, 0x10, 0x64, 0x10,
    0x64, 0x10, 0x64, 0x10, 0x64, 0x10, 0x64, 0x10, 0x64, 0x10, 0x64, 0x10, 0x64, 0x10, 0x64, 0x10, 0x64, 0x10, 0x64, 0x10, 0x64, 0x10, 0x64, 0x10, 0x64, 0x10, 0x64, 0x10, 0x64, 0x10, 0x64, 0x10,
    0x64, 0x10, 0x64, 0x10, 0x64, 0x10, 0x63, 0x28, 0x63, 0x28, 0x43, 0x40, 0x43, 0x40, 0x42, 0x68, 0x42, 0x68, 0x00, 0xf0, 0x00, 0xf0, 0x00, 0xf0, 0x00, 0xf0, 0x00, 0xf8, 0x00, 0xf8, 0x00, 0xf8,
    0x00, 0xf8, 0x00, 0xf0, 0x00, 0xf0, 0x00, 0xf0, 0x00, 0xf0, 0x42, 0x68, 0x42, 0x68, 0x43, 0x40, 0x43, 0x40, 0x63, 0x28, 0x63, 0x28, 0x64, 0x10, 0x64, 0x10, 0x64, 0x10, 0x64, 0x10, 0x64, 0x10,
    0x64, 0x10, 0x64, 0x10, 0x64, 0x10, 0x64, 0x10, 0x64, 0x10, 0x64, 0x10, 0x64, 0x10, 0x64, 0x10, 0x64, 0x10, 0x64, 0x10, 0x64, 0x10, 0x64, 0x10, 0x64, 0x10, 0x64, 0x10, 0x64, 0x10, 0x64, 0x10,
    0x64, 0x10, 0x64, 0x10, 0x64, 0x10, 0x64, 0x10, 0x64, 0x10, 0x64, 0x10, 0x64, 0x10, 0x64, 0x10, 0x64, 0x10, 0x64, 0x10, 0x64, 0x10, 0x64, 0x10, 0x64, 0x10, 0x64, 0x10, 0x64, 0x10, 0x64, 0x10,
    0x64, 0x10, 0x64, 0x10, 0x64, 0x10, 0x64, 0x10, 0x64, 0x10, 0x64, 0x10, 0x64, 0x10, 0x64, 0x10, 0x64, 0x10, 0x64, 0x10, 0x64, 0x10, 0x64, 0x10, 0x64, 0x10, 0x64, 0x10, 0x64, 0x10, 0x64, 0x10,
    0x64, 0x10, 0x64, 0x10, 0x64, 0x10, 0x64, 0x10, 0x64, 0x10, 0x64, 0x10, 0x64, 0x10, 0x64, 0x10, 0x64, 0x10, 0x64, 0x10, 0x64, 0x10, 0x64, 0x10, 0x64, 0x10, 0x64, 0x10, 0x64, 0x10, 0x64, 0x10,
    0x64, 0x10, 0x64, 0x10, 0x64, 0x10, 0x64, 0x10, 0x64, 0x10, 0x64, 0x10, 0x64, 0x10, 0x64, 0x10, 0x64, 0x10, 0x64, 0x10, 0x64, 0x10, 0x64, 0x10, 0x64, 0x10, 0x64, 0x10, 0x64, 0x10, 0x64, 0x10,
    0x64, 0x10, 0x64, 0x10, 0x64, 0x10, 0x64, 0x10, 0x64, 0x10, 0x64, 0x10, 0x64, 0x10, 0x64, 0x10, 0x64, 0x10, 0x64, 0x10, 0x64, 0x10, 0x64, 0x10, 0x64, 0x10, 0x64, 0x10, 0x64, 0x10, 0x64, 0x10,
    0x64, 0x10, 0x64, 0x10, 0x64, 0x10, 0x64, 0x10, 0x64, 0x10, 0x64, 0x10, 0x64, 0x10, 0x64, 0x10, 0x64, 0x10, 0x64, 0x10, 0x64, 0x10, 0x64, 0x10, 0x64, 0x10, 0x64, 0x10, 0x64, 0x10, 0x64, 0x10,
    0x64, 0x10, 0x64, 0x10, 0x64, 0x10, 0x64, 0x10, 0x64, 0x10, 0x64, 0x10, 0x64, 0x10, 0x64, 0x10, 0x64, 0x10, 0x64, 0x10, 0x64, 0x10, 0x64, 0x10, 0x64, 0x10, 0x64, 0x10, 0x64, 0x10, 0x64, 0x10,
    0x64, 0x10, 0x64, 0x10, 0x64, 0x10, 0x64, 0x10, 0x64, 0x10, 0x64, 0x10, 0x64, 0x10, 0x64, 0x10, 0x64, 0x10, 0x64, 0x10, 0x64, 0x10, 0x64, 0x10, 0x64, 0x10, 0x64, 0x10, 0x64, 0x10, 0x64, 0x10,
    0x64, 0x10, 0x64, 0x10, 0x64, 0x10, 0x64, 0x10, 0x64, 0x10, 0x64, 0x10, 0x64, 0x10, 0x64, 0x10, 0x64, 0x10, 0x64, 0x10, 0x64, 0x10, 0x64, 0x10, 0x64, 0x10, 0x64, 0x10, 0x64, 0x10, 0x64, 0x10,
    0x64, 0x10, 0x64, 0x10, 0x64, 0x10, 0x64, 0x10, 0x64, 0x10, 0x64, 0x10, 0x64, 0x10, 0x64, 0x10, 0x64, 0x10, 0x64, 0x10, 0x64, 0x10, 0x64, 0x10, 0x64, 0x10, 0x64, 0x10, 0x64, 0x10, 0x64, 0x10,
    0x64, 0x10, 0x63, 0x28, 0x63, 0x28, 0x43, 0x40, 0x43, 0x40, 0x42, 0x68, 0x42, 0x68, 0x00, 0xf0, 0x00, 0xf0, 0x00, 0xf0, 0x00, 0xf0, 0x00, 0xf8, 0x00, 0xf8, 0x00, 0xf8, 0x00, 0xf8, 0x00, 0xf0,
    0x00, 0xf0, 0x00, 0xf0, 0x00, 0xf0, 0x22, 0x80, 0x22, 0x80, 0x42, 0x58, 0x42, 0x58, 0x43, 0x38, 0x43, 0x38, 0x63, 0x20, 0x63, 0x20, 0x64, 0x18, 0x64, 0x18, 0x64, 0x10, 0x64, 0x10, 0x64, 0x10,
    0x64, 0x10, 0x63, 0x28, 0x63, 0x28, 0x43, 0x40, 0x43, 0x40, 0x42, 0x68, 0x42, 0x68, 0x00, 0xf0, 0x00, 0xf0, 0x00, 0xf0, 0x00, 0xf0, 0x00, 0xf0, 0x00, 0xf0, 0x00, 0xf0, 0x00, 0xf0, 0x42, 0x68,
    0x42, 0x68, 0x43, 0x40, 0x43, 0x40, 0x63, 0x28, 0x63, 0x28, 0x64, 0x10, 0x64, 0x10, 0x64, 0x10, 0x64, 0x10, 0x64, 0x10, 0x64, 0x10, 0x64, 0x10, 0x64, 0x10, 0x64, 0x10, 0x64, 0x10, 0x64, 0x10,
    0x64, 0x10, 0x64, 0x10, 0x64, 0x10, 0x64, 0x10, 0x64, 0x10, 0x64, 0x10, 0x64, 0x10, 0x64, 0x10, 0x64, 0x10, 0x64, 0x10, 0x64, 0x10, 0x63, 0x28, 0x63, 0x28, 0x43, 0x40, 0x43, 0x40, 0x42, 0x68,
    0x42, 0x68, 0x00, 0xf0, 0x00, 0xf0, 0x00, 0xf0, 0x00, 0xf0, 0x00, 0xf8, 0x00, 0xf8, 0x00, 0xf8, 0x00, 0xf8, 0x00, 0xf0, 0x00, 0xf0, 0x00, 0xf0, 0x00, 0xf0, 0x42, 0x68, 0x42, 0x68, 0x43, 0x40,
    0x43, 0x40, 0x63, 0x28, 0x63, 0x28, 0x64, 0x10, 0x64, 0x10, 0x64, 0x10, 0x64, 0x10, 0x64, 0x10, 0x64, 0x10, 0x64, 0x10, 0x64, 0x10, 0x64, 0x10, 0x64, 0x10, 0x64, 0x10, 0x64, 0x10, 0x64, 0x10,
    0x64, 0x10, 0x64, 0x10, 0x64, 0x10, 0x64, 0x10, 0x64, 0x10, 0x64, 0x10, 0x64, 0x10, 0x64, 0x10, 0x64, 0x10, 0x64, 0x10, 0x64, 0x10, 0x64, 0x10, 0x64, 0x10, 0x64, 0x10, 0x64, 0x10, 0x64, 0x10,
    0x64, 0x10, 0x64, 0x10, 0x64, 0x10, 0x64, 0x10, 0x64, 0x10, 0x64, 0x10, 0x64, 0x10, 0x64, 0x10, 0x64, 0x10, 0x64, 0x10, 0x64, 0x10, 0x64, 0x10, 0x64, 0x10, 0x64, 0x10, 0x64, 0x10, 0x64, 0x10,
    0x64, 0x10, 0x64, 0x10, 0x64, 0x10, 0x64, 0x10, 0x64, 0x10, 0x64, 0x10, 0x64, 0x10, 0x64, 0x10, 0x64, 0x10, 0x64, 0x10, 0x64, 0x10, 0x64, 0x10, 0x64, 0x10, 0x64, 0x10, 0x64, 0x10, 0x64, 0x10,
    0x64, 0x10, 0x64, 0x10, 0x64, 0x10, 0x64, 0x10, 0x64, 0x10, 0x64, 0x10, 0x64, 0x10, 0x64, 0x10, 0x64, 0x10, 0x64, 0x10, 0x64, 0x10, 0x64, 0x10, 0x64, 0x10, 0x64, 0x10, 0x64, 0x10, 0x64, 0x10,
    0x64, 0x10, 0x64, 0x10, 0x64, 0x10, 0x64, 0x10, 0x64, 0x10, 0x64, 0x10, 0x64, 0x10, 0x64, 0x10, 0x64, 0x10, 0x64, 0x10, 0x64, 0x10, 0x64, 0x10, 0x64, 0x10, 0x64, 0x10, 0x64, 0x10, 0x64, 0x10,
    0x64, 0x10, 0x64, 0x10, 0x64, 0x10, 0x64, 0x10, 0x64, 0x10, 0x64, 0x10, 0x64, 0x10, 0x64, 0x10, 0x64, 0x10, 0x64, 0x10, 0x64, 0x10, 0x64, 0x10, 0x64, 0x10, 0x64, 0x10, 0x64, 0x10, 0x64, 0x10,
    0x64, 0x10, 0x64, 0x10, 0x64, 0x10, 0x64, 0x10, 0x64, 0x10, 0x64, 0x10, 0x64, 0x10, 0x64, 0x10, 0x64, 0x10, 0x64, 0x10, 0x64, 0x10, 0x64, 0x10, 0x64, 0x10, 0x64, 0x10, 0x64, 0x10, 0x64, 0x10,
    0x64, 0x10, 0x64, 0x10, 0x64, 0x10, 0x64, 0x10, 0x64, 0x10, 0x64, 0x10, 0x64, 0x10, 0x64, 0x10, 0x64, 0x10, 0x64, 0x10, 0x64, 0x10, 0x64, 0x10, 0x64, 0x10, 0x64, 0x10, 0x64, 0x10, 0x64, 0x10,
    0x64, 0x10, 0x64, 0x10, 0x64, 0x10, 0x64, 0x10, 0x64, 0x10, 0x64, 0x10, 0x64, 0x10, 0x64, 0x10, 0x64, 0x10, 0x64, 0x10, 0x64, 0x10, 0x64, 0x10, 0x64, 0x10, 0x64, 0x10, 0x64, 0x10, 0x64, 0x10,
    0x64, 0x10, 0x64, 0x10, 0x64, 0x10, 0x64, 0x10, 0x64, 0x10, 0x64, 0x10, 0x64, 0x10, 0x64, 0x10, 0x64, 0x10, 0x64, 0x10, 0x64, 0x10, 0x64, 0x10, 0x64, 0x10, 0x64, 0x10, 0x64, 0x10, 0x64, 0x10,
    0x64, 0x10, 0x64, 0x10, 0x64, 0x10, 0x64, 0x10, 0x64, 0x10, 0x64, 0x10, 0x64, 0x10, 0x64, 0x10, 0x64, 0x10, 0x63, 0x28, 0x63, 0x28, 0x43, 0x40, 0x43, 0x40, 0x42, 0x68, 0x42, 0x68, 0x00, 0xf0,
    0x00, 0xf0, 0x00, 0xf0, 0x00, 0xf0, 0x00, 0xf8, 0x00, 0xf8, 0x00, 0xf8, 0x00, 0xf8, 0x00, 0xf0, 0x00, 0xf0, 0x22, 0x88, 0x22, 0x88, 0x42, 0x60, 0x42, 0x60, 0x43, 0x40, 0x43, 0x40, 0x63, 0x20,
    0x63, 0x20, 0x64, 0x18, 0x64, 0x18, 0x64, 0x10, 0x64, 0x10, 0x64, 0x10, 0x64, 0x10, 0x64, 0x10, 0x64, 0x10, 0x63, 0x28, 0x63, 0x28, 0x43, 0x48, 0x43, 0x48, 0x42, 0x70, 0x42, 0x70, 0x00, 0xf0,
    0x00, 0xf0, 0x00, 0xf0, 0x00, 0xf0, 0x00, 0xf0, 0x00, 0xf0, 0x00, 0xf0, 0x00, 0xf0, 0x42, 0x68, 0x42, 0x68, 0x43, 0x40, 0x43, 0x40, 0x63, 0x28, 0x63, 0x28, 0x64, 0x10, 0x64, 0x10, 0x64, 0x10,
    0x64, 0x10, 0x64, 0x10, 0x64, 0x10, 0x64, 0x10, 0x64, 0x10, 0x64, 0x10, 0x64, 0x10, 0x64, 0x10, 0x64, 0x10, 0x64, 0x10, 0x64, 0x10, 0x64, 0x10, 0x64, 0x10, 0x64, 0x10, 0x64, 0x10, 0x64, 0x10,
    0x64, 0x10, 0x64, 0x10, 0x64, 0x10, 0x63, 0x28, 0x63, 0x28, 0x43, 0x40, 0x43, 0x40, 0x42, 0x68, 0x42, 0x68, 0x00, 0xf0, 0x00, 0xf0, 0x00, 0xf0, 0x00, 0xf0, 0x00, 0xf8, 0x00, 0xf8, 0x00, 0xf8,
    0x00, 0xf8, 0x00, 0xf0, 0x00, 0xf0, 0x00, 0xf0, 0x00, 0xf0, 0x42, 0x68, 0x42, 0x68, 0x43, 0x40, 0x43, 0x40, 0x63, 0x28, 0x63, 0x28, 0x64, 0x10, 0x64, 0x10, 0x64, 0x10, 0x64, 0x10, 0x64, 0x10,
    0x64, 0x10, 0x64, 0x10, 0x64, 0x10, 0x64, 0x10, 0x64, 0x10, 0x64, 0x10, 0x64, 0x10, 0x64, 0x10, 0x64, 0x10, 0x64, 0x10, 0x64, 0x10, 0x64, 0x10, 0x64, 0x10, 0x64, 0x10, 0x64, 0x10, 0x64, 0x10,
    0x64, 0x10, 0x64, 0x10, 0x64, 0x10, 0x64, 0x10, 0x64, 0x10, 0x64, 0x10, 0x64, 0x10, 0x64, 0x10, 0x64, 0x10, 0x64, 0x10, 0x64, 0x10, 0x64, 0x10, 0x64, 0x10, 0x64, 0x10, 0x64, 0x10, 0x64, 0x10,
    0x64, 0x10, 0x64, 0x10, 0x64, 0x10, 0x64, 0x10, 0x64, 0x10, 0x64, 0x10, 0x64, 0x10, 0x64, 0x10, 0x64, 0x10, 0x64, 0x10, 0x64, 0x10, 0x64, 0x10, 0x64, 0x10, 0x64, 0x10, 0x64, 0x10, 0x64, 0x10,
    0x64, 0x10, 0x64, 0x10, 0x64, 0x10, 0x64, 0x10, 0x64, 0x10, 0x64, 0x10, 0x64, 0x10, 0x64, 0x10, 0x64, 0x10, 0x64, 0x10, 0x64, 0x10, 0x64, 0x10, 0x64, 0x10, 0x64, 0x10, 0x64, 0x10, 0x64, 0x10,
    0x64, 0x10, 0x64, 0x10, 0x64, 0x10, 0x64, 0x10, 0x64, 0x10, 0x64, 0x10, 0x64, 0x10, 0x64, 0x10, 0x64, 0x10, 0x64, 0x10, 0x64, 0x10, 0x64, 0x10, 0x64, 0x10, 0x64, 0x10, 0x64, 0x10, 0x64, 0x10,
    0x64, 0x10, 0x64, 0x10, 0x64, 0x10, 0x64, 0x10, 0x64, 0x10, 0x64, 0x10, 0x64, 0x10, 0x64, 0x10, 0x64, 0x10, 0x64, 0x10, 0x64, 0x10, 0x64, 0x10, 0x64, 0x10, 0x64, 0x10, 0x64, 0x10, 0x64, 0x10,
    0x64, 0x10, 0x64, 0x10, 0x64, 0x10, 0x64, 0x10, 0x64, 0x10, 0x64, 0x10, 0x64, 0x10, 0x64, 0x10, 0x64, 0x10, 0x64, 0x10, 0x64, 0x10, 0x64, 0x10, 0x64, 0x10, 0x64, 0x10, 0x64, 0x10, 0x64, 0x10,
    0x64, 0x10, 0x64, 0x10, 0x64, 0x10, 0x64, 0x10, 0x64, 0x10, 0x64, 0x10, 0x64, 0x10, 0x64, 0x10, 0x64, 0x10, 0x64, 0x10, 0x64, 0x10, 0x64, 0x10, 0x64, 0x10, 0x64, 0x10, 0x64, 0x10, 0x64, 0x10,
    0x64, 0x10, 0x64, 0x10, 0x64, 0x10, 0x64, 0x10, 0x64, 0x10, 0x64, 0x10, 0x64, 0x10, 0x64, 0x10, 0x64, 0x10, 0x64, 0x10, 0x64, 0x10, 0x64, 0x10, 0x64, 0x10, 0x64, 0x10, 0x64, 0x10, 0x64, 0x10,
    0x64, 0x10, 0x64, 0x10, 0x64, 0x10, 0x64, 0x10, 0x64, 0x10, 0x64, 0x10, 0x64, 0x10, 0x64, 0x10, 0x64, 0x10, 0x64, 0x10, 0x64, 0x10, 0x64, 0x10, 0x64, 0x10, 0x64, 0x10, 0x64, 0x10, 0x64, 0x10,
    0x64, 0x10, 0x64, 0x10, 0x64, 0x10, 0x64, 0x10, 0x64, 0x10, 0x64, 0x10, 0x64, 0x10, 0x64, 0x10, 0x64, 0x10, 0x64, 0x10, 0x64, 0x10, 0x64, 0x10, 0x64, 0x10, 0x64, 0x10, 0x64, 0x10, 0x64, 0x10,
    0x64, 0x10, 0x63, 0x28, 0x63, 0x28, 0x43, 0x40, 0x43, 0x40, 0x42, 0x68, 0x42, 0x68, 0x00, 0xf0, 0x00, 0xf0, 0x00, 0xf0, 0x00, 0xf0, 0x00, 0xf8, 0x00, 0xf8, 0x00, 0xf8, 0x00, 0xf8, 0x00, 0xf0,
    0x00, 0xf0, 0x22, 0x88, 0x22, 0x88, 0x42, 0x60, 0x42, 0x60, 0x43, 0x40, 0x43, 0x40, 0x63, 0x20, 0x63, 0x20, 0x64, 0x18, 0x64, 0x18, 0x64, 0x10, 0x64, 0x10, 0x64, 0x10, 0x64, 0x10, 0x64, 0x10,
    0x64, 0x10, 0x63, 0x28, 0x63, 0x28, 0x43, 0x48, 0x43, 0x48, 0x42, 0x70, 0x42, 0x70, 0x00, 0xf0, 0x00, 0xf0, 0x00, 0xf0, 0x00, 0xf0, 0x00, 0xf0, 0x00, 0xf0, 0x00, 0xf0, 0x00, 0xf0, 0x42, 0x68,
    0x42, 0x68, 0x43, 0x40, 0x43, 0x40, 0x63, 0x28, 0x63, 0x28, 0x64, 0x10, 0x64, 0x10, 0x64, 0x10, 0x64, 0x10, 0x64, 0x10, 0x64, 0x10, 0x64, 0x10, 0x64, 0x10, 0x64, 0x10, 0x64, 0x10, 0x64, 0x10,
    0x64, 0x10, 0x64, 0x10, 0x64, 0x10, 0x64, 0x10, 0x64, 0x10, 0x64, 0x10, 0x64, 0x10, 0x64, 0x10, 0x64, 0x10, 0x64, 0x10, 0x64, 0x10, 0x63, 0x28, 0x63, 0x28, 0x43, 0x40, 0x43, 0x40, 0x42, 0x68,
    0x42, 0x68, 0x00, 0xf0, 0x00, 0xf0, 0x00, 0xf0, 0x00, 0xf0, 0x00, 0xf8, 0x00, 0xf8, 0x00, 0xf8, 0x00, 0xf8, 0x00, 0xf0, 0x00, 0xf0, 0x00, 0xf0, 0x00, 0xf0, 0x42, 0x68, 0x42, 0x68, 0x43, 0x40,
    0x43, 0x40, 0x63, 0x28, 0x63, 0x28, 0x64, 0x10, 0x64, 0x10, 0x64, 0x10, 0x64, 0x10, 0x64, 0x10, 0x64, 0x10, 0x64, 0x10, 0x64, 0x10, 0x64, 0x10, 0x64, 0x10, 0x64, 0x10, 0x64, 0x10, 0x64, 0x10,
    0x64, 0x10, 0x64, 0x10, 0x64, 0x10, 0x64, 0x10, 0x64, 0x10, 0x64, 0x10, 0x64, 0x10, 0x64, 0x10, 0x64, 0x10, 0x64, 0x10, 0x64, 0x10, 0x64, 0x10, 0x64, 0x10, 0x64, 0x10, 0x64, 0x10, 0x64, 0x10,
    0x64, 0x10, 0x64, 0x10, 0x64, 0x10, 0x64, 0x10, 0x64, 0x10, 0x64, 0x10, 0x64, 0x10, 0x64, 0x10, 0x64, 0x10, 0x64, 0x10, 0x64, 0x10, 0x64, 0x10, 0x64, 0x10, 0x64, 0x10, 0x64, 0x10, 0x64, 0x10,
    0x64, 0x10, 0x64, 0x10, 0x64, 0x10, 0x64, 0x10, 0x64, 0x10, 0x64, 0x10, 0x64, 0x10, 0x64, 0x10, 0x64, 0x10, 0x64, 0x10, 0x64, 0x10, 0x64, 0x10, 0x64, 0x10, 0x64, 0x10, 0x64, 0x10, 0x64, 0x10,
    0x64, 0x10, 0x64, 0x10, 0x64, 0x10, 0x64, 0x10, 0x64, 0x10, 0x64, 0x10, 0x64, 0x10, 0x64, 0x10, 0x64, 0x10, 0x64, 0x10, 0x64, 0x10, 0x64, 0x10, 0x64, 0x10, 0x64, 0x10, 0x64, 0x10, 0x64, 0x10,
    0x64, 0x10, 0x64, 0x10, 0x64, 0x10, 0x64, 0x10, 0x64, 0x10, 0x64, 0x10, 0x64, 0x10, 0x64, 0x10, 0x64, 0x10, 0x64, 0x10, 0x64, 0x10, 0x64, 0x10, 0x64, 0x10, 0x64, 0x10, 0x64, 0x10, 0x64, 0x10,
    0x64, 0x10, 0x64, 0x10, 0x64, 0x10, 0x64, 0x10, 0x64, 0x10, 0x64, 0x10, 0x64, 0x10, 0x64, 0x10, 0x64, 0x10, 0x64, 0x10, 0x64, 0x10, 0x64, 0x10, 0x64, 0x10, 0x64, 0x10, 0x64, 0x10, 0x64, 0x10,
    0x64, 0x10, 0x64, 0x10, 0x64, 0x10, 0x64, 0x10, 0x64, 0x10, 0x64, 0x10, 0x64, 0x10, 0x64, 0x10, 0x64, 0x10, 0x64, 0x10, 0x64, 0x10, 0x64, 0x10, 0x64, 0x10, 0x64, 0x10, 0x64, 0x10, 0x64, 0x10,
    0x64, 0x10, 0x64, 0x10, 0x64, 0x10, 0x64, 0x10, 0x64, 0x10, 0x64, 0x10, 0x64, 0x10, 0x64, 0x10, 0x64, 0x10, 0x64, 0x10, 0x64, 0x10, 0x64, 0x10, 0x64, 0x10, 0x64, 0x10, 0x64, 0x10, 0x64, 0x10,
    0x64, 0x10, 0x64, 0x10, 0x64, 0x10, 0x64, 0x10, 0x64, 0x10, 0x64, 0x10, 0x64, 0x10, 0x64, 0x10, 0x64, 0x10, 0x64, 0x10, 0x64, 0x10, 0x64, 0x10, 0x64, 0x10, 0x64, 0x10, 0x64, 0x10, 0x64, 0x10,
    0x64, 0x10, 0x64, 0x10, 0x64, 0x10, 0x64, 0x10, 0x64, 0x10, 0x64, 0x10, 0x64, 0x10, 0x64, 0x10, 0x64, 0x10, 0x64, 0x10, 0x64, 0x10, 0x64, 0x10, 0x64, 0x10, 0x64, 0x10, 0x64, 0x10, 0x64, 0x10,
    0x64, 0x10, 0x64, 0x10, 0x64, 0x10, 0x64, 0x10, 0x64, 0x10, 0x64, 0x10, 0x64, 0x10, 0x64, 0x10, 0x64, 0x10, 0x63, 0x20, 0x63, 0x20, 0x43, 0x40, 0x43, 0x40, 0x42, 0x68, 0x42, 0x68, 0x00, 0xe8,
    0x00, 0xe8, 0x00, 0xf0, 0x00, 0xf0, 0x00, 0xf8, 0x00, 0xf8, 0x00, 0xf8, 0x00, 0xf8, 0x00, 0xf0, 0x00, 0xf0, 0x22, 0x80, 0x22, 0x80, 0x43, 0x58, 0x43, 0x58, 0x63, 0x30, 0x63, 0x30, 0x64, 0x18,
    0x64, 0x18, 0x64, 0x10, 0x64, 0x10, 0x64, 0x10, 0x64, 0x10, 0x64, 0x10, 0x64, 0x10, 0x64, 0x10, 0x64, 0x10, 0x63, 0x28, 0x63, 0x28, 0x43, 0x50, 0x43, 0x50, 0x42, 0x78, 0x42, 0x78, 0x00, 0xf0,
    0x00, 0xf0, 0x00, 0xf0, 0x00, 0xf0, 0x00, 0xf0, 0x00, 0xf0, 0x00, 0xe8, 0x00, 0xe8, 0x42, 0x68, 0x42, 0x68, 0x43, 0x40, 0x43, 0x40, 0x63, 0x20, 0x63, 0x20, 0x64, 0x10, 0x64, 0x10, 0x64, 0x10,
    0x64, 0x10, 0x64, 0x10, 0x64, 0x10, 0x64, 0x10, 0x64, 0x10, 0x64, 0x10, 0x64, 0x10, 0x64, 0x10, 0x64, 0x10, 0x64, 0x10, 0x64, 0x10, 0x64, 0x10, 0x64, 0x10, 0x64, 0x10, 0x64, 0x10, 0x64, 0x10,
    0x64, 0x10, 0x64, 0x10, 0x64, 0x10, 0x63, 0x28, 0x63, 0x28, 0x43, 0x40, 0x43, 0x40, 0x42, 0x68, 0x42, 0x68, 0x00, 0xf0, 0x00, 0xf0, 0x00, 0xf0, 0x00, 0xf0, 0x00, 0xf8, 0x00, 0xf8, 0x00, 0xf8,
    0x00, 0xf8, 0x00, 0xf0, 0x00, 0xf0, 0x00, 0xf0, 0x00, 0xf0, 0x42, 0x68, 0x42, 0x68, 0x43, 0x40, 0x43, 0x40, 0x63, 0x28, 0x63, 0x28, 0x64, 0x10, 0x64, 0x10, 0x64, 0x10, 0x64, 0x10, 0x64, 0x10,
    0x64, 0x10, 0x64, 0x10, 0x64, 0x10, 0x64, 0x10, 0x64, 0x10, 0x64, 0x10, 0x64, 0x10, 0x64, 0x10, 0x64, 0x10, 0x64, 0x10, 0x64, 0x10, 0x64, 0x10, 0x64, 0x10, 0x64, 0x10, 0x64, 0x10, 0x64, 0x10,
    0x64, 0x10, 0x64, 0x10, 0x64, 0x10, 0x64, 0x10, 0x64, 0x10, 0x64, 0x10, 0x64, 0x10, 0x64, 0x10, 0x64, 0x10, 0x64, 0x10, 0x64, 0x10, 0x64, 0x10, 0x64, 0x10, 0x64, 0x10, 0x64, 0x10, 0x64, 0x10,
    0x64, 0x10, 0x64, 0x10, 0x64, 0x10, 0x64, 0x10, 0x64, 0x10, 0x64, 0x10, 0x64, 0x10, 0x64, 0x10, 0x64, 0x10, 0x64, 0x10, 0x64, 0x10, 0x64, 0x10, 0x64, 0x10, 0x64, 0x10, 0x64, 0x10, 0x64, 0x10,
    0x64, 0x10, 0x64, 0x10, 0x64, 0x10, 0x64, 0x10, 0x64, 0x10, 0x64, 0x10, 0x64, 0x10, 0x64, 0x10, 0x64, 0x10, 0x64, 0x10, 0x64, 0x10, 0x64, 0x10, 0x64, 0x10, 0x64, 0x10, 0x64, 0x10, 0x64, 0x10,
    0x64, 0x10, 0x64, 0x10, 0x64, 0x10, 0x64, 0x10, 0x64, 0x10, 0x64, 0x10, 0x64, 0x10, 0x64, 0x10, 0x64, 0x10, 0x64, 0x10, 0x64, 0x10, 0x64, 0x10, 0x64, 0x10, 0x64, 0x10, 0x64, 0x10, 0x64, 0x10,
    0x64, 0x10, 0x64, 0x10, 0x64, 0x10, 0x64, 0x10, 0x64, 0x10, 0x64, 0x10, 0x64, 0x10, 0x64, 0x10, 0x64, 0x10, 0x64, 0x10, 0x64, 0x10, 0x64, 0x10, 0x64, 0x10, 0x64, 0x10, 0x64, 0x10, 0x64, 0x10,
    0x64, 0x10, 0x64, 0x10, 0x64, 0x10, 0x64, 0x10, 0x64, 0x10, 0x64, 0x10, 0x64, 0x10, 0x64, 0x10, 0x64, 0x10, 0x64, 0x10, 0x64, 0x10, 0x64, 0x10, 0x64, 0x10, 0x64, 0x10, 0x64, 0x10, 0x64, 0x10,
    0x64, 0x10, 0x64, 0x10, 0x64, 0x10, 0x64, 0x10, 0x64, 0x10, 0x64, 0x10, 0x64, 0x10, 0x64, 0x10, 0x64, 0x10, 0x64, 0x10, 0x64, 0x10, 0x64, 0x10, 0x64, 0x10, 0x64, 0x10, 0x64, 0x10, 0x64, 0x10,
    0x64, 0x10, 0x64, 0x10, 0x64, 0x10, 0x64, 0x10, 0x64, 0x10, 0x64, 0x10, 0x64, 0x10, 0x64, 0x10, 0x64, 0x10, 0x64, 0x10, 0x64, 0x10, 0x64, 0x10, 0x64, 0x10, 0x64, 0x10, 0x64, 0x10, 0x64, 0x10,
    0x64, 0x10, 0x64, 0x10, 0x64, 0x10, 0x64, 0x10, 0x64, 0x10, 0x64, 0x10, 0x64, 0x10, 0x64, 0x10, 0x64, 0x10, 0x64, 0x10, 0x64, 0x10, 0x64, 0x10, 0x64, 0x10, 0x64, 0x10, 0x64, 0x10, 0x64, 0x10,
    0x64, 0x10, 0x64, 0x10, 0x64, 0x10, 0x64, 0x10, 0x64, 0x10, 0x64, 0x10, 0x64, 0x10, 0x64, 0x10, 0x64, 0x10, 0x64, 0x10, 0x64, 0x10, 0x64, 0x10, 0x64, 0x10, 0x64, 0x10, 0x64, 0x10, 0x64, 0x10,
    0x64, 0x10, 0x63, 0x20, 0x63, 0x20, 0x43, 0x40, 0x43, 0x40, 0x42, 0x68, 0x42, 0x68, 0x00, 0xe8, 0x00, 0xe8, 0x00, 0xf0, 0x00, 0xf0, 0x00, 0xf8, 0x00, 0xf8, 0x00, 0xf8, 0x00, 0xf8, 0x00, 0xf0,
    0x00, 0xf0, 0x22, 0x80, 0x22, 0x80, 0x43, 0x58, 0x43, 0x58, 0x63, 0x30, 0x63, 0x30, 0x64, 0x18, 0x64, 0x18, 0x64, 0x10, 0x64, 0x10, 0x64, 0x10, 0x64, 0x10, 0x64, 0x10, 0x64, 0x10, 0x64, 0x10,
    0x64, 0x10, 0x63, 0x28, 0x63, 0x28, 0x43, 0x50, 0x43, 0x50, 0x42, 0x78, 0x42, 0x78, 0x00, 0xf0, 0x00, 0xf0, 0x00, 0xf0, 0x00, 0xf0, 0x00, 0xf0, 0x00, 0xf0, 0x00, 0xe8, 0x00, 0xe8, 0x42, 0x68,
    0x42, 0x68, 0x43, 0x40, 0x43, 0x40, 0x63, 0x20, 0x63, 0x20, 0x64, 0x10, 0x64, 0x10, 0x64, 0x10, 0x64, 0x10, 0x64, 0x10, 0x64, 0x10, 0x64, 0x10, 0x64, 0x10, 0x64, 0x10, 0x64, 0x10, 0x64, 0x10,
    0x64, 0x10, 0x64, 0x10, 0x64, 0x10, 0x64, 0x10, 0x64, 0x10, 0x64, 0x10, 0x64, 0x10, 0x64, 0x10, 0x64, 0x10, 0x64, 0x10, 0x64, 0x10, 0x63, 0x28, 0x63, 0x28, 0x43, 0x40, 0x43, 0x40, 0x42, 0x68,
    0x42, 0x68, 0x00, 0xf0, 0x00, 0xf0, 0x00, 0xf0, 0x00, 0xf0, 0x00, 0xf8, 0x00, 0xf8, 0x00, 0xf8, 0x00, 0xf8, 0x00, 0xf0, 0x00, 0xf0, 0x00, 0xf0, 0x00, 0xf0, 0x42, 0x68, 0x42, 0x68, 0x43, 0x40,
    0x43, 0x40, 0x63, 0x28, 0x63, 0x28, 0x64, 0x10, 0x64, 0x10, 0x64, 0x10, 0x64, 0x10, 0x64, 0x10, 0x64, 0x10, 0x64, 0x10, 0x64, 0x10, 0x64, 0x10, 0x64, 0x10, 0x64, 0x10, 0x64, 0x10, 0x64, 0x10,
    0x64, 0x10, 0x64, 0x10, 0x64, 0x10, 0x64, 0x10, 0x64, 0x10, 0x64, 0x10, 0x64, 0x10, 0x64, 0x10, 0x64, 0x10, 0x64, 0x10, 0x64, 0x10, 0x64, 0x10, 0x64, 0x10, 0x64, 0x10, 0x64, 0x10, 0x64, 0x10,
    0x64, 0x10, 0x64, 0x10, 0x64, 0x10, 0x64, 0x10, 0x64, 0x10, 0x64, 0x10, 0x64, 0x10, 0x64, 0x10, 0x64, 0x10, 0x64, 0x10, 0x64, 0x10, 0x64, 0x10, 0x64, 0x10, 0x64, 0x10, 0x64, 0x10, 0x64, 0x10,
    0x64, 0x10, 0x64, 0x10, 0x64, 0x10, 0x64, 0x10, 0x64, 0x10, 0x64, 0x10, 0x64, 0x10, 0x64, 0x10, 0x64, 0x10, 0x64, 0x10, 0x64, 0x10, 0x64, 0x10, 0x64, 0x10, 0x64, 0x10, 0x64, 0x10, 0x64, 0x10,
    0x64, 0x10, 0x64, 0x10, 0x64, 0x10, 0x64, 0x10, 0x64, 0x10, 0x64, 0x10, 0x64, 0x10, 0x64, 0x10, 0x64, 0x10, 0x64, 0x10, 0x64, 0x10, 0x64, 0x10, 0x64, 0x10, 0x64, 0x10, 0x64, 0x10, 0x64, 0x10,
    0x64, 0x10, 0x64, 0x10, 0x64, 0x10, 0x64, 0x10, 0x64, 0x10, 0x64, 0x10, 0x64, 0x10, 0x64, 0x10, 0x64, 0x10, 0x64, 0x10, 0x64, 0x10, 0x64, 0x10, 0x64, 0x10, 0x64, 0x10, 0x64, 0x10, 0x64, 0x10,
    0x64, 0x10, 0x64, 0x10, 0x64, 0x10, 0x64, 0x10, 0x64, 0x10, 0x64, 0x10, 0x64, 0x10, 0x64, 0x10, 0x64, 0x10, 0x64, 0x10, 0x64, 0x10, 0x64, 0x10, 0x64, 0x10, 0x64, 0x10, 0x64, 0x10, 0x64, 0x10,
    0x64, 0x10, 0x64, 0x10, 0x64, 0x10, 0x64, 0x10, 0x64, 0x10, 0x64, 0x10, 0x64, 0x10, 0x64, 0x10, 0x64, 0x10, 0x64, 0x10, 0x64, 0x10, 0x64, 0x10, 0x64, 0x10, 0x64, 0x10, 0x64, 0x10, 0x64, 0x10,
    0x64, 0x10, 0x64, 0x10, 0x64, 0x10, 0x64, 0x10, 0x64, 0x10, 0x64, 0x10, 0x64, 0x10, 0x64, 0x10, 0x64, 0x10, 0x64, 0x10, 0x64, 0x10, 0x64, 0x10, 0x64, 0x10, 0x64, 0x10, 0x64, 0x10, 0x64, 0x10,
    0x64, 0x10, 0x64, 0x10, 0x64, 0x10, 0x64, 0x10, 0x64, 0x10, 0x64, 0x10, 0x64, 0x10, 0x64, 0x10, 0x64, 0x10, 0x64, 0x10, 0x64, 0x10, 0x64, 0x10, 0x64, 0x10, 0x64, 0x10, 0x64, 0x10, 0x64, 0x10,
    0x64, 0x10, 0x64, 0x10, 0x64, 0x10, 0x64, 0x10, 0x64, 0x10, 0x64, 0x10, 0x64, 0x10, 0x64, 0x10, 0x64, 0x10, 0x64, 0x10, 0x64, 0x10, 0x64, 0x10, 0x64, 0x10, 0x64, 0x10, 0x64, 0x10, 0x64, 0x10,
    0x64, 0x10, 0x64, 0x10, 0x64, 0x10, 0x64, 0x10, 0x64, 0x10, 0x64, 0x10, 0x64, 0x10, 0x64, 0x10, 0x64, 0x10, 0x63, 0x20, 0x63, 0x20, 0x43, 0x40, 0x43, 0x40, 0x42, 0x60, 0x42, 0x60, 0x00, 0xe8,
    0x00, 0xe8, 0x00, 0xf0, 0x00, 0xf0, 0x00, 0xf8, 0x00, 0xf8, 0x00, 0xf0, 0x00, 0xf0, 0x00, 0xf0, 0x00, 0xf0, 0x22, 0x80, 0x22, 0x80, 0x43, 0x58, 0x43, 0x58, 0x63, 0x30, 0x63, 0x30, 0x64, 0x18,
    0x64, 0x18, 0x64, 0x10, 0x64, 0x10, 0x64, 0x10, 0x64, 0x10, 0x64, 0x10, 0x64, 0x10, 0x63, 0x20, 0x63, 0x20, 0x43, 0x38, 0x43, 0x38, 0x42, 0x60, 0x42, 0x60, 0x22, 0x88, 0x22, 0x88, 0x00, 0xf0,
    0x00, 0xf0, 0x00, 0xf0, 0x00, 0xf0, 0x00, 0xf0, 0x00, 0xf0, 0x00, 0xe8, 0x00, 0xe8, 0x42, 0x60, 0x42, 0x60, 0x43, 0x40, 0x43, 0x40, 0x63, 0x20, 0x63, 0x20, 0x64, 0x10, 0x64, 0x10, 0x64, 0x10,
    0x64, 0x10, 0x64, 0x10, 0x64, 0x10, 0x64, 0x10, 0x64, 0x10, 0x64, 0x10, 0x64, 0x10, 0x64, 0x10, 0x64, 0x10, 0x64, 0x10, 0x64, 0x10, 0x64, 0x10, 0x64, 0x10, 0x64, 0x10, 0x64, 0x10, 0x64, 0x10,
    0x64, 0x10, 0x64, 0x10, 0x64, 0x10, 0x63, 0x28, 0x63, 0x28, 0x43, 0x40, 0x43, 0x40, 0x42, 0x68, 0x42, 0x68, 0x00, 0xf0, 0x00, 0xf0, 0x00, 0xf0, 0x00, 0xf0, 0x00, 0xf8, 0x00, 0xf8, 0x00, 0xf8,
    0x00, 0xf8, 0x00, 0xf0, 0x00, 0xf0, 0x00, 0xf0, 0x00, 0xf0, 0x42, 0x68, 0x42, 0x68, 0x43, 0x40, 0x43, 0x40, 0x63, 0x28, 0x63, 0x28, 0x64, 0x10, 0x64, 0x10, 0x64, 0x10, 0x64, 0x10, 0x64, 0x10,
    0x64, 0x10, 0x64, 0x10, 0x64, 0x10, 0x64, 0x10, 0x64, 0x10, 0x64, 0x10, 0x64, 0x10, 0x64, 0x10, 0x64, 0x10, 0x64, 0x10, 0x64, 0x10, 0x64, 0x10, 0x64, 0x10, 0x64, 0x10, 0x64, 0x10, 0x64, 0x10,
    0x64, 0x10, 0x64, 0x10, 0x64, 0x10, 0x64, 0x10, 0x64, 0x10, 0x64, 0x10, 0x64, 0x10, 0x64, 0x10, 0x64, 0x10, 0x64, 0x10, 0x64, 0x10, 0x64, 0x10, 0x64, 0x10, 0x64, 0x10, 0x64, 0x10, 0x64, 0x10,
    0x64, 0x10, 0x64, 0x10, 0x64, 0x10, 0x64, 0x10, 0x64, 0x10, 0x64, 0x10, 0x64, 0x10, 0x64, 0x10, 0x64, 0x10, 0x64, 0x10, 0x64, 0x10, 0x64, 0x10, 0x64, 0x10, 0x64, 0x10, 0x64, 0x10, 0x64, 0x10,
    0x64, 0x10, 0x64, 0x10, 0x64, 0x10, 0x64, 0x10, 0x64, 0x10, 0x64, 0x10, 0x64, 0x10, 0x64, 0x10, 0x64, 0x10, 0x64, 0x10, 0x64, 0x10, 0x64, 0x10, 0x64, 0x10, 0x64, 0x10, 0x64, 0x10, 0x64, 0x10,
    0x64, 0x10, 0x64, 0x10, 0x64, 0x10, 0x64, 0x10, 0x64, 0x10, 0x64, 0x10, 0x64, 0x10, 0x64, 0x10, 0x64, 0x10, 0x64, 0x10, 0x64, 0x10, 0x64, 0x10, 0x64, 0x10, 0x64, 0x10, 0x64, 0x10, 0x64, 0x10,
    0x64, 0x10, 0x64, 0x10, 0x64, 0x10, 0x64, 0x10, 0x64, 0x10, 0x64, 0x10, 0x64, 0x10, 0x64, 0x10, 0x64, 0x10, 0x64, 0x10, 0x64, 0x10, 0x64, 0x10, 0x64, 0x10, 0x64, 0x10, 0x64, 0x10, 0x64, 0x10,
    0x64, 0x10, 0x64, 0x10, 0x64, 0x10, 0x64, 0x10, 0x64, 0x10, 0x64, 0x10, 0x64, 0x10, 0x64, 0x10, 0x64, 0x10, 0x64, 0x10, 0x64, 0x10, 0x64, 0x10, 0x64, 0x10, 0x64, 0x10, 0x64, 0x10, 0x64, 0x10,
    0x64, 0x10, 0x64, 0x10, 0x64, 0x10, 0x64, 0x10, 0x64, 0x10, 0x64, 0x10, 0x64, 0x10, 0x64, 0x10, 0x64, 0x10, 0x64, 0x10, 0x64, 0x10, 0x64, 0x10, 0x64, 0x10, 0x64, 0x10, 0x64, 0x10, 0x64, 0x10,
    0x64, 0x10, 0x64, 0x10, 0x64, 0x10, 0x64, 0x10, 0x64, 0x10, 0x64, 0x10, 0x64, 0x10, 0x64, 0x10, 0x64, 0x10, 0x64, 0x10, 0x64, 0x10, 0x64, 0x10, 0x64, 0x10, 0x64, 0x10, 0x64, 0x10, 0x64, 0x10,
    0x64, 0x10, 0x64, 0x10, 0x64, 0x10, 0x64, 0x10, 0x64, 0x10, 0x64, 0x10, 0x64, 0x10, 0x64, 0x10, 0x64, 0x10, 0x64, 0x10, 0x64, 0x10, 0x64, 0x10, 0x64, 0x10, 0x64, 0x10, 0x64, 0x10, 0x64, 0x10,
    0x64, 0x10, 0x64, 0x10, 0x64, 0x10, 0x64, 0x10, 0x64, 0x10, 0x64, 0x10, 0x64, 0x10, 0x64, 0x10, 0x64, 0x10, 0x64, 0x10, 0x64, 0x10, 0x64, 0x10, 0x64, 0x10, 0x64, 0x10, 0x64, 0x10, 0x64, 0x10,
    0x64, 0x10, 0x63, 0x20, 0x63, 0x20, 0x43, 0x40, 0x43, 0x40, 0x42, 0x60, 0x42, 0x60, 0x00, 0xe8, 0x00, 0xe8, 0x00, 0xf0, 0x00, 0xf0, 0x00, 0xf8, 0x00, 0xf8, 0x00, 0xf0, 0x00, 0xf0, 0x00, 0xf0,
    0x00, 0xf0, 0x22, 0x80, 0x22, 0x80, 0x43, 0x58, 0x43, 0x58, 0x63, 0x30, 0x63, 0x30, 0x64, 0x18, 0x64, 0x18, 0x64, 0x10, 0x64, 0x10, 0x64, 0x10, 0x64, 0x10, 0x64, 0x10, 0x64, 0x10, 0x63, 0x20,
    0x63, 0x20, 0x43, 0x38, 0x43, 0x38, 0x42, 0x60, 0x42, 0x60, 0x22, 0x88, 0x22, 0x88, 0x00, 0xf0, 0x00, 0xf0, 0x00, 0xf0, 0x00, 0xf0, 0x00, 0xf0, 0x00, 0xf0, 0x00, 0xe8, 0x00, 0xe8, 0x42, 0x60,
    0x42, 0x60, 0x43, 0x40, 0x43, 0x40, 0x63, 0x20, 0x63, 0x20, 0x64, 0x10, 0x64, 0x10, 0x64, 0x10, 0x64, 0x10, 0x64, 0x10, 0x64, 0x10, 0x64, 0x10, 0x64, 0x10, 0x64, 0x10, 0x64, 0x10, 0x64, 0x10,
    0x64, 0x10, 0x64, 0x10, 0x64, 0x10, 0x64, 0x10, 0x64, 0x10, 0x64, 0x10, 0x64, 0x10, 0x64, 0x10, 0x64, 0x10, 0x64, 0x10, 0x64, 0x10, 0x63, 0x28, 0x63, 0x28, 0x43, 0x40, 0x43, 0x40, 0x42, 0x68,
    0x42, 0x68, 0x00, 0xf0, 0x00, 0xf0, 0x00, 0xf0, 0x00, 0xf0, 0x00, 0xf8, 0x00, 0xf8, 0x00, 0xf8, 0x00, 0xf8, 0x00, 0xf0, 0x00, 0xf0, 0x00, 0xf0, 0x00, 0xf0, 0x42, 0x68, 0x42, 0x68, 0x43, 0x40,
    0x43, 0x40, 0x63, 0x28, 0x63, 0x28, 0x64, 0x10, 0x64, 0x10, 0x64, 0x10, 0x64, 0x10, 0x64, 0x10, 0x64, 0x10, 0x64, 0x10, 0x64, 0x10, 0x64, 0x10, 0x64, 0x10, 0x64, 0x10, 0x64, 0x10, 0x64, 0x10,
    0x64, 0x10, 0x64, 0x10, 0x64, 0x10, 0x64, 0x10, 0x64, 0x10, 0x64, 0x10, 0x64, 0x10, 0x64, 0x10, 0x64, 0x10, 0x64, 0x10, 0x64, 0x10, 0x64, 0x10, 0x64, 0x10, 0x64, 0x10, 0x64, 0x10, 0x64, 0x10,
    0x64, 0x10, 0x64, 0x10, 0x64, 0x10, 0x64, 0x10, 0x64, 0x10, 0x64, 0x10, 0x64, 0x10, 0x64, 0x10, 0x64, 0x10, 0x64, 0x10, 0x64, 0x10, 0x64, 0x10, 0x64, 0x10, 0x64, 0x10, 0x64, 0x10, 0x64, 0x10,
    0x64, 0x10, 0x64, 0x10, 0x64, 0x10, 0x64, 0x10, 0x64, 0x10, 0x64, 0x10, 0x64, 0x10, 0x64, 0x10, 0x64, 0x10, 0x64, 0x10, 0x64, 0x10, 0x64, 0x10, 0x64, 0x10, 0x64, 0x10, 0x64, 0x10, 0x64, 0x10,
    0x64, 0x10, 0x64, 0x10, 0x64, 0x10, 0x64, 0x10, 0x64, 0x10, 0x64, 0x10, 0x64, 0x10, 0x64, 0x10, 0x64, 0x10, 0x64, 0x10, 0x64, 0x10, 0x64, 0x10, 0x64, 0x10, 0x64, 0x10, 0x64, 0x10, 0x64, 0x10,
    0x64, 0x10, 0x64, 0x10, 0x64, 0x10, 0x64, 0x10, 0x64, 0x10, 0x64, 0x10, 0x64, 0x10, 0x64, 0x10, 0x64, 0x10, 0x64, 0x10, 0x64, 0x10, 0x64, 0x10, 0x64, 0x10, 0x64, 0x10, 0x64, 0x10, 0x64, 0x10,
    0x64, 0x10, 0x64, 0x10, 0x64, 0x10, 0x64, 0x10, 0x64, 0x10, 0x64, 0x10, 0x64, 0x10, 0x64, 0x10, 0x64, 0x10, 0x64, 0x10, 0x64, 0x10, 0x64, 0x10, 0x64, 0x10, 0x64, 0x10, 0x64, 0x10, 0x64, 0x10,
    0x64, 0x10, 0x64, 0x10, 0x64, 0x10, 0x64, 0x10, 0x64, 0x10, 0x64, 0x10, 0x64, 0x10, 0x64, 0x10, 0x64, 0x10, 0x64, 0x10, 0x64, 0x10, 0x64, 0x10, 0x64, 0x10, 0x64, 0x10, 0x64, 0x10, 0x64, 0x10,
    0x64, 0x10, 0x64, 0x10, 0x64, 0x10, 0x64, 0x10, 0x64, 0x10, 0x64, 0x10, 0x64, 0x10, 0x64, 0x10, 0x64, 0x10, 0x64, 0x10, 0x64, 0x10, 0x64, 0x10, 0x64, 0x10, 0x64, 0x10, 0x64, 0x10, 0x64, 0x10,
    0x64, 0x10, 0x64, 0x10, 0x64, 0x10, 0x64, 0x10, 0x64, 0x10, 0x64, 0x10, 0x64, 0x10, 0x64, 0x10, 0x64, 0x10, 0x64, 0x10, 0x64, 0x10, 0x64, 0x10, 0x64, 0x10, 0x64, 0x10, 0x64, 0x10, 0x64, 0x10,
    0x64, 0x10, 0x64, 0x10, 0x64, 0x10, 0x64, 0x10, 0x64, 0x10, 0x64, 0x10, 0x64, 0x10, 0x64, 0x10, 0x64, 0x10, 0x64, 0x10, 0x64, 0x10, 0x64, 0x10, 0x64, 0x10, 0x64, 0x10, 0x64, 0x10, 0x64, 0x10,
    0x64, 0x10, 0x64, 0x10, 0x64, 0x10, 0x64, 0x10, 0x64, 0x10, 0x64, 0x10, 0x64, 0x10, 0x64, 0x10, 0x64, 0x10, 0x64, 0x18, 0x64, 0x18, 0x43, 0x38, 0x43, 0x38, 0x42, 0x58, 0x42, 0x58, 0x00, 0xe8,
    0x00, 0xe8, 0x00, 0xf0, 0x00, 0xf0, 0x00, 0xf0, 0x00, 0xf0, 0x00, 0xf0, 0x00, 0xf0, 0x00, 0xf0, 0x00, 0xf0, 0x22, 0x90, 0x22, 0x90, 0x42, 0x68, 0x42, 0x68, 0x43, 0x48, 0x43, 0x48, 0x63, 0x30,
    0x63, 0x30, 0x63, 0x28, 0x63, 0x28, 0x63, 0x28, 0x63, 0x28, 0x63, 0x28, 0x63, 0x28, 0x43, 0x38, 0x43, 0x38, 0x43, 0x58, 0x43, 0x58, 0x42, 0x78, 0x42, 0x78, 0x00, 0xf0, 0x00, 0xf0, 0x00, 0xf0,
    0x00, 0xf0, 0x00, 0xf0, 0x00, 0xf0, 0x00, 0xf0, 0x00, 0xf0, 0x00, 0xe8, 0x00, 0xe8, 0x42, 0x58, 0x42, 0x58, 0x43, 0x38, 0x43, 0x38, 0x64, 0x18, 0x64, 0x18, 0x64, 0x10, 0x64, 0x10, 0x64, 0x10,
    0x64, 0x10, 0x64, 0x10, 0x64, 0x10, 0x64, 0x10, 0x64, 0x10, 0x64, 0x10, 0x64, 0x10, 0x64, 0x10, 0x64, 0x10, 0x64, 0x10, 0x64, 0x10, 0x64, 0x10, 0x64, 0x10, 0x64, 0x10, 0x64, 0x10, 0x64, 0x10,
    0x64, 0x10, 0x64, 0x10, 0x64, 0x10, 0x63, 0x28, 0x63, 0x28, 0x43, 0x40, 0x43, 0x40, 0x42, 0x68, 0x42, 0x68, 0x00, 0xf0, 0x00, 0xf0, 0x00, 0xf0, 0x00, 0xf0, 0x00, 0xf8, 0x00, 0xf8, 0x00, 0xf8,
    0x00, 0xf8, 0x00, 0xf0, 0x00, 0xf0, 0x00, 0xf0, 0x00, 0xf0, 0x42, 0x68, 0x42, 0x68, 0x43, 0x40, 0x43, 0x40, 0x63, 0x28, 0x63, 0x28, 0x64, 0x10, 0x64, 0x10, 0x64, 0x10, 0x64, 0x10, 0x64, 0x10,
    0x64, 0x10, 0x64, 0x10, 0x64, 0x10, 0x64, 0x10, 0x64, 0x10, 0x64, 0x10, 0x64, 0x10, 0x64, 0x10, 0x64, 0x10, 0x64, 0x10, 0x64, 0x10, 0x64, 0x10, 0x64, 0x10, 0x64, 0x10, 0x64, 0x10, 0x64, 0x10,
    0x64, 0x10, 0x64, 0x10, 0x64, 0x10, 0x64, 0x10, 0x64, 0x10, 0x64, 0x10, 0x64, 0x10, 0x64, 0x10, 0x64, 0x10, 0x64, 0x10, 0x64, 0x10, 0x64, 0x10, 0x64, 0x10, 0x64, 0x10, 0x64, 0x10, 0x64, 0x10,
    0x64, 0x10, 0x64, 0x10, 0x64, 0x10, 0x64, 0x10, 0x64, 0x10, 0x64, 0x10, 0x64, 0x10, 0x64, 0x10, 0x64, 0x10, 0x64, 0x10, 0x64, 0x10, 0x64, 0x10, 0x64, 0x10, 0x64, 0x10, 0x64, 0x10, 0x64, 0x10,
    0x64, 0x10, 0x64, 0x10, 0x64, 0x10, 0x64, 0x10, 0x64, 0x10, 0x64, 0x10, 0x64, 0x10, 0x64, 0x10, 0x64, 0x10, 0x64, 0x10, 0x64, 0x10, 0x64, 0x10, 0x64, 0x10, 0x64, 0x10, 0x64, 0x10, 0x64, 0x10,
    0x64, 0x10, 0x64, 0x10, 0x64, 0x10, 0x64, 0x10, 0x64, 0x10, 0x64, 0x10, 0x64, 0x10, 0x64, 0x10, 0x64, 0x10, 0x64, 0x10, 0x64, 0x10, 0x64, 0x10, 0x64, 0x10, 0x64, 0x10, 0x64, 0x10, 0x64, 0x10,
    0x64, 0x10, 0x64, 0x10, 0x64, 0x10, 0x64, 0x10, 0x64, 0x10, 0x64, 0x10, 0x64, 0x10, 0x64, 0x10, 0x64, 0x10, 0x64, 0x10, 0x64, 0x10, 0x64, 0x10, 0x64, 0x10, 0x64, 0x10, 0x64, 0x10, 0x64, 0x10,
    0x64, 0x10, 0x64, 0x10, 0x64, 0x10, 0x64, 0x10, 0x64, 0x10, 0x64, 0x10, 0x64, 0x10, 0x64, 0x10, 0x64, 0x10, 0x64, 0x10, 0x64, 0x10, 0x64, 0x10, 0x64, 0x10, 0x64, 0x10, 0x64, 0x10, 0x64, 0x10,
    0x64, 0x10, 0x64, 0x10, 0x64, 0x10, 0x64, 0x10, 0x64, 0x10, 0x64, 0x10, 0x64, 0x10, 0x64, 0x10, 0x64, 0x10, 0x64, 0x10, 0x64, 0x10, 0x64, 0x10, 0x64, 0x10, 0x64, 0x10, 0x64, 0x10, 0x64, 0x10,
    0x64, 0x10, 0x64, 0x10, 0x64, 0x10, 0x64, 0x10, 0x64, 0x10, 0x64, 0x10, 0x64, 0x10, 0x64, 0x10, 0x64, 0x10, 0x64, 0x10, 0x64, 0x10, 0x64, 0x10, 0x64, 0x10, 0x64, 0x10, 0x64, 0x10, 0x64, 0x10,
    0x64, 0x10, 0x64, 0x10, 0x64, 0x10, 0x64, 0x10, 0x64, 0x10, 0x64, 0x10, 0x64, 0x10, 0x64, 0x10, 0x64, 0x10, 0x64, 0x10, 0x64, 0x10, 0x64, 0x10, 0x64, 0x10, 0x64, 0x10, 0x64, 0x10, 0x64, 0x10,
    0x64, 0x10, 0x64, 0x10, 0x64, 0x10, 0x64, 0x10, 0x64, 0x10, 0x64, 0x10, 0x64, 0x10, 0x64, 0x10, 0x64, 0x10, 0x64, 0x10, 0x64, 0x10, 0x64, 0x10, 0x64, 0x10, 0x64, 0x10, 0x64, 0x10, 0x64, 0x10,
    0x64, 0x10, 0x64, 0x18, 0x64, 0x18, 0x43, 0x38, 0x43, 0x38, 0x42, 0x58, 0x42, 0x58, 0x00, 0xe8, 0x00, 0xe8, 0x00, 0xf0, 0x00, 0xf0, 0x00, 0xf0, 0x00, 0xf0, 0x00, 0xf0, 0x00, 0xf0, 0x00, 0xf0,
    0x00, 0xf0, 0x22, 0x90, 0x22, 0x90, 0x42, 0x68, 0x42, 0x68, 0x43, 0x48, 0x43, 0x48, 0x63, 0x30, 0x63, 0x30, 0x63, 0x28, 0x63, 0x28, 0x63, 0x28, 0x63, 0x28, 0x63, 0x28, 0x63, 0x28, 0x43, 0x38,
    0x43, 0x38, 0x43, 0x58, 0x43, 0x58, 0x42, 0x78, 0x42, 0x78, 0x00, 0xf0, 0x00, 0xf0, 0x00, 0xf0, 0x00, 0xf0, 0x00, 0xf0, 0x00, 0xf0, 0x00, 0xf0, 0x00, 0xf0, 0x00, 0xe8, 0x00, 0xe8, 0x42, 0x58,
    0x42, 0x58, 0x43, 0x38, 0x43, 0x38, 0x64, 0x18, 0x64, 0x18, 0x64, 0x10, 0x64, 0x10, 0x64, 0x10, 0x64, 0x10, 0x64, 0x10, 0x64, 0x10, 0x64, 0x10, 0x64, 0x10, 0x64, 0x10, 0x64, 0x10, 0x64, 0x10,
    0x64, 0x10, 0x64, 0x10, 0x64, 0x10, 0x64, 0x10, 0x64, 0x10, 0x64, 0x10, 0x64, 0x10, 0x64, 0x10, 0x64, 0x10, 0x64, 0x10, 0x64, 0x10, 0x63, 0x28, 0x63, 0x28, 0x43, 0x40, 0x43, 0x40, 0x42, 0x68,
    0x42, 0x68, 0x00, 0xf0, 0x00, 0xf0, 0x00, 0xf0, 0x00, 0xf0, 0x00, 0xf8, 0x00, 0xf8, 0x00, 0xf8, 0x00, 0xf8, 0x00, 0xf0, 0x00, 0xf0, 0x00, 0xf0, 0x00, 0xf0, 0x42, 0x68, 0x42, 0x68, 0x43, 0x40,
    0x43, 0x40, 0x63, 0x28, 0x63, 0x28, 0x64, 0x10, 0x64, 0x10, 0x64, 0x10, 0x64, 0x10, 0x64, 0x10, 0x64, 0x10, 0x64, 0x10, 0x64, 0x10, 0x64, 0x10, 0x64, 0x10, 0x64, 0x10, 0x64, 0x10, 0x64, 0x10,
    0x64, 0x10, 0x64, 0x10, 0x64, 0x10, 0x64, 0x10, 0x64, 0x10, 0x64, 0x10, 0x64, 0x10, 0x64, 0x10, 0x64, 0x10, 0x64, 0x10, 0x64, 0x10, 0x64, 0x10, 0x64, 0x10, 0x64, 0x10, 0x64, 0x10, 0x64, 0x10,
    0x64, 0x10, 0x64, 0x10, 0x64, 0x10, 0x64, 0x10, 0x64, 0x10, 0x64, 0x10, 0x64, 0x10, 0x64, 0x10, 0x64, 0x10, 0x64, 0x10, 0x64, 0x10, 0x64, 0x10, 0x64, 0x10, 0x64, 0x10, 0x64, 0x10, 0x64, 0x10,
    0x64, 0x10, 0x64, 0x10, 0x64, 0x10, 0x64, 0x10, 0x64, 0x10, 0x64, 0x10, 0x64, 0x10, 0x64, 0x10, 0x64, 0x10, 0x64, 0x10, 0x64, 0x10, 0x64, 0x10, 0x64, 0x10, 0x64, 0x10, 0x64, 0x10, 0x64, 0x10,
    0x64, 0x10, 0x64, 0x10, 0x64, 0x10, 0x64, 0x10, 0x64, 0x10, 0x64, 0x10, 0x64, 0x10, 0x64, 0x10, 0x64, 0x10, 0x64, 0x10, 0x64, 0x10, 0x64, 0x10, 0x64, 0x10, 0x64, 0x10, 0x64, 0x10, 0x64, 0x10,
    0x64, 0x10, 0x64, 0x10, 0x64, 0x10, 0x64, 0x10, 0x64, 0x10, 0x64, 0x10, 0x64, 0x10, 0x64, 0x10, 0x64, 0x10, 0x64, 0x10, 0x64, 0x10, 0x64, 0x10, 0x64, 0x10, 0x64, 0x10, 0x64, 0x10, 0x64, 0x10,
    0x64, 0x10, 0x64, 0x10, 0x64, 0x10, 0x64, 0x10, 0x64, 0x10, 0x64, 0x10, 0x64, 0x10, 0x64, 0x10, 0x64, 0x10, 0x64, 0x10, 0x64, 0x10, 0x64, 0x10, 0x64, 0x10, 0x64, 0x10, 0x64, 0x10, 0x64, 0x10,
    0x64, 0x10, 0x64, 0x10, 0x64, 0x10, 0x64, 0x10, 0x64, 0x10, 0x64, 0x10, 0x64, 0x10, 0x64, 0x10, 0x64, 0x10, 0x64, 0x10, 0x64, 0x10, 0x64, 0x10, 0x64, 0x10, 0x64, 0x10, 0x64, 0x10, 0x64, 0x10,
    0x64, 0x10, 0x64, 0x10, 0x64, 0x10, 0x64, 0x10, 0x64, 0x10, 0x64, 0x10, 0x64, 0x10, 0x64, 0x10, 0x64, 0x10, 0x64, 0x10, 0x64, 0x10, 0x64, 0x10, 0x64, 0x10, 0x64, 0x10, 0x64, 0x10, 0x64, 0x10,
    0x64, 0x10, 0x64, 0x10, 0x64, 0x10, 0x64, 0x10, 0x64, 0x10, 0x64, 0x10, 0x64, 0x10, 0x64, 0x10, 0x64, 0x10, 0x64, 0x10, 0x64, 0x10, 0x64, 0x10, 0x64, 0x10, 0x64, 0x10, 0x64, 0x10, 0x64, 0x10,
    0x64, 0x10, 0x64, 0x10, 0x64, 0x10, 0x64, 0x10, 0x64, 0x10, 0x64, 0x10, 0x64, 0x10, 0x64, 0x10, 0x64, 0x10, 0x64, 0x10, 0x64, 0x10, 0x64, 0x10, 0x64, 0x10, 0x64, 0x10, 0x64, 0x10, 0x64, 0x10,
    0x64, 0x10, 0x64, 0x10, 0x64, 0x10, 0x64, 0x10, 0x64, 0x10, 0x64, 0x10, 0x64, 0x10, 0x64, 0x10, 0x64, 0x10, 0x64, 0x18, 0x64, 0x18, 0x63, 0x30, 0x63, 0x30, 0x43, 0x48, 0x43, 0x48, 0x42, 0x70,
    0x42, 0x70, 0x00, 0xf0, 0x00, 0xf0, 0x00, 0xf0, 0x00, 0xf0, 0x00, 0xf0, 0x00, 0xf0, 0x00, 0xf0, 0x00, 0xf0, 0x00, 0xf0, 0x00, 0xf0, 0x22, 0x80, 0x22, 0x80, 0x42, 0x68, 0x42, 0x68, 0x43, 0x50,
    0x43, 0x50, 0x43, 0x48, 0x43, 0x48, 0x43, 0x48, 0x43, 0x48, 0x43, 0x50, 0x43, 0x50, 0x42, 0x60, 0x42, 0x60, 0x42, 0x78, 0x42, 0x78, 0x22, 0x90, 0x22, 0x90, 0x00, 0xf0, 0x00, 0xf0, 0x00, 0xf0,
    0x00, 0xf0, 0x00, 0xf0, 0x00, 0xf0, 0x00, 0xf0, 0x00, 0xf0, 0x42, 0x70, 0x42, 0x70, 0x43, 0x48, 0x43, 0x48, 0x63, 0x30, 0x63, 0x30, 0x64, 0x18, 0x64, 0x18, 0x64, 0x10, 0x64, 0x10, 0x64, 0x10,
    0x64, 0x10, 0x64, 0x10, 0x64, 0x10, 0x64, 0x10, 0x64, 0x10, 0x64, 0x10, 0x64, 0x10, 0x64, 0x10, 0x64, 0x10, 0x64, 0x10, 0x64, 0x10, 0x64, 0x10, 0x64, 0x10, 0x64, 0x10, 0x64, 0x10, 0x64, 0x10,
    0x64, 0x10, 0x64, 0x10, 0x64, 0x10, 0x63, 0x28, 0x63, 0x28, 0x43, 0x40, 0x43, 0x40, 0x42, 0x68, 0x42, 0x68, 0x00, 0xf0, 0x00, 0xf0, 0x00, 0xf0, 0x00, 0xf0, 0x00, 0xf8, 0x00, 0xf8, 0x00, 0xf8,
    0x00, 0xf8, 0x00, 0xf0, 0x00, 0xf0, 0x00, 0xf0, 0x00, 0xf0, 0x42, 0x68, 0x42, 0x68, 0x43, 0x40, 0x43, 0x40, 0x63, 0x28, 0x63, 0x28, 0x64, 0x10, 0x64, 0x10, 0x64, 0x10, 0x64, 0x10, 0x64, 0x10,
    0x64, 0x10, 0x64, 0x10, 0x64, 0x10, 0x64, 0x10, 0x64, 0x10, 0x64, 0x10, 0x64, 0x10, 0x64, 0x10, 0x64, 0x10, 0x64, 0x10, 0x64, 0x10, 0x64, 0x10, 0x64, 0x10, 0x64, 0x10, 0x64, 0x10, 0x64, 0x10,
    0x64, 0x10, 0x64, 0x10, 0x64, 0x10, 0x64, 0x10, 0x64, 0x10, 0x64, 0x10, 0x64, 0x10, 0x64, 0x10, 0x64, 0x10, 0x64, 0x10, 0x64, 0x10, 0x64, 0x10, 0x64, 0x10, 0x64, 0x10, 0x64, 0x10, 0x64, 0x10,
    0x64, 0x10, 0x64, 0x10, 0x64, 0x10, 0x64, 0x10, 0x64, 0x10, 0x64, 0x10, 0x64, 0x10, 0x64, 0x10, 0x64, 0x10, 0x64, 0x10, 0x64, 0x10, 0x64, 0x10, 0x64, 0x10, 0x64, 0x10, 0x64, 0x10, 0x64, 0x10,
    0x64, 0x10, 0x64, 0x10, 0x64, 0x10, 0x64, 0x10, 0x64, 0x10, 0x64, 0x10, 0x64, 0x10, 0x64, 0x10, 0x64, 0x10, 0x64, 0x10, 0x64, 0x10, 0x64, 0x10, 0x64, 0x10, 0x64, 0x10, 0x64, 0x10, 0x64, 0x10,
    0x64, 0x10, 0x64, 0x10, 0x64, 0x10, 0x64, 0x10, 0x64, 0x10, 0x64, 0x10, 0x64, 0x10, 0x64, 0x10, 0x64, 0x10, 0x64, 0x10, 0x64, 0x10, 0x64, 0x10, 0x64, 0x10, 0x64, 0x10, 0x64, 0x10, 0x64, 0x10,
    0x64, 0x10, 0x64, 0x10, 0x64, 0x10, 0x64, 0x10, 0x64, 0x10, 0x64, 0x10, 0x64, 0x10, 0x64, 0x10, 0x64, 0x10, 0x64, 0x10, 0x64, 0x10, 0x64, 0x10, 0x64, 0x10, 0x64, 0x10, 0x64, 0x10, 0x64, 0x10,
    0x64, 0x10, 0x64, 0x10, 0x64, 0x10, 0x64, 0x10, 0x64, 0x10, 0x64, 0x10, 0x64, 0x10, 0x64, 0x10, 0x64, 0x10, 0x64, 0x10, 0x64, 0x10, 0x64, 0x10, 0x64, 0x10, 0x64, 0x10, 0x64, 0x10, 0x64, 0x10,
    0x64, 0x10, 0x64, 0x10, 0x64, 0x10, 0x64, 0x10, 0x64, 0x10, 0x64, 0x10, 0x64, 0x10, 0x64, 0x10, 0x64, 0x10, 0x64, 0x10, 0x64, 0x10, 0x64, 0x10, 0x64, 0x10, 0x64, 0x10, 0x64, 0x10, 0x64, 0x10,
    0x64, 0x10, 0x64, 0x10, 0x64, 0x10, 0x64, 0x10, 0x64, 0x10, 0x64, 0x10, 0x64, 0x10, 0x64, 0x10, 0x64, 0x10, 0x64, 0x10, 0x64, 0x10, 0x64, 0x10, 0x64, 0x10, 0x64, 0x10, 0x64, 0x10, 0x64, 0x10,
    0x64, 0x10, 0x64, 0x10, 0x64, 0x10, 0x64, 0x10, 0x64, 0x10, 0x64, 0x10, 0x64, 0x10, 0x64, 0x10, 0x64, 0x10, 0x64, 0x10, 0x64, 0x10, 0x64, 0x10, 0x64, 0x10, 0x64, 0x10, 0x64, 0x10, 0x64, 0x10,
    0x64, 0x10, 0x64, 0x10, 0x64, 0x10, 0x64, 0x10, 0x64, 0x10, 0x64, 0x10, 0x64, 0x10, 0x64, 0x10, 0x64, 0x10, 0x64, 0x10, 0x64, 0x10, 0x64, 0x10, 0x64, 0x10, 0x64, 0x10, 0x64, 0x10, 0x64, 0x10,
    0x64, 0x10, 0x64, 0x18, 0x64, 0x18, 0x63, 0x30, 0x63, 0x30, 0x43, 0x48, 0x43, 0x48, 0x42, 0x70, 0x42, 0x70, 0x00, 0xf0, 0x00, 0xf0, 0x00, 0xf0, 0x00, 0xf0, 0x00, 0xf0, 0x00, 0xf0, 0x00, 0xf0,
    0x00, 0xf0, 0x00, 0xf0, 0x00, 0xf0, 0x22, 0x80, 0x22, 0x80, 0x42, 0x68, 0x42, 0x68, 0x43, 0x50, 0x43, 0x50, 0x43, 0x48, 0x43, 0x48, 0x43, 0x48, 0x43, 0x48, 0x43, 0x50, 0x43, 0x50, 0x42, 0x60,
    0x42, 0x60, 0x42, 0x78, 0x42, 0x78, 0x22, 0x90, 0x22, 0x90, 0x00, 0xf0, 0x00, 0xf0, 0x00, 0xf0, 0x00, 0xf0, 0x00, 0xf0, 0x00, 0xf0, 0x00, 0xf0, 0x00, 0xf0, 0x42, 0x70, 0x42, 0x70, 0x43, 0x48,
    0x43, 0x48, 0x63, 0x30, 0x63, 0x30, 0x64, 0x18, 0x64, 0x18, 0x64, 0x10, 0x64, 0x10, 0x64, 0x10, 0x64, 0x10, 0x64, 0x10, 0x64, 0x10, 0x64, 0x10, 0x64, 0x10, 0x64, 0x10, 0x64, 0x10, 0x64, 0x10,
    0x64, 0x10, 0x64, 0x10, 0x64, 0x10, 0x64, 0x10, 0x64, 0x10, 0x64, 0x10, 0x64, 0x10, 0x64, 0x10, 0x64, 0x10, 0x64, 0x10, 0x64, 0x10, 0x63, 0x28, 0x63, 0x28, 0x43, 0x40, 0x43, 0x40, 0x42, 0x68,
    0x42, 0x68, 0x00, 0xf0, 0x00, 0xf0, 0x00, 0xf0, 0x00, 0xf0, 0x00, 0xf8, 0x00, 0xf8, 0x00, 0xf8, 0x00, 0xf8, 0x00, 0xf0, 0x00, 0xf0, 0x00, 0xf0, 0x00, 0xf0, 0x42, 0x68, 0x42, 0x68, 0x43, 0x40,
    0x43, 0x40, 0x63, 0x28, 0x63, 0x28, 0x64, 0x10, 0x64, 0x10, 0x64, 0x10, 0x64, 0x10, 0x64, 0x10, 0x64, 0x10, 0x64, 0x10, 0x64, 0x10, 0x64, 0x10, 0x64, 0x10, 0x64, 0x10, 0x64, 0x10, 0x64, 0x10,
    0x64, 0x10, 0x64, 0x10, 0x64, 0x10, 0x64, 0x10, 0x64, 0x10, 0x64, 0x10, 0x64, 0x10, 0x64, 0x10, 0x64, 0x10, 0x64, 0x10, 0x64, 0x10, 0x64, 0x10, 0x64, 0x10, 0x64, 0x10, 0x64, 0x10, 0x64, 0x10,
    0x64, 0x10, 0x64, 0x10, 0x64, 0x10, 0x64, 0x10, 0x64, 0x10, 0x64, 0x10, 0x64, 0x10, 0x64, 0x10, 0x64, 0x10, 0x64, 0x10, 0x64, 0x10, 0x64, 0x10, 0x64, 0x10, 0x64, 0x10, 0x64, 0x10, 0x64, 0x10,
    0x64, 0x10, 0x64, 0x10, 0x64, 0x10, 0x64, 0x10, 0x64, 0x10, 0x64, 0x10, 0x64, 0x10, 0x64, 0x10, 0x64, 0x10, 0x64, 0x10, 0x64, 0x10, 0x64, 0x10, 0x64, 0x10, 0x64, 0x10, 0x64, 0x10, 0x64, 0x10,
    0x64, 0x10, 0x64, 0x10, 0x64, 0x10, 0x64, 0x10, 0x64, 0x10, 0x64, 0x10, 0x64, 0x10, 0x64, 0x10, 0x64, 0x10, 0x64, 0x10, 0x64, 0x10, 0x64, 0x10, 0x64, 0x10, 0x64, 0x10, 0x64, 0x10, 0x64, 0x10,
    0x64, 0x10, 0x64, 0x10, 0x64, 0x10, 0x64, 0x10, 0x64, 0x10, 0x64, 0x10, 0x64, 0x10, 0x64, 0x10, 0x64, 0x10, 0x64, 0x10, 0x64, 0x10, 0x64, 0x10, 0x64, 0x10, 0x64, 0x10, 0x64, 0x10, 0x64, 0x10,
    0x64, 0x10, 0x64, 0x10, 0x64, 0x10, 0x64, 0x10, 0x64, 0x10, 0x64, 0x10, 0x64, 0x10, 0x64, 0x10, 0x64, 0x10, 0x64, 0x10, 0x64, 0x10, 0x64, 0x10, 0x64, 0x10, 0x64, 0x10, 0x64, 0x10, 0x64, 0x10,
    0x64, 0x10, 0x64, 0x10, 0x64, 0x10, 0x64, 0x10, 0x64, 0x10, 0x64, 0x10, 0x64, 0x10, 0x64, 0x10, 0x64, 0x10, 0x64, 0x10, 0x64, 0x10, 0x64, 0x10, 0x64, 0x10, 0x64, 0x10, 0x64, 0x10, 0x64, 0x10,
    0x64, 0x10, 0x64, 0x10, 0x64, 0x10, 0x64, 0x10, 0x64, 0x10, 0x64, 0x10, 0x64, 0x10, 0x64, 0x10, 0x64, 0x10, 0x64, 0x10, 0x64, 0x10, 0x64, 0x10, 0x64, 0x10, 0x64, 0x10, 0x64, 0x10, 0x64, 0x10,
    0x64, 0x10, 0x64, 0x10, 0x64, 0x10, 0x64, 0x10, 0x64, 0x10, 0x64, 0x10, 0x64, 0x10, 0x64, 0x10, 0x64, 0x10, 0x64, 0x10, 0x64, 0x10, 0x64, 0x10, 0x64, 0x10, 0x64, 0x10, 0x64, 0x10, 0x64, 0x10,
    0x64, 0x10, 0x64, 0x10, 0x64, 0x10, 0x64, 0x10, 0x64, 0x10, 0x64, 0x10, 0x64, 0x10, 0x64, 0x10, 0x64, 0x10, 0x64, 0x10, 0x64, 0x10, 0x64, 0x10, 0x64, 0x10, 0x64, 0x10, 0x64, 0x10, 0x64, 0x10,
    0x64, 0x10, 0x64, 0x10, 0x64, 0x10, 0x64, 0x10, 0x64, 0x10, 0x64, 0x10, 0x64, 0x10, 0x64, 0x10, 0x64, 0x10, 0x64, 0x10, 0x64, 0x10, 0x63, 0x20, 0x63, 0x20, 0x43, 0x40, 0x43, 0x40, 0x42, 0x60,
    0x42, 0x60, 0x00, 0xe8, 0x00, 0xe8, 0x00, 0xf0, 0x00, 0xf0, 0x00, 0xf0, 0x00, 0xf0, 0x00, 0xf0, 0x00, 0xf0, 0x00, 0xf0, 0x00, 0xf0, 0x00, 0xf0, 0x00, 0xf0, 0x22, 0x88, 0x22, 0x88, 0x22, 0x80,
    0x22, 0x80, 0x42, 0x70, 0x42, 0x70, 0x42, 0x70, 0x42, 0x70, 0x42, 0x78, 0x42, 0x78, 0x22, 0x88, 0x22, 0x88, 0x00, 0xe8, 0x00, 0xe8, 0x00, 0xf0, 0x00, 0xf0, 0x00, 0xf0, 0x00, 0xf0, 0x00, 0xf0,
    0x00, 0xf0, 0x00, 0xf0, 0x00, 0xf0, 0x00, 0xe8, 0x00, 0xe8, 0x42, 0x60, 0x42, 0x60, 0x43, 0x40, 0x43, 0x40, 0x63, 0x20, 0x63, 0x20, 0x64, 0x10, 0x64, 0x10, 0x64, 0x10, 0x64, 0x10, 0x64, 0x10,
    0x64, 0x10, 0x64, 0x10, 0x64, 0x10, 0x64, 0x10, 0x64, 0x10, 0x64, 0x10, 0x64, 0x10, 0x64, 0x10, 0x64, 0x10, 0x64, 0x10, 0x64, 0x10, 0x64, 0x10, 0x64, 0x10, 0x64, 0x10, 0x64, 0x10, 0x64, 0x10,
    0x64, 0x10, 0x64, 0x10, 0x64, 0x10, 0x63, 0x28, 0x63, 0x28, 0x43, 0x40, 0x43, 0x40, 0x42, 0x68, 0x42, 0x68, 0x00, 0xf0, 0x00, 0xf0, 0x00, 0xf0, 0x00, 0xf0, 0x00, 0xf8, 0x00, 0xf8, 0x00, 0xf8,
    0x00, 0xf8, 0x00, 0xf0, 0x00, 0xf0, 0x00, 0xf0, 0x00, 0xf0, 0x42, 0x68, 0x42, 0x68, 0x43, 0x40, 0x43, 0x40, 0x63, 0x28, 0x63, 0x28, 0x64, 0x10, 0x64, 0x10, 0x64, 0x10, 0x64, 0x10, 0x64, 0x10,
    0x64, 0x10, 0x64, 0x10, 0x64, 0x10, 0x64, 0x10, 0x64, 0x10, 0x64, 0x10, 0x64, 0x10, 0x64, 0x10, 0x64, 0x10, 0x64, 0x10, 0x64, 0x10, 0x64, 0x10, 0x64, 0x10, 0x64, 0x10, 0x64, 0x10, 0x64, 0x10,
    0x64, 0x10, 0x64, 0x10, 0x64, 0x10, 0x64, 0x10, 0x64, 0x10, 0x64, 0x10, 0x64, 0x10, 0x64, 0x10, 0x64, 0x10, 0x64, 0x10, 0x64, 0x10, 0x64, 0x10, 0x64, 0x10, 0x64, 0x10, 0x64, 0x10, 0x64, 0x10,
    0x64, 0x10, 0x64, 0x10, 0x64, 0x10, 0x64, 0x10, 0x64, 0x10, 0x64, 0x10, 0x64, 0x10, 0x64, 0x10, 0x64, 0x10, 0x64, 0x10, 0x64, 0x10, 0x64, 0x10, 0x64, 0x10, 0x64, 0x10, 0x64, 0x10, 0x64, 0x10,
    0x64, 0x10, 0x64, 0x10, 0x64, 0x10, 0x64, 0x10, 0x64, 0x10, 0x64, 0x10, 0x64, 0x10, 0x64, 0x10, 0x64, 0x10, 0x64, 0x10, 0x64, 0x10, 0x64, 0x10, 0x64, 0x10, 0x64, 0x10, 0x64, 0x10, 0x64, 0x10,
    0x64, 0x10, 0x64, 0x10, 0x64, 0x10, 0x64, 0x10, 0x64, 0x10, 0x64, 0x10, 0x64, 0x10, 0x64, 0x10, 0x64, 0x10, 0x64, 0x10, 0x64, 0x10, 0x64, 0x10, 0x64, 0x10, 0x64, 0x10, 0x64, 0x10, 0x64, 0x10,
    0x64, 0x10, 0x64, 0x10, 0x64, 0x10, 0x64, 0x10, 0x64, 0x10, 0x64, 0x10, 0x64, 0x10, 0x64, 0x10, 0x64, 0x10, 0x64, 0x10, 0x64, 0x10, 0x64, 0x10, 0x64, 0x10, 0x64, 0x10, 0x64, 0x10, 0x64, 0x10,
    0x64, 0x10, 0x64, 0x10, 0x64, 0x10, 0x64, 0x10, 0x64, 0x10, 0x64, 0x10, 0x64, 0x10, 0x64, 0x10, 0x64, 0x10, 0x64, 0x10, 0x64, 0x10, 0x64, 0x10, 0x64, 0x10, 0x64, 0x10, 0x64, 0x10, 0x64, 0x10,
    0x64, 0x10, 0x64, 0x10, 0x64, 0x10, 0x64, 0x10, 0x64, 0x10, 0x64, 0x10, 0x64, 0x10, 0x64, 0x10, 0x64, 0x10, 0x64, 0x10, 0x64, 0x10, 0x64, 0x10, 0x64, 0x10, 0x64, 0x10, 0x64, 0x10, 0x64, 0x10,
    0x64, 0x10, 0x64, 0x10, 0x64, 0x10, 0x64, 0x10, 0x64, 0x10, 0x64, 0x10, 0x64, 0x10, 0x64, 0x10, 0x64, 0x10, 0x64, 0x10, 0x64, 0x10, 0x64, 0x10, 0x64, 0x10, 0x64, 0x10, 0x64, 0x10, 0x64, 0x10,
    0x64, 0x10, 0x64, 0x10, 0x64, 0x10, 0x64, 0x10, 0x64, 0x10, 0x64, 0x10, 0x64, 0x10, 0x64, 0x10, 0x64, 0x10, 0x64, 0x10, 0x64, 0x10, 0x64, 0x10, 0x64, 0x10, 0x64, 0x10, 0x64, 0x10, 0x64, 0x10,
    0x64, 0x10, 0x64, 0x10, 0x64, 0x10, 0x64, 0x10, 0x64, 0x10, 0x64, 0x10, 0x64, 0x10, 0x64, 0x10, 0x64, 0x10, 0x64, 0x10, 0x64, 0x10, 0x64, 0x10, 0x64, 0x10, 0x64, 0x10, 0x64, 0x10, 0x64, 0x10,
    0x64, 0x10, 0x64, 0x10, 0x64, 0x10, 0x63, 0x20, 0x63, 0x20, 0x43, 0x40, 0x43, 0x40, 0x42, 0x60, 0x42, 0x60, 0x00, 0xe8, 0x00, 0xe8, 0x00, 0xf0, 0x00, 0xf0, 0x00, 0xf0, 0x00, 0xf0, 0x00, 0xf0,
    0x00, 0xf0, 0x00, 0xf0, 0x00, 0xf0, 0x00, 0xf0, 0x00, 0xf0, 0x22, 0x88, 0x22, 0x88, 0x22, 0x80, 0x22, 0x80, 0x42, 0x70, 0x42, 0x70, 0x42, 0x70, 0x42, 0x70, 0x42, 0x78, 0x42, 0x78, 0x22, 0x88,
    0x22, 0x88, 0x00, 0xe8, 0x00, 0xe8, 0x00, 0xf0, 0x00, 0xf0, 0x00, 0xf0, 0x00, 0xf0, 0x00, 0xf0, 0x00, 0xf0, 0x00, 0xf0, 0x00, 0xf0, 0x00, 0xe8, 0x00, 0xe8, 0x42, 0x60, 0x42, 0x60, 0x43, 0x40,
    0x43, 0x40, 0x63, 0x20, 0x63, 0x20, 0x64, 0x10, 0x64, 0x10, 0x64, 0x10, 0x64, 0x10, 0x64, 0x10, 0x64, 0x10, 0x64, 0x10, 0x64, 0x10, 0x64, 0x10, 0x64, 0x10, 0x64, 0x10, 0x64, 0x10, 0x64, 0x10,
    0x64, 0x10, 0x64, 0x10, 0x64, 0x10, 0x64, 0x10, 0x64, 0x10, 0x64, 0x10, 0x64, 0x10, 0x64, 0x10, 0x64, 0x10, 0x64, 0x10, 0x64, 0x10, 0x63, 0x28, 0x63, 0x28, 0x43, 0x40, 0x43, 0x40, 0x42, 0x68,
    0x42, 0x68, 0x00, 0xf0, 0x00, 0xf0, 0x00, 0xf0, 0x00, 0xf0, 0x00, 0xf8, 0x00, 0xf8, 0x00, 0xf8, 0x00, 0xf8, 0x00, 0xf0, 0x00, 0xf0, 0x00, 0xf0, 0x00, 0xf0, 0x42, 0x68, 0x42, 0x68, 0x43, 0x40,
    0x43, 0x40, 0x63, 0x28, 0x63, 0x28, 0x64, 0x10, 0x64, 0x10, 0x64, 0x10, 0x64, 0x10, 0x64, 0x10, 0x64, 0x10, 0x64, 0x10, 0x64, 0x10, 0x64, 0x10, 0x64, 0x10, 0x64, 0x10, 0x64, 0x10, 0x64, 0x10,
    0x64, 0x10, 0x64, 0x10, 0x64, 0x10, 0x64, 0x10, 0x64, 0x10, 0x64, 0x10, 0x64, 0x10, 0x64, 0x10, 0x64, 0x10, 0x64, 0x10, 0x64, 0x10, 0x64, 0x10, 0x64, 0x10, 0x64, 0x10, 0x64, 0x10, 0x64, 0x10,
    0x64, 0x10, 0x64, 0x10, 0x64, 0x10, 0x64, 0x10, 0x64, 0x10, 0x64, 0x10, 0x64, 0x10, 0x64, 0x10, 0x64, 0x10, 0x64, 0x10, 0x64, 0x10, 0x64, 0x10, 0x64, 0x10, 0x64, 0x10, 0x64, 0x10, 0x64, 0x10,
    0x64, 0x10, 0x64, 0x10, 0x64, 0x10, 0x64, 0x10, 0x64, 0x10, 0x64, 0x10, 0x64, 0x10, 0x64, 0x10, 0x64, 0x10, 0x64, 0x10, 0x64, 0x10, 0x64, 0x10, 0x64, 0x10, 0x64, 0x10, 0x64, 0x10, 0x64, 0x10,
    0x64, 0x10, 0x64, 0x10, 0x64, 0x10, 0x64, 0x10, 0x64, 0x10, 0x64, 0x10, 0x64, 0x10, 0x64, 0x10, 0x64, 0x10, 0x64, 0x10, 0x64, 0x10, 0x64, 0x10, 0x64, 0x10, 0x64, 0x10, 0x64, 0x10, 0x64, 0x10,
    0x64, 0x10, 0x64, 0x10, 0x64, 0x10, 0x64, 0x10, 0x64, 0x10, 0x64, 0x10, 0x64, 0x10, 0x64, 0x10, 0x64, 0x10, 0x64, 0x10, 0x64, 0x10, 0x64, 0x10, 0x64, 0x10, 0x64, 0x10, 0x64, 0x10, 0x64, 0x10,
    0x64, 0x10, 0x64, 0x10, 0x64, 0x10, 0x64, 0x10, 0x64, 0x10, 0x64, 0x10, 0x64, 0x10, 0x64, 0x10, 0x64, 0x10, 0x64, 0x10, 0x64, 0x10, 0x64, 0x10, 0x64, 0x10, 0x64, 0x10, 0x64, 0x10, 0x64, 0x10,
    0x64, 0x10, 0x64, 0x10, 0x64, 0x10, 0x64, 0x10, 0x64, 0x10, 0x64, 0x10, 0x64, 0x10, 0x64, 0x10, 0x64, 0x10, 0x64, 0x10, 0x64, 0x10, 0x64, 0x10, 0x64, 0x10, 0x64, 0x10, 0x64, 0x10, 0x64, 0x10,
    0x64, 0x10, 0x64, 0x10, 0x64, 0x10, 0x64, 0x10, 0x64, 0x10, 0x64, 0x10, 0x64, 0x10, 0x64, 0x10, 0x64, 0x10, 0x64, 0x10, 0x64, 0x10, 0x64, 0x10, 0x64, 0x10, 0x64, 0x10, 0x64, 0x10, 0x64, 0x10,
    0x64, 0x10, 0x64, 0x10, 0x64, 0x10, 0x64, 0x10, 0x64, 0x10, 0x64, 0x10, 0x64, 0x10, 0x64, 0x10, 0x64, 0x10, 0x64, 0x10, 0x64, 0x10, 0x64, 0x10, 0x64, 0x10, 0x64, 0x10, 0x64, 0x10, 0x64, 0x10,
    0x64, 0x10, 0x64, 0x10, 0x64, 0x10, 0x64, 0x10, 0x64, 0x10, 0x64, 0x10, 0x64, 0x10, 0x64, 0x10, 0x64, 0x10, 0x64, 0x10, 0x64, 0x10, 0x64, 0x10, 0x64, 0x10, 0x64, 0x10, 0x64, 0x10, 0x64, 0x10,
    0x64, 0x10, 0x64, 0x10, 0x64, 0x10, 0x64, 0x10, 0x64, 0x10, 0x64, 0x10, 0x64, 0x10, 0x64, 0x10, 0x64, 0x10, 0x64, 0x10, 0x64, 0x10, 0x64, 0x18, 0x64, 0x18, 0x63, 0x30, 0x63, 0x30, 0x43, 0x48,
    0x43, 0x48, 0x42, 0x68, 0x42, 0x68, 0x00, 0xe8, 0x00, 0xe8, 0x00, 0xf0, 0x00, 0xf0, 0x00, 0xf0, 0x00, 0xf0, 0x00, 0xf0, 0x00, 0xf0, 0x00, 0xf0, 0x00, 0xf0, 0x00, 0xf0, 0x00, 0xf0, 0x00, 0xe8,
    0x00, 0xe8, 0x00, 0xe8, 0x00, 0xe8, 0x00, 0xe8, 0x00, 0xe8, 0x00, 0xe8, 0x00, 0xe8, 0x00, 0xf0, 0x00, 0xf0, 0x00, 0xf0, 0x00, 0xf0, 0x00, 0xf0, 0x00, 0xf0, 0x00, 0xf0, 0x00, 0xf0, 0x00, 0xf0,
    0x00, 0xf0, 0x00, 0xe8, 0x00, 0xe8, 0x42, 0x68, 0x42, 0x68, 0x43, 0x48, 0x43, 0x48, 0x63, 0x30, 0x63, 0x30, 0x64, 0x18, 0x64, 0x18, 0x64, 0x10, 0x64, 0x10, 0x64, 0x10, 0x64, 0x10, 0x64, 0x10,
    0x64, 0x10, 0x64, 0x10, 0x64, 0x10, 0x64, 0x10, 0x64, 0x10, 0x64, 0x10, 0x64, 0x10, 0x64, 0x10, 0x64, 0x10, 0x64, 0x10, 0x64, 0x10, 0x64, 0x10, 0x64, 0x10, 0x64, 0x10, 0x64, 0x10, 0x64, 0x10,
    0x64, 0x10, 0x64, 0x10, 0x64, 0x10, 0x63, 0x20, 0x63, 0x20, 0x43, 0x40, 0x43, 0x40, 0x42, 0x60, 0x42, 0x60, 0x00, 0xe8, 0x00, 0xe8, 0x00, 0xf0, 0x00, 0xf0, 0x00, 0xf8, 0x00, 0xf8, 0x00, 0xf8,
    0x00, 0xf8, 0x00, 0xf0, 0x00, 0xf0, 0x00, 0xe8, 0x00, 0xe8, 0x42, 0x60, 0x42, 0x60, 0x43, 0x40, 0x43, 0x40, 0x63, 0x20, 0x63, 0x20, 0x64, 0x10, 0x64, 0x10, 0x64, 0x10, 0x64, 0x10, 0x64, 0x10,
    0x64, 0x10, 0x64, 0x10, 0x64, 0x10, 0x64, 0x10, 0x64, 0x10, 0x64, 0x10, 0x64, 0x10, 0x64, 0x10, 0x64, 0x10, 0x64, 0x10, 0x64, 0x10, 0x64, 0x10, 0x64, 0x10, 0x64, 0x10, 0x64, 0x10, 0x64, 0x10,
    0x64, 0x10, 0x64, 0x10, 0x64, 0x10, 0x64, 0x10, 0x64, 0x10, 0x64, 0x10, 0x64, 0x10, 0x64, 0x10, 0x64, 0x10, 0x64, 0x10, 0x64, 0x10, 0x64, 0x10, 0x64, 0x10, 0x64, 0x10, 0x64, 0x10, 0x64, 0x10,
    0x64, 0x10, 0x64, 0x10, 0x64, 0x10, 0x64, 0x10, 0x64, 0x10, 0x64, 0x10, 0x64, 0x10, 0x64, 0x10, 0x64, 0x10, 0x64, 0x10, 0x64, 0x10, 0x64, 0x10, 0x64, 0x10, 0x64, 0x10, 0x64, 0x10, 0x64, 0x10,
    0x64, 0x10, 0x64, 0x10, 0x64, 0x10, 0x64, 0x10, 0x64, 0x10, 0x64, 0x10, 0x64, 0x10, 0x64, 0x10, 0x64, 0x10, 0x64, 0x10, 0x64, 0x10, 0x64, 0x10, 0x64, 0x10, 0x64, 0x10, 0x64, 0x10, 0x64, 0x10,
    0x64, 0x10, 0x64, 0x10, 0x64, 0x10, 0x64, 0x10, 0x64, 0x10, 0x64, 0x10, 0x64, 0x10, 0x64, 0x10, 0x64, 0x10, 0x64, 0x10, 0x64, 0x10, 0x64, 0x10, 0x64, 0x10, 0x64, 0x10, 0x64, 0x10, 0x64, 0x10,
    0x64, 0x10, 0x64, 0x10, 0x64, 0x10, 0x64, 0x10, 0x64, 0x10, 0x64, 0x10, 0x64, 0x10, 0x64, 0x10, 0x64, 0x10, 0x64, 0x10, 0x64, 0x10, 0x64, 0x10, 0x64, 0x10, 0x64, 0x10, 0x64, 0x10, 0x64, 0x10,
    0x64, 0x10, 0x64, 0x10, 0x64, 0x10, 0x64, 0x10, 0x64, 0x10, 0x64, 0x10, 0x64, 0x10, 0x64, 0x10, 0x64, 0x10, 0x64, 0x10, 0x64, 0x10, 0x64, 0x10, 0x64, 0x10, 0x64, 0x10, 0x64, 0x10, 0x64, 0x10,
    0x64, 0x10, 0x64, 0x10, 0x64, 0x10, 0x64, 0x10, 0x64, 0x10, 0x64, 0x10, 0x64, 0x10, 0x64, 0x10, 0x64, 0x10, 0x64, 0x10, 0x64, 0x10, 0x64, 0x10, 0x64, 0x10, 0x64, 0x10, 0x64, 0x10, 0x64, 0x10,
    0x64, 0x10, 0x64, 0x10, 0x64, 0x10, 0x64, 0x10, 0x64, 0x10, 0x64, 0x10, 0x64, 0x10, 0x64, 0x10, 0x64, 0x10, 0x64, 0x10, 0x64, 0x10, 0x64, 0x10, 0x64, 0x10, 0x64, 0x10, 0x64, 0x10, 0x64, 0x10,
    0x64, 0x10, 0x64, 0x10, 0x64, 0x10, 0x64, 0x10, 0x64, 0x10, 0x64, 0x10, 0x64, 0x10, 0x64, 0x10, 0x64, 0x10, 0x64, 0x10, 0x64, 0x10, 0x64, 0x10, 0x64, 0x10, 0x64, 0x10, 0x64, 0x10, 0x64, 0x10,
    0x64, 0x10, 0x64, 0x10, 0x64, 0x10, 0x64, 0x10, 0x64, 0x10, 0x64, 0x10, 0x64, 0x10, 0x64, 0x10, 0x64, 0x10, 0x64, 0x10, 0x64, 0x10, 0x64, 0x10, 0x64, 0x10, 0x64, 0x10, 0x64, 0x10, 0x64, 0x10,
    0x64, 0x10, 0x64, 0x10, 0x64, 0x10, 0x64, 0x18, 0x64, 0x18, 0x63, 0x30, 0x63, 0x30, 0x43, 0x48, 0x43, 0x48, 0x42, 0x68, 0x42, 0x68, 0x00, 0xe8, 0x00, 0xe8, 0x00, 0xf0, 0x00, 0xf0, 0x00, 0xf0,
    0x00, 0xf0, 0x00, 0xf0, 0x00, 0xf0, 0x00, 0xf0, 0x00, 0xf0, 0x00, 0xf0, 0x00, 0xf0, 0x00, 0xe8, 0x00, 0xe8, 0x00, 0xe8, 0x00, 0xe8, 0x00, 0xe8, 0x00, 0xe8, 0x00, 0xe8, 0x00, 0xe8, 0x00, 0xf0,
    0x00, 0xf0, 0x00, 0xf0, 0x00, 0xf0, 0x00, 0xf0, 0x00, 0xf0, 0x00, 0xf0, 0x00, 0xf0, 0x00, 0xf0, 0x00, 0xf0, 0x00, 0xe8, 0x00, 0xe8, 0x42, 0x68, 0x42, 0x68, 0x43, 0x48, 0x43, 0x48, 0x63, 0x30,
    0x63, 0x30, 0x64, 0x18, 0x64, 0x18, 0x64, 0x10, 0x64, 0x10, 0x64, 0x10, 0x64, 0x10, 0x64, 0x10, 0x64, 0x10, 0x64, 0x10, 0x64, 0x10, 0x64, 0x10, 0x64, 0x10, 0x64, 0x10, 0x64, 0x10, 0x64, 0x10,
    0x64, 0x10, 0x64, 0x10, 0x64, 0x10, 0x64, 0x10, 0x64, 0x10, 0x64, 0x10, 0x64, 0x10, 0x64, 0x10, 0x64, 0x10, 0x64, 0x10, 0x64, 0x10, 0x63, 0x20, 0x63, 0x20, 0x43, 0x40, 0x43, 0x40, 0x42, 0x60,
    0x42, 0x60, 0x00, 0xe8, 0x00, 0xe8, 0x00, 0xf0, 0x00, 0xf0, 0x00, 0xf8, 0x00, 0xf8, 0x00, 0xf8, 0x00, 0xf8, 0x00, 0xf0, 0x00, 0xf0, 0x00, 0xe8, 0x00, 0xe8, 0x42, 0x60, 0x42, 0x60, 0x43, 0x40,
    0x43, 0x40, 0x63, 0x20, 0x63, 0x20, 0x64, 0x10, 0x64, 0x10, 0x64, 0x10, 0x64, 0x10, 0x64, 0x10, 0x64, 0x10, 0x64, 0x10, 0x64, 0x10, 0x64, 0x10, 0x64, 0x10, 0x64, 0x10, 0x64, 0x10, 0x64, 0x10,
    0x64, 0x10, 0x64, 0x10, 0x64, 0x10, 0x64, 0x10, 0x64, 0x10, 0x64, 0x10, 0x64, 0x10, 0x64, 0x10, 0x64, 0x10, 0x64, 0x10, 0x64, 0x10, 0x64, 0x10, 0x64, 0x10, 0x64, 0x10, 0x64, 0x10, 0x64, 0x10,
    0x64, 0x10, 0x64, 0x10, 0x64, 0x10, 0x64, 0x10, 0x64, 0x10, 0x64, 0x10, 0x64, 0x10, 0x64, 0x10, 0x64, 0x10, 0x64, 0x10, 0x64, 0x10, 0x64, 0x10, 0x64, 0x10, 0x64, 0x10, 0x64, 0x10, 0x64, 0x10,
    0x64, 0x10, 0x64, 0x10, 0x64, 0x10, 0x64, 0x10, 0x64, 0x10, 0x64, 0x10, 0x64, 0x10, 0x64, 0x10, 0x64, 0x10, 0x64, 0x10, 0x64, 0x10, 0x64, 0x10, 0x64, 0x10, 0x64, 0x10, 0x64, 0x10, 0x64, 0x10,
    0x64, 0x10, 0x64, 0x10, 0x64, 0x10, 0x64, 0x10, 0x64, 0x10, 0x64, 0x10, 0x64, 0x10, 0x64, 0x10, 0x64, 0x10, 0x64, 0x10, 0x64, 0x10, 0x64, 0x10, 0x64, 0x10, 0x64, 0x10, 0x64, 0x10, 0x64, 0x10,
    0x64, 0x10, 0x64, 0x10, 0x64, 0x10, 0x64, 0x10, 0x64, 0x10, 0x64, 0x10, 0x64, 0x10, 0x64, 0x10, 0x64, 0x10, 0x64, 0x10, 0x64, 0x10, 0x64, 0x10, 0x64, 0x10, 0x64, 0x10, 0x64, 0x10, 0x64, 0x10,
    0x64, 0x10, 0x64, 0x10, 0x64, 0x10, 0x64, 0x10, 0x64, 0x10, 0x64, 0x10, 0x64, 0x10, 0x64, 0x10, 0x64, 0x10, 0x64, 0x10, 0x64, 0x10, 0x64, 0x10, 0x64, 0x10, 0x64, 0x10, 0x64, 0x10, 0x64, 0x10,
    0x64, 0x10, 0x64, 0x10, 0x64, 0x10, 0x64, 0x10, 0x64, 0x10, 0x64, 0x10, 0x64, 0x10, 0x64, 0x10, 0x64, 0x10, 0x64, 0x10, 0x64, 0x10, 0x64, 0x10, 0x64, 0x10, 0x64, 0x10, 0x64, 0x10, 0x64, 0x10,
    0x64, 0x10, 0x64, 0x10, 0x64, 0x10, 0x64, 0x10, 0x64, 0x10, 0x64, 0x10, 0x64, 0x10, 0x64, 0x10, 0x64, 0x10, 0x64, 0x10, 0x64, 0x10, 0x64, 0x10, 0x64, 0x10, 0x64, 0x10, 0x64, 0x10, 0x64, 0x10,
    0x64, 0x10, 0x64, 0x10, 0x64, 0x10, 0x64, 0x10, 0x64, 0x10, 0x64, 0x10, 0x64, 0x10, 0x64, 0x10, 0x64, 0x10, 0x64, 0x10, 0x64, 0x10, 0x64, 0x10, 0x64, 0x10, 0x64, 0x10, 0x64, 0x10, 0x64, 0x10,
    0x64, 0x10, 0x64, 0x10, 0x64, 0x10, 0x64, 0x10, 0x64, 0x10, 0x64, 0x10, 0x64, 0x10, 0x64, 0x10, 0x64, 0x10, 0x64, 0x10, 0x64, 0x10, 0x64, 0x10, 0x64, 0x10, 0x64, 0x10, 0x64, 0x10, 0x64, 0x10,
    0x64, 0x10, 0x64, 0x10, 0x64, 0x10, 0x64, 0x10, 0x64, 0x10, 0x64, 0x10, 0x64, 0x10, 0x64, 0x10, 0x64, 0x10, 0x64, 0x10, 0x64, 0x10, 0x64, 0x10, 0x64, 0x10, 0x63, 0x20, 0x63, 0x20, 0x63, 0x30,
    0x63, 0x30, 0x43, 0x48, 0x43, 0x48, 0x42, 0x68, 0x42, 0x68, 0x00, 0xe8, 0x00, 0xe8, 0x00, 0xe8, 0x00, 0xe8, 0x00, 0xf0, 0x00, 0xf0, 0x00, 0xf0, 0x00, 0xf0, 0x00, 0xf0, 0x00, 0xf0, 0x00, 0xf0,
    0x00, 0xf0, 0x00, 0xe8, 0x00, 0xe8, 0x00, 0xe8, 0x00, 0xe8, 0x00, 0xe8, 0x00, 0xe8, 0x00, 0xf0, 0x00, 0xf0, 0x00, 0xf0, 0x00, 0xf0, 0x00, 0xf0, 0x00, 0xf0, 0x00, 0xe8, 0x00, 0xe8, 0x00, 0xe8,
    0x00, 0xe8, 0x42, 0x68, 0x42, 0x68, 0x43, 0x48, 0x43, 0x48, 0x63, 0x30, 0x63, 0x30, 0x63, 0x20, 0x63, 0x20, 0x64, 0x10, 0x64, 0x10, 0x64, 0x10, 0x64, 0x10, 0x64, 0x10, 0x64, 0x10, 0x64, 0x10,
    0x64, 0x10, 0x64, 0x10, 0x64, 0x10, 0x64, 0x10, 0x64, 0x10, 0x64, 0x10, 0x64, 0x10, 0x64, 0x10, 0x64, 0x10, 0x64, 0x10, 0x64, 0x10, 0x64, 0x10, 0x64, 0x10, 0x64, 0x10, 0x64, 0x10, 0x64, 0x10,
    0x64, 0x10, 0x64, 0x10, 0x64, 0x10, 0x63, 0x20, 0x63, 0x20, 0x43, 0x38, 0x43, 0x38, 0x42, 0x58, 0x42, 0x58, 0x00, 0xe8, 0x00, 0xe8, 0x00, 0xf0, 0x00, 0xf0, 0x00, 0xf0, 0x00, 0xf0, 0x00, 0xf0,
    0x00, 0xf0, 0x00, 0xf0, 0x00, 0xf0, 0x00, 0xe8, 0x00, 0xe8, 0x42, 0x58, 0x42, 0x58, 0x43, 0x38, 0x43, 0x38, 0x63, 0x20, 0x63, 0x20, 0x64, 0x10, 0x64, 0x10, 0x64, 0x10, 0x64, 0x10, 0x64, 0x10,
    0x64, 0x10, 0x64, 0x10, 0x64, 0x10, 0x64, 0x10, 0x64, 0x10, 0x64, 0x10, 0x64, 0x10, 0x64, 0x10, 0x64, 0x10, 0x64, 0x10, 0x64, 0x10, 0x64, 0x10, 0x64, 0x10, 0x64, 0x10, 0x64, 0x10, 0x64, 0x10,
    0x64, 0x10, 0x64, 0x10, 0x64, 0x10, 0x64, 0x10, 0x64, 0x10, 0x64, 0x10, 0x64, 0x10, 0x64, 0x10, 0x64, 0x10, 0x64, 0x10, 0x64, 0x10, 0x64, 0x10, 0x64, 0x10, 0x64, 0x10, 0x64, 0x10, 0x64, 0x10,
    0x64, 0x10, 0x64, 0x10, 0x64, 0x10, 0x64, 0x10, 0x64, 0x10, 0x64, 0x10, 0x64, 0x10, 0x64, 0x10, 0x64, 0x10, 0x64, 0x10, 0x64, 0x10, 0x64, 0x10, 0x64, 0x10, 0x64, 0x10, 0x64, 0x10, 0x64, 0x10,
    0x64, 0x10, 0x64, 0x10, 0x64, 0x10, 0x64, 0x10, 0x64, 0x10, 0x64, 0x10, 0x64, 0x10, 0x64, 0x10, 0x64, 0x10, 0x64, 0x10, 0x64, 0x10, 0x64, 0x10, 0x64, 0x10, 0x64, 0x10, 0x64, 0x10, 0x64, 0x10,
    0x64, 0x10, 0x64, 0x10, 0x64, 0x10, 0x64, 0x10, 0x64, 0x10, 0x64, 0x10, 0x64, 0x10, 0x64, 0x10, 0x64, 0x10, 0x64, 0x10, 0x64, 0x10, 0x64, 0x10, 0x64, 0x10, 0x64, 0x10, 0x64, 0x10, 0x64, 0x10,
    0x64, 0x10, 0x64, 0x10, 0x64, 0x10, 0x64, 0x10, 0x64, 0x10, 0x64, 0x10, 0x64, 0x10, 0x64, 0x10, 0x64, 0x10, 0x64, 0x10, 0x64, 0x10, 0x64, 0x10, 0x64, 0x10, 0x64, 0x10, 0x64, 0x10, 0x64, 0x10,
    0x64, 0x10, 0x64, 0x10, 0x64, 0x10, 0x64, 0x10, 0x64, 0x10, 0x64, 0x10, 0x64, 0x10, 0x64, 0x10, 0x64, 0x10, 0x64, 0x10, 0x64, 0x10, 0x64, 0x10, 0x64, 0x10, 0x64, 0x10, 0x64, 0x10, 0x64, 0x10,
    0x64, 0x10, 0x64, 0x10, 0x64, 0x10, 0x64, 0x10, 0x64, 0x10, 0x64, 0x10, 0x64, 0x10, 0x64, 0x10, 0x64, 0x10, 0x64, 0x10, 0x64, 0x10, 0x64, 0x10, 0x64, 0x10, 0x64, 0x10, 0x64, 0x10, 0x64, 0x10,
    0x64, 0x10, 0x64, 0x10, 0x64, 0x10, 0x64, 0x10, 0x64, 0x10, 0x64, 0x10, 0x64, 0x10, 0x64, 0x10, 0x64, 0x10, 0x64, 0x10, 0x64, 0x10, 0x64, 0x10, 0x64, 0x10, 0x64, 0x10, 0x64, 0x10, 0x64, 0x10,
    0x64, 0x10, 0x64, 0x10, 0x64, 0x10, 0x64, 0x10, 0x64, 0x10, 0x64, 0x10, 0x64, 0x10, 0x64, 0x10, 0x64, 0x10, 0x64, 0x10, 0x64, 0x10, 0x64, 0x10, 0x64, 0x10, 0x64, 0x10, 0x64, 0x10, 0x64, 0x10,
    0x64, 0x10, 0x64, 0x10, 0x64, 0x10, 0x64, 0x10, 0x64, 0x10, 0x64, 0x10, 0x64, 0x10, 0x64, 0x10, 0x64, 0x10, 0x64, 0x10, 0x64, 0x10, 0x64, 0x10, 0x64, 0x10, 0x64, 0x10, 0x64, 0x10, 0x64, 0x10,
    0x64, 0x10, 0x64, 0x10, 0x64, 0x10, 0x64, 0x10, 0x64, 0x10, 0x63, 0x20, 0x63, 0x20, 0x63, 0x30, 0x63, 0x30, 0x43, 0x48, 0x43, 0x48, 0x42, 0x68, 0x42, 0x68, 0x00, 0xe8, 0x00, 0xe8, 0x00, 0xe8,
    0x00, 0xe8, 0x00, 0xf0, 0x00, 0xf0, 0x00, 0xf0, 0x00, 0xf0, 0x00, 0xf0, 0x00, 0xf0, 0x00, 0xf0, 0x00, 0xf0, 0x00, 0xe8, 0x00, 0xe8, 0x00, 0xe8, 0x00, 0xe8, 0x00, 0xe8, 0x00, 0xe8, 0x00, 0xf0,
    0x00, 0xf0, 0x00, 0xf0, 0x00, 0xf0, 0x00, 0xf0, 0x00, 0xf0, 0x00, 0xe8, 0x00, 0xe8, 0x00, 0xe8, 0x00, 0xe8, 0x42, 0x68, 0x42, 0x68, 0x43, 0x48, 0x43, 0x48, 0x63, 0x30, 0x63, 0x30, 0x63, 0x20,
    0x63, 0x20, 0x64, 0x10, 0x64, 0x10, 0x64, 0x10, 0x64, 0x10, 0x64, 0x10, 0x64, 0x10, 0x64, 0x10, 0x64, 0x10, 0x64, 0x10, 0x64, 0x10, 0x64, 0x10, 0x64, 0x10, 0x64, 0x10, 0x64, 0x10, 0x64, 0x10,
    0x64, 0x10, 0x64, 0x10, 0x64, 0x10, 0x64, 0x10, 0x64, 0x10, 0x64, 0x10, 0x64, 0x10, 0x64, 0x10, 0x64, 0x10, 0x64, 0x10, 0x64, 0x10, 0x63, 0x20, 0x63, 0x20, 0x43, 0x38, 0x43, 0x38, 0x42, 0x58,
    0x42, 0x58, 0x00, 0xe8, 0x00, 0xe8, 0x00, 0xf0, 0x00, 0xf0, 0x00, 0xf0, 0x00, 0xf0, 0x00, 0xf0, 0x00, 0xf0, 0x00, 0xf0, 0x00, 0xf0, 0x00, 0xe8, 0x00, 0xe8, 0x42, 0x58, 0x42, 0x58, 0x43, 0x38,
    0x43, 0x38, 0x63, 0x20, 0x63, 0x20, 0x64, 0x10, 0x64, 0x10, 0x64, 0x10, 0x64, 0x10, 0x64, 0x10, 0x64, 0x10, 0x64, 0x10, 0x64, 0x10, 0x64, 0x10, 0x64, 0x10, 0x64, 0x10, 0x64, 0x10, 0x64, 0x10,
    0x64, 0x10, 0x64, 0x10, 0x64, 0x10, 0x64, 0x10, 0x64, 0x10, 0x64, 0x10, 0x64, 0x10, 0x64, 0x10, 0x64, 0x10, 0x64, 0x10, 0x64, 0x10, 0x64, 0x10, 0x64, 0x10, 0x64, 0x10, 0x64, 0x10, 0x64, 0x10,
    0x64, 0x10, 0x64, 0x10, 0x64, 0x10, 0x64, 0x10, 0x64, 0x10, 0x64, 0x10, 0x64, 0x10, 0x64, 0x10, 0x64, 0x10, 0x64, 0x10, 0x64, 0x10, 0x64, 0x10, 0x64, 0x10, 0x64, 0x10, 0x64, 0x10, 0x64, 0x10,
    0x64, 0x10, 0x64, 0x10, 0x64, 0x10, 0x64, 0x10, 0x64, 0x10, 0x64, 0x10, 0x64, 0x10, 0x64, 0x10, 0x64, 0x10, 0x64, 0x10, 0x64, 0x10, 0x64, 0x10, 0x64, 0x10, 0x64, 0x10, 0x64, 0x10, 0x64, 0x10,
    0x64, 0x10, 0x64, 0x10, 0x64, 0x10, 0x64, 0x10, 0x64, 0x10, 0x64, 0x10, 0x64, 0x10, 0x64, 0x10, 0x64, 0x10, 0x64, 0x10, 0x64, 0x10, 0x64, 0x10, 0x64, 0x10, 0x64, 0x10, 0x64, 0x10, 0x64, 0x10,
    0x64, 0x10, 0x64, 0x10, 0x64, 0x10, 0x64, 0x10, 0x64, 0x10, 0x64, 0x10, 0x64, 0x10, 0x64, 0x10, 0x64, 0x10, 0x64, 0x10, 0x64, 0x10, 0x64, 0x10, 0x64, 0x10, 0x64, 0x10, 0x64, 0x10, 0x64, 0x10,
    0x64, 0x10, 0x64, 0x10, 0x64, 0x10, 0x64, 0x10, 0x64, 0x10, 0x64, 0x10, 0x64, 0x10, 0x64, 0x10, 0x64, 0x10, 0x64, 0x10, 0x64, 0x10, 0x64, 0x10, 0x64, 0x10, 0x64, 0x10, 0x64, 0x10, 0x64, 0x10,
    0x64, 0x10, 0x64, 0x10, 0x64, 0x10, 0x64, 0x10, 0x64, 0x10, 0x64, 0x10, 0x64, 0x10, 0x64, 0x10, 0x64, 0x10, 0x64, 0x10, 0x64, 0x10, 0x64, 0x10, 0x64, 0x10, 0x64, 0x10, 0x64, 0x10, 0x64, 0x10,
    0x64, 0x10, 0x64, 0x10, 0x64, 0x10, 0x64, 0x10, 0x64, 0x10, 0x64, 0x10, 0x64, 0x10, 0x64, 0x10, 0x64, 0x10, 0x64, 0x10, 0x64, 0x10, 0x64, 0x10, 0x64, 0x10, 0x64, 0x10, 0x64, 0x10, 0x64, 0x10,
    0x64, 0x10, 0x64, 0x10, 0x64, 0x10, 0x64, 0x10, 0x64, 0x10, 0x64, 0x10, 0x64, 0x10, 0x64, 0x10, 0x64, 0x10, 0x64, 0x10, 0x64, 0x10, 0x64, 0x10, 0x64, 0x10, 0x64, 0x10, 0x64, 0x10, 0x64, 0x10,
    0x64, 0x10, 0x64, 0x10, 0x64, 0x10, 0x64, 0x10, 0x64, 0x10, 0x64, 0x10, 0x64, 0x10, 0x64, 0x10, 0x64, 0x10, 0x64, 0x10, 0x64, 0x10, 0x64, 0x10, 0x64, 0x10, 0x64, 0x10, 0x64, 0x10, 0x64, 0x10,
    0x64, 0x10, 0x64, 0x10, 0x64, 0x10, 0x64, 0x10, 0x64, 0x10, 0x64, 0x10, 0x64, 0x10, 0x64, 0x10, 0x64, 0x10, 0x64, 0x10, 0x64, 0x10, 0x64, 0x10, 0x64, 0x10, 0x64, 0x18, 0x64, 0x18, 0x63, 0x20,
    0x63, 0x20, 0x63, 0x30, 0x63, 0x30, 0x43, 0x48, 0x43, 0x48, 0x42, 0x60, 0x42, 0x60, 0x42, 0x70, 0x42, 0x70, 0x00, 0xe8, 0x00, 0xe8, 0x00, 0xe8, 0x00, 0xe8, 0x00, 0xe8, 0x00, 0xe8, 0x00, 0xe8,
    0x00, 0xe8, 0x00, 0xe8, 0x00, 0xe8, 0x00, 0xe8, 0x00, 0xe8, 0x00, 0xe8, 0x00, 0xe8, 0x00, 0xe8, 0x00, 0xe8, 0x00, 0xe8, 0x00, 0xe8, 0x00, 0xe8, 0x00, 0xe8, 0x42, 0x70, 0x42, 0x70, 0x42, 0x60,
    0x42, 0x60, 0x43, 0x48, 0x43, 0x48, 0x63, 0x30, 0x63, 0x30, 0x63, 0x20, 0x63, 0x20, 0x64, 0x18, 0x64, 0x18, 0x64, 0x10, 0x64, 0x10, 0x64, 0x10, 0x64, 0x10, 0x64, 0x10, 0x64, 0x10, 0x64, 0x10,
    0x64, 0x10, 0x64, 0x10, 0x64, 0x10, 0x64, 0x10, 0x64, 0x10, 0x64, 0x10, 0x64, 0x10, 0x64, 0x10, 0x64, 0x10, 0x64, 0x10, 0x64, 0x10, 0x64, 0x10, 0x64, 0x10, 0x64, 0x10, 0x64, 0x10, 0x64, 0x10,
    0x64, 0x10, 0x64, 0x10, 0x64, 0x10, 0x64, 0x18, 0x64, 0x18, 0x63, 0x30, 0x63, 0x30, 0x43, 0x48, 0x43, 0x48, 0x00, 0xe8, 0x00, 0xe8, 0x00, 0xe8, 0x00, 0xe8, 0x00, 0xe8, 0x00, 0xe8, 0x00, 0xe8,
    0x00, 0xe8, 0x00, 0xe8, 0x00, 0xe8, 0x00, 0xe8, 0x00, 0xe8, 0x43, 0x48, 0x43, 0x48, 0x63, 0x30, 0x63, 0x30, 0x64, 0x18, 0x64, 0x18, 0x64, 0x10, 0x64, 0x10, 0x64, 0x10, 0x64, 0x10, 0x64, 0x10,
    0x64, 0x10, 0x64, 0x10, 0x64, 0x10, 0x64, 0x10, 0x64, 0x10, 0x64, 0x10, 0x64, 0x10, 0x64, 0x10, 0x64, 0x10, 0x64, 0x10, 0x64, 0x10, 0x64, 0x10, 0x64, 0x10, 0x64, 0x10, 0x64, 0x10, 0x64, 0x10,
    0x64, 0x10, 0x64, 0x10, 0x64, 0x10, 0x64, 0x10, 0x64, 0x10, 0x64, 0x10, 0x64, 0x10, 0x64, 0x10, 0x64, 0x10, 0x64, 0x10, 0x64, 0x10, 0x64, 0x10, 0x64, 0x10, 0x64, 0x10, 0x64, 0x10, 0x64, 0x10,
    0x64, 0x10, 0x64, 0x10, 0x64, 0x10, 0x64, 0x10, 0x64, 0x10, 0x64, 0x10, 0x64, 0x10, 0x64, 0x10, 0x64, 0x10, 0x64, 0x10, 0x64, 0x10, 0x64, 0x10, 0x64, 0x10, 0x64, 0x10, 0x64, 0x10, 0x64, 0x10,
    0x64, 0x10, 0x64, 0x10, 0x64, 0x10, 0x64, 0x10, 0x64, 0x10, 0x64, 0x10, 0x64, 0x10, 0x64, 0x10, 0x64, 0x10, 0x64, 0x10, 0x64, 0x10, 0x64, 0x10, 0x64, 0x10, 0x64, 0x10, 0x64, 0x10, 0x64, 0x10,
    0x64, 0x10, 0x64, 0x10, 0x64, 0x10, 0x64, 0x10, 0x64, 0x10, 0x64, 0x10, 0x64, 0x10, 0x64, 0x10, 0x64, 0x10, 0x64, 0x10, 0x64, 0x10, 0x64, 0x10, 0x64, 0x10, 0x64, 0x10, 0x64, 0x10, 0x64, 0x10,
    0x64, 0x10, 0x64, 0x10, 0x64, 0x10, 0x64, 0x10, 0x64, 0x10, 0x64, 0x10, 0x64, 0x10, 0x64, 0x10, 0x64, 0x10, 0x64, 0x10, 0x64, 0x10, 0x64, 0x10, 0x64, 0x10, 0x64, 0x10, 0x64, 0x10, 0x64, 0x10,
    0x64, 0x10, 0x64, 0x10, 0x64, 0x10, 0x64, 0x10, 0x64, 0x10, 0x64, 0x10, 0x64, 0x10, 0x64, 0x10, 0x64, 0x10, 0x64, 0x10, 0x64, 0x10, 0x64, 0x10, 0x64, 0x10, 0x64, 0x10, 0x64, 0x10, 0x64, 0x10,
    0x64, 0x10, 0x64, 0x10, 0x64, 0x10, 0x64, 0x10, 0x64, 0x10, 0x64, 0x10, 0x64, 0x10, 0x64, 0x10, 0x64, 0x10, 0x64, 0x10, 0x64, 0x10, 0x64, 0x10, 0x64, 0x10, 0x64, 0x10, 0x64, 0x10, 0x64, 0x10,
    0x64, 0x10, 0x64, 0x10, 0x64, 0x10, 0x64, 0x10, 0x64, 0x10, 0x64, 0x10, 0x64, 0x10, 0x64, 0x10, 0x64, 0x10, 0x64, 0x10, 0x64, 0x10, 0x64, 0x10, 0x64, 0x10, 0x64, 0x10, 0x64, 0x10, 0x64, 0x10,
    0x64, 0x10, 0x64, 0x10, 0x64, 0x10, 0x64, 0x10, 0x64, 0x10, 0x64, 0x10, 0x64, 0x10, 0x64, 0x10, 0x64, 0x10, 0x64, 0x10, 0x64, 0x10, 0x64, 0x10, 0x64, 0x10, 0x64, 0x10, 0x64, 0x10, 0x64, 0x10,
    0x64, 0x10, 0x64, 0x10, 0x64, 0x10, 0x64, 0x10, 0x64, 0x10, 0x64, 0x10, 0x64, 0x10, 0x64, 0x10, 0x64, 0x10, 0x64, 0x10, 0x64, 0x10, 0x64, 0x10, 0x64, 0x10, 0x64, 0x10, 0x64, 0x10, 0x64, 0x10,
    0x64, 0x10, 0x64, 0x10, 0x64, 0x10, 0x64, 0x10, 0x64, 0x10, 0x64, 0x18, 0x64, 0x18, 0x63, 0x20, 0x63, 0x20, 0x63, 0x30, 0x63, 0x30, 0x43, 0x48, 0x43, 0x48, 0x42, 0x60, 0x42, 0x60, 0x42, 0x70,
    0x42, 0x70, 0x00, 0xe8, 0x00, 0xe8, 0x00, 0xe8, 0x00, 0xe8, 0x00, 0xe8, 0x00, 0xe8, 0x00, 0xe8, 0x00, 0xe8, 0x00, 0xe8, 0x00, 0xe8, 0x00, 0xe8, 0x00, 0xe8, 0x00, 0xe8, 0x00, 0xe8, 0x00, 0xe8,
    0x00, 0xe8, 0x00, 0xe8, 0x00, 0xe8, 0x00, 0xe8, 0x00, 0xe8, 0x42, 0x70, 0x42, 0x70, 0x42, 0x60, 0x42, 0x60, 0x43, 0x48, 0x43, 0x48, 0x63, 0x30, 0x63, 0x30, 0x63, 0x20, 0x63, 0x20, 0x64, 0x18,
    0x64, 0x18, 0x64, 0x10, 0x64, 0x10, 0x64, 0x10, 0x64, 0x10, 0x64, 0x10, 0x64, 0x10, 0x64, 0x10, 0x64, 0x10, 0x64, 0x10, 0x64, 0x10, 0x64, 0x10, 0x64, 0x10, 0x64, 0x10, 0x64, 0x10, 0x64, 0x10,
    0x64, 0x10, 0x64, 0x10, 0x64, 0x10, 0x64, 0x10, 0x64, 0x10, 0x64, 0x10, 0x64, 0x10, 0x64, 0x10, 0x64, 0x10, 0x64, 0x10, 0x64, 0x10, 0x64, 0x18, 0x64, 0x18, 0x63, 0x30, 0x63, 0x30, 0x43, 0x48,
    0x43, 0x48, 0x00, 0xe8, 0x00, 0xe8, 0x00, 0xe8, 0x00, 0xe8, 0x00, 0xe8, 0x00, 0xe8, 0x00, 0xe8, 0x00, 0xe8, 0x00, 0xe8, 0x00, 0xe8, 0x00, 0xe8, 0x00, 0xe8, 0x43, 0x48, 0x43, 0x48, 0x63, 0x30,
    0x63, 0x30, 0x64, 0x18, 0x64, 0x18, 0x64, 0x10, 0x64, 0x10, 0x64, 0x10, 0x64, 0x10, 0x64, 0x10, 0x64, 0x10, 0x64, 0x10, 0x64, 0x10, 0x64, 0x10, 0x64, 0x10, 0x64, 0x10, 0x64, 0x10, 0x64, 0x10,
    0x64, 0x10, 0x64, 0x10, 0x64, 0x10, 0x64, 0x10, 0x64, 0x10, 0x64, 0x10, 0x64, 0x10, 0x64, 0x10, 0x64, 0x10, 0x64, 0x10, 0x64, 0x10, 0x64, 0x10, 0x64, 0x10, 0x64, 0x10, 0x64, 0x10, 0x64, 0x10,
    0x64, 0x10, 0x64, 0x10, 0x64, 0x10, 0x64, 0x10, 0x64, 0x10, 0x64, 0x10, 0x64, 0x10, 0x64, 0x10, 0x64, 0x10, 0x64, 0x10, 0x64, 0x10, 0x64, 0x10, 0x64, 0x10, 0x64, 0x10, 0x64, 0x10, 0x64, 0x10,
    0x64, 0x10, 0x64, 0x10, 0x64, 0x10, 0x64, 0x10, 0x64, 0x10, 0x64, 0x10, 0x64, 0x10, 0x64, 0x10, 0x64, 0x10, 0x64, 0x10, 0x64, 0x10, 0x64, 0x10, 0x64, 0x10, 0x64, 0x10, 0x64, 0x10, 0x64, 0x10,
    0x64, 0x10, 0x64, 0x10, 0x64, 0x10, 0x64, 0x10, 0x64, 0x10, 0x64, 0x10, 0x64, 0x10, 0x64, 0x10, 0x64, 0x10, 0x64, 0x10, 0x64, 0x10, 0x64, 0x10, 0x64, 0x10, 0x64, 0x10, 0x64, 0x10, 0x64, 0x10,
    0x64, 0x10, 0x64, 0x10, 0x64, 0x10, 0x64, 0x10, 0x64, 0x10, 0x64, 0x10, 0x64, 0x10, 0x64, 0x10, 0x64, 0x10, 0x64, 0x10, 0x64, 0x10, 0x64, 0x10, 0x64, 0x10, 0x64, 0x10, 0x64, 0x10, 0x64, 0x10,
    0x64, 0x10, 0x64, 0x10, 0x64, 0x10, 0x64, 0x10, 0x64, 0x10, 0x64, 0x10, 0x64, 0x10, 0x64, 0x10, 0x64, 0x10, 0x64, 0x10, 0x64, 0x10, 0x64, 0x10, 0x64, 0x10, 0x64, 0x10, 0x64, 0x10, 0x64, 0x10,
    0x64, 0x10, 0x64, 0x10, 0x64, 0x10, 0x64, 0x10, 0x64, 0x10, 0x64, 0x10, 0x64, 0x10, 0x64, 0x10, 0x64, 0x10, 0x64, 0x10, 0x64, 0x10, 0x64, 0x10, 0x64, 0x10, 0x64, 0x10, 0x64, 0x10, 0x64, 0x10,
    0x64, 0x10, 0x64, 0x10, 0x64, 0x10, 0x64, 0x10, 0x64, 0x10, 0x64, 0x10, 0x64, 0x10, 0x64, 0x10, 0x64, 0x10, 0x64, 0x10, 0x64, 0x10, 0x64, 0x10, 0x64, 0x10, 0x64, 0x10, 0x64, 0x10, 0x64, 0x10,
    0x64, 0x10, 0x64, 0x10, 0x64, 0x10, 0x64, 0x10, 0x64, 0x10, 0x64, 0x10, 0x64, 0x10, 0x64, 0x10, 0x64, 0x10, 0x64, 0x10, 0x64, 0x10, 0x64, 0x10, 0x64, 0x10, 0x64, 0x10, 0x64, 0x10, 0x64, 0x10,
    0x64, 0x10, 0x64, 0x10, 0x64, 0x10, 0x64, 0x10, 0x64, 0x10, 0x64, 0x10, 0x64, 0x10, 0x64, 0x10, 0x64, 0x10, 0x64, 0x10, 0x64, 0x10, 0x64, 0x10, 0x64, 0x10, 0x64, 0x10, 0x64, 0x10, 0x64, 0x10,
    0x64, 0x10, 0x64, 0x10, 0x64, 0x10, 0x64, 0x10, 0x64, 0x10, 0x64, 0x10, 0x64, 0x10, 0x64, 0x10, 0x64, 0x10, 0x64, 0x10, 0x64, 0x10, 0x64, 0x10, 0x64, 0x10, 0x64, 0x10, 0x64, 0x10, 0x64, 0x18,
    0x64, 0x18, 0x63, 0x20, 0x63, 0x20, 0x63, 0x30, 0x63, 0x30, 0x43, 0x40, 0x43, 0x40, 0x43, 0x48, 0x43, 0x48, 0x42, 0x58, 0x42, 0x58, 0x42, 0x60, 0x42, 0x60, 0x42, 0x68, 0x42, 0x68, 0x42, 0x68,
    0x42, 0x68, 0x42, 0x68, 0x42, 0x68, 0x42, 0x68, 0x42, 0x68, 0x42, 0x68, 0x42, 0x68, 0x42, 0x68, 0x42, 0x68, 0x42, 0x60, 0x42, 0x60, 0x42, 0x58, 0x42, 0x58, 0x43, 0x48, 0x43, 0x48, 0x43, 0x40,
    0x43, 0x40, 0x63, 0x30, 0x63, 0x30, 0x63, 0x20, 0x63, 0x20, 0x64, 0x18, 0x64, 0x18, 0x64, 0x10, 0x64, 0x10, 0x64, 0x10, 0x64, 0x10, 0x64, 0x10, 0x64, 0x10, 0x64, 0x10, 0x64, 0x10, 0x64, 0x10,
    0x64, 0x10, 0x64, 0x10, 0x64, 0x10, 0x64, 0x10, 0x64, 0x10, 0x64, 0x10, 0x64, 0x10, 0x64, 0x10, 0x64, 0x10, 0x64, 0x10, 0x64, 0x10, 0x64, 0x10, 0x64, 0x10, 0x64, 0x10, 0x64, 0x10, 0x64, 0x10,
    0x64, 0x10, 0x64, 0x10, 0x64, 0x10, 0x64, 0x18, 0x64, 0x18, 0x63, 0x20, 0x63, 0x20, 0x63, 0x30, 0x63, 0x30, 0x43, 0x48, 0x43, 0x48, 0x42, 0x58, 0x42, 0x58, 0x42, 0x60, 0x42, 0x60, 0x42, 0x60,
    0x42, 0x60, 0x42, 0x58, 0x42, 0x58, 0x43, 0x48, 0x43, 0x48, 0x63, 0x30, 0x63, 0x30, 0x63, 0x20, 0x63, 0x20, 0x64, 0x18, 0x64, 0x18, 0x64, 0x10, 0x64, 0x10, 0x64, 0x10, 0x64, 0x10, 0x64, 0x10,
    0x64, 0x10, 0x64, 0x10, 0x64, 0x10, 0x64, 0x10, 0x64, 0x10, 0x64, 0x10, 0x64, 0x10, 0x64, 0x10, 0x64, 0x10, 0x64, 0x10, 0x64, 0x10, 0x64, 0x10, 0x64, 0x10, 0x64, 0x10, 0x64, 0x10, 0x64, 0x10,
    0x64, 0x10, 0x64, 0x10, 0x64, 0x10, 0x64, 0x10, 0x64, 0x10, 0x64, 0x10, 0x64, 0x10, 0x64, 0x10, 0x64, 0x10, 0x64, 0x10, 0x64, 0x10, 0x64, 0x10, 0x64, 0x10, 0x64, 0x10, 0x64, 0x10, 0x64, 0x10,
    0x64, 0x10, 0x64, 0x10, 0x64, 0x10, 0x64, 0x10, 0x64, 0x10, 0x64, 0x10, 0x64, 0x10, 0x64, 0x10, 0x64, 0x10, 0x64, 0x10, 0x64, 0x10, 0x64, 0x10, 0x64, 0x10, 0x64, 0x10, 0x64, 0x10, 0x64, 0x10,
    0x64, 0x10, 0x64, 0x10, 0x64, 0x10, 0x64, 0x10, 0x64, 0x10, 0x64, 0x10, 0x64, 0x10, 0x64, 0x10, 0x64, 0x10, 0x64, 0x10, 0x64, 0x10, 0x64, 0x10, 0x64, 0x10, 0x64, 0x10, 0x64, 0x10, 0x64, 0x10,
    0x64, 0x10, 0x64, 0x10, 0x64, 0x10, 0x64, 0x10, 0x64, 0x10, 0x64, 0x10, 0x64, 0x10, 0x64, 0x10, 0x64, 0x10, 0x64, 0x10, 0x64, 0x10, 0x64, 0x10, 0x64, 0x10, 0x64, 0x10, 0x64, 0x10, 0x64, 0x10,
    0x64, 0x10, 0x64, 0x10, 0x64, 0x10, 0x64, 0x10, 0x64, 0x10, 0x64, 0x10, 0x64, 0x10, 0x64, 0x10, 0x64, 0x10, 0x64, 0x10, 0x64, 0x10, 0x64, 0x10, 0x64, 0x10, 0x64, 0x10, 0x64, 0x10, 0x64, 0x10,
    0x64, 0x10, 0x64, 0x10, 0x64, 0x10, 0x64, 0x10, 0x64, 0x10, 0x64, 0x10, 0x64, 0x10, 0x64, 0x10, 0x64, 0x10, 0x64, 0x10, 0x64, 0x10, 0x64, 0x10, 0x64, 0x10, 0x64, 0x10, 0x64, 0x10, 0x64, 0x10,
    0x64, 0x10, 0x64, 0x10, 0x64, 0x10, 0x64, 0x10, 0x64, 0x10, 0x64, 0x10, 0x64, 0x10, 0x64, 0x10, 0x64, 0x10, 0x64, 0x10, 0x64, 0x10, 0x64, 0x10, 0x64, 0x10, 0x64, 0x10, 0x64, 0x10, 0x64, 0x10,
    0x64, 0x10, 0x64, 0x10, 0x64, 0x10, 0x64, 0x10, 0x64, 0x10, 0x64, 0x10, 0x64, 0x10, 0x64, 0x10, 0x64, 0x10, 0x64, 0x10, 0x64, 0x10, 0x64, 0x10, 0x64, 0x10, 0x64, 0x10, 0x64, 0x10, 0x64, 0x10,
    0x64, 0x10, 0x64, 0x10, 0x64, 0x10, 0x64, 0x10, 0x64, 0x10, 0x64, 0x10, 0x64, 0x10, 0x64, 0x10, 0x64, 0x10, 0x64, 0x10, 0x64, 0x10, 0x64, 0x10, 0x64, 0x10, 0x64, 0x10, 0x64, 0x10, 0x64, 0x10,
    0x64, 0x10, 0x64, 0x10, 0x64, 0x10, 0x64, 0x10, 0x64, 0x10, 0x64, 0x10, 0x64, 0x10, 0x64, 0x10, 0x64, 0x10, 0x64, 0x10, 0x64, 0x10, 0x64, 0x10, 0x64, 0x10, 0x64, 0x10, 0x64, 0x10, 0x64, 0x10,
    0x64, 0x10, 0x64, 0x10, 0x64, 0x10, 0x64, 0x10, 0x64, 0x10, 0x64, 0x10, 0x64, 0x10, 0x64, 0x18, 0x64, 0x18, 0x63, 0x20, 0x63, 0x20, 0x63, 0x30, 0x63, 0x30, 0x43, 0x40, 0x43, 0x40, 0x43, 0x48,
    0x43, 0x48, 0x42, 0x58, 0x42, 0x58, 0x42, 0x60, 0x42, 0x60, 0x42, 0x68, 0x42, 0x68, 0x42, 0x68, 0x42, 0x68, 0x42, 0x68, 0x42, 0x68, 0x42, 0x68, 0x42, 0x68, 0x42, 0x68, 0x42, 0x68, 0x42, 0x68,
    0x42, 0x68, 0x42, 0x60, 0x42, 0x60, 0x42, 0x58, 0x42, 0x58, 0x43, 0x48, 0x43, 0x48, 0x43, 0x40, 0x43, 0x40, 0x63, 0x30, 0x63, 0x30, 0x63, 0x20, 0x63, 0x20, 0x64, 0x18, 0x64, 0x18, 0x64, 0x10,
    0x64, 0x10, 0x64, 0x10, 0x64, 0x10, 0x64, 0x10, 0x64, 0x10, 0x64, 0x10, 0x64, 0x10, 0x64, 0x10, 0x64, 0x10, 0x64, 0x10, 0x64, 0x10, 0x64, 0x10, 0x64, 0x10, 0x64, 0x10, 0x64, 0x10, 0x64, 0x10,
    0x64, 0x10, 0x64, 0x10, 0x64, 0x10, 0x64, 0x10, 0x64, 0x10, 0x64, 0x10, 0x64, 0x10, 0x64, 0x10, 0x64, 0x10, 0x64, 0x10, 0x64, 0x10, 0x64, 0x18, 0x64, 0x18, 0x63, 0x20, 0x63, 0x20, 0x63, 0x30,
    0x63, 0x30, 0x43, 0x48, 0x43, 0x48, 0x42, 0x58, 0x42, 0x58, 0x42, 0x60, 0x42, 0x60, 0x42, 0x60, 0x42, 0x60, 0x42, 0x58, 0x42, 0x58, 0x43, 0x48, 0x43, 0x48, 0x63, 0x30, 0x63, 0x30, 0x63, 0x20,
    0x63, 0x20, 0x64, 0x18, 0x64, 0x18, 0x64, 0x10, 0x64, 0x10, 0x64, 0x10, 0x64, 0x10, 0x64, 0x10, 0x64, 0x10, 0x64, 0x10, 0x64, 0x10, 0x64, 0x10, 0x64, 0x10, 0x64, 0x10, 0x64, 0x10, 0x64, 0x10,
    0x64, 0x10, 0x64, 0x10, 0x64, 0x10, 0x64, 0x10, 0x64, 0x10, 0x64, 0x10, 0x64, 0x10, 0x64, 0x10, 0x64, 0x10, 0x64, 0x10, 0x64, 0x10, 0x64, 0x10, 0x64, 0x10, 0x64, 0x10, 0x64, 0x10, 0x64, 0x10,
    0x64, 0x10, 0x64, 0x10, 0x64, 0x10, 0x64, 0x10, 0x64, 0x10, 0x64, 0x10, 0x64, 0x10, 0x64, 0x10, 0x64, 0x10, 0x64, 0x10, 0x64, 0x10, 0x64, 0x10, 0x64, 0x10, 0x64, 0x10, 0x64, 0x10, 0x64, 0x10,
    0x64, 0x10, 0x64, 0x10, 0x64, 0x10, 0x64, 0x10, 0x64, 0x10, 0x64, 0x10, 0x64, 0x10, 0x64, 0x10, 0x64, 0x10, 0x64, 0x10, 0x64, 0x10, 0x64, 0x10, 0x64, 0x10, 0x64, 0x10, 0x64, 0x10, 0x64, 0x10,
    0x64, 0x10, 0x64, 0x10, 0x64, 0x10, 0x64, 0x10, 0x64, 0x10, 0x64, 0x10, 0x64, 0x10, 0x64, 0x10, 0x64, 0x10, 0x64, 0x10, 0x64, 0x10, 0x64, 0x10, 0x64, 0x10, 0x64, 0x10, 0x64, 0x10, 0x64, 0x10,
    0x64, 0x10, 0x64, 0x10, 0x64, 0x10, 0x64, 0x10, 0x64, 0x10, 0x64, 0x10, 0x64, 0x10, 0x64, 0x10, 0x64, 0x10, 0x64, 0x10, 0x64, 0x10, 0x64, 0x10, 0x64, 0x10, 0x64, 0x10, 0x64, 0x10, 0x64, 0x10,
    0x64, 0x10, 0x64, 0x10, 0x64, 0x10, 0x64, 0x10, 0x64, 0x10, 0x64, 0x10, 0x64, 0x10, 0x64, 0x10, 0x64, 0x10, 0x64, 0x10, 0x64, 0x10, 0x64, 0x10, 0x64, 0x10, 0x64, 0x10, 0x64, 0x10, 0x64, 0x10,
    0x64, 0x10, 0x64, 0x10, 0x64, 0x10, 0x64, 0x10, 0x64, 0x10, 0x64, 0x10, 0x64, 0x10, 0x64, 0x10, 0x64, 0x10, 0x64, 0x10, 0x64, 0x10, 0x64, 0x10, 0x64, 0x10, 0x64, 0x10, 0x64, 0x10, 0x64, 0x10,
    0x64, 0x10, 0x64, 0x10, 0x64, 0x10, 0x64, 0x10, 0x64, 0x10, 0x64, 0x10, 0x64, 0x10, 0x64, 0x10, 0x64, 0x10, 0x64, 0x10, 0x64, 0x10, 0x64, 0x10, 0x64, 0x10, 0x64, 0x10, 0x64, 0x10, 0x64, 0x10,
    0x64, 0x10, 0x64, 0x10, 0x64, 0x10, 0x64, 0x10, 0x64, 0x10, 0x64, 0x10, 0x64, 0x10, 0x64, 0x10, 0x64, 0x10, 0x64, 0x10, 0x64, 0x10, 0x64, 0x10, 0x64, 0x10, 0x64, 0x10, 0x64, 0x10, 0x64, 0x10,
    0x64, 0x10, 0x64, 0x10, 0x64, 0x10, 0x64, 0x10, 0x64, 0x10, 0x64, 0x10, 0x64, 0x10, 0x64, 0x10, 0x64, 0x10, 0x64, 0x10, 0x64, 0x10, 0x64, 0x10, 0x64, 0x10, 0x64, 0x10, 0x64, 0x10, 0x64, 0x10,
    0x64, 0x10, 0x64, 0x10, 0x64, 0x10, 0x64, 0x10, 0x64, 0x10, 0x64, 0x10, 0x64, 0x10, 0x64, 0x10, 0x64, 0x10, 0x64, 0x10, 0x64, 0x10, 0x64, 0x10, 0x64, 0x10, 0x64, 0x18, 0x64, 0x18, 0x63, 0x20,
    0x63, 0x20, 0x63, 0x28, 0x63, 0x28, 0x63, 0x30, 0x63, 0x30, 0x43, 0x38, 0x43, 0x38, 0x43, 0x38, 0x43, 0x38, 0x43, 0x40, 0x43, 0x40, 0x43, 0x40, 0x43, 0x40, 0x43, 0x40, 0x43, 0x40, 0x43, 0x48,
    0x43, 0x48, 0x43, 0x48, 0x43, 0x48, 0x43, 0x50, 0x43, 0x50, 0x43, 0x50, 0x43, 0x50, 0x43, 0x50, 0x43, 0x50, 0x43, 0x48, 0x43, 0x48, 0x43, 0x40, 0x43, 0x40, 0x63, 0x30, 0x63, 0x30, 0x63, 0x28,
    0x63, 0x28, 0x63, 0x20, 0x63, 0x20, 0x64, 0x18, 0x64, 0x18, 0x64, 0x18, 0x64, 0x18, 0x64, 0x18, 0x64, 0x18, 0x64, 0x10, 0x64, 0x10, 0x64, 0x10, 0x64, 0x10, 0x64, 0x18, 0x64, 0x18, 0x64, 0x18,
    0x64, 0x18, 0x64, 0x18, 0x64, 0x18, 0x64, 0x18, 0x64, 0x18, 0x64, 0x18, 0x64, 0x18, 0x64, 0x18, 0x64, 0x18, 0x64, 0x18, 0x64, 0x18, 0x64, 0x10, 0x64, 0x10, 0x64, 0x10, 0x64, 0x10, 0x64, 0x18,
    0x64, 0x18, 0x64, 0x18, 0x64, 0x18, 0x63, 0x20, 0x63, 0x20, 0x63, 0x28, 0x63, 0x28, 0x43, 0x38, 0x43, 0x38, 0x43, 0x40, 0x43, 0x40, 0x43, 0x48, 0x43, 0x48, 0x43, 0x50, 0x43, 0x50, 0x43, 0x50,
    0x43, 0x50, 0x43, 0x40, 0x43, 0x40, 0x63, 0x30, 0x63, 0x30, 0x63, 0x28, 0x63, 0x28, 0x64, 0x18, 0x64, 0x18, 0x64, 0x10, 0x64, 0x10, 0x64, 0x10, 0x64, 0x10, 0x64, 0x10, 0x64, 0x10, 0x64, 0x10,
    0x64, 0x10, 0x64, 0x10, 0x64, 0x10, 0x64, 0x10, 0x64, 0x10, 0x64, 0x10, 0x64, 0x10, 0x64, 0x10, 0x64, 0x10, 0x64, 0x10, 0x64, 0x10, 0x64, 0x10, 0x64, 0x10, 0x64, 0x10, 0x64, 0x10, 0x64, 0x10,
    0x64, 0x10, 0x64, 0x10, 0x64, 0x10, 0x64, 0x10, 0x64, 0x10, 0x64, 0x10, 0x64, 0x10, 0x64, 0x10, 0x64, 0x10, 0x64, 0x10, 0x64, 0x10, 0x64, 0x10, 0x64, 0x10, 0x64, 0x10, 0x64, 0x10, 0x64, 0x10,
    0x64, 0x10, 0x64, 0x10, 0x64, 0x10, 0x64, 0x10, 0x64, 0x10, 0x64, 0x10, 0x64, 0x10, 0x64, 0x10, 0x64, 0x10, 0x64, 0x10, 0x64, 0x10, 0x64, 0x10, 0x64, 0x10, 0x64, 0x10, 0x64, 0x10, 0x64, 0x10,
    0x64, 0x10, 0x64, 0x10, 0x64, 0x10, 0x64, 0x10, 0x64, 0x10, 0x64, 0x10, 0x64, 0x10, 0x64, 0x10, 0x64, 0x10, 0x64, 0x10, 0x64, 0x10, 0x64, 0x10, 0x64, 0x10, 0x64, 0x10, 0x64, 0x10, 0x64, 0x10,
    0x64, 0x10, 0x64, 0x10, 0x64, 0x10, 0x64, 0x10, 0x64, 0x10, 0x64, 0x10, 0x64, 0x10, 0x64, 0x10, 0x64, 0x10, 0x64, 0x10, 0x64, 0x10, 0x64, 0x10, 0x64, 0x10, 0x64, 0x10, 0x64, 0x10, 0x64, 0x10,
    0x64, 0x10, 0x64, 0x10, 0x64, 0x10, 0x64, 0x10, 0x64, 0x10, 0x64, 0x10, 0x64, 0x10, 0x64, 0x10, 0x64, 0x10, 0x64, 0x10, 0x64, 0x10, 0x64, 0x10, 0x64, 0x10, 0x64, 0x10, 0x64, 0x10, 0x64, 0x10,
    0x64, 0x10, 0x64, 0x10, 0x64, 0x10, 0x64, 0x10, 0x64, 0x10, 0x64, 0x10, 0x64, 0x10, 0x64, 0x10, 0x64, 0x10, 0x64, 0x10, 0x64, 0x10, 0x64, 0x10, 0x64, 0x10, 0x64, 0x10, 0x64, 0x10, 0x64, 0x10,
    0x64, 0x10, 0x64, 0x10, 0x64, 0x10, 0x64, 0x10, 0x64, 0x10, 0x64, 0x10, 0x64, 0x10, 0x64, 0x10, 0x64, 0x10, 0x64, 0x10, 0x64, 0x10, 0x64, 0x10, 0x64, 0x10, 0x64, 0x10, 0x64, 0x10, 0x64, 0x10,
    0x64, 0x10, 0x64, 0x10, 0x64, 0x10, 0x64, 0x10, 0x64, 0x10, 0x64, 0x10, 0x64, 0x10, 0x64, 0x10, 0x64, 0x10, 0x64, 0x10, 0x64, 0x10, 0x64, 0x10, 0x64, 0x10, 0x64, 0x10, 0x64, 0x10, 0x64, 0x10,
    0x64, 0x10, 0x64, 0x10, 0x64, 0x10, 0x64, 0x10, 0x64, 0x10, 0x64, 0x10, 0x64, 0x10, 0x64, 0x10, 0x64, 0x10, 0x64, 0x10, 0x64, 0x10, 0x64, 0x10, 0x64, 0x10, 0x64, 0x10, 0x64, 0x10, 0x64, 0x10,
    0x64, 0x10, 0x64, 0x10, 0x64, 0x10, 0x64, 0x10, 0x64, 0x10, 0x64, 0x10, 0x64, 0x10, 0x64, 0x10, 0x64, 0x10, 0x64, 0x10, 0x64, 0x10, 0x64, 0x10, 0x64, 0x10, 0x64, 0x10, 0x64, 0x10, 0x64, 0x10,
    0x64, 0x10, 0x64, 0x10, 0x64, 0x10, 0x64, 0x10, 0x64, 0x10, 0x64, 0x18, 0x64, 0x18, 0x63, 0x20, 0x63, 0x20, 0x63, 0x28, 0x63, 0x28, 0x63, 0x30, 0x63, 0x30, 0x43, 0x38, 0x43, 0x38, 0x43, 0x38,
    0x43, 0x38, 0x43, 0x40, 0x43, 0x40, 0x43, 0x40, 0x43, 0x40, 0x43, 0x40, 0x43, 0x40, 0x43, 0x48, 0x43, 0x48, 0x43, 0x48, 0x43, 0x48, 0x43, 0x50, 0x43, 0x50, 0x43, 0x50, 0x43, 0x50, 0x43, 0x50,
    0x43, 0x50, 0x43, 0x48, 0x43, 0x48, 0x43, 0x40, 0x43, 0x40, 0x63, 0x30, 0x63, 0x30, 0x63, 0x28, 0x63, 0x28, 0x63, 0x20, 0x63, 0x20, 0x64, 0x18, 0x64, 0x18, 0x64, 0x18, 0x64, 0x18, 0x64, 0x18,
    0x64, 0x18, 0x64, 0x10, 0x64, 0x10, 0x64, 0x10, 0x64, 0x10, 0x64, 0x18, 0x64, 0x18, 0x64, 0x18, 0x64, 0x18, 0x64, 0x18, 0x64, 0x18, 0x64, 0x18, 0x64, 0x18, 0x64, 0x18, 0x64, 0x18, 0x64, 0x18,
    0x64, 0x18, 0x64, 0x18, 0x64, 0x18, 0x64, 0x10, 0x64, 0x10, 0x64, 0x10, 0x64, 0x10, 0x64, 0x18, 0x64, 0x18, 0x64, 0x18, 0x64, 0x18, 0x63, 0x20, 0x63, 0x20, 0x63, 0x28, 0x63, 0x28, 0x43, 0x38,
    0x43, 0x38, 0x43, 0x40, 0x43, 0x40, 0x43, 0x48, 0x43, 0x48, 0x43, 0x50, 0x43, 0x50, 0x43, 0x50, 0x43, 0x50, 0x43, 0x40, 0x43, 0x40, 0x63, 0x30, 0x63, 0x30, 0x63, 0x28, 0x63, 0x28, 0x64, 0x18,
    0x64, 0x18, 0x64, 0x10, 0x64, 0x10, 0x64, 0x10, 0x64, 0x10, 0x64, 0x10, 0x64, 0x10, 0x64, 0x10, 0x64, 0x10, 0x64, 0x10, 0x64, 0x10, 0x64, 0x10, 0x64, 0x10, 0x64, 0x10, 0x64, 0x10, 0x64, 0x10,
    0x64, 0x10, 0x64, 0x10, 0x64, 0x10, 0x64, 0x10, 0x64, 0x10, 0x64, 0x10, 0x64, 0x10, 0x64, 0x10, 0x64, 0x10, 0x64, 0x10, 0x64, 0x10, 0x64, 0x10, 0x64, 0x10, 0x64, 0x10, 0x64, 0x10, 0x64, 0x10,
    0x64, 0x10, 0x64, 0x10, 0x64, 0x10, 0x64, 0x10, 0x64, 0x10, 0x64, 0x10, 0x64, 0x10, 0x64, 0x10, 0x64, 0x10, 0x64, 0x10, 0x64, 0x10, 0x64, 0x10, 0x64, 0x10, 0x64, 0x10, 0x64, 0x10, 0x64, 0x10,
    0x64, 0x10, 0x64, 0x10, 0x64, 0x10, 0x64, 0x10, 0x64, 0x10, 0x64, 0x10, 0x64, 0x10, 0x64, 0x10, 0x64, 0x10, 0x64, 0x10, 0x64, 0x10, 0x64, 0x10, 0x64, 0x10, 0x64, 0x10, 0x64, 0x10, 0x64, 0x10,
    0x64, 0x10, 0x64, 0x10, 0x64, 0x10, 0x64, 0x10, 0x64, 0x10, 0x64, 0x10, 0x64, 0x10, 0x64, 0x10, 0x64, 0x10, 0x64, 0x10, 0x64, 0x10, 0x64, 0x10, 0x64, 0x10, 0x64, 0x10, 0x64, 0x10, 0x64, 0x10,
    0x64, 0x10, 0x64, 0x10, 0x64, 0x10, 0x64, 0x10, 0x64, 0x10, 0x64, 0x10, 0x64, 0x10, 0x64, 0x10, 0x64, 0x10, 0x64, 0x10, 0x64, 0x10, 0x64, 0x10, 0x64, 0x10, 0x64, 0x10, 0x64, 0x10, 0x64, 0x10,
    0x64, 0x10, 0x64, 0x10, 0x64, 0x10, 0x64, 0x10, 0x64, 0x10, 0x64, 0x10, 0x64, 0x10, 0x64, 0x10, 0x64, 0x10, 0x64, 0x10, 0x64, 0x10, 0x64, 0x10, 0x64, 0x10, 0x64, 0x10, 0x64, 0x10, 0x64, 0x10,
    0x64, 0x10, 0x64, 0x10, 0x64, 0x10, 0x64, 0x10, 0x64, 0x10, 0x64, 0x10, 0x64, 0x10, 0x64, 0x10, 0x64, 0x10, 0x64, 0x10, 0x64, 0x10, 0x64, 0x10, 0x64, 0x10, 0x64, 0x10, 0x64, 0x10, 0x64, 0x10,
    0x64, 0x10, 0x64, 0x10, 0x64, 0x10, 0x64, 0x10, 0x64, 0x10, 0x64, 0x10, 0x64, 0x10, 0x64, 0x10, 0x64, 0x10, 0x64, 0x10, 0x64, 0x10, 0x64, 0x10, 0x64, 0x10, 0x64, 0x10, 0x64, 0x10, 0x64, 0x10,
    0x64, 0x10, 0x64, 0x10, 0x64, 0x10, 0x64, 0x10, 0x64, 0x10, 0x64, 0x10, 0x64, 0x10, 0x64, 0x10, 0x64, 0x10, 0x64, 0x10, 0x64, 0x10, 0x64, 0x10, 0x64, 0x10, 0x64, 0x10, 0x64, 0x10, 0x64, 0x10,
    0x64, 0x10, 0x64, 0x10, 0x64, 0x10, 0x64, 0x10, 0x64, 0x10, 0x64, 0x10, 0x64, 0x10, 0x64, 0x10, 0x64, 0x10, 0x64, 0x10, 0x64, 0x10, 0x64, 0x10, 0x64, 0x10, 0x64, 0x10, 0x64, 0x10, 0x64, 0x10,
    0x64, 0x10, 0x64, 0x10, 0x64, 0x10, 0x64, 0x10, 0x64, 0x10, 0x64, 0x10, 0x64, 0x10, 0x64, 0x10, 0x64, 0x10, 0x64, 0x18, 0x64, 0x18, 0x63, 0x20, 0x63, 0x20, 0x63, 0x28, 0x63, 0x28, 0x63, 0x30,
    0x63, 0x30, 0x43, 0x38, 0x43, 0x38, 0x43, 0x40, 0x43, 0x40, 0x43, 0x40, 0x43, 0x40, 0x43, 0x38, 0x43, 0x38, 0x43, 0x38, 0x43, 0x38, 0x63, 0x30, 0x63, 0x30, 0x43, 0x38, 0x43, 0x38, 0x43, 0x38,
    0x43, 0x38, 0x43, 0x40, 0x43, 0x40, 0x43, 0x48, 0x43, 0x48, 0x43, 0x50, 0x43, 0x50, 0x43, 0x50, 0x43, 0x50, 0x43, 0x48, 0x43, 0x48, 0x43, 0x38, 0x43, 0x38, 0x63, 0x30, 0x63, 0x30, 0x63, 0x28,
    0x63, 0x28, 0x63, 0x28, 0x63, 0x28, 0x63, 0x28, 0x63, 0x28, 0x63, 0x28, 0x63, 0x28, 0x63, 0x20, 0x63, 0x20, 0x63, 0x20, 0x63, 0x20, 0x63, 0x20, 0x63, 0x20, 0x63, 0x20, 0x63, 0x20, 0x63, 0x28,
    0x63, 0x28, 0x63, 0x30, 0x63, 0x30, 0x63, 0x30, 0x63, 0x30, 0x63, 0x30, 0x63, 0x30, 0x63, 0x30, 0x63, 0x30, 0x63, 0x28, 0x63, 0x28, 0x63, 0x20, 0x63, 0x20, 0x63, 0x20, 0x63, 0x20, 0x63, 0x20,
    0x63, 0x20, 0x63, 0x28, 0x63, 0x28, 0x63, 0x30, 0x63, 0x30, 0x43, 0x38, 0x43, 0x38, 0x43, 0x40, 0x43, 0x40, 0x43, 0x48, 0x43, 0x48, 0x43, 0x50, 0x43, 0x50, 0x43, 0x50, 0x43, 0x50, 0x43, 0x48,
    0x43, 0x48, 0x43, 0x40, 0x43, 0x40, 0x63, 0x30, 0x63, 0x30, 0x63, 0x20, 0x63, 0x20, 0x64, 0x18, 0x64, 0x18, 0x64, 0x10, 0x64, 0x10, 0x64, 0x10, 0x64, 0x10, 0x64, 0x10, 0x64, 0x10, 0x64, 0x10,
    0x64, 0x10, 0x64, 0x10, 0x64, 0x10, 0x64, 0x10, 0x64, 0x10, 0x64, 0x10, 0x64, 0x10, 0x64, 0x10, 0x64, 0x10, 0x64, 0x10, 0x64, 0x10, 0x64, 0x10, 0x64, 0x10, 0x64, 0x10, 0x64, 0x10, 0x64, 0x10,
    0x64, 0x10, 0x64, 0x10, 0x64, 0x10, 0x64, 0x10, 0x64, 0x10, 0x64, 0x10, 0x64, 0x10, 0x64, 0x10, 0x64, 0x10, 0x64, 0x10, 0x64, 0x10, 0x64, 0x10, 0x64, 0x10, 0x64, 0x10, 0x64, 0x10, 0x64, 0x10,
    0x64, 0x10, 0x64, 0x10, 0x64, 0x10, 0x64, 0x10, 0x64, 0x10, 0x64, 0x10, 0x64, 0x10, 0x64, 0x10, 0x64, 0x10, 0x64, 0x10, 0x64, 0x10, 0x64, 0x10, 0x64, 0x10, 0x64, 0x10, 0x64, 0x10, 0x64, 0x10,
    0x64, 0x10, 0x64, 0x10, 0x64, 0x10, 0x64, 0x10, 0x64, 0x10, 0x64, 0x10, 0x64, 0x10, 0x64, 0x10, 0x64, 0x10, 0x64, 0x10, 0x64, 0x10, 0x64, 0x10, 0x64, 0x10, 0x64, 0x10, 0x64, 0x10, 0x64, 0x10,
    0x64, 0x10, 0x64, 0x10, 0x64, 0x10, 0x64, 0x10, 0x64, 0x10, 0x64, 0x10, 0x64, 0x10, 0x64, 0x10, 0x64, 0x10, 0x64, 0x10, 0x64, 0x10, 0x64, 0x10, 0x64, 0x10, 0x64, 0x10, 0x64, 0x10, 0x64, 0x10,
    0x64, 0x10, 0x64, 0x10, 0x64, 0x10, 0x64, 0x10, 0x64, 0x10, 0x64, 0x10, 0x64, 0x10, 0x64, 0x10, 0x64, 0x10, 0x64, 0x10, 0x64, 0x10, 0x64, 0x10, 0x64, 0x10, 0x64, 0x10, 0x64, 0x10, 0x64, 0x10,
    0x64, 0x10, 0x64, 0x10, 0x64, 0x10, 0x64, 0x10, 0x64, 0x10, 0x64, 0x10, 0x64, 0x10, 0x64, 0x10, 0x64, 0x10, 0x64, 0x10, 0x64, 0x10, 0x64, 0x10, 0x64, 0x10, 0x64, 0x10, 0x64, 0x10, 0x64, 0x10,
    0x64, 0x10, 0x64, 0x10, 0x64, 0x10, 0x64, 0x10, 0x64, 0x10, 0x64, 0x10, 0x64, 0x10, 0x64, 0x10, 0x64, 0x10, 0x64, 0x10, 0x64, 0x10, 0x64, 0x10, 0x64, 0x10, 0x64, 0x10, 0x64, 0x10, 0x64, 0x10,
    0x64, 0x10, 0x64, 0x10, 0x64, 0x10, 0x64, 0x10, 0x64, 0x10, 0x64, 0x10, 0x64, 0x10, 0x64, 0x10, 0x64, 0x10, 0x64, 0x10, 0x64, 0x10, 0x64, 0x10, 0x64, 0x10, 0x64, 0x10, 0x64, 0x10, 0x64, 0x10,
    0x64, 0x10, 0x64, 0x10, 0x64, 0x10, 0x64, 0x10, 0x64, 0x10, 0x64, 0x10, 0x64, 0x10, 0x64, 0x10, 0x64, 0x10, 0x64, 0x10, 0x64, 0x10, 0x64, 0x10, 0x64, 0x10, 0x64, 0x10, 0x64, 0x10, 0x64, 0x10,
    0x64, 0x10, 0x64, 0x10, 0x64, 0x10, 0x64, 0x10, 0x64, 0x10, 0x64, 0x10, 0x64, 0x10, 0x64, 0x10, 0x64, 0x10, 0x64, 0x10, 0x64, 0x10, 0x64, 0x10, 0x64, 0x10, 0x64, 0x10, 0x64, 0x10, 0x64, 0x10,
    0x64, 0x10, 0x64, 0x18, 0x64, 0x18, 0x63, 0x20, 0x63, 0x20, 0x63, 0x28, 0x63, 0x28, 0x63, 0x30, 0x63, 0x30, 0x43, 0x38, 0x43, 0x38, 0x43, 0x40, 0x43, 0x40, 0x43, 0x40, 0x43, 0x40, 0x43, 0x38,
    0x43, 0x38, 0x43, 0x38, 0x43, 0x38, 0x63, 0x30, 0x63, 0x30, 0x43, 0x38, 0x43, 0x38, 0x43, 0x38, 0x43, 0x38, 0x43, 0x40, 0x43, 0x40, 0x43, 0x48, 0x43, 0x48, 0x43, 0x50, 0x43, 0x50, 0x43, 0x50,
    0x43, 0x50, 0x43, 0x48, 0x43, 0x48, 0x43, 0x38, 0x43, 0x38, 0x63, 0x30, 0x63, 0x30, 0x63, 0x28, 0x63, 0x28, 0x63, 0x28, 0x63, 0x28, 0x63, 0x28, 0x63, 0x28, 0x63, 0x28, 0x63, 0x28, 0x63, 0x20,
    0x63, 0x20, 0x63, 0x20, 0x63, 0x20, 0x63, 0x20, 0x63, 0x20, 0x63, 0x20, 0x63, 0x20, 0x63, 0x28, 0x63, 0x28, 0x63, 0x30, 0x63, 0x30, 0x63, 0x30, 0x63, 0x30, 0x63, 0x30, 0x63, 0x30, 0x63, 0x30,
    0x63, 0x30, 0x63, 0x28, 0x63, 0x28, 0x63, 0x20, 0x63, 0x20, 0x63, 0x20, 0x63, 0x20, 0x63, 0x20, 0x63, 0x20, 0x63, 0x28, 0x63, 0x28, 0x63, 0x30, 0x63, 0x30, 0x43, 0x38, 0x43, 0x38, 0x43, 0x40,
    0x43, 0x40, 0x43, 0x48, 0x43, 0x48, 0x43, 0x50, 0x43, 0x50, 0x43, 0x50, 0x43, 0x50, 0x43, 0x48, 0x43, 0x48, 0x43, 0x40, 0x43, 0x40, 0x63, 0x30, 0x63, 0x30, 0x63, 0x20, 0x63, 0x20, 0x64, 0x18,
    0x64, 0x18, 0x64, 0x10, 0x64, 0x10, 0x64, 0x10, 0x64, 0x10, 0x64, 0x10, 0x64, 0x10, 0x64, 0x10, 0x64, 0x10, 0x64, 0x10, 0x64, 0x10, 0x64, 0x10, 0x64, 0x10, 0x64, 0x10, 0x64, 0x10, 0x64, 0x10,
    0x64, 0x10, 0x64, 0x10, 0x64, 0x10, 0x64, 0x10, 0x64, 0x10, 0x64, 0x10, 0x64, 0x10, 0x64, 0x10, 0x64, 0x10, 0x64, 0x10, 0x64, 0x10, 0x64, 0x10, 0x64, 0x10, 0x64, 0x10, 0x64, 0x10, 0x64, 0x10,
    0x64, 0x10, 0x64, 0x10, 0x64, 0x10, 0x64, 0x10, 0x64, 0x10, 0x64, 0x10, 0x64, 0x10, 0x64, 0x10, 0x64, 0x10, 0x64, 0x10, 0x64, 0x10, 0x64, 0x10, 0x64, 0x10, 0x64, 0x10, 0x64, 0x10, 0x64, 0x10,
    0x64, 0x10, 0x64, 0x10, 0x64, 0x10, 0x64, 0x10, 0x64, 0x10, 0x64, 0x10, 0x64, 0x10, 0x64, 0x10, 0x64, 0x10, 0x64, 0x10, 0x64, 0x10, 0x64, 0x10, 0x64, 0x10, 0x64, 0x10, 0x64, 0x10, 0x64, 0x10,
    0x64, 0x10, 0x64, 0x10, 0x64, 0x10, 0x64, 0x10, 0x64, 0x10, 0x64, 0x10, 0x64, 0x10, 0x64, 0x10, 0x64, 0x10, 0x64, 0x10, 0x64, 0x10, 0x64, 0x10, 0x64, 0x10, 0x64, 0x10, 0x64, 0x10, 0x64, 0x10,
    0x64, 0x10, 0x64, 0x10, 0x64, 0x10, 0x64, 0x10, 0x64, 0x10, 0x64, 0x10, 0x64, 0x10, 0x64, 0x10, 0x64, 0x10, 0x64, 0x10, 0x64, 0x10, 0x64, 0x10, 0x64, 0x10, 0x64, 0x10, 0x64, 0x10, 0x64, 0x10,
    0x64, 0x10, 0x64, 0x10, 0x64, 0x10, 0x64, 0x10, 0x64, 0x10, 0x64, 0x10, 0x64, 0x10, 0x64, 0x10, 0x64, 0x10, 0x64, 0x10, 0x64, 0x10, 0x64, 0x10, 0x64, 0x10, 0x64, 0x10, 0x64, 0x10, 0x64, 0x10,
    0x64, 0x10, 0x64, 0x10, 0x64, 0x10, 0x64, 0x10, 0x64, 0x10, 0x64, 0x10, 0x64, 0x10, 0x64, 0x10, 0x64, 0x10, 0x64, 0x10, 0x64, 0x10, 0x64, 0x10, 0x64, 0x10, 0x64, 0x10, 0x64, 0x10, 0x64, 0x10,
    0x64, 0x10, 0x64, 0x10, 0x64, 0x10, 0x64, 0x10, 0x64, 0x10, 0x64, 0x10, 0x64, 0x10, 0x64, 0x10, 0x64, 0x10, 0x64, 0x10, 0x64, 0x10, 0x64, 0x10, 0x64, 0x10, 0x64, 0x10, 0x64, 0x10, 0x64, 0x10,
    0x64, 0x10, 0x64, 0x10, 0x64, 0x10, 0x64, 0x10, 0x64, 0x10, 0x64, 0x10, 0x64, 0x10, 0x64, 0x10, 0x64, 0x10, 0x64, 0x10, 0x64, 0x10, 0x64, 0x10, 0x64, 0x10, 0x64, 0x10, 0x64, 0x10, 0x64, 0x10,
    0x64, 0x10, 0x64, 0x10, 0x64, 0x10, 0x64, 0x10, 0x64, 0x10, 0x64, 0x10, 0x64, 0x10, 0x64, 0x10, 0x64, 0x10, 0x64, 0x10, 0x64, 0x10, 0x64, 0x10, 0x64, 0x10, 0x64, 0x10, 0x64, 0x10, 0x64, 0x10,
    0x64, 0x10, 0x64, 0x10, 0x64, 0x10, 0x64, 0x10, 0x64, 0x10, 0x64, 0x10, 0x64, 0x10, 0x64, 0x10, 0x64, 0x10, 0x63, 0x20, 0x63, 0x20, 0x63, 0x28, 0x63, 0x28, 0x43, 0x38, 0x43, 0x38, 0x43, 0x48,
    0x43, 0x48, 0x43, 0x50, 0x43, 0x50, 0x43, 0x58, 0x43, 0x58, 0x43, 0x50, 0x43, 0x50, 0x43, 0x48, 0x43, 0x48, 0x43, 0x40, 0x43, 0x40, 0x43, 0x38, 0x43, 0x38, 0x43, 0x38, 0x43, 0x38, 0x43, 0x38,
    0x43, 0x38, 0x43, 0x40, 0x43, 0x40, 0x43, 0x48, 0x43, 0x48, 0x43, 0x50, 0x43, 0x50, 0x43, 0x50, 0x43, 0x50, 0x43, 0x48, 0x43, 0x48, 0x43, 0x40, 0x43, 0x40, 0x43, 0x40, 0x43, 0x40, 0x43, 0x38,
    0x43, 0x38, 0x43, 0x38, 0x43, 0x38, 0x43, 0x38, 0x43, 0x38, 0x63, 0x30, 0x63, 0x30, 0x63, 0x28, 0x63, 0x28, 0x63, 0x28, 0x63, 0x28, 0x63, 0x28, 0x63, 0x28, 0x63, 0x28, 0x63, 0x28, 0x43, 0x38,
    0x43, 0x38, 0x43, 0x48, 0x43, 0x48, 0x43, 0x48, 0x43, 0x48, 0x43, 0x50, 0x43, 0x50, 0x43, 0x48, 0x43, 0x48, 0x43, 0x38, 0x43, 0x38, 0x43, 0x38, 0x43, 0x38, 0x43, 0x38, 0x43, 0x38, 0x63, 0x30,
    0x63, 0x30, 0x43, 0x40, 0x43, 0x40, 0x43, 0x48, 0x43, 0x48, 0x43, 0x50, 0x43, 0x50, 0x42, 0x58, 0x42, 0x58, 0x42, 0x58, 0x42, 0x58, 0x43, 0x50, 0x43, 0x50, 0x43, 0x58, 0x43, 0x58, 0x43, 0x50,
    0x43, 0x50, 0x43, 0x40, 0x43, 0x40, 0x43, 0x38, 0x43, 0x38, 0x63, 0x28, 0x63, 0x28, 0x63, 0x20, 0x63, 0x20, 0x64, 0x18, 0x64, 0x18, 0x64, 0x10, 0x64, 0x10, 0x64, 0x10, 0x64, 0x10, 0x64, 0x10,
    0x64, 0x10, 0x64, 0x10, 0x64, 0x10, 0x64, 0x10, 0x64, 0x10, 0x64, 0x10, 0x64, 0x10, 0x64, 0x10, 0x64, 0x10, 0x64, 0x10, 0x64, 0x10, 0x64, 0x10, 0x64, 0x10, 0x64, 0x10, 0x64, 0x10, 0x64, 0x10,
    0x64, 0x10, 0x64, 0x10, 0x64, 0x10, 0x64, 0x10, 0x64, 0x10, 0x64, 0x10, 0x64, 0x10, 0x64, 0x10, 0x64, 0x10, 0x64, 0x10, 0x64, 0x10, 0x64, 0x10, 0x64, 0x10, 0x64, 0x10, 0x64, 0x10, 0x64, 0x10,
    0x64, 0x10, 0x64, 0x10, 0x64, 0x10, 0x64, 0x10, 0x64, 0x10, 0x64, 0x10, 0x64, 0x10, 0x64, 0x10, 0x64, 0x10, 0x64, 0x10, 0x64, 0x10, 0x64, 0x10, 0x64, 0x10, 0x64, 0x10, 0x64, 0x10, 0x64, 0x10,
    0x64, 0x10, 0x64, 0x10, 0x64, 0x10, 0x64, 0x10, 0x64, 0x10, 0x64, 0x10, 0x64, 0x10, 0x64, 0x10, 0x64, 0x10, 0x64, 0x10, 0x64, 0x10, 0x64, 0x10, 0x64, 0x10, 0x64, 0x10, 0x64, 0x10, 0x64, 0x10,
    0x64, 0x10, 0x64, 0x10, 0x64, 0x10, 0x64, 0x10, 0x64, 0x10, 0x64, 0x10, 0x64, 0x10, 0x64, 0x10, 0x64, 0x10, 0x64, 0x10, 0x64, 0x10, 0x64, 0x10, 0x64, 0x10, 0x64, 0x10, 0x64, 0x10, 0x64, 0x10,
    0x64, 0x10, 0x64, 0x10, 0x64, 0x10, 0x64, 0x10, 0x64, 0x10, 0x64, 0x10, 0x64, 0x10, 0x64, 0x10, 0x64, 0x10, 0x64, 0x10, 0x64, 0x10, 0x64, 0x10, 0x64, 0x10, 0x64, 0x10, 0x64, 0x10, 0x64, 0x10,
    0x64, 0x10, 0x64, 0x10, 0x64, 0x10, 0x64, 0x10, 0x64, 0x10, 0x64, 0x10, 0x64, 0x10, 0x64, 0x10, 0x64, 0x10, 0x64, 0x10, 0x64, 0x10, 0x64, 0x10, 0x64, 0x10, 0x64, 0x10, 0x64, 0x10, 0x64, 0x10,
    0x64, 0x10, 0x64, 0x10, 0x64, 0x10, 0x64, 0x10, 0x64, 0x10, 0x64, 0x10, 0x64, 0x10, 0x64, 0x10, 0x64, 0x10, 0x64, 0x10, 0x64, 0x10, 0x64, 0x10, 0x64, 0x10, 0x64, 0x10, 0x64, 0x10, 0x64, 0x10,
    0x64, 0x10, 0x64, 0x10, 0x64, 0x10, 0x64, 0x10, 0x64, 0x10, 0x64, 0x10, 0x64, 0x10, 0x64, 0x10, 0x64, 0x10, 0x64, 0x10, 0x64, 0x10, 0x64, 0x10, 0x64, 0x10, 0x64, 0x10, 0x64, 0x10, 0x64, 0x10,
    0x64, 0x10, 0x64, 0x10, 0x64, 0x10, 0x64, 0x10, 0x64, 0x10, 0x64, 0x10, 0x64, 0x10, 0x64, 0x10, 0x64, 0x10, 0x64, 0x10, 0x64, 0x10, 0x64, 0x10, 0x64, 0x10, 0x64, 0x10, 0x64, 0x10, 0x64, 0x10,
    0x64, 0x10, 0x64, 0x10, 0x64, 0x10, 0x64, 0x10, 0x64, 0x10, 0x64, 0x10, 0x64, 0x10, 0x64, 0x10, 0x64, 0x10, 0x64, 0x10, 0x64, 0x10, 0x64, 0x10, 0x64, 0x10, 0x64, 0x10, 0x64, 0x10, 0x64, 0x10,
    0x64, 0x10, 0x63, 0x20, 0x63, 0x20, 0x63, 0x28, 0x63, 0x28, 0x43, 0x38, 0x43, 0x38, 0x43, 0x48, 0x43, 0x48, 0x43, 0x50, 0x43, 0x50, 0x43, 0x58, 0x43, 0x58, 0x43, 0x50, 0x43, 0x50, 0x43, 0x48,
    0x43, 0x48, 0x43, 0x40, 0x43, 0x40, 0x43, 0x38, 0x43, 0x38, 0x43, 0x38, 0x43, 0x38, 0x43, 0x38, 0x43, 0x38, 0x43, 0x40, 0x43, 0x40, 0x43, 0x48, 0x43, 0x48, 0x43, 0x50, 0x43, 0x50, 0x43, 0x50,
    0x43, 0x50, 0x43, 0x48, 0x43, 0x48, 0x43, 0x40, 0x43, 0x40, 0x43, 0x40, 0x43, 0x40, 0x43, 0x38, 0x43, 0x38, 0x43, 0x38, 0x43, 0x38, 0x43, 0x38, 0x43, 0x38, 0x63, 0x30, 0x63, 0x30, 0x63, 0x28,
    0x63, 0x28, 0x63, 0x28, 0x63, 0x28, 0x63, 0x28, 0x63, 0x28, 0x63, 0x28, 0x63, 0x28, 0x43, 0x38, 0x43, 0x38, 0x43, 0x48, 0x43, 0x48, 0x43, 0x48, 0x43, 0x48, 0x43, 0x50, 0x43, 0x50, 0x43, 0x48,
    0x43, 0x48, 0x43, 0x38, 0x43, 0x38, 0x43, 0x38, 0x43, 0x38, 0x43, 0x38, 0x43, 0x38, 0x63, 0x30, 0x63, 0x30, 0x43, 0x40, 0x43, 0x40, 0x43, 0x48, 0x43, 0x48, 0x43, 0x50, 0x43, 0x50, 0x42, 0x58,
    0x42, 0x58, 0x42, 0x58, 0x42, 0x58, 0x43, 0x50, 0x43, 0x50, 0x43, 0x58, 0x43, 0x58, 0x43, 0x50, 0x43, 0x50, 0x43, 0x40, 0x43, 0x40, 0x43, 0x38, 0x43, 0x38, 0x63, 0x28, 0x63, 0x28, 0x63, 0x20,
    0x63, 0x20, 0x64, 0x18, 0x64, 0x18, 0x64, 0x10, 0x64, 0x10, 0x64, 0x10, 0x64, 0x10, 0x64, 0x10, 0x64, 0x10, 0x64, 0x10, 0x64, 0x10, 0x64, 0x10, 0x64, 0x10, 0x64, 0x10, 0x64, 0x10, 0x64, 0x10,
    0x64, 0x10, 0x64, 0x10, 0x64, 0x10, 0x64, 0x10, 0x64, 0x10, 0x64, 0x10, 0x64, 0x10, 0x64, 0x10, 0x64, 0x10, 0x64, 0x10, 0x64, 0x10, 0x64, 0x10, 0x64, 0x10, 0x64, 0x10, 0x64, 0x10, 0x64, 0x10,
    0x64, 0x10, 0x64, 0x10, 0x64, 0x10, 0x64, 0x10, 0x64, 0x10, 0x64, 0x10, 0x64, 0x10, 0x64, 0x10, 0x64, 0x10, 0x64, 0x10, 0x64, 0x10, 0x64, 0x10, 0x64, 0x10, 0x64, 0x10, 0x64, 0x10, 0x64, 0x10,
    0x64, 0x10, 0x64, 0x10, 0x64, 0x10, 0x64, 0x10, 0x64, 0x10, 0x64, 0x10, 0x64, 0x10, 0x64, 0x10, 0x64, 0x10, 0x64, 0x10, 0x64, 0x10, 0x64, 0x10, 0x64, 0x10, 0x64, 0x10, 0x64, 0x10, 0x64, 0x10,
    0x64, 0x10, 0x64, 0x10, 0x64, 0x10, 0x64, 0x10, 0x64, 0x10, 0x64, 0x10, 0x64, 0x10, 0x64, 0x10, 0x64, 0x10, 0x64, 0x10, 0x64, 0x10, 0x64, 0x10, 0x64, 0x10, 0x64, 0x10, 0x64, 0x10, 0x64, 0x10,
    0x64, 0x10, 0x64, 0x10, 0x64, 0x10, 0x64, 0x10, 0x64, 0x10, 0x64, 0x10, 0x64, 0x10, 0x64, 0x10, 0x64, 0x10, 0x64, 0x10, 0x64, 0x10, 0x64, 0x10, 0x64, 0x10, 0x64, 0x10, 0x64, 0x10, 0x64, 0x10,
    0x64, 0x10, 0x64, 0x10, 0x64, 0x10, 0x64, 0x10, 0x64, 0x10, 0x64, 0x10, 0x64, 0x10, 0x64, 0x10, 0x64, 0x10, 0x64, 0x10, 0x64, 0x10, 0x64, 0x10, 0x64, 0x10, 0x64, 0x10, 0x64, 0x10, 0x64, 0x10,
    0x64, 0x10, 0x64, 0x10, 0x64, 0x10, 0x64, 0x10, 0x64, 0x10, 0x64, 0x10, 0x64, 0x10, 0x64, 0x10, 0x64, 0x10, 0x64, 0x10, 0x64, 0x10, 0x64, 0x10, 0x64, 0x10, 0x64, 0x10, 0x64, 0x10, 0x64, 0x10,
    0x64, 0x10, 0x64, 0x10, 0x64, 0x10, 0x64, 0x10, 0x64, 0x10, 0x64, 0x10, 0x64, 0x10, 0x64, 0x10, 0x64, 0x10, 0x64, 0x10, 0x64, 0x10, 0x64, 0x10, 0x64, 0x10, 0x64, 0x10, 0x64, 0x10, 0x64, 0x10,
    0x64, 0x10, 0x64, 0x10, 0x64, 0x10, 0x64, 0x10, 0x64, 0x10, 0x64, 0x10, 0x64, 0x10, 0x64, 0x10, 0x64, 0x10, 0x64, 0x10, 0x64, 0x10, 0x64, 0x10, 0x64, 0x10, 0x64, 0x10, 0x64, 0x10, 0x64, 0x10,
    0x64, 0x10, 0x64, 0x10, 0x64, 0x10, 0x64, 0x10, 0x64, 0x10, 0x64, 0x10, 0x64, 0x10, 0x64, 0x10, 0x64, 0x10, 0x64, 0x10, 0x64, 0x10, 0x64, 0x10, 0x64, 0x10, 0x64, 0x10, 0x64, 0x10, 0x64, 0x10,
    0x64, 0x10, 0x64, 0x10, 0x64, 0x10, 0x64, 0x10, 0x64, 0x10, 0x64, 0x10, 0x64, 0x10, 0x64, 0x18, 0x64, 0x18, 0x63, 0x28, 0x63, 0x28, 0x43, 0x38, 0x43, 0x38, 0x43, 0x50, 0x43, 0x50, 0x00, 0xe0,
    0x00, 0xe0, 0x00, 0xe8, 0x00, 0xe8, 0x00, 0xe8, 0x00, 0xe8, 0x00, 0xe8, 0x00, 0xe8, 0x00, 0xe0, 0x00, 0xe0, 0x43, 0x50, 0x43, 0x50, 0x43, 0x48, 0x43, 0x48, 0x43, 0x50, 0x43, 0x50, 0x43, 0x50,
    0x43, 0x50, 0x43, 0x58, 0x43, 0x58, 0x00, 0xe0, 0x00, 0xe0, 0x00, 0xe0, 0x00, 0xe0, 0x00, 0xe0, 0x00, 0xe0, 0x00, 0xe0, 0x00, 0xe0, 0x43, 0x58, 0x43, 0x58, 0x43, 0x58, 0x43, 0x58, 0x42, 0x58,
    0x42, 0x58, 0x43, 0x50, 0x43, 0x50, 0x00, 0xe0, 0x00, 0xe0, 0x00, 0xe0, 0x00, 0xe0, 0x43, 0x38, 0x43, 0x38, 0x43, 0x40, 0x43, 0x40, 0x43, 0x40, 0x43, 0x40, 0x43, 0x38, 0x43, 0x38, 0x00, 0xe0,
    0x00, 0xe0, 0x00, 0xe8, 0x00, 0xe8, 0x42, 0x70, 0x42, 0x70, 0x00, 0xe8, 0x00, 0xe8, 0x00, 0xe8, 0x00, 0xe8, 0x42, 0x58, 0x42, 0x58, 0x42, 0x58, 0x42, 0x58, 0x43, 0x50, 0x43, 0x50, 0x43, 0x48,
    0x43, 0x48, 0x00, 0xe0, 0x00, 0xe0, 0x00, 0xe8, 0x00, 0xe8, 0x42, 0x70, 0x42, 0x70, 0x00, 0xe8, 0x00, 0xe8, 0x00, 0xe8, 0x00, 0xe8, 0x00, 0xe8, 0x00, 0xe8, 0x00, 0xe8, 0x00, 0xe8, 0x00, 0xe8,
    0x00, 0xe8, 0x42, 0x58, 0x42, 0x58, 0x43, 0x50, 0x43, 0x50, 0x43, 0x40, 0x43, 0x40, 0x63, 0x28, 0x63, 0x28, 0x63, 0x20, 0x63, 0x20, 0x64, 0x10, 0x64, 0x10, 0x64, 0x10, 0x64, 0x10, 0x64, 0x10,
    0x64, 0x10, 0x64, 0x10, 0x64, 0x10, 0x64, 0x10, 0x64, 0x10, 0x64, 0x10, 0x64, 0x10, 0x64, 0x10, 0x64, 0x10, 0x64, 0x10, 0x64, 0x10, 0x64, 0x10, 0x64, 0x10, 0x64, 0x10, 0x64, 0x10, 0x64, 0x10,
    0x64, 0x10, 0x64, 0x10, 0x64, 0x10, 0x64, 0x10, 0x64, 0x10, 0x64, 0x10, 0x64, 0x10, 0x64, 0x10, 0x64, 0x10, 0x64, 0x10, 0x64, 0x10, 0x64, 0x10, 0x64, 0x10, 0x64, 0x10, 0x64, 0x10, 0x64, 0x10,
    0x64, 0x10, 0x64, 0x10, 0x64, 0x10, 0x64, 0x10, 0x64, 0x10, 0x64, 0x10, 0x64, 0x10, 0x64, 0x10, 0x64, 0x10, 0x64, 0x10, 0x64, 0x10, 0x64, 0x10, 0x64, 0x10, 0x64, 0x10, 0x64, 0x10, 0x64, 0x10,
    0x64, 0x10, 0x64, 0x10, 0x64, 0x10, 0x64, 0x10, 0x64, 0x10, 0x64, 0x10, 0x64, 0x10, 0x64, 0x10, 0x64, 0x10, 0x64, 0x10, 0x64, 0x10, 0x64, 0x10, 0x64, 0x10, 0x64, 0x10, 0x64, 0x10, 0x64, 0x10,
    0x64, 0x10, 0x64, 0x10, 0x64, 0x10, 0x64, 0x10, 0x64, 0x10, 0x64, 0x10, 0x64, 0x10, 0x64, 0x10, 0x64, 0x10, 0x64, 0x10, 0x64, 0x10, 0x64, 0x10, 0x64, 0x10, 0x64, 0x10, 0x64, 0x10, 0x64, 0x10,
    0x64, 0x10, 0x64, 0x10, 0x64, 0x10, 0x64, 0x10, 0x64, 0x10, 0x64, 0x10, 0x64, 0x10, 0x64, 0x10, 0x64, 0x10, 0x64, 0x10, 0x64, 0x10, 0x64, 0x10, 0x64, 0x10, 0x64, 0x10, 0x64, 0x10, 0x64, 0x10,
    0x64, 0x10, 0x64, 0x10, 0x64, 0x10, 0x64, 0x10, 0x64, 0x10, 0x64, 0x10, 0x64, 0x10, 0x64, 0x10, 0x64, 0x10, 0x64, 0x10, 0x64, 0x10, 0x64, 0x10, 0x64, 0x10, 0x64, 0x10, 0x64, 0x10, 0x64, 0x10,
    0x64, 0x10, 0x64, 0x10, 0x64, 0x10, 0x64, 0x10, 0x64, 0x10, 0x64, 0x10, 0x64, 0x10, 0x64, 0x10, 0x64, 0x10, 0x64, 0x10, 0x64, 0x10, 0x64, 0x10, 0x64, 0x10, 0x64, 0x10, 0x64, 0x10, 0x64, 0x10,
    0x64, 0x10, 0x64, 0x10, 0x64, 0x10, 0x64, 0x10, 0x64, 0x10, 0x64, 0x10, 0x64, 0x10, 0x64, 0x10, 0x64, 0x10, 0x64, 0x10, 0x64, 0x10, 0x64, 0x10, 0x64, 0x10, 0x64, 0x10, 0x64, 0x10, 0x64, 0x10,
    0x64, 0x10, 0x64, 0x10, 0x64, 0x10, 0x64, 0x10, 0x64, 0x10, 0x64, 0x10, 0x64, 0x10, 0x64, 0x10, 0x64, 0x10, 0x64, 0x10, 0x64, 0x10, 0x64, 0x10, 0x64, 0x10, 0x64, 0x10, 0x64, 0x10, 0x64, 0x10,
    0x64, 0x10, 0x64, 0x10, 0x64, 0x10, 0x64, 0x10, 0x64, 0x10, 0x64, 0x10, 0x64, 0x10, 0x64, 0x10, 0x64, 0x10, 0x64, 0x10, 0x64, 0x10, 0x64, 0x10, 0x64, 0x10, 0x64, 0x10, 0x64, 0x10, 0x64, 0x18,
    0x64, 0x18, 0x63, 0x28, 0x63, 0x28, 0x43, 0x38, 0x43, 0x38, 0x43, 0x50, 0x43, 0x50, 0x00, 0xe0, 0x00, 0xe0, 0x00, 0xe8, 0x00, 0xe8, 0x00, 0xe8, 0x00, 0xe8, 0x00, 0xe8, 0x00, 0xe8, 0x00, 0xe0,
    0x00, 0xe0, 0x43, 0x50, 0x43, 0x50, 0x43, 0x48, 0x43, 0x48, 0x43, 0x50, 0x43, 0x50, 0x43, 0x50, 0x43, 0x50, 0x43, 0x58, 0x43, 0x58, 0x00, 0xe0, 0x00, 0xe0, 0x00, 0xe0, 0x00, 0xe0, 0x00, 0xe0,
    0x00, 0xe0, 0x00, 0xe0, 0x00, 0xe0, 0x43, 0x58, 0x43, 0x58, 0x43, 0x58, 0x43, 0x58, 0x42, 0x58, 0x42, 0x58, 0x43, 0x50, 0x43, 0x50, 0x00, 0xe0, 0x00, 0xe0, 0x00, 0xe0, 0x00, 0xe0, 0x43, 0x38,
    0x43, 0x38, 0x43, 0x40, 0x43, 0x40, 0x43, 0x40, 0x43, 0x40, 0x43, 0x38, 0x43, 0x38, 0x00, 0xe0, 0x00, 0xe0, 0x00, 0xe8, 0x00, 0xe8, 0x42, 0x70, 0x42, 0x70, 0x00, 0xe8, 0x00, 0xe8, 0x00, 0xe8,
    0x00, 0xe8, 0x42, 0x58, 0x42, 0x58, 0x42, 0x58, 0x42, 0x58, 0x43, 0x50, 0x43, 0x50, 0x43, 0x48, 0x43, 0x48, 0x00, 0xe0, 0x00, 0xe0, 0x00, 0xe8, 0x00, 0xe8, 0x42, 0x70, 0x42, 0x70, 0x00, 0xe8,
    0x00, 0xe8, 0x00, 0xe8, 0x00, 0xe8, 0x00, 0xe8, 0x00, 0xe8, 0x00, 0xe8, 0x00, 0xe8, 0x00, 0xe8, 0x00, 0xe8, 0x42, 0x58, 0x42, 0x58, 0x43, 0x50, 0x43, 0x50, 0x43, 0x40, 0x43, 0x40, 0x63, 0x28,
    0x63, 0x28, 0x63, 0x20, 0x63, 0x20, 0x64, 0x10, 0x64, 0x10, 0x64, 0x10, 0x64, 0x10, 0x64, 0x10, 0x64, 0x10, 0x64, 0x10, 0x64, 0x10, 0x64, 0x10, 0x64, 0x10, 0x64, 0x10, 0x64, 0x10, 0x64, 0x10,
    0x64, 0x10, 0x64, 0x10, 0x64, 0x10, 0x64, 0x10, 0x64, 0x10, 0x64, 0x10, 0x64, 0x10, 0x64, 0x10, 0x64, 0x10, 0x64, 0x10, 0x64, 0x10, 0x64, 0x10, 0x64, 0x10, 0x64, 0x10, 0x64, 0x10, 0x64, 0x10,
    0x64, 0x10, 0x64, 0x10, 0x64, 0x10, 0x64, 0x10, 0x64, 0x10, 0x64, 0x10, 0x64, 0x10, 0x64, 0x10, 0x64, 0x10, 0x64, 0x10, 0x64, 0x10, 0x64, 0x10, 0x64, 0x10, 0x64, 0x10, 0x64, 0x10, 0x64, 0x10,
    0x64, 0x10, 0x64, 0x10, 0x64, 0x10, 0x64, 0x10, 0x64, 0x10, 0x64, 0x10, 0x64, 0x10, 0x64, 0x10, 0x64, 0x10, 0x64, 0x10, 0x64, 0x10, 0x64, 0x10, 0x64, 0x10, 0x64, 0x10, 0x64, 0x10, 0x64, 0x10,
    0x64, 0x10, 0x64, 0x10, 0x64, 0x10, 0x64, 0x10, 0x64, 0x10, 0x64, 0x10, 0x64, 0x10, 0x64, 0x10, 0x64, 0x10, 0x64, 0x10, 0x64, 0x10, 0x64, 0x10, 0x64, 0x10, 0x64, 0x10, 0x64, 0x10, 0x64, 0x10,
    0x64, 0x10, 0x64, 0x10, 0x64, 0x10, 0x64, 0x10, 0x64, 0x10, 0x64, 0x10, 0x64, 0x10, 0x64, 0x10, 0x64, 0x10, 0x64, 0x10, 0x64, 0x10, 0x64, 0x10, 0x64, 0x10, 0x64, 0x10, 0x64, 0x10, 0x64, 0x10,
    0x64, 0x10, 0x64, 0x10, 0x64, 0x10, 0x64, 0x10, 0x64, 0x10, 0x64, 0x10, 0x64, 0x10, 0x64, 0x10, 0x64, 0x10, 0x64, 0x10, 0x64, 0x10, 0x64, 0x10, 0x64, 0x10, 0x64, 0x10, 0x64, 0x10, 0x64, 0x10,
    0x64, 0x10, 0x64, 0x10, 0x64, 0x10, 0x64, 0x10, 0x64, 0x10, 0x64, 0x10, 0x64, 0x10, 0x64, 0x10, 0x64, 0x10, 0x64, 0x10, 0x64, 0x10, 0x64, 0x10, 0x64, 0x10, 0x64, 0x10, 0x64, 0x10, 0x64, 0x10,
    0x64, 0x10, 0x64, 0x10, 0x64, 0x10, 0x64, 0x10, 0x64, 0x10, 0x64, 0x10, 0x64, 0x10, 0x64, 0x10, 0x64, 0x10, 0x64, 0x10, 0x64, 0x10, 0x64, 0x10, 0x64, 0x10, 0x64, 0x10, 0x64, 0x10, 0x64, 0x10,
    0x64, 0x10, 0x64, 0x10, 0x64, 0x10, 0x64, 0x10, 0x64, 0x10, 0x64, 0x10, 0x64, 0x10, 0x64, 0x10, 0x64, 0x10, 0x64, 0x10, 0x64, 0x10, 0x64, 0x10, 0x64, 0x10, 0x64, 0x10, 0x64, 0x10, 0x64, 0x10,
    0x64, 0x10, 0x64, 0x10, 0x64, 0x10, 0x64, 0x10, 0x64, 0x10, 0x64, 0x10, 0x64, 0x10, 0x64, 0x10, 0x64, 0x10, 0x64, 0x10, 0x64, 0x10, 0x64, 0x10, 0x64, 0x10, 0x64, 0x10, 0x64, 0x10, 0x64, 0x10,
    0x64, 0x10, 0x64, 0x10, 0x64, 0x10, 0x64, 0x10, 0x64, 0x10, 0x64, 0x10, 0x64, 0x10, 0x64, 0x18, 0x64, 0x18, 0x63, 0x30, 0x63, 0x30, 0x43, 0x48, 0x43, 0x48, 0x00, 0xe0, 0x00, 0xe0, 0x00, 0xe8,
    0x00, 0xe8, 0x00, 0xe8, 0x00, 0xe8, 0x00, 0xe8, 0x00, 0xe8, 0x00, 0xe8, 0x00, 0xe8, 0x00, 0xe0, 0x00, 0xe0, 0x00, 0xe0, 0x00, 0xe0, 0x42, 0x60, 0x42, 0x60, 0x42, 0x60, 0x42, 0x60, 0x00, 0xe0,
    0x00, 0xe0, 0x00, 0xe0, 0x00, 0xe0, 0x00, 0xe8, 0x00, 0xe8, 0x00, 0xe8, 0x00, 0xe8, 0x00, 0xe8, 0x00, 0xe8, 0x00, 0xe8, 0x00, 0xe8, 0x00, 0xe0, 0x00, 0xe0, 0x00, 0xe8, 0x00, 0xe8, 0x42, 0x70,
    0x42, 0x70, 0x42, 0x68, 0x42, 0x68, 0x00, 0xe8, 0x00, 0xe8, 0x00, 0xe0, 0x00, 0xe0, 0x43, 0x48, 0x43, 0x48, 0x43, 0x48, 0x43, 0x48, 0x43, 0x48, 0x43, 0x48, 0x43, 0x48, 0x43, 0x48, 0x00, 0xe8,
    0x00, 0xe8, 0x00, 0xe8, 0x00, 0xe8, 0x22, 0x88, 0x22, 0x88, 0x00, 0xe8, 0x00, 0xe8, 0x00, 0xe8, 0x00, 0xe8, 0x00, 0xe8, 0x00, 0xe8, 0x42, 0x78, 0x42, 0x78, 0x42, 0x70, 0x42, 0x70, 0x42, 0x60,
    0x42, 0x60, 0x00, 0xe8, 0x00, 0xe8, 0x00, 0xe8, 0x00, 0xe8, 0x22, 0x88, 0x22, 0x88, 0x00, 0xe8, 0x00, 0xe8, 0x00, 0xe8, 0x00, 0xe8, 0x00, 0xe8, 0x00, 0xe8, 0x00, 0xe8, 0x00, 0xe8, 0x00, 0xe8,
    0x00, 0xe8, 0x00, 0xe8, 0x00, 0xe8, 0x00, 0xe0, 0x00, 0xe0, 0x43, 0x50, 0x43, 0x50, 0x43, 0x38, 0x43, 0x38, 0x63, 0x28, 0x63, 0x28, 0x64, 0x18, 0x64, 0x18, 0x64, 0x10, 0x64, 0x10, 0x64, 0x10,
    0x64, 0x10, 0x64, 0x10, 0x64, 0x10, 0x64, 0x10, 0x64, 0x10, 0x64, 0x10, 0x64, 0x10, 0x64, 0x10, 0x64, 0x10, 0x64, 0x10, 0x64, 0x10, 0x64, 0x10, 0x64, 0x10, 0x64, 0x10, 0x64, 0x10, 0x64, 0x10,
    0x64, 0x10, 0x64, 0x10, 0x64, 0x10, 0x64, 0x10, 0x64, 0x10, 0x64, 0x10, 0x64, 0x10, 0x64, 0x10, 0x64, 0x10, 0x64, 0x10, 0x64, 0x10, 0x64, 0x10, 0x64, 0x10, 0x64, 0x10, 0x64, 0x10, 0x64, 0x10,
    0x64, 0x10, 0x64, 0x10, 0x64, 0x10, 0x64, 0x10, 0x64, 0x10, 0x64, 0x10, 0x64, 0x10, 0x64, 0x10, 0x64, 0x10, 0x64, 0x10, 0x64, 0x10, 0x64, 0x10, 0x64, 0x10, 0x64, 0x10, 0x64, 0x10, 0x64, 0x10,
    0x64, 0x10, 0x64, 0x10, 0x64, 0x10, 0x64, 0x10, 0x64, 0x10, 0x64, 0x10, 0x64, 0x10, 0x64, 0x10, 0x64, 0x10, 0x64, 0x10, 0x64, 0x10, 0x64, 0x10, 0x64, 0x10, 0x64, 0x10, 0x64, 0x10, 0x64, 0x10,
    0x64, 0x10, 0x64, 0x10, 0x64, 0x10, 0x64, 0x10, 0x64, 0x10, 0x64, 0x10, 0x64, 0x10, 0x64, 0x10, 0x64, 0x10, 0x64, 0x10, 0x64, 0x10, 0x64, 0x10, 0x64, 0x10, 0x64, 0x10, 0x64, 0x10, 0x64, 0x10,
    0x64, 0x10, 0x64, 0x10, 0x64, 0x10, 0x64, 0x10, 0x64, 0x10, 0x64, 0x10, 0x64, 0x10, 0x64, 0x10, 0x64, 0x10, 0x64, 0x10, 0x64, 0x10, 0x64, 0x10, 0x64, 0x10, 0x64, 0x10, 0x64, 0x10, 0x64, 0x10,
    0x64, 0x10, 0x64, 0x10, 0x64, 0x10, 0x64, 0x10, 0x64, 0x10, 0x64, 0x10, 0x64, 0x10, 0x64, 0x10, 0x64, 0x10, 0x64, 0x10, 0x64, 0x10, 0x64, 0x10, 0x64, 0x10, 0x64, 0x10, 0x64, 0x10, 0x64, 0x10,
    0x64, 0x10, 0x64, 0x10, 0x64, 0x10, 0x64, 0x10, 0x64, 0x10, 0x64, 0x10, 0x64, 0x10, 0x64, 0x10, 0x64, 0x10, 0x64, 0x10, 0x64, 0x10, 0x64, 0x10, 0x64, 0x10, 0x64, 0x10, 0x64, 0x10, 0x64, 0x10,
    0x64, 0x10, 0x64, 0x10, 0x64, 0x10, 0x64, 0x10, 0x64, 0x10, 0x64, 0x10, 0x64, 0x10, 0x64, 0x10, 0x64, 0x10, 0x64, 0x10, 0x64, 0x10, 0x64, 0x10, 0x64, 0x10, 0x64, 0x10, 0x64, 0x10, 0x64, 0x10,
    0x64, 0x10, 0x64, 0x10, 0x64, 0x10, 0x64, 0x10, 0x64, 0x10, 0x64, 0x10, 0x64, 0x10, 0x64, 0x10, 0x64, 0x10, 0x64, 0x10, 0x64, 0x10, 0x64, 0x10, 0x64, 0x10, 0x64, 0x10, 0x64, 0x10, 0x64, 0x10,
    0x64, 0x10, 0x64, 0x10, 0x64, 0x10, 0x64, 0x10, 0x64, 0x10, 0x64, 0x10, 0x64, 0x10, 0x64, 0x10, 0x64, 0x10, 0x64, 0x10, 0x64, 0x10, 0x64, 0x10, 0x64, 0x10, 0x64, 0x10, 0x64, 0x10, 0x64, 0x18,
    0x64, 0x18, 0x63, 0x30, 0x63, 0x30, 0x43, 0x48, 0x43, 0x48, 0x00, 0xe0, 0x00, 0xe0, 0x00, 0xe8, 0x00, 0xe8, 0x00, 0xe8, 0x00, 0xe8, 0x00, 0xe8, 0x00, 0xe8, 0x00, 0xe8, 0x00, 0xe8, 0x00, 0xe0,
    0x00, 0xe0, 0x00, 0xe0, 0x00, 0xe0, 0x42, 0x60, 0x42, 0x60, 0x42, 0x60, 0x42, 0x60, 0x00, 0xe0, 0x00, 0xe0, 0x00, 0xe0, 0x00, 0xe0, 0x00, 0xe8, 0x00, 0xe8, 0x00, 0xe8, 0x00, 0xe8, 0x00, 0xe8,
    0x00, 0xe8, 0x00, 0xe8, 0x00, 0xe8, 0x00, 0xe0, 0x00, 0xe0, 0x00, 0xe8, 0x00, 0xe8, 0x42, 0x70, 0x42, 0x70, 0x42, 0x68, 0x42, 0x68, 0x00, 0xe8, 0x00, 0xe8, 0x00, 0xe0, 0x00, 0xe0, 0x43, 0x48,
    0x43, 0x48, 0x43, 0x48, 0x43, 0x48, 0x43, 0x48, 0x43, 0x48, 0x43, 0x48, 0x43, 0x48, 0x00, 0xe8, 0x00, 0xe8, 0x00, 0xe8, 0x00, 0xe8, 0x22, 0x88, 0x22, 0x88, 0x00, 0xe8, 0x00, 0xe8, 0x00, 0xe8,
    0x00, 0xe8, 0x00, 0xe8, 0x00, 0xe8, 0x42, 0x78, 0x42, 0x78, 0x42, 0x70, 0x42, 0x70, 0x42, 0x60, 0x42, 0x60, 0x00, 0xe8, 0x00, 0xe8, 0x00, 0xe8, 0x00, 0xe8, 0x22, 0x88, 0x22, 0x88, 0x00, 0xe8,
    0x00, 0xe8, 0x00, 0xe8, 0x00, 0xe8, 0x00, 0xe8, 0x00, 0xe8, 0x00, 0xe8, 0x00, 0xe8, 0x00, 0xe8, 0x00, 0xe8, 0x00, 0xe8, 0x00, 0xe8, 0x00, 0xe0, 0x00, 0xe0, 0x43, 0x50, 0x43, 0x50, 0x43, 0x38,
    0x43, 0x38, 0x63, 0x28, 0x63, 0x28, 0x64, 0x18, 0x64, 0x18, 0x64, 0x10, 0x64, 0x10, 0x64, 0x10, 0x64, 0x10, 0x64, 0x10, 0x64, 0x10, 0x64, 0x10, 0x64, 0x10, 0x64, 0x10, 0x64, 0x10, 0x64, 0x10,
    0x64, 0x10, 0x64, 0x10, 0x64, 0x10, 0x64, 0x10, 0x64, 0x10, 0x64, 0x10, 0x64, 0x10, 0x64, 0x10, 0x64, 0x10, 0x64, 0x10, 0x64, 0x10, 0x64, 0x10, 0x64, 0x10, 0x64, 0x10, 0x64, 0x10, 0x64, 0x10,
    0x64, 0x10, 0x64, 0x10, 0x64, 0x10, 0x64, 0x10, 0x64, 0x10, 0x64, 0x10, 0x64, 0x10, 0x64, 0x10, 0x64, 0x10, 0x64, 0x10, 0x64, 0x10, 0x64, 0x10, 0x64, 0x10, 0x64, 0x10, 0x64, 0x10, 0x64, 0x10,
    0x64, 0x10, 0x64, 0x10, 0x64, 0x10, 0x64, 0x10, 0x64, 0x10, 0x64, 0x10, 0x64, 0x10, 0x64, 0x10, 0x64, 0x10, 0x64, 0x10, 0x64, 0x10, 0x64, 0x10, 0x64, 0x10, 0x64, 0x10, 0x64, 0x10, 0x64, 0x10,
    0x64, 0x10, 0x64, 0x10, 0x64, 0x10, 0x64, 0x10, 0x64, 0x10, 0x64, 0x10, 0x64, 0x10, 0x64, 0x10, 0x64, 0x10, 0x64, 0x10, 0x64, 0x10, 0x64, 0x10, 0x64, 0x10, 0x64, 0x10, 0x64, 0x10, 0x64, 0x10,
    0x64, 0x10, 0x64, 0x10, 0x64, 0x10, 0x64, 0x10, 0x64, 0x10, 0x64, 0x10, 0x64, 0x10, 0x64, 0x10, 0x64, 0x10, 0x64, 0x10, 0x64, 0x10, 0x64, 0x10, 0x64, 0x10, 0x64, 0x10, 0x64, 0x10, 0x64, 0x10,
    0x64, 0x10, 0x64, 0x10, 0x64, 0x10, 0x64, 0x10, 0x64, 0x10, 0x64, 0x10, 0x64, 0x10, 0x64, 0x10, 0x64, 0x10, 0x64, 0x10, 0x64, 0x10, 0x64, 0x10, 0x64, 0x10, 0x64, 0x10, 0x64, 0x10, 0x64, 0x10,
    0x64, 0x10, 0x64, 0x10, 0x64, 0x10, 0x64, 0x10, 0x64, 0x10, 0x64, 0x10, 0x64, 0x10, 0x64, 0x10, 0x64, 0x10, 0x64, 0x10, 0x64, 0x10, 0x64, 0x10, 0x64, 0x10, 0x64, 0x10, 0x64, 0x10, 0x64, 0x10,
    0x64, 0x10, 0x64, 0x10, 0x64, 0x10, 0x64, 0x10, 0x64, 0x10, 0x64, 0x10, 0x64, 0x10, 0x64, 0x10, 0x64, 0x10, 0x64, 0x10, 0x64, 0x10, 0x64, 0x10, 0x64, 0x10, 0x64, 0x10, 0x64, 0x10, 0x64, 0x10,
    0x64, 0x10, 0x64, 0x10, 0x64, 0x10, 0x64, 0x10, 0x64, 0x10, 0x64, 0x10, 0x64, 0x10, 0x64, 0x10, 0x64, 0x10, 0x64, 0x10, 0x64, 0x10, 0x64, 0x10, 0x64, 0x10, 0x64, 0x10, 0x64, 0x10, 0x64, 0x10,
    0x64, 0x10, 0x64, 0x10, 0x64, 0x10, 0x64, 0x10, 0x64, 0x10, 0x64, 0x10, 0x64, 0x10, 0x64, 0x10, 0x64, 0x10, 0x64, 0x10, 0x64, 0x10, 0x64, 0x10, 0x64, 0x10, 0x64, 0x10, 0x64, 0x10, 0x64, 0x10,
    0x64, 0x10, 0x64, 0x10, 0x64, 0x10, 0x64, 0x10, 0x64, 0x10, 0x64, 0x10, 0x64, 0x10, 0x63, 0x20, 0x63, 0x20, 0x43, 0x38, 0x43, 0x38, 0x43, 0x50, 0x43, 0x50, 0x00, 0xe8, 0x00, 0xe8, 0x00, 0xe8,
    0x00, 0xe8, 0x22, 0x90, 0x22, 0x90, 0x21, 0x90, 0x21, 0x90, 0x22, 0x80, 0x22, 0x80, 0x00, 0xe8, 0x00, 0xe8, 0x00, 0xe8, 0x00, 0xe8, 0x42, 0x68, 0x42, 0x68, 0x42, 0x70, 0x42, 0x70, 0x00, 0xe8,
    0x00, 0xe8, 0x00, 0xe8, 0x00, 0xe8, 0x42, 0x68, 0x42, 0x68, 0x42, 0x68, 0x42, 0x68, 0x42, 0x68, 0x42, 0x68, 0x42, 0x68, 0x42, 0x68, 0x00, 0xe8, 0x00, 0xe8, 0x00, 0xe8, 0x00, 0xe8, 0x22, 0x88,
    0x22, 0x88, 0x22, 0x80, 0x22, 0x80, 0x00, 0xe8, 0x00, 0xe8, 0x00, 0xe8, 0x00, 0xe8, 0x43, 0x50, 0x43, 0x50, 0x43, 0x50, 0x43, 0x50, 0x43, 0x50, 0x43, 0x50, 0x43, 0x50, 0x43, 0x50, 0x00, 0xe8,
    0x00, 0xe8, 0x00, 0xe8, 0x00, 0xe8, 0x21, 0xa0, 0x21, 0xa0, 0x00, 0xf0, 0x00, 0xf0, 0x00, 0xf0, 0x00, 0xf0, 0x00, 0xe8, 0x00, 0xe8, 0x00, 0xe8, 0x00, 0xe8, 0x22, 0x88, 0x22, 0x88, 0x42, 0x78,
    0x42, 0x78, 0x00, 0xe8, 0x00, 0xe8, 0x00, 0xe8, 0x00, 0xe8, 0x21, 0x98, 0x21, 0x98, 0x00, 0xf0, 0x00, 0xf0, 0x00, 0xe8, 0x00, 0xe8, 0x22, 0x80, 0x22, 0x80, 0x22, 0x80, 0x22, 0x80, 0x22, 0x80,
    0x22, 0x80, 0x00, 0xe8, 0x00, 0xe8, 0x00, 0xe8, 0x00, 0xe8, 0x00, 0xe0, 0x00, 0xe0, 0x43, 0x48, 0x43, 0x48, 0x63, 0x30, 0x63, 0x30, 0x64, 0x18, 0x64, 0x18, 0x64, 0x10, 0x64, 0x10, 0x64, 0x10,
    0x64, 0x10, 0x64, 0x10, 0x64, 0x10, 0x64, 0x10, 0x64, 0x10, 0x64, 0x10, 0x64, 0x10, 0x64, 0x10, 0x64, 0x10, 0x64, 0x10, 0x64, 0x10, 0x64, 0x10, 0x64, 0x10, 0x64, 0x10, 0x64, 0x10, 0x64, 0x10,
    0x64, 0x10, 0x64, 0x10, 0x64, 0x10, 0x64, 0x10, 0x64, 0x10, 0x64, 0x10, 0x64, 0x10, 0x64, 0x10, 0x64, 0x10, 0x64, 0x10, 0x64, 0x10, 0x64, 0x10, 0x64, 0x10, 0x64, 0x10, 0x64, 0x10, 0x64, 0x10,
    0x64, 0x10, 0x64, 0x10, 0x64, 0x10, 0x64, 0x10, 0x64, 0x10, 0x64, 0x10, 0x64, 0x10, 0x64, 0x10, 0x64, 0x10, 0x64, 0x10, 0x64, 0x10, 0x64, 0x10, 0x64, 0x10, 0x64, 0x10, 0x64, 0x10, 0x64, 0x10,
    0x64, 0x10, 0x64, 0x10, 0x64, 0x10, 0x64, 0x10, 0x64, 0x10, 0x64, 0x10, 0x64, 0x10, 0x64, 0x10, 0x64, 0x10, 0x64, 0x10, 0x64, 0x10, 0x64, 0x10, 0x64, 0x10, 0x64, 0x10, 0x64, 0x10, 0x64, 0x10,
    0x64, 0x10, 0x64, 0x10, 0x64, 0x10, 0x64, 0x10, 0x64, 0x10, 0x64, 0x10, 0x64, 0x10, 0x64, 0x10, 0x64, 0x10, 0x64, 0x10, 0x64, 0x10, 0x64, 0x10, 0x64, 0x10, 0x64, 0x10, 0x64, 0x10, 0x64, 0x10,
    0x64, 0x10, 0x64, 0x10, 0x64, 0x10, 0x64, 0x10, 0x64, 0x10, 0x64, 0x10, 0x64, 0x10, 0x64, 0x10, 0x64, 0x10, 0x64, 0x10, 0x64, 0x10, 0x64, 0x10, 0x64, 0x10, 0x64, 0x10, 0x64, 0x10, 0x64, 0x10,
    0x64, 0x10, 0x64, 0x10, 0x64, 0x10, 0x64, 0x10, 0x64, 0x10, 0x64, 0x10, 0x64, 0x10, 0x64, 0x10, 0x64, 0x10, 0x64, 0x10, 0x64, 0x10, 0x64, 0x10, 0x64, 0x10, 0x64, 0x10, 0x64, 0x10, 0x64, 0x10,
    0x64, 0x10, 0x64, 0x10, 0x64, 0x10, 0x64, 0x10, 0x64, 0x10, 0x64, 0x10, 0x64, 0x10, 0x64, 0x10, 0x64, 0x10, 0x64, 0x10, 0x64, 0x10, 0x64, 0x10, 0x64, 0x10, 0x64, 0x10, 0x64, 0x10, 0x64, 0x10,
    0x64, 0x10, 0x64, 0x10, 0x64, 0x10, 0x64, 0x10, 0x64, 0x10, 0x64, 0x10, 0x64, 0x10, 0x64, 0x10, 0x64, 0x10, 0x64, 0x10, 0x64, 0x10, 0x64, 0x10, 0x64, 0x10, 0x64, 0x10, 0x64, 0x10, 0x64, 0x10,
    0x64, 0x10, 0x64, 0x10, 0x64, 0x10, 0x64, 0x10, 0x64, 0x10, 0x64, 0x10, 0x64, 0x10, 0x64, 0x10, 0x64, 0x10, 0x64, 0x10, 0x64, 0x10, 0x64, 0x10, 0x64, 0x10, 0x64, 0x10, 0x64, 0x10, 0x64, 0x10,
    0x64, 0x10, 0x64, 0x10, 0x64, 0x10, 0x64, 0x10, 0x64, 0x10, 0x64, 0x10, 0x64, 0x10, 0x64, 0x10, 0x64, 0x10, 0x64, 0x10, 0x64, 0x10, 0x64, 0x10, 0x64, 0x10, 0x64, 0x10, 0x64, 0x10, 0x63, 0x20,
    0x63, 0x20, 0x43, 0x38, 0x43, 0x38, 0x43, 0x50, 0x43, 0x50, 0x00, 0xe8, 0x00, 0xe8, 0x00, 0xe8, 0x00, 0xe8, 0x22, 0x90, 0x22, 0x90, 0x21, 0x90, 0x21, 0x90, 0x22, 0x80, 0x22, 0x80, 0x00, 0xe8,
    0x00, 0xe8, 0x00, 0xe8, 0x00, 0xe8, 0x42, 0x68, 0x42, 0x68, 0x42, 0x70, 0x42, 0x70, 0x00, 0xe8, 0x00, 0xe8, 0x00, 0xe8, 0x00, 0xe8, 0x42, 0x68, 0x42, 0x68, 0x42, 0x68, 0x42, 0x68, 0x42, 0x68,
    0x42, 0x68, 0x42, 0x68, 0x42, 0x68, 0x00, 0xe8, 0x00, 0xe8, 0x00, 0xe8, 0x00, 0xe8, 0x22, 0x88, 0x22, 0x88, 0x22, 0x80, 0x22, 0x80, 0x00, 0xe8, 0x00, 0xe8, 0x00, 0xe8, 0x00, 0xe8, 0x43, 0x50,
    0x43, 0x50, 0x43, 0x50, 0x43, 0x50, 0x43, 0x50, 0x43, 0x50, 0x43, 0x50, 0x43, 0x50, 0x00, 0xe8, 0x00, 0xe8, 0x00, 0xe8, 0x00, 0xe8, 0x21, 0xa0, 0x21, 0xa0, 0x00, 0xf0, 0x00, 0xf0, 0x00, 0xf0,
    0x00, 0xf0, 0x00, 0xe8, 0x00, 0xe8, 0x00, 0xe8, 0x00, 0xe8, 0x22, 0x88, 0x22, 0x88, 0x42, 0x78, 0x42, 0x78, 0x00, 0xe8, 0x00, 0xe8, 0x00, 0xe8, 0x00, 0xe8, 0x21, 0x98, 0x21, 0x98, 0x00, 0xf0,
    0x00, 0xf0, 0x00, 0xe8, 0x00, 0xe8, 0x22, 0x80, 0x22, 0x80, 0x22, 0x80, 0x22, 0x80, 0x22, 0x80, 0x22, 0x80, 0x00, 0xe8, 0x00, 0xe8, 0x00, 0xe8, 0x00, 0xe8, 0x00, 0xe0, 0x00, 0xe0, 0x43, 0x48,
    0x43, 0x48, 0x63, 0x30, 0x63, 0x30, 0x64, 0x18, 0x64, 0x18, 0x64, 0x10, 0x64, 0x10, 0x64, 0x10, 0x64, 0x10, 0x64, 0x10, 0x64, 0x10, 0x64, 0x10, 0x64, 0x10, 0x64, 0x10, 0x64, 0x10, 0x64, 0x10,
    0x64, 0x10, 0x64, 0x10, 0x64, 0x10, 0x64, 0x10, 0x64, 0x10, 0x64, 0x10, 0x64, 0x10, 0x64, 0x10, 0x64, 0x10, 0x64, 0x10, 0x64, 0x10, 0x64, 0x10, 0x64, 0x10, 0x64, 0x10, 0x64, 0x10, 0x64, 0x10,
    0x64, 0x10, 0x64, 0x10, 0x64, 0x10, 0x64, 0x10, 0x64, 0x10, 0x64, 0x10, 0x64, 0x10, 0x64, 0x10, 0x64, 0x10, 0x64, 0x10, 0x64, 0x10, 0x64, 0x10, 0x64, 0x10, 0x64, 0x10, 0x64, 0x10, 0x64, 0x10,
    0x64, 0x10, 0x64, 0x10, 0x64, 0x10, 0x64, 0x10, 0x64, 0x10, 0x64, 0x10, 0x64, 0x10, 0x64, 0x10, 0x64, 0x10, 0x64, 0x10, 0x64, 0x10, 0x64, 0x10, 0x64, 0x10, 0x64, 0x10, 0x64, 0x10, 0x64, 0x10,
    0x64, 0x10, 0x64, 0x10, 0x64, 0x10, 0x64, 0x10, 0x64, 0x10, 0x64, 0x10, 0x64, 0x10, 0x64, 0x10, 0x64, 0x10, 0x64, 0x10, 0x64, 0x10, 0x64, 0x10, 0x64, 0x10, 0x64, 0x10, 0x64, 0x10, 0x64, 0x10,
    0x64, 0x10, 0x64, 0x10, 0x64, 0x10, 0x64, 0x10, 0x64, 0x10, 0x64, 0x10, 0x64, 0x10, 0x64, 0x10, 0x64, 0x10, 0x64, 0x10, 0x64, 0x10, 0x64, 0x10, 0x64, 0x10, 0x64, 0x10, 0x64, 0x10, 0x64, 0x10,
    0x64, 0x10, 0x64, 0x10, 0x64, 0x10, 0x64, 0x10, 0x64, 0x10, 0x64, 0x10, 0x64, 0x10, 0x64, 0x10, 0x64, 0x10, 0x64, 0x10, 0x64, 0x10, 0x64, 0x10, 0x64, 0x10, 0x64, 0x10, 0x64, 0x10, 0x64, 0x10,
    0x64, 0x10, 0x64, 0x10, 0x64, 0x10, 0x64, 0x10, 0x64, 0x10, 0x64, 0x10, 0x64, 0x10, 0x64, 0x10, 0x64, 0x10, 0x64, 0x10, 0x64, 0x10, 0x64, 0x10, 0x64, 0x10, 0x64, 0x10, 0x64, 0x10, 0x64, 0x10,
    0x64, 0x10, 0x64, 0x10, 0x64, 0x10, 0x64, 0x10, 0x64, 0x10, 0x64, 0x10, 0x64, 0x10, 0x64, 0x10, 0x64, 0x10, 0x64, 0x10, 0x64, 0x10, 0x64, 0x10, 0x64, 0x10, 0x64, 0x10, 0x64, 0x10, 0x64, 0x10,
    0x64, 0x10, 0x64, 0x10, 0x64, 0x10, 0x64, 0x10, 0x64, 0x10, 0x64, 0x10, 0x64, 0x10, 0x64, 0x10, 0x64, 0x10, 0x64, 0x10, 0x64, 0x10, 0x64, 0x10, 0x64, 0x10, 0x64, 0x10, 0x64, 0x10, 0x64, 0x10,
    0x64, 0x10, 0x64, 0x10, 0x64, 0x10, 0x64, 0x10, 0x64, 0x10, 0x64, 0x10, 0x64, 0x10, 0x64, 0x10, 0x64, 0x10, 0x64, 0x10, 0x64, 0x10, 0x64, 0x10, 0x64, 0x10, 0x64, 0x10, 0x64, 0x10, 0x64, 0x10,
    0x64, 0x10, 0x64, 0x10, 0x64, 0x10, 0x64, 0x10, 0x64, 0x10, 0x64, 0x10, 0x64, 0x10, 0x63, 0x20, 0x63, 0x20, 0x43, 0x38, 0x43, 0x38, 0x43, 0x50, 0x43, 0x50, 0x00, 0xe8, 0x00, 0xe8, 0x00, 0xe8,
    0x00, 0xe8, 0x21, 0x98, 0x21, 0x98, 0x21, 0x98, 0x21, 0x98, 0x22, 0x88, 0x22, 0x88, 0x42, 0x78, 0x42, 0x78, 0x42, 0x78, 0x42, 0x78, 0x42, 0x78, 0x42, 0x78, 0x00, 0xe8, 0x00, 0xe8, 0x00, 0xe8,
    0x00, 0xe8, 0x42, 0x68, 0x42, 0x68, 0x42, 0x68, 0x42, 0x68, 0x42, 0x58, 0x42, 0x58, 0x42, 0x58, 0x42, 0x58, 0x42, 0x68, 0x42, 0x68, 0x42, 0x68, 0x42, 0x68, 0x00, 0xe8, 0x00, 0xe8, 0x00, 0xe8,
    0x00, 0xe8, 0x21, 0x90, 0x21, 0x90, 0x00, 0xe8, 0x00, 0xe8, 0x00, 0xe8, 0x00, 0xe8, 0x43, 0x58, 0x43, 0x58, 0x42, 0x58, 0x42, 0x58, 0x42, 0x58, 0x42, 0x58, 0x43, 0x58, 0x43, 0x58, 0x00, 0xe8,
    0x00, 0xe8, 0x00, 0xf0, 0x00, 0xf0, 0x21, 0xa8, 0x21, 0xa8, 0x00, 0xf0, 0x00, 0xf0, 0x00, 0xf0, 0x00, 0xf0, 0x00, 0xf0, 0x00, 0xf0, 0x00, 0xf0, 0x00, 0xf0, 0x21, 0xa0, 0x21, 0xa0, 0x22, 0x90,
    0x22, 0x90, 0x00, 0xf0, 0x00, 0xf0, 0x00, 0xf0, 0x00, 0xf0, 0x21, 0xa0, 0x21, 0xa0, 0x00, 0xf0, 0x00, 0xf0, 0x00, 0xe8, 0x00, 0xe8, 0x42, 0x78, 0x42, 0x78, 0x22, 0x80, 0x22, 0x80, 0x42, 0x78,
    0x42, 0x78, 0x42, 0x70, 0x42, 0x70, 0x00, 0xe8, 0x00, 0xe8, 0x00, 0xe8, 0x00, 0xe8, 0x43, 0x50, 0x43, 0x50, 0x43, 0x38, 0x43, 0x38, 0x63, 0x20, 0x63, 0x20, 0x64, 0x10, 0x64, 0x10, 0x64, 0x10,
    0x64, 0x10, 0x64, 0x10, 0x64, 0x10, 0x64, 0x10, 0x64, 0x10, 0x64, 0x10, 0x64, 0x10, 0x64, 0x10, 0x64, 0x10, 0x64, 0x10, 0x64, 0x10, 0x64, 0x10, 0x64, 0x10, 0x64, 0x10, 0x64, 0x10, 0x64, 0x10,
    0x64, 0x10, 0x64, 0x10, 0x64, 0x10, 0x64, 0x10, 0x64, 0x10, 0x64, 0x10, 0x64, 0x10, 0x64, 0x10, 0x64, 0x10, 0x64, 0x10, 0x64, 0x10, 0x64, 0x10, 0x64, 0x10, 0x64, 0x10, 0x64, 0x10, 0x64, 0x10,
    0x64, 0x10, 0x64, 0x10, 0x64, 0x10, 0x64, 0x10, 0x64, 0x10, 0x64, 0x10, 0x64, 0x10, 0x64, 0x10, 0x64, 0x10, 0x64, 0x10, 0x64, 0x10, 0x64, 0x10, 0x64, 0x10, 0x64, 0x10, 0x64, 0x10, 0x64, 0x10,
    0x64, 0x10, 0x64, 0x10, 0x64, 0x10, 0x64, 0x10, 0x64, 0x10, 0x64, 0x10, 0x64, 0x10, 0x64, 0x10, 0x64, 0x10, 0x64, 0x10, 0x64, 0x10, 0x64, 0x10, 0x64, 0x10, 0x64, 0x10, 0x64, 0x10, 0x64, 0x10,
    0x64, 0x10, 0x64, 0x10, 0x64, 0x10, 0x64, 0x10, 0x64, 0x10, 0x64, 0x10, 0x64, 0x10, 0x64, 0x10, 0x64, 0x10, 0x64, 0x10, 0x64, 0x10, 0x64, 0x10, 0x64, 0x10, 0x64, 0x10, 0x64, 0x10, 0x64, 0x10,
    0x64, 0x10, 0x64, 0x10, 0x64, 0x10, 0x64, 0x10, 0x64, 0x10, 0x64, 0x10, 0x64, 0x10, 0x64, 0x10, 0x64, 0x10, 0x64, 0x10, 0x64, 0x10, 0x64, 0x10, 0x64, 0x10, 0x64, 0x10, 0x64, 0x10, 0x64, 0x10,
    0x64, 0x10, 0x64, 0x10, 0x64, 0x10, 0x64, 0x10, 0x64, 0x10, 0x64, 0x10, 0x64, 0x10, 0x64, 0x10, 0x64, 0x10, 0x64, 0x10, 0x64, 0x10, 0x64, 0x10, 0x64, 0x10, 0x64, 0x10, 0x64, 0x10, 0x64, 0x10,
    0x64, 0x10, 0x64, 0x10, 0x64, 0x10, 0x64, 0x10, 0x64, 0x10, 0x64, 0x10, 0x64, 0x10, 0x64, 0x10, 0x64, 0x10, 0x64, 0x10, 0x64, 0x10, 0x64, 0x10, 0x64, 0x10, 0x64, 0x10, 0x64, 0x10, 0x64, 0x10,
    0x64, 0x10, 0x64, 0x10, 0x64, 0x10, 0x64, 0x10, 0x64, 0x10, 0x64, 0x10, 0x64, 0x10, 0x64, 0x10, 0x64, 0x10, 0x64, 0x10, 0x64, 0x10, 0x64, 0x10, 0x64, 0x10, 0x64, 0x10, 0x64, 0x10, 0x64, 0x10,
    0x64, 0x10, 0x64, 0x10, 0x64, 0x10, 0x64, 0x10, 0x64, 0x10, 0x64, 0x10, 0x64, 0x10, 0x64, 0x10, 0x64, 0x10, 0x64, 0x10, 0x64, 0x10, 0x64, 0x10, 0x64, 0x10, 0x64, 0x10, 0x64, 0x10, 0x64, 0x10,
    0x64, 0x10, 0x64, 0x10, 0x64, 0x10, 0x64, 0x10, 0x64, 0x10, 0x64, 0x10, 0x64, 0x10, 0x64, 0x10, 0x64, 0x10, 0x64, 0x10, 0x64, 0x10, 0x64, 0x10, 0x64, 0x10, 0x64, 0x10, 0x64, 0x10, 0x63, 0x20,
    0x63, 0x20, 0x43, 0x38, 0x43, 0x38, 0x43, 0x50, 0x43, 0x50, 0x00, 0xe8, 0x00, 0xe8, 0x00, 0xe8, 0x00, 0xe8, 0x21, 0x98, 0x21, 0x98, 0x21, 0x98, 0x21, 0x98, 0x22, 0x88, 0x22, 0x88, 0x42, 0x78,
    0x42, 0x78, 0x42, 0x78, 0x42, 0x78, 0x42, 0x78, 0x42, 0x78, 0x00, 0xe8, 0x00, 0xe8, 0x00, 0xe8, 0x00, 0xe8, 0x42, 0x68, 0x42, 0x68, 0x42, 0x68, 0x42, 0x68, 0x42, 0x58, 0x42, 0x58, 0x42, 0x58,
    0x42, 0x58, 0x42, 0x68, 0x42, 0x68, 0x42, 0x68, 0x42, 0x68, 0x00, 0xe8, 0x00, 0xe8, 0x00, 0xe8, 0x00, 0xe8, 0x21, 0x90, 0x21, 0x90, 0x00, 0xe8, 0x00, 0xe8, 0x00, 0xe8, 0x00, 0xe8, 0x43, 0x58,
    0x43, 0x58, 0x42, 0x58, 0x42, 0x58, 0x42, 0x58, 0x42, 0x58, 0x43, 0x58, 0x43, 0x58, 0x00, 0xe8, 0x00, 0xe8, 0x00, 0xf0, 0x00, 0xf0, 0x21, 0xa8, 0x21, 0xa8, 0x00, 0xf0, 0x00, 0xf0, 0x00, 0xf0,
    0x00, 0xf0, 0x00, 0xf0, 0x00, 0xf0, 0x00, 0xf0, 0x00, 0xf0, 0x21, 0xa0, 0x21, 0xa0, 0x22, 0x90, 0x22, 0x90, 0x00, 0xf0, 0x00, 0xf0, 0x00, 0xf0, 0x00, 0xf0, 0x21, 0xa0, 0x21, 0xa0, 0x00, 0xf0,
    0x00, 0xf0, 0x00, 0xe8, 0x00, 0xe8, 0x42, 0x78, 0x42, 0x78, 0x22, 0x80, 0x22, 0x80, 0x42, 0x78, 0x42, 0x78, 0x42, 0x70, 0x42, 0x70, 0x00, 0xe8, 0x00, 0xe8, 0x00, 0xe8, 0x00, 0xe8, 0x43, 0x50,
    0x43, 0x50, 0x43, 0x38, 0x43, 0x38, 0x63, 0x20, 0x63, 0x20, 0x64, 0x10, 0x64, 0x10, 0x64, 0x10, 0x64, 0x10, 0x64, 0x10, 0x64, 0x10, 0x64, 0x10, 0x64, 0x10, 0x64, 0x10, 0x64, 0x10, 0x64, 0x10,
    0x64, 0x10, 0x64, 0x10, 0x64, 0x10, 0x64, 0x10, 0x64, 0x10, 0x64, 0x10, 0x64, 0x10, 0x64, 0x10, 0x64, 0x10, 0x64, 0x10, 0x64, 0x10, 0x64, 0x10, 0x64, 0x10, 0x64, 0x10, 0x64, 0x10, 0x64, 0x10,
    0x64, 0x10, 0x64, 0x10, 0x64, 0x10, 0x64, 0x10, 0x64, 0x10, 0x64, 0x10, 0x64, 0x10, 0x64, 0x10, 0x64, 0x10, 0x64, 0x10, 0x64, 0x10, 0x64, 0x10, 0x64, 0x10, 0x64, 0x10, 0x64, 0x10, 0x64, 0x10,
    0x64, 0x10, 0x64, 0x10, 0x64, 0x10, 0x64, 0x10, 0x64, 0x10, 0x64, 0x10, 0x64, 0x10, 0x64, 0x10, 0x64, 0x10, 0x64, 0x10, 0x64, 0x10, 0x64, 0x10, 0x64, 0x10, 0x64, 0x10, 0x64, 0x10, 0x64, 0x10,
    0x64, 0x10, 0x64, 0x10, 0x64, 0x10, 0x64, 0x10, 0x64, 0x10, 0x64, 0x10, 0x64, 0x10, 0x64, 0x10, 0x64, 0x10, 0x64, 0x10, 0x64, 0x10, 0x64, 0x10, 0x64, 0x10, 0x64, 0x10, 0x64, 0x10, 0x64, 0x10,
    0x64, 0x10, 0x64, 0x10, 0x64, 0x10, 0x64, 0x10, 0x64, 0x10, 0x64, 0x10, 0x64, 0x10, 0x64, 0x10, 0x64, 0x10, 0x64, 0x10, 0x64, 0x10, 0x64, 0x10, 0x64, 0x10, 0x64, 0x10, 0x64, 0x10, 0x64, 0x10,
    0x64, 0x10, 0x64, 0x10, 0x64, 0x10, 0x64, 0x10, 0x64, 0x10, 0x64, 0x10, 0x64, 0x10, 0x64, 0x10, 0x64, 0x10, 0x64, 0x10, 0x64, 0x10, 0x64, 0x10, 0x64, 0x10, 0x64, 0x10, 0x64, 0x10, 0x64, 0x10,
    0x64, 0x10, 0x64, 0x10, 0x64, 0x10, 0x64, 0x10, 0x64, 0x10, 0x64, 0x10, 0x64, 0x10, 0x64, 0x10, 0x64, 0x10, 0x64, 0x10, 0x64, 0x10, 0x64, 0x10, 0x64, 0x10, 0x64, 0x10, 0x64, 0x10, 0x64, 0x10,
    0x64, 0x10, 0x64, 0x10, 0x64, 0x10, 0x64, 0x10, 0x64, 0x10, 0x64, 0x10, 0x64, 0x10, 0x64, 0x10, 0x64, 0x10, 0x64, 0x10, 0x64, 0x10, 0x64, 0x10, 0x64, 0x10, 0x64, 0x10, 0x64, 0x10, 0x64, 0x10,
    0x64, 0x10, 0x64, 0x10, 0x64, 0x10, 0x64, 0x10, 0x64, 0x10, 0x64, 0x10, 0x64, 0x10, 0x64, 0x10, 0x64, 0x10, 0x64, 0x10, 0x64, 0x10, 0x64, 0x10, 0x64, 0x10, 0x64, 0x10, 0x64, 0x10, 0x64, 0x10,
    0x64, 0x10, 0x64, 0x10, 0x64, 0x10, 0x64, 0x10, 0x64, 0x10, 0x64, 0x10, 0x64, 0x10, 0x64, 0x10, 0x64, 0x10, 0x64, 0x10, 0x64, 0x10, 0x64, 0x10, 0x64, 0x10, 0x64, 0x10, 0x64, 0x10, 0x64, 0x10,
    0x64, 0x10, 0x64, 0x10, 0x64, 0x10, 0x64, 0x10, 0x64, 0x10, 0x64, 0x10, 0x64, 0x10, 0x64, 0x18, 0x64, 0x18, 0x63, 0x30, 0x63, 0x30, 0x43, 0x50, 0x43, 0x50, 0x00, 0xe8, 0x00, 0xe8, 0x00, 0xe8,
    0x00, 0xe8, 0x00, 0xe8, 0x00, 0xe8, 0x22, 0x90, 0x22, 0x90, 0x22, 0x80, 0x22, 0x80, 0x22, 0x80, 0x22, 0x80, 0x22, 0x88, 0x22, 0x88, 0x22, 0x80, 0x22, 0x80, 0x00, 0xe8, 0x00, 0xe8, 0x00, 0xe8,
    0x00, 0xe8, 0x42, 0x60, 0x42, 0x60, 0x43, 0x58, 0x43, 0x58, 0x43, 0x40, 0x43, 0x40, 0x43, 0x40, 0x43, 0x40, 0x43, 0x58, 0x43, 0x58, 0x42, 0x60, 0x42, 0x60, 0x00, 0xe8, 0x00, 0xe8, 0x00, 0xf0,
    0x00, 0xf0, 0x21, 0x98, 0x21, 0x98, 0x00, 0xe8, 0x00, 0xe8, 0x00, 0xe8, 0x00, 0xe8, 0x43, 0x58, 0x43, 0x58, 0x42, 0x58, 0x42, 0x58, 0x42, 0x58, 0x42, 0x58, 0x43, 0x58, 0x43, 0x58, 0x00, 0xe8,
    0x00, 0xe8, 0x00, 0xf0, 0x00, 0xf0, 0x21, 0xa8, 0x21, 0xa8, 0x00, 0xf0, 0x00, 0xf0, 0x00, 0xf0, 0x00, 0xf0, 0x21, 0xa0, 0x21, 0xa0, 0x00, 0xf0, 0x00, 0xf0, 0x00, 0xf0, 0x00, 0xf0, 0x21, 0xa0,
    0x21, 0xa0, 0x00, 0xf0, 0x00, 0xf0, 0x00, 0xf0, 0x00, 0xf0, 0x21, 0xa0, 0x21, 0xa0, 0x00, 0xf0, 0x00, 0xf0, 0x00, 0xe8, 0x00, 0xe8, 0x42, 0x68, 0x42, 0x68, 0x42, 0x70, 0x42, 0x70, 0x42, 0x70,
    0x42, 0x70, 0x42, 0x68, 0x42, 0x68, 0x00, 0xe8, 0x00, 0xe8, 0x00, 0xe8, 0x00, 0xe8, 0x43, 0x58, 0x43, 0x58, 0x43, 0x40, 0x43, 0x40, 0x63, 0x20, 0x63, 0x20, 0x64, 0x10, 0x64, 0x10, 0x64, 0x10,
    0x64, 0x10, 0x64, 0x10, 0x64, 0x10, 0x64, 0x10, 0x64, 0x10, 0x64, 0x10, 0x64, 0x10, 0x64, 0x10, 0x64, 0x10, 0x64, 0x10, 0x64, 0x10, 0x64, 0x10, 0x64, 0x10, 0x64, 0x10, 0x64, 0x10, 0x64, 0x10,
    0x64, 0x10, 0x64, 0x10, 0x64, 0x10, 0x64, 0x10, 0x64, 0x10, 0x64, 0x10, 0x64, 0x10, 0x64, 0x10, 0x64, 0x10, 0x64, 0x10, 0x64, 0x10, 0x64, 0x10, 0x64, 0x10, 0x64, 0x10, 0x64, 0x10, 0x64, 0x10,
    0x64, 0x10, 0x64, 0x10, 0x64, 0x10, 0x64, 0x10, 0x64, 0x10, 0x64, 0x10, 0x64, 0x10, 0x64, 0x10, 0x64, 0x10, 0x64, 0x10, 0x64, 0x10, 0x64, 0x10, 0x64, 0x10, 0x64, 0x10, 0x64, 0x10, 0x64, 0x10,
    0x64, 0x10, 0x64, 0x10, 0x64, 0x10, 0x64, 0x10, 0x64, 0x10, 0x64, 0x10, 0x64, 0x10, 0x64, 0x10, 0x64, 0x10, 0x64, 0x10, 0x64, 0x10, 0x64, 0x10, 0x64, 0x10, 0x64, 0x10, 0x64, 0x10, 0x64, 0x10,
    0x64, 0x10, 0x64, 0x10, 0x64, 0x10, 0x64, 0x10, 0x64, 0x10, 0x64, 0x10, 0x64, 0x10, 0x64, 0x10, 0x64, 0x10, 0x64, 0x10, 0x64, 0x10, 0x64, 0x10, 0x64, 0x10, 0x64, 0x10, 0x64, 0x10, 0x64, 0x10,
    0x64, 0x10, 0x64, 0x10, 0x64, 0x10, 0x64, 0x10, 0x64, 0x10, 0x64, 0x10, 0x64, 0x10, 0x64, 0x10, 0x64, 0x10, 0x64, 0x10, 0x64, 0x10, 0x64, 0x10, 0x64, 0x10, 0x64, 0x10, 0x64, 0x10, 0x64, 0x10,
    0x64, 0x10, 0x64, 0x10, 0x64, 0x10, 0x64, 0x10, 0x64, 0x10, 0x64, 0x10, 0x64, 0x10, 0x64, 0x10, 0x64, 0x10, 0x64, 0x10, 0x64, 0x10, 0x64, 0x10, 0x64, 0x10, 0x64, 0x10, 0x64, 0x10, 0x64, 0x10,
    0x64, 0x10, 0x64, 0x10, 0x64, 0x10, 0x64, 0x10, 0x64, 0x10, 0x64, 0x10, 0x64, 0x10, 0x64, 0x10, 0x64, 0x10, 0x64, 0x10, 0x64, 0x10, 0x64, 0x10, 0x64, 0x10, 0x64, 0x10, 0x64, 0x10, 0x64, 0x10,
    0x64, 0x10, 0x64, 0x10, 0x64, 0x10, 0x64, 0x10, 0x64, 0x10, 0x64, 0x10, 0x64, 0x10, 0x64, 0x10, 0x64, 0x10, 0x64, 0x10, 0x64, 0x10, 0x64, 0x10, 0x64, 0x10, 0x64, 0x10, 0x64, 0x10, 0x64, 0x10,
    0x64, 0x10, 0x64, 0x10, 0x64, 0x10, 0x64, 0x10, 0x64, 0x10, 0x64, 0x10, 0x64, 0x10, 0x64, 0x10, 0x64, 0x10, 0x64, 0x10, 0x64, 0x10, 0x64, 0x10, 0x64, 0x10, 0x64, 0x10, 0x64, 0x10, 0x64, 0x10,
    0x64, 0x10, 0x64, 0x10, 0x64, 0x10, 0x64, 0x10, 0x64, 0x10, 0x64, 0x10, 0x64, 0x10, 0x64, 0x10, 0x64, 0x10, 0x64, 0x10, 0x64, 0x10, 0x64, 0x10, 0x64, 0x10, 0x64, 0x10, 0x64, 0x10, 0x64, 0x18,
    0x64, 0x18, 0x63, 0x30, 0x63, 0x30, 0x43, 0x50, 0x43, 0x50, 0x00, 0xe8, 0x00, 0xe8, 0x00, 0xe8, 0x00, 0xe8, 0x00, 0xe8, 0x00, 0xe8, 0x22, 0x90, 0x22, 0x90, 0x22, 0x80, 0x22, 0x80, 0x22, 0x80,
    0x22, 0x80, 0x22, 0x88, 0x22, 0x88, 0x22, 0x80, 0x22, 0x80, 0x00, 0xe8, 0x00, 0xe8, 0x00, 0xe8, 0x00, 0xe8, 0x42, 0x60, 0x42, 0x60, 0x43, 0x58, 0x43, 0x58, 0x43, 0x40, 0x43, 0x40, 0x43, 0x40,
    0x43, 0x40, 0x43, 0x58, 0x43, 0x58, 0x42, 0x60, 0x42, 0x60, 0x00, 0xe8, 0x00, 0xe8, 0x00, 0xf0, 0x00, 0xf0, 0x21, 0x98, 0x21, 0x98, 0x00, 0xe8, 0x00, 0xe8, 0x00, 0xe8, 0x00, 0xe8, 0x43, 0x58,
    0x43, 0x58, 0x42, 0x58, 0x42, 0x58, 0x42, 0x58, 0x42, 0x58, 0x43, 0x58, 0x43, 0x58, 0x00, 0xe8, 0x00, 0xe8, 0x00, 0xf0, 0x00, 0xf0, 0x21, 0xa8, 0x21, 0xa8, 0x00, 0xf0, 0x00, 0xf0, 0x00, 0xf0,
    0x00, 0xf0, 0x21, 0xa0, 0x21, 0xa0, 0x00, 0xf0, 0x00, 0xf0, 0x00, 0xf0, 0x00, 0xf0, 0x21, 0xa0, 0x21, 0xa0, 0x00, 0xf0, 0x00, 0xf0, 0x00, 0xf0, 0x00, 0xf0, 0x21, 0xa0, 0x21, 0xa0, 0x00, 0xf0,
    0x00, 0xf0, 0x00, 0xe8, 0x00, 0xe8, 0x42, 0x68, 0x42, 0x68, 0x42, 0x70, 0x42, 0x70, 0x42, 0x70, 0x42, 0x70, 0x42, 0x68, 0x42, 0x68, 0x00, 0xe8, 0x00, 0xe8, 0x00, 0xe8, 0x00, 0xe8, 0x43, 0x58,
    0x43, 0x58, 0x43, 0x40, 0x43, 0x40, 0x63, 0x20, 0x63, 0x20, 0x64, 0x10, 0x64, 0x10, 0x64, 0x10, 0x64, 0x10, 0x64, 0x10, 0x64, 0x10, 0x64, 0x10, 0x64, 0x10, 0x64, 0x10, 0x64, 0x10, 0x64, 0x10,
    0x64, 0x10, 0x64, 0x10, 0x64, 0x10, 0x64, 0x10, 0x64, 0x10, 0x64, 0x10, 0x64, 0x10, 0x64, 0x10, 0x64, 0x10, 0x64, 0x10, 0x64, 0x10, 0x64, 0x10, 0x64, 0x10, 0x64, 0x10, 0x64, 0x10, 0x64, 0x10,
    0x64, 0x10, 0x64, 0x10, 0x64, 0x10, 0x64, 0x10, 0x64, 0x10, 0x64, 0x10, 0x64, 0x10, 0x64, 0x10, 0x64, 0x10, 0x64, 0x10, 0x64, 0x10, 0x64, 0x10, 0x64, 0x10, 0x64, 0x10, 0x64, 0x10, 0x64, 0x10,
    0x64, 0x10, 0x64, 0x10, 0x64, 0x10, 0x64, 0x10, 0x64, 0x10, 0x64, 0x10, 0x64, 0x10, 0x64, 0x10, 0x64, 0x10, 0x64, 0x10, 0x64, 0x10, 0x64, 0x10, 0x64, 0x10, 0x64, 0x10, 0x64, 0x10, 0x64, 0x10,
    0x64, 0x10, 0x64, 0x10, 0x64, 0x10, 0x64, 0x10, 0x64, 0x10, 0x64, 0x10, 0x64, 0x10, 0x64, 0x10, 0x64, 0x10, 0x64, 0x10, 0x64, 0x10, 0x64, 0x10, 0x64, 0x10, 0x64, 0x10, 0x64, 0x10, 0x64, 0x10,
    0x64, 0x10, 0x64, 0x10, 0x64, 0x10, 0x64, 0x10, 0x64, 0x10, 0x64, 0x10, 0x64, 0x10, 0x64, 0x10, 0x64, 0x10, 0x64, 0x10, 0x64, 0x10, 0x64, 0x10, 0x64, 0x10, 0x64, 0x10, 0x64, 0x10, 0x64, 0x10,
    0x64, 0x10, 0x64, 0x10, 0x64, 0x10, 0x64, 0x10, 0x64, 0x10, 0x64, 0x10, 0x64, 0x10, 0x64, 0x10, 0x64, 0x10, 0x64, 0x10, 0x64, 0x10, 0x64, 0x10, 0x64, 0x10, 0x64, 0x10, 0x64, 0x10, 0x64, 0x10,
    0x64, 0x10, 0x64, 0x10, 0x64, 0x10, 0x64, 0x10, 0x64, 0x10, 0x64, 0x10, 0x64, 0x10, 0x64, 0x10, 0x64, 0x10, 0x64, 0x10, 0x64, 0x10, 0x64, 0x10, 0x64, 0x10, 0x64, 0x10, 0x64, 0x10, 0x64, 0x10,
    0x64, 0x10, 0x64, 0x10, 0x64, 0x10, 0x64, 0x10, 0x64, 0x10, 0x64, 0x10, 0x64, 0x10, 0x64, 0x10, 0x64, 0x10, 0x64, 0x10, 0x64, 0x10, 0x64, 0x10, 0x64, 0x10, 0x64, 0x10, 0x64, 0x10, 0x64, 0x10,
    0x64, 0x10, 0x64, 0x10, 0x64, 0x10, 0x64, 0x10, 0x64, 0x10, 0x64, 0x10, 0x64, 0x10, 0x64, 0x10, 0x64, 0x10, 0x64, 0x10, 0x64, 0x10, 0x64, 0x10, 0x64, 0x10, 0x64, 0x10, 0x64, 0x10, 0x64, 0x10,
    0x64, 0x10, 0x64, 0x10, 0x64, 0x10, 0x64, 0x10, 0x64, 0x10, 0x64, 0x10, 0x64, 0x10, 0x64, 0x10, 0x64, 0x10, 0x64, 0x10, 0x64, 0x10, 0x64, 0x10, 0x64, 0x10, 0x64, 0x10, 0x64, 0x10, 0x64, 0x10,
    0x64, 0x10, 0x64, 0x10, 0x64, 0x10, 0x64, 0x10, 0x64, 0x10, 0x64, 0x10, 0x64, 0x10, 0x64, 0x18, 0x64, 0x18, 0x63, 0x28, 0x63, 0x28, 0x43, 0x40, 0x43, 0x40, 0x43, 0x58, 0x43, 0x58, 0x00, 0xe8,
    0x00, 0xe8, 0x00, 0xe8, 0x00, 0xe8, 0x00, 0xe8, 0x00, 0xe8, 0x00, 0xe8, 0x00, 0xe8, 0x00, 0xe8, 0x00, 0xe8, 0x22, 0x90, 0x22, 0x90, 0x22, 0x88, 0x22, 0x88, 0x00, 0xe8, 0x00, 0xe8, 0x00, 0xe8,
    0x00, 0xe8, 0x42, 0x58, 0x42, 0x58, 0x43, 0x48, 0x43, 0x48, 0x63, 0x28, 0x63, 0x28, 0x63, 0x28, 0x63, 0x28, 0x43, 0x48, 0x43, 0x48, 0x42, 0x58, 0x42, 0x58, 0x00, 0xe8, 0x00, 0xe8, 0x00, 0xf0,
    0x00, 0xf0, 0x21, 0x98, 0x21, 0x98, 0x00, 0xf0, 0x00, 0xf0, 0x00, 0xe8, 0x00, 0xe8, 0x43, 0x58, 0x43, 0x58, 0x42, 0x58, 0x42, 0x58, 0x42, 0x58, 0x42, 0x58, 0x43, 0x58, 0x43, 0x58, 0x00, 0xe8,
    0x00, 0xe8, 0x00, 0xf0, 0x00, 0xf0, 0x21, 0xa0, 0x21, 0xa0, 0x00, 0xf0, 0x00, 0xf0, 0x00, 0xf0, 0x00, 0xf0, 0x21, 0xa0, 0x21, 0xa0, 0x00, 0xf0, 0x00, 0xf0, 0x00, 0xf0, 0x00, 0xf0, 0x21, 0xa8,
    0x21, 0xa8, 0x00, 0xf0, 0x00, 0xf0, 0x00, 0xf0, 0x00, 0xf0, 0x21, 0xa8, 0x21, 0xa8, 0x00, 0xf0, 0x00, 0xf0, 0x00, 0xe8, 0x00, 0xe8, 0x42, 0x58, 0x42, 0x58, 0x42, 0x58, 0x42, 0x58, 0x42, 0x60,
    0x42, 0x60, 0x42, 0x58, 0x42, 0x58, 0x00, 0xe8, 0x00, 0xe8, 0x00, 0xe8, 0x00, 0xe8, 0x42, 0x58, 0x42, 0x58, 0x43, 0x40, 0x43, 0x40, 0x63, 0x28, 0x63, 0x28, 0x64, 0x10, 0x64, 0x10, 0x64, 0x10,
    0x64, 0x10, 0x64, 0x10, 0x64, 0x10, 0x64, 0x10, 0x64, 0x10, 0x64, 0x10, 0x64, 0x10, 0x64, 0x10, 0x64, 0x10, 0x64, 0x10, 0x64, 0x10, 0x64, 0x10, 0x64, 0x10, 0x64, 0x10, 0x64, 0x10, 0x64, 0x10,
    0x64, 0x10, 0x64, 0x10, 0x64, 0x10, 0x64, 0x10, 0x64, 0x10, 0x64, 0x10, 0x64, 0x10, 0x64, 0x10, 0x64, 0x10, 0x64, 0x10, 0x64, 0x10, 0x64, 0x10, 0x64, 0x10, 0x64, 0x10, 0x64, 0x10, 0x64, 0x10,
    0x64, 0x10, 0x64, 0x10, 0x64, 0x10, 0x64, 0x10, 0x64, 0x10, 0x64, 0x10, 0x64, 0x10, 0x64, 0x10, 0x64, 0x10, 0x64, 0x10, 0x64, 0x10, 0x64, 0x10, 0x64, 0x10, 0x64, 0x10, 0x64, 0x10, 0x64, 0x10,
    0x64, 0x10, 0x64, 0x10, 0x64, 0x10, 0x64, 0x10, 0x64, 0x10, 0x64, 0x10, 0x64, 0x10, 0x64, 0x10, 0x64, 0x10, 0x64, 0x10, 0x64, 0x10, 0x64, 0x10, 0x64, 0x10, 0x64, 0x10, 0x64, 0x10, 0x64, 0x10,
    0x64, 0x10, 0x64, 0x10, 0x64, 0x10, 0x64, 0x10, 0x64, 0x10, 0x64, 0x10, 0x64, 0x10, 0x64, 0x10, 0x64, 0x10, 0x64, 0x10, 0x64, 0x10, 0x64, 0x10, 0x64, 0x10, 0x64, 0x10, 0x64, 0x10, 0x64, 0x10,
    0x64, 0x10, 0x64, 0x10, 0x64, 0x10, 0x64, 0x10, 0x64, 0x10, 0x64, 0x10, 0x64, 0x10, 0x64, 0x10, 0x64, 0x10, 0x64, 0x10, 0x64, 0x10, 0x64, 0x10, 0x64, 0x10, 0x64, 0x10, 0x64, 0x10, 0x64, 0x10,
    0x64, 0x10, 0x64, 0x10, 0x64, 0x10, 0x64, 0x10, 0x64, 0x10, 0x64, 0x10, 0x64, 0x10, 0x64, 0x10, 0x64, 0x10, 0x64, 0x10, 0x64, 0x10, 0x64, 0x10, 0x64, 0x10, 0x64, 0x10, 0x64, 0x10, 0x64, 0x10,
    0x64, 0x10, 0x64, 0x10, 0x64, 0x10, 0x64, 0x10, 0x64, 0x10, 0x64, 0x10, 0x64, 0x10, 0x64, 0x10, 0x64, 0x10, 0x64, 0x10, 0x64, 0x10, 0x64, 0x10, 0x64, 0x10, 0x64, 0x10, 0x64, 0x10, 0x64, 0x10,
    0x64, 0x10, 0x64, 0x10, 0x64, 0x10, 0x64, 0x10, 0x64, 0x10, 0x64, 0x10, 0x64, 0x10, 0x64, 0x10, 0x64, 0x10, 0x64, 0x10, 0x64, 0x10, 0x64, 0x10, 0x64, 0x10, 0x64, 0x10, 0x64, 0x10, 0x64, 0x10,
    0x64, 0x10, 0x64, 0x10, 0x64, 0x10, 0x64, 0x10, 0x64, 0x10, 0x64, 0x10, 0x64, 0x10, 0x64, 0x10, 0x64, 0x10, 0x64, 0x10, 0x64, 0x10, 0x64, 0x10, 0x64, 0x10, 0x64, 0x10, 0x64, 0x10, 0x64, 0x10,
    0x64, 0x10, 0x64, 0x10, 0x64, 0x10, 0x64, 0x10, 0x64, 0x10, 0x64, 0x10, 0x64, 0x10, 0x64, 0x10, 0x64, 0x10, 0x64, 0x10, 0x64, 0x10, 0x64, 0x10, 0x64, 0x10, 0x64, 0x10, 0x64, 0x10, 0x64, 0x18,
    0x64, 0x18, 0x63, 0x28, 0x63, 0x28, 0x43, 0x40, 0x43, 0x40, 0x43, 0x58, 0x43, 0x58, 0x00, 0xe8, 0x00, 0xe8, 0x00, 0xe8, 0x00, 0xe8, 0x00, 0xe8, 0x00, 0xe8, 0x00, 0xe8, 0x00, 0xe8, 0x00, 0xe8,
    0x00, 0xe8, 0x22, 0x90, 0x22, 0x90, 0x22, 0x88, 0x22, 0x88, 0x00, 0xe8, 0x00, 0xe8, 0x00, 0xe8, 0x00, 0xe8, 0x42, 0x58, 0x42, 0x58, 0x43, 0x48, 0x43, 0x48, 0x63, 0x28, 0x63, 0x28, 0x63, 0x28,
    0x63, 0x28, 0x43, 0x48, 0x43, 0x48, 0x42, 0x58, 0x42, 0x58, 0x00, 0xe8, 0x00, 0xe8, 0x00, 0xf0, 0x00, 0xf0, 0x21, 0x98, 0x21, 0x98, 0x00, 0xf0, 0x00, 0xf0, 0x00, 0xe8, 0x00, 0xe8, 0x43, 0x58,
    0x43, 0x58, 0x42, 0x58, 0x42, 0x58, 0x42, 0x58, 0x42, 0x58, 0x43, 0x58, 0x43, 0x58, 0x00, 0xe8, 0x00, 0xe8, 0x00, 0xf0, 0x00, 0xf0, 0x21, 0xa0, 0x21, 0xa0, 0x00, 0xf0, 0x00, 0xf0, 0x00, 0xf0,
    0x00, 0xf0, 0x21, 0xa0, 0x21, 0xa0, 0x00, 0xf0, 0x00, 0xf0, 0x00, 0xf0, 0x00, 0xf0, 0x21, 0xa8, 0x21, 0xa8, 0x00, 0xf0, 0x00, 0xf0, 0x00, 0xf0, 0x00, 0xf0, 0x21, 0xa8, 0x21, 0xa8, 0x00, 0xf0,
    0x00, 0xf0, 0x00, 0xe8, 0x00, 0xe8, 0x42, 0x58, 0x42, 0x58, 0x42, 0x58, 0x42, 0x58, 0x42, 0x60, 0x42, 0x60, 0x42, 0x58, 0x42, 0x58, 0x00, 0xe8, 0x00, 0xe8, 0x00, 0xe8, 0x00, 0xe8, 0x42, 0x58,
    0x42, 0x58, 0x43, 0x40, 0x43, 0x40, 0x63, 0x28, 0x63, 0x28, 0x64, 0x10, 0x64, 0x10, 0x64, 0x10, 0x64, 0x10, 0x64, 0x10, 0x64, 0x10, 0x64, 0x10, 0x64, 0x10, 0x64, 0x10, 0x64, 0x10, 0x64, 0x10,
    0x64, 0x10, 0x64, 0x10, 0x64, 0x10, 0x64, 0x10, 0x64, 0x10, 0x64, 0x10, 0x64, 0x10, 0x64, 0x10, 0x64, 0x10, 0x64, 0x10, 0x64, 0x10, 0x64, 0x10, 0x64, 0x10, 0x64, 0x10, 0x64, 0x10, 0x64, 0x10,
    0x64, 0x10, 0x64, 0x10, 0x64, 0x10, 0x64, 0x10, 0x64, 0x10, 0x64, 0x10, 0x64, 0x10, 0x64, 0x10, 0x64, 0x10, 0x64, 0x10, 0x64, 0x10, 0x64, 0x10, 0x64, 0x10, 0x64, 0x10, 0x64, 0x10, 0x64, 0x10,
    0x64, 0x10, 0x64, 0x10, 0x64, 0x10, 0x64, 0x10, 0x64, 0x10, 0x64, 0x10, 0x64, 0x10, 0x64, 0x10, 0x64, 0x10, 0x64, 0x10, 0x64, 0x10, 0x64, 0x10, 0x64, 0x10, 0x64, 0x10, 0x64, 0x10, 0x64, 0x10,
    0x64, 0x10, 0x64, 0x10, 0x64, 0x10, 0x64, 0x10, 0x64, 0x10, 0x64, 0x10, 0x64, 0x10, 0x64, 0x10, 0x64, 0x10, 0x64, 0x10, 0x64, 0x10, 0x64, 0x10, 0x64, 0x10, 0x64, 0x10, 0x64, 0x10, 0x64, 0x10,
    0x64, 0x10, 0x64, 0x10, 0x64, 0x10, 0x64, 0x10, 0x64, 0x10, 0x64, 0x10, 0x64, 0x10, 0x64, 0x10, 0x64, 0x10, 0x64, 0x10, 0x64, 0x10, 0x64, 0x10, 0x64, 0x10, 0x64, 0x10, 0x64, 0x10, 0x64, 0x10,
    0x64, 0x10, 0x64, 0x10, 0x64, 0x10, 0x64, 0x10, 0x64, 0x10, 0x64, 0x10, 0x64, 0x10, 0x64, 0x10, 0x64, 0x10, 0x64, 0x10, 0x64, 0x10, 0x64, 0x10, 0x64, 0x10, 0x64, 0x10, 0x64, 0x10, 0x64, 0x10,
    0x64, 0x10, 0x64, 0x10, 0x64, 0x10, 0x64, 0x10, 0x64, 0x10, 0x64, 0x10, 0x64, 0x10, 0x64, 0x10, 0x64, 0x10, 0x64, 0x10, 0x64, 0x10, 0x64, 0x10, 0x64, 0x10, 0x64, 0x10, 0x64, 0x10, 0x64, 0x10,
    0x64, 0x10, 0x64, 0x10, 0x64, 0x10, 0x64, 0x10, 0x64, 0x10, 0x64, 0x10, 0x64, 0x10, 0x64, 0x10, 0x64, 0x10, 0x64, 0x10, 0x64, 0x10, 0x64, 0x10, 0x64, 0x10, 0x64, 0x10, 0x64, 0x10, 0x64, 0x10,
    0x64, 0x10, 0x64, 0x10, 0x64, 0x10, 0x64, 0x10, 0x64, 0x10, 0x64, 0x10, 0x64, 0x10, 0x64, 0x10, 0x64, 0x10, 0x64, 0x10, 0x64, 0x10, 0x64, 0x10, 0x64, 0x10, 0x64, 0x10, 0x64, 0x10, 0x64, 0x10,
    0x64, 0x10, 0x64, 0x10, 0x64, 0x10, 0x64, 0x10, 0x64, 0x10, 0x64, 0x10, 0x64, 0x10, 0x64, 0x10, 0x64, 0x10, 0x64, 0x10, 0x64, 0x10, 0x64, 0x10, 0x64, 0x10, 0x64, 0x10, 0x64, 0x10, 0x64, 0x10,
    0x64, 0x10, 0x64, 0x10, 0x64, 0x10, 0x64, 0x10, 0x64, 0x10, 0x64, 0x10, 0x64, 0x10, 0x64, 0x10, 0x64, 0x10, 0x63, 0x20, 0x63, 0x20, 0x43, 0x38, 0x43, 0x38, 0x43, 0x50, 0x43, 0x50, 0x42, 0x60,
    0x42, 0x60, 0x00, 0xe8, 0x00, 0xe8, 0x00, 0xe8, 0x00, 0xe8, 0x00, 0xe8, 0x00, 0xe8, 0x00, 0xe8, 0x00, 0xe8, 0x00, 0xe8, 0x00, 0xe8, 0x21, 0x90, 0x21, 0x90, 0x00, 0xe8, 0x00, 0xe8, 0x00, 0xe8,
    0x00, 0xe8, 0x42, 0x58, 0x42, 0x58, 0x43, 0x48, 0x43, 0x48, 0x63, 0x28, 0x63, 0x28, 0x63, 0x28, 0x63, 0x28, 0x43, 0x48, 0x43, 0x48, 0x42, 0x58, 0x42, 0x58, 0x00, 0xe8, 0x00, 0xe8, 0x00, 0xf0,
    0x00, 0xf0, 0x21, 0x98, 0x21, 0x98, 0x00, 0xf0, 0x00, 0xf0, 0x00, 0xe8, 0x00, 0xe8, 0x43, 0x58, 0x43, 0x58, 0x42, 0x58, 0x42, 0x58, 0x42, 0x58, 0x42, 0x58, 0x43, 0x58, 0x43, 0x58, 0x00, 0xe8,
    0x00, 0xe8, 0x00, 0xf0, 0x00, 0xf0, 0x21, 0xa0, 0x21, 0xa0, 0x00, 0xf0, 0x00, 0xf0, 0x00, 0xf0, 0x00, 0xf0, 0x21, 0x98, 0x21, 0x98, 0x00, 0xf0, 0x00, 0xf0, 0x00, 0xf0, 0x00, 0xf0, 0x00, 0xf0,
    0x00, 0xf0, 0x00, 0xf0, 0x00, 0xf0, 0x00, 0xf0, 0x00, 0xf0, 0x21, 0xa8, 0x21, 0xa8, 0x00, 0xf0, 0x00, 0xf0, 0x00, 0xe8, 0x00, 0xe8, 0x42, 0x58, 0x42, 0x58, 0x42, 0x58, 0x42, 0x58, 0x42, 0x60,
    0x42, 0x60, 0x42, 0x58, 0x42, 0x58, 0x00, 0xe8, 0x00, 0xe8, 0x00, 0xe8, 0x00, 0xe8, 0x42, 0x58, 0x42, 0x58, 0x43, 0x40, 0x43, 0x40, 0x63, 0x28, 0x63, 0x28, 0x64, 0x10, 0x64, 0x10, 0x64, 0x10,
    0x64, 0x10, 0x64, 0x10, 0x64, 0x10, 0x64, 0x10, 0x64, 0x10, 0x64, 0x10, 0x64, 0x10, 0x64, 0x10, 0x64, 0x10, 0x64, 0x10, 0x64, 0x10, 0x64, 0x10, 0x64, 0x10, 0x64, 0x10, 0x64, 0x10, 0x64, 0x10,
    0x64, 0x10, 0x64, 0x10, 0x64, 0x10, 0x64, 0x10, 0x64, 0x10, 0x64, 0x10, 0x64, 0x10, 0x64, 0x10, 0x64, 0x10, 0x64, 0x10, 0x64, 0x10, 0x64, 0x10, 0x64, 0x10, 0x64, 0x10, 0x64, 0x10, 0x64, 0x10,
    0x64, 0x10, 0x64, 0x10, 0x64, 0x10, 0x64, 0x10, 0x64, 0x10, 0x64, 0x10, 0x64, 0x10, 0x64, 0x10, 0x64, 0x10, 0x64, 0x10, 0x64, 0x10, 0x64, 0x10, 0x64, 0x10, 0x64, 0x10, 0x64, 0x10, 0x64, 0x10,
    0x64, 0x10, 0x64, 0x10, 0x64, 0x10, 0x64, 0x10, 0x64, 0x10, 0x64, 0x10, 0x64, 0x10, 0x64, 0x10, 0x64, 0x10, 0x64, 0x10, 0x64, 0x10, 0x64, 0x10, 0x64, 0x10, 0x64, 0x10, 0x64, 0x10, 0x64, 0x10,
    0x64, 0x10, 0x64, 0x10, 0x64, 0x10, 0x64, 0x10, 0x64, 0x10, 0x64, 0x10, 0x64, 0x10, 0x64, 0x10, 0x64, 0x10, 0x64, 0x10, 0x64, 0x10, 0x64, 0x10, 0x64, 0x10, 0x64, 0x10, 0x64, 0x10, 0x64, 0x10,
    0x64, 0x10, 0x64, 0x10, 0x64, 0x10, 0x64, 0x10, 0x64, 0x10, 0x64, 0x10, 0x64, 0x10, 0x64, 0x10, 0x64, 0x10, 0x64, 0x10, 0x64, 0x10, 0x64, 0x10, 0x64, 0x10, 0x64, 0x10, 0x64, 0x10, 0x64, 0x10,
    0x64, 0x10, 0x64, 0x10, 0x64, 0x10, 0x64, 0x10, 0x64, 0x10, 0x64, 0x10, 0x64, 0x10, 0x64, 0x10, 0x64, 0x10, 0x64, 0x10, 0x64, 0x10, 0x64, 0x10, 0x64, 0x10, 0x64, 0x10, 0x64, 0x10, 0x64, 0x10,
    0x64, 0x10, 0x64, 0x10, 0x64, 0x10, 0x64, 0x10, 0x64, 0x10, 0x64, 0x10, 0x64, 0x10, 0x64, 0x10, 0x64, 0x10, 0x64, 0x10, 0x64, 0x10, 0x64, 0x10, 0x64, 0x10, 0x64, 0x10, 0x64, 0x10, 0x64, 0x10,
    0x64, 0x10, 0x64, 0x10, 0x64, 0x10, 0x64, 0x10, 0x64, 0x10, 0x64, 0x10, 0x64, 0x10, 0x64, 0x10, 0x64, 0x10, 0x64, 0x10, 0x64, 0x10, 0x64, 0x10, 0x64, 0x10, 0x64, 0x10, 0x64, 0x10, 0x64, 0x10,
    0x64, 0x10, 0x64, 0x10, 0x64, 0x10, 0x64, 0x10, 0x64, 0x10, 0x64, 0x10, 0x64, 0x10, 0x64, 0x10, 0x64, 0x10, 0x64, 0x10, 0x64, 0x10, 0x64, 0x10, 0x64, 0x10, 0x64, 0x10, 0x64, 0x10, 0x64, 0x10,
    0x64, 0x10, 0x64, 0x10, 0x64, 0x10, 0x64, 0x10, 0x64, 0x10, 0x64, 0x10, 0x64, 0x10, 0x64, 0x10, 0x64, 0x10, 0x64, 0x10, 0x64, 0x10, 0x64, 0x10, 0x64, 0x10, 0x64, 0x10, 0x64, 0x10, 0x64, 0x10,
    0x64, 0x10, 0x63, 0x20, 0x63, 0x20, 0x43, 0x38, 0x43, 0x38, 0x43, 0x50, 0x43, 0x50, 0x42, 0x60, 0x42, 0x60, 0x00, 0xe8, 0x00, 0xe8, 0x00, 0xe8, 0x00, 0xe8, 0x00, 0xe8, 0x00, 0xe8, 0x00, 0xe8,
    0x00, 0xe8, 0x00, 0xe8, 0x00, 0xe8, 0x21, 0x90, 0x21, 0x90, 0x00, 0xe8, 0x00, 0xe8, 0x00, 0xe8, 0x00, 0xe8, 0x42, 0x58, 0x42, 0x58, 0x43, 0x48, 0x43, 0x48, 0x63, 0x28, 0x63, 0x28, 0x63, 0x28,
    0x63, 0x28, 0x43, 0x48, 0x43, 0x48, 0x42, 0x58, 0x42, 0x58, 0x00, 0xe8, 0x00, 0xe8, 0x00, 0xf0, 0x00, 0xf0, 0x21, 0x98, 0x21, 0x98, 0x00, 0xf0, 0x00, 0xf0, 0x00, 0xe8, 0x00, 0xe8, 0x43, 0x58,
    0x43, 0x58, 0x42, 0x58, 0x42, 0x58, 0x42, 0x58, 0x42, 0x58, 0x43, 0x58, 0x43, 0x58, 0x00, 0xe8, 0x00, 0xe8, 0x00, 0xf0, 0x00, 0xf0, 0x21, 0xa0, 0x21, 0xa0, 0x00, 0xf0, 0x00, 0xf0, 0x00, 0xf0,
    0x00, 0xf0, 0x21, 0x98, 0x21, 0x98, 0x00, 0xf0, 0x00, 0xf0, 0x00, 0xf0, 0x00, 0xf0, 0x00, 0xf0, 0x00, 0xf0, 0x00, 0xf0, 0x00, 0xf0, 0x00, 0xf0, 0x00, 0xf0, 0x21, 0xa8, 0x21, 0xa8, 0x00, 0xf0,
    0x00, 0xf0, 0x00, 0xe8, 0x00, 0xe8, 0x42, 0x58, 0x42, 0x58, 0x42, 0x58, 0x42, 0x58, 0x42, 0x60, 0x42, 0x60, 0x42, 0x58, 0x42, 0x58, 0x00, 0xe8, 0x00, 0xe8, 0x00, 0xe8, 0x00, 0xe8, 0x42, 0x58,
    0x42, 0x58, 0x43, 0x40, 0x43, 0x40, 0x63, 0x28, 0x63, 0x28, 0x64, 0x10, 0x64, 0x10, 0x64, 0x10, 0x64, 0x10, 0x64, 0x10, 0x64, 0x10, 0x64, 0x10, 0x64, 0x10, 0x64, 0x10, 0x64, 0x10, 0x64, 0x10,
    0x64, 0x10, 0x64, 0x10, 0x64, 0x10, 0x64, 0x10, 0x64, 0x10, 0x64, 0x10, 0x64, 0x10, 0x64, 0x10, 0x64, 0x10, 0x64, 0x10, 0x64, 0x10, 0x64, 0x10, 0x64, 0x10, 0x64, 0x10, 0x64, 0x10, 0x64, 0x10,
    0x64, 0x10, 0x64, 0x10, 0x64, 0x10, 0x64, 0x10, 0x64, 0x10, 0x64, 0x10, 0x64, 0x10, 0x64, 0x10, 0x64, 0x10, 0x64, 0x10, 0x64, 0x10, 0x64, 0x10, 0x64, 0x10, 0x64, 0x10, 0x64, 0x10, 0x64, 0x10,
    0x64, 0x10, 0x64, 0x10, 0x64, 0x10, 0x64, 0x10, 0x64, 0x10, 0x64, 0x10, 0x64, 0x10, 0x64, 0x10, 0x64, 0x10, 0x64, 0x10, 0x64, 0x10, 0x64, 0x10, 0x64, 0x10, 0x64, 0x10, 0x64, 0x10, 0x64, 0x10,
    0x64, 0x10, 0x64, 0x10, 0x64, 0x10, 0x64, 0x10, 0x64, 0x10, 0x64, 0x10, 0x64, 0x10, 0x64, 0x10, 0x64, 0x10, 0x64, 0x10, 0x64, 0x10, 0x64, 0x10, 0x64, 0x10, 0x64, 0x10, 0x64, 0x10, 0x64, 0x10,
    0x64, 0x10, 0x64, 0x10, 0x64, 0x10, 0x64, 0x10, 0x64, 0x10, 0x64, 0x10, 0x64, 0x10, 0x64, 0x10, 0x64, 0x10, 0x64, 0x10, 0x64, 0x10, 0x64, 0x10, 0x64, 0x10, 0x64, 0x10, 0x64, 0x10, 0x64, 0x10,
    0x64, 0x10, 0x64, 0x10, 0x64, 0x10, 0x64, 0x10, 0x64, 0x10, 0x64, 0x10, 0x64, 0x10, 0x64, 0x10, 0x64, 0x10, 0x64, 0x10, 0x64, 0x10, 0x64, 0x10, 0x64, 0x10, 0x64, 0x10, 0x64, 0x10, 0x64, 0x10,
    0x64, 0x10, 0x64, 0x10, 0x64, 0x10, 0x64, 0x10, 0x64, 0x10, 0x64, 0x10, 0x64, 0x10, 0x64, 0x10, 0x64, 0x10, 0x64, 0x10, 0x64, 0x10, 0x64, 0x10, 0x64, 0x10, 0x64, 0x10, 0x64, 0x10, 0x64, 0x10,
    0x64, 0x10, 0x64, 0x10, 0x64, 0x10, 0x64, 0x10, 0x64, 0x10, 0x64, 0x10, 0x64, 0x10, 0x64, 0x10, 0x64, 0x10, 0x64, 0x10, 0x64, 0x10, 0x64, 0x10, 0x64, 0x10, 0x64, 0x10, 0x64, 0x10, 0x64, 0x10,
    0x64, 0x10, 0x64, 0x10, 0x64, 0x10, 0x64, 0x10, 0x64, 0x10, 0x64, 0x10, 0x64, 0x10, 0x64, 0x10, 0x64, 0x10, 0x64, 0x10, 0x64, 0x10, 0x64, 0x10, 0x64, 0x10, 0x64, 0x10, 0x64, 0x10, 0x64, 0x10,
    0x64, 0x10, 0x64, 0x10, 0x64, 0x10, 0x64, 0x10, 0x64, 0x10, 0x64, 0x10, 0x64, 0x10, 0x64, 0x10, 0x64, 0x10, 0x64, 0x10, 0x64, 0x10, 0x64, 0x10, 0x64, 0x10, 0x64, 0x10, 0x64, 0x10, 0x64, 0x10,
    0x64, 0x10, 0x64, 0x10, 0x64, 0x10, 0x64, 0x10, 0x64, 0x10, 0x64, 0x10, 0x64, 0x10, 0x64, 0x10, 0x64, 0x10, 0x63, 0x20, 0x63, 0x20, 0x63, 0x30, 0x63, 0x30, 0x43, 0x48, 0x43, 0x48, 0x42, 0x60,
    0x42, 0x60, 0x22, 0x80, 0x22, 0x80, 0x22, 0x90, 0x22, 0x90, 0x00, 0xe8, 0x00, 0xe8, 0x00, 0xf0, 0x00, 0xf0, 0x00, 0xf0, 0x00, 0xf0, 0x21, 0x98, 0x21, 0x98, 0x00, 0xe8, 0x00, 0xe8, 0x00, 0xe8,
    0x00, 0xe8, 0x42, 0x60, 0x42, 0x60, 0x43, 0x58, 0x43, 0x58, 0x43, 0x40, 0x43, 0x40, 0x43, 0x40, 0x43, 0x40, 0x43, 0x58, 0x43, 0x58, 0x42, 0x60, 0x42, 0x60, 0x00, 0xe8, 0x00, 0xe8, 0x00, 0xf0,
    0x00, 0xf0, 0x21, 0x98, 0x21, 0x98, 0x00, 0xf0, 0x00, 0xf0, 0x00, 0xe8, 0x00, 0xe8, 0x42, 0x60, 0x42, 0x60, 0x42, 0x68, 0x42, 0x68, 0x42, 0x68, 0x42, 0x68, 0x42, 0x60, 0x42, 0x60, 0x00, 0xe8,
    0x00, 0xe8, 0x00, 0xf0, 0x00, 0xf0, 0x21, 0xa0, 0x21, 0xa0, 0x00, 0xf0, 0x00, 0xf0, 0x00, 0xf0, 0x00, 0xf0, 0x22, 0x90, 0x22, 0x90, 0x21, 0xa8, 0x21, 0xa8, 0x00, 0xf0, 0x00, 0xf0, 0x00, 0xf0,
    0x00, 0xf0, 0x00, 0xf0, 0x00, 0xf0, 0x00, 0xf0, 0x00, 0xf0, 0x21, 0xb0, 0x21, 0xb0, 0x00, 0xf0, 0x00, 0xf0, 0x00, 0xe8, 0x00, 0xe8, 0x42, 0x68, 0x42, 0x68, 0x42, 0x70, 0x42, 0x70, 0x42, 0x70,
    0x42, 0x70, 0x42, 0x68, 0x42, 0x68, 0x00, 0xe8, 0x00, 0xe8, 0x00, 0xe8, 0x00, 0xe8, 0x43, 0x58, 0x43, 0x58, 0x43, 0x40, 0x43, 0x40, 0x63, 0x20, 0x63, 0x20, 0x64, 0x10, 0x64, 0x10, 0x64, 0x10,
    0x64, 0x10, 0x64, 0x10, 0x64, 0x10, 0x64, 0x10, 0x64, 0x10, 0x64, 0x10, 0x64, 0x10, 0x64, 0x10, 0x64, 0x10, 0x64, 0x10, 0x64, 0x10, 0x64, 0x10, 0x64, 0x10, 0x64, 0x10, 0x64, 0x10, 0x64, 0x10,
    0x64, 0x10, 0x64, 0x10, 0x64, 0x10, 0x64, 0x10, 0x64, 0x10, 0x64, 0x10, 0x64, 0x10, 0x64, 0x10, 0x64, 0x10, 0x64, 0x10, 0x64, 0x10, 0x64, 0x10, 0x64, 0x10, 0x64, 0x10, 0x64, 0x10, 0x64, 0x10,
    0x64, 0x10, 0x64, 0x10, 0x64, 0x10, 0x64, 0x10, 0x64, 0x10, 0x64, 0x10, 0x64, 0x10, 0x64, 0x10, 0x64, 0x10, 0x64, 0x10, 0x64, 0x10, 0x64, 0x10, 0x64, 0x10, 0x64, 0x10, 0x64, 0x10, 0x64, 0x10,
    0x64, 0x10, 0x64, 0x10, 0x64, 0x10, 0x64, 0x10, 0x64, 0x10, 0x64, 0x10, 0x64, 0x10, 0x64, 0x10, 0x64, 0x10, 0x64, 0x10, 0x64, 0x10, 0x64, 0x10, 0x64, 0x10, 0x64, 0x10, 0x64, 0x10, 0x64, 0x10,
    0x64, 0x10, 0x64, 0x10, 0x64, 0x10, 0x64, 0x10, 0x64, 0x10, 0x64, 0x10, 0x64, 0x10, 0x64, 0x10, 0x64, 0x10, 0x64, 0x10, 0x64, 0x10, 0x64, 0x10, 0x64, 0x10, 0x64, 0x10, 0x64, 0x10, 0x64, 0x10,
    0x64, 0x10, 0x64, 0x10, 0x64, 0x10, 0x64, 0x10, 0x64, 0x10, 0x64, 0x10, 0x64, 0x10, 0x64, 0x10, 0x64, 0x10, 0x64, 0x10, 0x64, 0x10, 0x64, 0x10, 0x64, 0x10, 0x64, 0x10, 0x64, 0x10, 0x64, 0x10,
    0x64, 0x10, 0x64, 0x10, 0x64, 0x10, 0x64, 0x10, 0x64, 0x10, 0x64, 0x10, 0x64, 0x10, 0x64, 0x10, 0x64, 0x10, 0x64, 0x10, 0x64, 0x10, 0x64, 0x10, 0x64, 0x10, 0x64, 0x10, 0x64, 0x10, 0x64, 0x10,
    0x64, 0x10, 0x64, 0x10, 0x64, 0x10, 0x64, 0x10, 0x64, 0x10, 0x64, 0x10, 0x64, 0x10, 0x64, 0x10, 0x64, 0x10, 0x64, 0x10, 0x64, 0x10, 0x64, 0x10, 0x64, 0x10, 0x64, 0x10, 0x64, 0x10, 0x64, 0x10,
    0x64, 0x10, 0x64, 0x10, 0x64, 0x10, 0x64, 0x10, 0x64, 0x10, 0x64, 0x10, 0x64, 0x10, 0x64, 0x10, 0x64, 0x10, 0x64, 0x10, 0x64, 0x10, 0x64, 0x10, 0x64, 0x10, 0x64, 0x10, 0x64, 0x10, 0x64, 0x10,
    0x64, 0x10, 0x64, 0x10, 0x64, 0x10, 0x64, 0x10, 0x64, 0x10, 0x64, 0x10, 0x64, 0x10, 0x64, 0x10, 0x64, 0x10, 0x64, 0x10, 0x64, 0x10, 0x64, 0x10, 0x64, 0x10, 0x64, 0x10, 0x64, 0x10, 0x64, 0x10,
    0x64, 0x10, 0x64, 0x10, 0x64, 0x10, 0x64, 0x10, 0x64, 0x10, 0x64, 0x10, 0x64, 0x10, 0x64, 0x10, 0x64, 0x10, 0x64, 0x10, 0x64, 0x10, 0x64, 0x10, 0x64, 0x10, 0x64, 0x10, 0x64, 0x10, 0x64, 0x10,
    0x64, 0x10, 0x63, 0x20, 0x63, 0x20, 0x63, 0x30, 0x63, 0x30, 0x43, 0x48, 0x43, 0x48, 0x42, 0x60, 0x42, 0x60, 0x22, 0x80, 0x22, 0x80, 0x22, 0x90, 0x22, 0x90, 0x00, 0xe8, 0x00, 0xe8, 0x00, 0xf0,
    0x00, 0xf0, 0x00, 0xf0, 0x00, 0xf0, 0x21, 0x98, 0x21, 0x98, 0x00, 0xe8, 0x00, 0xe8, 0x00, 0xe8, 0x00, 0xe8, 0x42, 0x60, 0x42, 0x60, 0x43, 0x58, 0x43, 0x58, 0x43, 0x40, 0x43, 0x40, 0x43, 0x40,
    0x43, 0x40, 0x43, 0x58, 0x43, 0x58, 0x42, 0x60, 0x42, 0x60, 0x00, 0xe8, 0x00, 0xe8, 0x00, 0xf0, 0x00, 0xf0, 0x21, 0x98, 0x21, 0x98, 0x00, 0xf0, 0x00, 0xf0, 0x00, 0xe8, 0x00, 0xe8, 0x42, 0x60,
    0x42, 0x60, 0x42, 0x68, 0x42, 0x68, 0x42, 0x68, 0x42, 0x68, 0x42, 0x60, 0x42, 0x60, 0x00, 0xe8, 0x00, 0xe8, 0x00, 0xf0, 0x00, 0xf0, 0x21, 0xa0, 0x21, 0xa0, 0x00, 0xf0, 0x00, 0xf0, 0x00, 0xf0,
    0x00, 0xf0, 0x22, 0x90, 0x22, 0x90, 0x21, 0xa8, 0x21, 0xa8, 0x00, 0xf0, 0x00, 0xf0, 0x00, 0xf0, 0x00, 0xf0, 0x00, 0xf0, 0x00, 0xf0, 0x00, 0xf0, 0x00, 0xf0, 0x21, 0xb0, 0x21, 0xb0, 0x00, 0xf0,
    0x00, 0xf0, 0x00, 0xe8, 0x00, 0xe8, 0x42, 0x68, 0x42, 0x68, 0x42, 0x70, 0x42, 0x70, 0x42, 0x70, 0x42, 0x70, 0x42, 0x68, 0x42, 0x68, 0x00, 0xe8, 0x00, 0xe8, 0x00, 0xe8, 0x00, 0xe8, 0x43, 0x58,
    0x43, 0x58, 0x43, 0x40, 0x43, 0x40, 0x63, 0x20, 0x63, 0x20, 0x64, 0x10, 0x64, 0x10, 0x64, 0x10, 0x64, 0x10, 0x64, 0x10, 0x64, 0x10, 0x64, 0x10, 0x64, 0x10, 0x64, 0x10, 0x64, 0x10, 0x64, 0x10,
    0x64, 0x10, 0x64, 0x10, 0x64, 0x10, 0x64, 0x10, 0x64, 0x10, 0x64, 0x10, 0x64, 0x10, 0x64, 0x10, 0x64, 0x10, 0x64, 0x10, 0x64, 0x10, 0x64, 0x10, 0x64, 0x10, 0x64, 0x10, 0x64, 0x10, 0x64, 0x10,
    0x64, 0x10, 0x64, 0x10, 0x64, 0x10, 0x64, 0x10, 0x64, 0x10, 0x64, 0x10, 0x64, 0x10, 0x64, 0x10, 0x64, 0x10, 0x64, 0x10, 0x64, 0x10, 0x64, 0x10, 0x64, 0x10, 0x64, 0x10, 0x64, 0x10, 0x64, 0x10,
    0x64, 0x10, 0x64, 0x10, 0x64, 0x10, 0x64, 0x10, 0x64, 0x10, 0x64, 0x10, 0x64, 0x10, 0x64, 0x10, 0x64, 0x10, 0x64, 0x10, 0x64, 0x10, 0x64, 0x10, 0x64, 0x10, 0x64, 0x10, 0x64, 0x10, 0x64, 0x10,
    0x64, 0x10, 0x64, 0x10, 0x64, 0x10, 0x64, 0x10, 0x64, 0x10, 0x64, 0x10, 0x64, 0x10, 0x64, 0x10, 0x64, 0x10, 0x64, 0x10, 0x64, 0x10, 0x64, 0x10, 0x64, 0x10, 0x64, 0x10, 0x64, 0x10, 0x64, 0x10,
    0x64, 0x10, 0x64, 0x10, 0x64, 0x10, 0x64, 0x10, 0x64, 0x10, 0x64, 0x10, 0x64, 0x10, 0x64, 0x10, 0x64, 0x10, 0x64, 0x10, 0x64, 0x10, 0x64, 0x10, 0x64, 0x10, 0x64, 0x10, 0x64, 0x10, 0x64, 0x10,
    0x64, 0x10, 0x64, 0x10, 0x64, 0x10, 0x64, 0x10, 0x64, 0x10, 0x64, 0x10, 0x64, 0x10, 0x64, 0x10, 0x64, 0x10, 0x64, 0x10, 0x64, 0x10, 0x64, 0x10, 0x64, 0x10, 0x64, 0x10, 0x64, 0x10, 0x64, 0x10,
    0x64, 0x10, 0x64, 0x10, 0x64, 0x10, 0x64, 0x10, 0x64, 0x10, 0x64, 0x10, 0x64, 0x10, 0x64, 0x10, 0x64, 0x10, 0x64, 0x10, 0x64, 0x10, 0x64, 0x10, 0x64, 0x10, 0x64, 0x10, 0x64, 0x10, 0x64, 0x10,
    0x64, 0x10, 0x64, 0x10, 0x64, 0x10, 0x64, 0x10, 0x64, 0x10, 0x64, 0x10, 0x64, 0x10, 0x64, 0x10, 0x64, 0x10, 0x64, 0x10, 0x64, 0x10, 0x64, 0x10, 0x64, 0x10, 0x64, 0x10, 0x64, 0x10, 0x64, 0x10,
    0x64, 0x10, 0x64, 0x10, 0x64, 0x10, 0x64, 0x10, 0x64, 0x10, 0x64, 0x10, 0x64, 0x10, 0x64, 0x10, 0x64, 0x10, 0x64, 0x10, 0x64, 0x10, 0x64, 0x10, 0x64, 0x10, 0x64, 0x10, 0x64, 0x10, 0x64, 0x10,
    0x64, 0x10, 0x64, 0x10, 0x64, 0x10, 0x64, 0x10, 0x64, 0x10, 0x64, 0x10, 0x64, 0x10, 0x64, 0x10, 0x64, 0x10, 0x64, 0x10, 0x64, 0x10, 0x64, 0x10, 0x64, 0x10, 0x64, 0x10, 0x64, 0x10, 0x64, 0x10,
    0x64, 0x10, 0x64, 0x10, 0x64, 0x10, 0x64, 0x10, 0x64, 0x10, 0x64, 0x10, 0x64, 0x10, 0x64, 0x18, 0x64, 0x18, 0x63, 0x20, 0x63, 0x20, 0x63, 0x30, 0x63, 0x30, 0x43, 0x48, 0x43, 0x48, 0x42, 0x60,
    0x42, 0x60, 0x22, 0x80, 0x22, 0x80, 0x21, 0x98, 0x21, 0x98, 0x21, 0x98, 0x21, 0x98, 0x00, 0xf0, 0x00, 0xf0, 0x00, 0xf0, 0x00, 0xf0, 0x21, 0x98, 0x21, 0x98, 0x00, 0xe8, 0x00, 0xe8, 0x00, 0xe8,
    0x00, 0xe8, 0x42, 0x68, 0x42, 0x68, 0x42, 0x68, 0x42, 0x68, 0x42, 0x58, 0x42, 0x58, 0x42, 0x58, 0x42, 0x58, 0x42, 0x68, 0x42, 0x68, 0x42, 0x68, 0x42, 0x68, 0x00, 0xe8, 0x00, 0xe8, 0x00, 0xe8,
    0x00, 0xe8, 0x21, 0x90, 0x21, 0x90, 0x00, 0xe8, 0x00, 0xe8, 0x00, 0xe8, 0x00, 0xe8, 0x42, 0x70, 0x42, 0x70, 0x22, 0x80, 0x22, 0x80, 0x22, 0x80, 0x22, 0x80, 0x42, 0x70, 0x42, 0x70, 0x00, 0xe8,
    0x00, 0xe8, 0x00, 0xf0, 0x00, 0xf0, 0x21, 0xa0, 0x21, 0xa0, 0x00, 0xf0, 0x00, 0xf0, 0x00, 0xe8, 0x00, 0xe8, 0x22, 0x88, 0x22, 0x88, 0x21, 0x98, 0x21, 0x98, 0x00, 0xf0, 0x00, 0xf0, 0x00, 0xf0,
    0x00, 0xf0, 0x00, 0xf0, 0x00, 0xf0, 0x00, 0xf0, 0x00, 0xf0, 0x21, 0xb8, 0x21, 0xb8, 0x00, 0xf0, 0x00, 0xf0, 0x00, 0xe8, 0x00, 0xe8, 0x42, 0x78, 0x42, 0x78, 0x22, 0x80, 0x22, 0x80, 0x42, 0x78,
    0x42, 0x78, 0x42, 0x70, 0x42, 0x70, 0x00, 0xe8, 0x00, 0xe8, 0x00, 0xe8, 0x00, 0xe8, 0x43, 0x50, 0x43, 0x50, 0x43, 0x38, 0x43, 0x38, 0x63, 0x20, 0x63, 0x20, 0x64, 0x10, 0x64, 0x10, 0x64, 0x10,
    0x64, 0x10, 0x64, 0x10, 0x64, 0x10, 0x64, 0x10, 0x64, 0x10, 0x64, 0x10, 0x64, 0x10, 0x64, 0x10, 0x64, 0x10, 0x64, 0x10, 0x64, 0x10, 0x64, 0x10, 0x64, 0x10, 0x64, 0x10, 0x64, 0x10, 0x64, 0x10,
    0x64, 0x10, 0x64, 0x10, 0x64, 0x10, 0x64, 0x10, 0x64, 0x10, 0x64, 0x10, 0x64, 0x10, 0x64, 0x10, 0x64, 0x10, 0x64, 0x10, 0x64, 0x10, 0x64, 0x10, 0x64, 0x10, 0x64, 0x10, 0x64, 0x10, 0x64, 0x10,
    0x64, 0x10, 0x64, 0x10, 0x64, 0x10, 0x64, 0x10, 0x64, 0x10, 0x64, 0x10, 0x64, 0x10, 0x64, 0x10, 0x64, 0x10, 0x64, 0x10, 0x64, 0x10, 0x64, 0x10, 0x64, 0x10, 0x64, 0x10, 0x64, 0x10, 0x64, 0x10,
    0x64, 0x10, 0x64, 0x10, 0x64, 0x10, 0x64, 0x10, 0x64, 0x10, 0x64, 0x10, 0x64, 0x10, 0x64, 0x10, 0x64, 0x10, 0x64, 0x10, 0x64, 0x10, 0x64, 0x10, 0x64, 0x10, 0x64, 0x10, 0x64, 0x10, 0x64, 0x10,
    0x64, 0x10, 0x64, 0x10, 0x64, 0x10, 0x64, 0x10, 0x64, 0x10, 0x64, 0x10, 0x64, 0x10, 0x64, 0x10, 0x64, 0x10, 0x64, 0x10, 0x64, 0x10, 0x64, 0x10, 0x64, 0x10, 0x64, 0x10, 0x64, 0x10, 0x64, 0x10,
    0x64, 0x10, 0x64, 0x10, 0x64, 0x10, 0x64, 0x10, 0x64, 0x10, 0x64, 0x10, 0x64, 0x10, 0x64, 0x10, 0x64, 0x10, 0x64, 0x10, 0x64, 0x10, 0x64, 0x10, 0x64, 0x10, 0x64, 0x10, 0x64, 0x10, 0x64, 0x10,
    0x64, 0x10, 0x64, 0x10, 0x64, 0x10, 0x64, 0x10, 0x64, 0x10, 0x64, 0x10, 0x64, 0x10, 0x64, 0x10, 0x64, 0x10, 0x64, 0x10, 0x64, 0x10, 0x64, 0x10, 0x64, 0x10, 0x64, 0x10, 0x64, 0x10, 0x64, 0x10,
    0x64, 0x10, 0x64, 0x10, 0x64, 0x10, 0x64, 0x10, 0x64, 0x10, 0x64, 0x10, 0x64, 0x10, 0x64, 0x10, 0x64, 0x10, 0x64, 0x10, 0x64, 0x10, 0x64, 0x10, 0x64, 0x10, 0x64, 0x10, 0x64, 0x10, 0x64, 0x10,
    0x64, 0x10, 0x64, 0x10, 0x64, 0x10, 0x64, 0x10, 0x64, 0x10, 0x64, 0x10, 0x64, 0x10, 0x64, 0x10, 0x64, 0x10, 0x64, 0x10, 0x64, 0x10, 0x64, 0x10, 0x64, 0x10, 0x64, 0x10, 0x64, 0x10, 0x64, 0x10,
    0x64, 0x10, 0x64, 0x10, 0x64, 0x10, 0x64, 0x10, 0x64, 0x10, 0x64, 0x10, 0x64, 0x10, 0x64, 0x10, 0x64, 0x10, 0x64, 0x10, 0x64, 0x10, 0x64, 0x10, 0x64, 0x10, 0x64, 0x10, 0x64, 0x10, 0x64, 0x10,
    0x64, 0x10, 0x64, 0x10, 0x64, 0x10, 0x64, 0x10, 0x64, 0x10, 0x64, 0x10, 0x64, 0x10, 0x64, 0x10, 0x64, 0x10, 0x64, 0x10, 0x64, 0x10, 0x64, 0x10, 0x64, 0x10, 0x64, 0x10, 0x64, 0x10, 0x64, 0x18,
    0x64, 0x18, 0x63, 0x20, 0x63, 0x20, 0x63, 0x30, 0x63, 0x30, 0x43, 0x48, 0x43, 0x48, 0x42, 0x60, 0x42, 0x60, 0x22, 0x80, 0x22, 0x80, 0x21, 0x98, 0x21, 0x98, 0x21, 0x98, 0x21, 0x98, 0x00, 0xf0,
    0x00, 0xf0, 0x00, 0xf0, 0x00, 0xf0, 0x21, 0x98, 0x21, 0x98, 0x00, 0xe8, 0x00, 0xe8, 0x00, 0xe8, 0x00, 0xe8, 0x42, 0x68, 0x42, 0x68, 0x42, 0x68, 0x42, 0x68, 0x42, 0x58, 0x42, 0x58, 0x42, 0x58,
    0x42, 0x58, 0x42, 0x68, 0x42, 0x68, 0x42, 0x68, 0x42, 0x68, 0x00, 0xe8, 0x00, 0xe8, 0x00, 0xe8, 0x00, 0xe8, 0x21, 0x90, 0x21, 0x90, 0x00, 0xe8, 0x00, 0xe8, 0x00, 0xe8, 0x00, 0xe8, 0x42, 0x70,
    0x42, 0x70, 0x22, 0x80, 0x22, 0x80, 0x22, 0x80, 0x22, 0x80, 0x42, 0x70, 0x42, 0x70, 0x00, 0xe8, 0x00, 0xe8, 0x00, 0xf0, 0x00, 0xf0, 0x21, 0xa0, 0x21, 0xa0, 0x00, 0xf0, 0x00, 0xf0, 0x00, 0xe8,
    0x00, 0xe8, 0x22, 0x88, 0x22, 0x88, 0x21, 0x98, 0x21, 0x98, 0x00, 0xf0, 0x00, 0xf0, 0x00, 0xf0, 0x00, 0xf0, 0x00, 0xf0, 0x00, 0xf0, 0x00, 0xf0, 0x00, 0xf0, 0x21, 0xb8, 0x21, 0xb8, 0x00, 0xf0,
    0x00, 0xf0, 0x00, 0xe8, 0x00, 0xe8, 0x42, 0x78, 0x42, 0x78, 0x22, 0x80, 0x22, 0x80, 0x42, 0x78, 0x42, 0x78, 0x42, 0x70, 0x42, 0x70, 0x00, 0xe8, 0x00, 0xe8, 0x00, 0xe8, 0x00, 0xe8, 0x43, 0x50,
    0x43, 0x50, 0x43, 0x38, 0x43, 0x38, 0x63, 0x20, 0x63, 0x20, 0x64, 0x10, 0x64, 0x10, 0x64, 0x10, 0x64, 0x10, 0x64, 0x10, 0x64, 0x10, 0x64, 0x10, 0x64, 0x10, 0x64, 0x10, 0x64, 0x10, 0x64, 0x10,
    0x64, 0x10, 0x64, 0x10, 0x64, 0x10, 0x64, 0x10, 0x64, 0x10, 0x64, 0x10, 0x64, 0x10, 0x64, 0x10, 0x64, 0x10, 0x64, 0x10, 0x64, 0x10, 0x64, 0x10, 0x64, 0x10, 0x64, 0x10, 0x64, 0x10, 0x64, 0x10,
    0x64, 0x10, 0x64, 0x10, 0x64, 0x10, 0x64, 0x10, 0x64, 0x10, 0x64, 0x10, 0x64, 0x10, 0x64, 0x10, 0x64, 0x10, 0x64, 0x10, 0x64, 0x10, 0x64, 0x10, 0x64, 0x10, 0x64, 0x10, 0x64, 0x10, 0x64, 0x10,
    0x64, 0x10, 0x64, 0x10, 0x64, 0x10, 0x64, 0x10, 0x64, 0x10, 0x64, 0x10, 0x64, 0x10, 0x64, 0x10, 0x64, 0x10, 0x64, 0x10, 0x64, 0x10, 0x64, 0x10, 0x64, 0x10, 0x64, 0x10, 0x64, 0x10, 0x64, 0x10,
    0x64, 0x10, 0x64, 0x10, 0x64, 0x10, 0x64, 0x10, 0x64, 0x10, 0x64, 0x10, 0x64, 0x10, 0x64, 0x10, 0x64, 0x10, 0x64, 0x10, 0x64, 0x10, 0x64, 0x10, 0x64, 0x10, 0x64, 0x10, 0x64, 0x10, 0x64, 0x10,
    0x64, 0x10, 0x64, 0x10, 0x64, 0x10, 0x64, 0x10, 0x64, 0x10, 0x64, 0x10, 0x64, 0x10, 0x64, 0x10, 0x64, 0x10, 0x64, 0x10, 0x64, 0x10, 0x64, 0x10, 0x64, 0x10, 0x64, 0x10, 0x64, 0x10, 0x64, 0x10,
    0x64, 0x10, 0x64, 0x10, 0x64, 0x10, 0x64, 0x10, 0x64, 0x10, 0x64, 0x10, 0x64, 0x10, 0x64, 0x10, 0x64, 0x10, 0x64, 0x10, 0x64, 0x10, 0x64, 0x10, 0x64, 0x10, 0x64, 0x10, 0x64, 0x10, 0x64, 0x10,
    0x64, 0x10, 0x64, 0x10, 0x64, 0x10, 0x64, 0x10, 0x64, 0x10, 0x64, 0x10, 0x64, 0x10, 0x64, 0x10, 0x64, 0x10, 0x64, 0x10, 0x64, 0x10, 0x64, 0x10, 0x64, 0x10, 0x64, 0x10, 0x64, 0x10, 0x64, 0x10,
    0x64, 0x10, 0x64, 0x10, 0x64, 0x10, 0x64, 0x10, 0x64, 0x10, 0x64, 0x10, 0x64, 0x10, 0x64, 0x10, 0x64, 0x10, 0x64, 0x10, 0x64, 0x10, 0x64, 0x10, 0x64, 0x10, 0x64, 0x10, 0x64, 0x10, 0x64, 0x10,
    0x64, 0x10, 0x64, 0x10, 0x64, 0x10, 0x64, 0x10, 0x64, 0x10, 0x64, 0x10, 0x64, 0x10, 0x64, 0x10, 0x64, 0x10, 0x64, 0x10, 0x64, 0x10, 0x64, 0x10, 0x64, 0x10, 0x64, 0x10, 0x64, 0x10, 0x64, 0x10,
    0x64, 0x10, 0x64, 0x10, 0x64, 0x10, 0x64, 0x10, 0x64, 0x10, 0x64, 0x10, 0x64, 0x10, 0x64, 0x10, 0x64, 0x10, 0x64, 0x10, 0x64, 0x10, 0x64, 0x10, 0x64, 0x10, 0x64, 0x10, 0x64, 0x10, 0x64, 0x10,
    0x64, 0x10, 0x64, 0x10, 0x64, 0x10, 0x64, 0x10, 0x64, 0x10, 0x64, 0x10, 0x64, 0x10, 0x64, 0x18, 0x64, 0x18, 0x63, 0x28, 0x63, 0x28, 0x43, 0x38, 0x43, 0x38, 0x00, 0xe0, 0x00, 0xe0, 0x00, 0xe0,
    0x00, 0xe0, 0x42, 0x78, 0x42, 0x78, 0x22, 0x90, 0x22, 0x90, 0x22, 0x90, 0x22, 0x90, 0x00, 0xe8, 0x00, 0xe8, 0x00, 0xe8, 0x00, 0xe8, 0x22, 0x88, 0x22, 0x88, 0x22, 0x80, 0x22, 0x80, 0x00, 0xe8,
    0x00, 0xe8, 0x00, 0xe8, 0x00, 0xe8, 0x42, 0x68, 0x42, 0x68, 0x42, 0x68, 0x42, 0x68, 0x42, 0x68, 0x42, 0x68, 0x42, 0x68, 0x42, 0x68, 0x00, 0xe8, 0x00, 0xe8, 0x00, 0xe8, 0x00, 0xe8, 0x22, 0x80,
    0x22, 0x80, 0x22, 0x80, 0x22, 0x80, 0x00, 0xe8, 0x00, 0xe8, 0x00, 0xe8, 0x00, 0xe8, 0x42, 0x78, 0x42, 0x78, 0x22, 0x80, 0x22, 0x80, 0x22, 0x80, 0x22, 0x80, 0x42, 0x78, 0x42, 0x78, 0x00, 0xe8,
    0x00, 0xe8, 0x00, 0xf0, 0x00, 0xf0, 0x21, 0x90, 0x21, 0x90, 0x00, 0xe8, 0x00, 0xe8, 0x00, 0xe8, 0x00, 0xe8, 0x42, 0x70, 0x42, 0x70, 0x22, 0x80, 0x22, 0x80, 0x22, 0x88, 0x22, 0x88, 0x00, 0xe8,
    0x00, 0xe8, 0x00, 0xf0, 0x00, 0xf0, 0x00, 0xf0, 0x00, 0xf0, 0x21, 0xa8, 0x21, 0xa8, 0x00, 0xf0, 0x00, 0xf0, 0x00, 0xe8, 0x00, 0xe8, 0x22, 0x80, 0x22, 0x80, 0x22, 0x80, 0x22, 0x80, 0x22, 0x80,
    0x22, 0x80, 0x00, 0xe8, 0x00, 0xe8, 0x00, 0xe8, 0x00, 0xe8, 0x00, 0xe0, 0x00, 0xe0, 0x43, 0x48, 0x43, 0x48, 0x63, 0x30, 0x63, 0x30, 0x64, 0x18, 0x64, 0x18, 0x64, 0x10, 0x64, 0x10, 0x64, 0x10,
    0x64, 0x10, 0x64, 0x10, 0x64, 0x10, 0x64, 0x10, 0x64, 0x10, 0x64, 0x10, 0x64, 0x10, 0x64, 0x10, 0x64, 0x10, 0x64, 0x10, 0x64, 0x10, 0x64, 0x10, 0x64, 0x10, 0x64, 0x10, 0x64, 0x10, 0x64, 0x10,
    0x64, 0x10, 0x64, 0x10, 0x64, 0x10, 0x64, 0x10, 0x64, 0x10, 0x64, 0x10, 0x64, 0x10, 0x64, 0x10, 0x64, 0x10, 0x64, 0x10, 0x64, 0x10, 0x64, 0x10, 0x64, 0x10, 0x64, 0x10, 0x64, 0x10, 0x64, 0x10,
    0x64, 0x10, 0x64, 0x10, 0x64, 0x10, 0x64, 0x10, 0x64, 0x10, 0x64, 0x10, 0x64, 0x10, 0x64, 0x10, 0x64, 0x10, 0x64, 0x10, 0x64, 0x10, 0x64, 0x10, 0x64, 0x10, 0x64, 0x10, 0x64, 0x10, 0x64, 0x10,
    0x64, 0x10, 0x64, 0x10, 0x64, 0x10, 0x64, 0x10, 0x64, 0x10, 0x64, 0x10, 0x64, 0x10, 0x64, 0x10, 0x64, 0x10, 0x64, 0x10, 0x64, 0x10, 0x64, 0x10, 0x64, 0x10, 0x64, 0x10, 0x64, 0x10, 0x64, 0x10,
    0x64, 0x10, 0x64, 0x10, 0x64, 0x10, 0x64, 0x10, 0x64, 0x10, 0x64, 0x10, 0x64, 0x10, 0x64, 0x10, 0x64, 0x10, 0x64, 0x10, 0x64, 0x10, 0x64, 0x10, 0x64, 0x10, 0x64, 0x10, 0x64, 0x10, 0x64, 0x10,
    0x64, 0x10, 0x64, 0x10, 0x64, 0x10, 0x64, 0x10, 0x64, 0x10, 0x64, 0x10, 0x64, 0x10, 0x64, 0x10, 0x64, 0x10, 0x64, 0x10, 0x64, 0x10, 0x64, 0x10, 0x64, 0x10, 0x64, 0x10, 0x64, 0x10, 0x64, 0x10,
    0x64, 0x10, 0x64, 0x10, 0x64, 0x10, 0x64, 0x10, 0x64, 0x10, 0x64, 0x10, 0x64, 0x10, 0x64, 0x10, 0x64, 0x10, 0x64, 0x10, 0x64, 0x10, 0x64, 0x10, 0x64, 0x10, 0x64, 0x10, 0x64, 0x10, 0x64, 0x10,
    0x64, 0x10, 0x64, 0x10, 0x64, 0x10, 0x64, 0x10, 0x64, 0x10, 0x64, 0x10, 0x64, 0x10, 0x64, 0x10, 0x64, 0x10, 0x64, 0x10, 0x64, 0x10, 0x64, 0x10, 0x64, 0x10, 0x64, 0x10, 0x64, 0x10, 0x64, 0x10,
    0x64, 0x10, 0x64, 0x10, 0x64, 0x10, 0x64, 0x10, 0x64, 0x10, 0x64, 0x10, 0x64, 0x10, 0x64, 0x10, 0x64, 0x10, 0x64, 0x10, 0x64, 0x10, 0x64, 0x10, 0x64, 0x10, 0x64, 0x10, 0x64, 0x10, 0x64, 0x10,
    0x64, 0x10, 0x64, 0x10, 0x64, 0x10, 0x64, 0x10, 0x64, 0x10, 0x64, 0x10, 0x64, 0x10, 0x64, 0x10, 0x64, 0x10, 0x64, 0x10, 0x64, 0x10, 0x64, 0x10, 0x64, 0x10, 0x64, 0x10, 0x64, 0x10, 0x64, 0x10,
    0x64, 0x10, 0x64, 0x10, 0x64, 0x10, 0x64, 0x10, 0x64, 0x10, 0x64, 0x10, 0x64, 0x10, 0x64, 0x10, 0x64, 0x10, 0x64, 0x10, 0x64, 0x10, 0x64, 0x10, 0x64, 0x10, 0x64, 0x10, 0x64, 0x10, 0x64, 0x18,
    0x64, 0x18, 0x63, 0x28, 0x63, 0x28, 0x43, 0x38, 0x43, 0x38, 0x00, 0xe0, 0x00, 0xe0, 0x00, 0xe0, 0x00, 0xe0, 0x42, 0x78, 0x42, 0x78, 0x22, 0x90, 0x22, 0x90, 0x22, 0x90, 0x22, 0x90, 0x00, 0xe8,
    0x00, 0xe8, 0x00, 0xe8, 0x00, 0xe8, 0x22, 0x88, 0x22, 0x88, 0x22, 0x80, 0x22, 0x80, 0x00, 0xe8, 0x00, 0xe8, 0x00, 0xe8, 0x00, 0xe8, 0x42, 0x68, 0x42, 0x68, 0x42, 0x68, 0x42, 0x68, 0x42, 0x68,
    0x42, 0x68, 0x42, 0x68, 0x42, 0x68, 0x00, 0xe8, 0x00, 0xe8, 0x00, 0xe8, 0x00, 0xe8, 0x22, 0x80, 0x22, 0x80, 0x22, 0x80, 0x22, 0x80, 0x00, 0xe8, 0x00, 0xe8, 0x00, 0xe8, 0x00, 0xe8, 0x42, 0x78,
    0x42, 0x78, 0x22, 0x80, 0x22, 0x80, 0x22, 0x80, 0x22, 0x80, 0x42, 0x78, 0x42, 0x78, 0x00, 0xe8, 0x00, 0xe8, 0x00, 0xf0, 0x00, 0xf0, 0x21, 0x90, 0x21, 0x90, 0x00, 0xe8, 0x00, 0xe8, 0x00, 0xe8,
    0x00, 0xe8, 0x42, 0x70, 0x42, 0x70, 0x22, 0x80, 0x22, 0x80, 0x22, 0x88, 0x22, 0x88, 0x00, 0xe8, 0x00, 0xe8, 0x00, 0xf0, 0x00, 0xf0, 0x00, 0xf0, 0x00, 0xf0, 0x21, 0xa8, 0x21, 0xa8, 0x00, 0xf0,
    0x00, 0xf0, 0x00, 0xe8, 0x00, 0xe8, 0x22, 0x80, 0x22, 0x80, 0x22, 0x80, 0x22, 0x80, 0x22, 0x80, 0x22, 0x80, 0x00, 0xe8, 0x00, 0xe8, 0x00, 0xe8, 0x00, 0xe8, 0x00, 0xe0, 0x00, 0xe0, 0x43, 0x48,
    0x43, 0x48, 0x63, 0x30, 0x63, 0x30, 0x64, 0x18, 0x64, 0x18, 0x64, 0x10, 0x64, 0x10, 0x64, 0x10, 0x64, 0x10, 0x64, 0x10, 0x64, 0x10, 0x64, 0x10, 0x64, 0x10, 0x64, 0x10, 0x64, 0x10, 0x64, 0x10,
    0x64, 0x10, 0x64, 0x10, 0x64, 0x10, 0x64, 0x10, 0x64, 0x10, 0x64, 0x10, 0x64, 0x10, 0x64, 0x10, 0x64, 0x10, 0x64, 0x10, 0x64, 0x10, 0x64, 0x10, 0x64, 0x10, 0x64, 0x10, 0x64, 0x10, 0x64, 0x10,
    0x64, 0x10, 0x64, 0x10, 0x64, 0x10, 0x64, 0x10, 0x64, 0x10, 0x64, 0x10, 0x64, 0x10, 0x64, 0x10, 0x64, 0x10, 0x64, 0x10, 0x64, 0x10, 0x64, 0x10, 0x64, 0x10, 0x64, 0x10, 0x64, 0x10, 0x64, 0x10,
    0x64, 0x10, 0x64, 0x10, 0x64, 0x10, 0x64, 0x10, 0x64, 0x10, 0x64, 0x10, 0x64, 0x10, 0x64, 0x10, 0x64, 0x10, 0x64, 0x10, 0x64, 0x10, 0x64, 0x10, 0x64, 0x10, 0x64, 0x10, 0x64, 0x10, 0x64, 0x10,
    0x64, 0x10, 0x64, 0x10, 0x64, 0x10, 0x64, 0x10, 0x64, 0x10, 0x64, 0x10, 0x64, 0x10, 0x64, 0x10, 0x64, 0x10, 0x64, 0x10, 0x64, 0x10, 0x64, 0x10, 0x64, 0x10, 0x64, 0x10, 0x64, 0x10, 0x64, 0x10,
    0x64, 0x10, 0x64, 0x10, 0x64, 0x10, 0x64, 0x10, 0x64, 0x10, 0x64, 0x10, 0x64, 0x10, 0x64, 0x10, 0x64, 0x10, 0x64, 0x10, 0x64, 0x10, 0x64, 0x10, 0x64, 0x10, 0x64, 0x10, 0x64, 0x10, 0x64, 0x10,
    0x64, 0x10, 0x64, 0x10, 0x64, 0x10, 0x64, 0x10, 0x64, 0x10, 0x64, 0x10, 0x64, 0x10, 0x64, 0x10, 0x64, 0x10, 0x64, 0x10, 0x64, 0x10, 0x64, 0x10, 0x64, 0x10, 0x64, 0x10, 0x64, 0x10, 0x64, 0x10,
    0x64, 0x10, 0x64, 0x10, 0x64, 0x10, 0x64, 0x10, 0x64, 0x10, 0x64, 0x10, 0x64, 0x10, 0x64, 0x10, 0x64, 0x10, 0x64, 0x10, 0x64, 0x10, 0x64, 0x10, 0x64, 0x10, 0x64, 0x10, 0x64, 0x10, 0x64, 0x10,
    0x64, 0x10, 0x64, 0x10, 0x64, 0x10, 0x64, 0x10, 0x64, 0x10, 0x64, 0x10, 0x64, 0x10, 0x64, 0x10, 0x64, 0x10, 0x64, 0x10, 0x64, 0x10, 0x64, 0x10, 0x64, 0x10, 0x64, 0x10, 0x64, 0x10, 0x64, 0x10,
    0x64, 0x10, 0x64, 0x10, 0x64, 0x10, 0x64, 0x10, 0x64, 0x10, 0x64, 0x10, 0x64, 0x10, 0x64, 0x10, 0x64, 0x10, 0x64, 0x10, 0x64, 0x10, 0x64, 0x10, 0x64, 0x10, 0x64, 0x10, 0x64, 0x10, 0x64, 0x10,
    0x64, 0x10, 0x64, 0x10, 0x64, 0x10, 0x64, 0x10, 0x64, 0x10, 0x64, 0x10, 0x64, 0x10, 0x64, 0x10, 0x64, 0x10, 0x64, 0x10, 0x64, 0x10, 0x64, 0x10, 0x64, 0x10, 0x64, 0x10, 0x64, 0x10, 0x64, 0x10,
    0x64, 0x10, 0x64, 0x10, 0x64, 0x10, 0x64, 0x10, 0x64, 0x10, 0x64, 0x10, 0x64, 0x10, 0x64, 0x18, 0x64, 0x18, 0x63, 0x28, 0x63, 0x28, 0x43, 0x38, 0x43, 0x38, 0x00, 0xe0, 0x00, 0xe0, 0x00, 0xe0,
    0x00, 0xe0, 0x00, 0xe8, 0x00, 0xe8, 0x00, 0xe8, 0x00, 0xe8, 0x00, 0xe8, 0x00, 0xe8, 0x00, 0xe8, 0x00, 0xe8, 0x00, 0xe8, 0x00, 0xe8, 0x42, 0x70, 0x42, 0x70, 0x42, 0x70, 0x42, 0x70, 0x00, 0xe8,
    0x00, 0xe8, 0x00, 0xe0, 0x00, 0xe0, 0x00, 0xe8, 0x00, 0xe8, 0x00, 0xe8, 0x00, 0xe8, 0x00, 0xe8, 0x00, 0xe8, 0x00, 0xe8, 0x00, 0xe8, 0x00, 0xe0, 0x00, 0xe0, 0x00, 0xe8, 0x00, 0xe8, 0x42, 0x70,
    0x42, 0x70, 0x42, 0x70, 0x42, 0x70, 0x00, 0xe8, 0x00, 0xe8, 0x00, 0xe8, 0x00, 0xe8, 0x00, 0xe8, 0x00, 0xe8, 0x00, 0xe8, 0x00, 0xe8, 0x00, 0xe8, 0x00, 0xe8, 0x00, 0xe8, 0x00, 0xe8, 0x00, 0xe8,
    0x00, 0xe8, 0x00, 0xe8, 0x00, 0xe8, 0x22, 0x80, 0x22, 0x80, 0x00, 0xe8, 0x00, 0xe8, 0x00, 0xe8, 0x00, 0xe8, 0x42, 0x58, 0x42, 0x58, 0x42, 0x68, 0x42, 0x68, 0x42, 0x70, 0x42, 0x70, 0x00, 0xe8,
    0x00, 0xe8, 0x00, 0xe8, 0x00, 0xe8, 0x00, 0xe8, 0x00, 0xe8, 0x21, 0x98, 0x21, 0x98, 0x00, 0xe8, 0x00, 0xe8, 0x00, 0xe8, 0x00, 0xe8, 0x00, 0xe8, 0x00, 0xe8, 0x00, 0xe8, 0x00, 0xe8, 0x00, 0xe8,
    0x00, 0xe8, 0x00, 0xe8, 0x00, 0xe8, 0x00, 0xe0, 0x00, 0xe0, 0x43, 0x50, 0x43, 0x50, 0x43, 0x38, 0x43, 0x38, 0x63, 0x28, 0x63, 0x28, 0x64, 0x18, 0x64, 0x18, 0x64, 0x10, 0x64, 0x10, 0x64, 0x10,
    0x64, 0x10, 0x64, 0x10, 0x64, 0x10, 0x64, 0x10, 0x64, 0x10, 0x64, 0x10, 0x64, 0x10, 0x64, 0x10, 0x64, 0x10, 0x64, 0x10, 0x64, 0x10, 0x64, 0x10, 0x64, 0x10, 0x64, 0x10, 0x64, 0x10, 0x64, 0x10,
    0x64, 0x10, 0x64, 0x10, 0x64, 0x10, 0x64, 0x10, 0x64, 0x10, 0x64, 0x10, 0x64, 0x10, 0x64, 0x10, 0x64, 0x10, 0x64, 0x10, 0x64, 0x10, 0x64, 0x10, 0x64, 0x10, 0x64, 0x10, 0x64, 0x10, 0x64, 0x10,
    0x64, 0x10, 0x64, 0x10, 0x64, 0x10, 0x64, 0x10, 0x64, 0x10, 0x64, 0x10, 0x64, 0x10, 0x64, 0x10, 0x64, 0x10, 0x64, 0x10, 0x64, 0x10, 0x64, 0x10, 0x64, 0x10, 0x64, 0x10, 0x64, 0x10, 0x64, 0x10,
    0x64, 0x10, 0x64, 0x10, 0x64, 0x10, 0x64, 0x10, 0x64, 0x10, 0x64, 0x10, 0x64, 0x10, 0x64, 0x10, 0x64, 0x10, 0x64, 0x10, 0x64, 0x10, 0x64, 0x10, 0x64, 0x10, 0x64, 0x10, 0x64, 0x10, 0x64, 0x10,
    0x64, 0x10, 0x64, 0x10, 0x64, 0x10, 0x64, 0x10, 0x64, 0x10, 0x64, 0x10, 0x64, 0x10, 0x64, 0x10, 0x64, 0x10, 0x64, 0x10, 0x64, 0x10, 0x64, 0x10, 0x64, 0x10, 0x64, 0x10, 0x64, 0x10, 0x64, 0x10,
    0x64, 0x10, 0x64, 0x10, 0x64, 0x10, 0x64, 0x10, 0x64, 0x10, 0x64, 0x10, 0x64, 0x10, 0x64, 0x10, 0x64, 0x10, 0x64, 0x10, 0x64, 0x10, 0x64, 0x10, 0x64, 0x10, 0x64, 0x10, 0x64, 0x10, 0x64, 0x10,
    0x64, 0x10, 0x64, 0x10, 0x64, 0x10, 0x64, 0x10, 0x64, 0x10, 0x64, 0x10, 0x64, 0x10, 0x64, 0x10, 0x64, 0x10, 0x64, 0x10, 0x64, 0x10, 0x64, 0x10, 0x64, 0x10, 0x64, 0x10, 0x64, 0x10, 0x64, 0x10,
    0x64, 0x10, 0x64, 0x10, 0x64, 0x10, 0x64, 0x10, 0x64, 0x10, 0x64, 0x10, 0x64, 0x10, 0x64, 0x10, 0x64, 0x10, 0x64, 0x10, 0x64, 0x10, 0x64, 0x10, 0x64, 0x10, 0x64, 0x10, 0x64, 0x10, 0x64, 0x10,
    0x64, 0x10, 0x64, 0x10, 0x64, 0x10, 0x64, 0x10, 0x64, 0x10, 0x64, 0x10, 0x64, 0x10, 0x64, 0x10, 0x64, 0x10, 0x64, 0x10, 0x64, 0x10, 0x64, 0x10, 0x64, 0x10, 0x64, 0x10, 0x64, 0x10, 0x64, 0x10,
    0x64, 0x10, 0x64, 0x10, 0x64, 0x10, 0x64, 0x10, 0x64, 0x10, 0x64, 0x10, 0x64, 0x10, 0x64, 0x10, 0x64, 0x10, 0x64, 0x10, 0x64, 0x10, 0x64, 0x10, 0x64, 0x10, 0x64, 0x10, 0x64, 0x10, 0x64, 0x10,
    0x64, 0x10, 0x64, 0x10, 0x64, 0x10, 0x64, 0x10, 0x64, 0x10, 0x64, 0x10, 0x64, 0x10, 0x64, 0x10, 0x64, 0x10, 0x64, 0x10, 0x64, 0x10, 0x64, 0x10, 0x64, 0x10, 0x64, 0x10, 0x64, 0x10, 0x64, 0x18,
    0x64, 0x18, 0x63, 0x28, 0x63, 0x28, 0x43, 0x38, 0x43, 0x38, 0x00, 0xe0, 0x00, 0xe0, 0x00, 0xe0, 0x00, 0xe0, 0x00, 0xe8, 0x00, 0xe8, 0x00, 0xe8, 0x00, 0xe8, 0x00, 0xe8, 0x00, 0xe8, 0x00, 0xe8,
    0x00, 0xe8, 0x00, 0xe8, 0x00, 0xe8, 0x42, 0x70, 0x42, 0x70, 0x42, 0x70, 0x42, 0x70, 0x00, 0xe8, 0x00, 0xe8, 0x00, 0xe0, 0x00, 0xe0, 0x00, 0xe8, 0x00, 0xe8, 0x00, 0xe8, 0x00, 0xe8, 0x00, 0xe8,
    0x00, 0xe8, 0x00, 0xe8, 0x00, 0xe8, 0x00, 0xe0, 0x00, 0xe0, 0x00, 0xe8, 0x00, 0xe8, 0x42, 0x70, 0x42, 0x70, 0x42, 0x70, 0x42, 0x70, 0x00, 0xe8, 0x00, 0xe8, 0x00, 0xe8, 0x00, 0xe8, 0x00, 0xe8,
    0x00, 0xe8, 0x00, 0xe8, 0x00, 0xe8, 0x00, 0xe8, 0x00, 0xe8, 0x00, 0xe8, 0x00, 0xe8, 0x00, 0xe8, 0x00, 0xe8, 0x00, 0xe8, 0x00, 0xe8, 0x22, 0x80, 0x22, 0x80, 0x00, 0xe8, 0x00, 0xe8, 0x00, 0xe8,
    0x00, 0xe8, 0x42, 0x58, 0x42, 0x58, 0x42, 0x68, 0x42, 0x68, 0x42, 0x70, 0x42, 0x70, 0x00, 0xe8, 0x00, 0xe8, 0x00, 0xe8, 0x00, 0xe8, 0x00, 0xe8, 0x00, 0xe8, 0x21, 0x98, 0x21, 0x98, 0x00, 0xe8,
    0x00, 0xe8, 0x00, 0xe8, 0x00, 0xe8, 0x00, 0xe8, 0x00, 0xe8, 0x00, 0xe8, 0x00, 0xe8, 0x00, 0xe8, 0x00, 0xe8, 0x00, 0xe8, 0x00, 0xe8, 0x00, 0xe0, 0x00, 0xe0, 0x43, 0x50, 0x43, 0x50, 0x43, 0x38,
    0x43, 0x38, 0x63, 0x28, 0x63, 0x28, 0x64, 0x18, 0x64, 0x18, 0x64, 0x10, 0x64, 0x10, 0x64, 0x10, 0x64, 0x10, 0x64, 0x10, 0x64, 0x10, 0x64, 0x10, 0x64, 0x10, 0x64, 0x10, 0x64, 0x10, 0x64, 0x10,
    0x64, 0x10, 0x64, 0x10, 0x64, 0x10, 0x64, 0x10, 0x64, 0x10, 0x64, 0x10, 0x64, 0x10, 0x64, 0x10, 0x64, 0x10, 0x64, 0x10, 0x64, 0x10, 0x64, 0x10, 0x64, 0x10, 0x64, 0x10, 0x64, 0x10, 0x64, 0x10,
    0x64, 0x10, 0x64, 0x10, 0x64, 0x10, 0x64, 0x10, 0x64, 0x10, 0x64, 0x10, 0x64, 0x10, 0x64, 0x10, 0x64, 0x10, 0x64, 0x10, 0x64, 0x10, 0x64, 0x10, 0x64, 0x10, 0x64, 0x10, 0x64, 0x10, 0x64, 0x10,
    0x64, 0x10, 0x64, 0x10, 0x64, 0x10, 0x64, 0x10, 0x64, 0x10, 0x64, 0x10, 0x64, 0x10, 0x64, 0x10, 0x64, 0x10, 0x64, 0x10, 0x64, 0x10, 0x64, 0x10, 0x64, 0x10, 0x64, 0x10, 0x64, 0x10, 0x64, 0x10,
    0x64, 0x10, 0x64, 0x10, 0x64, 0x10, 0x64, 0x10, 0x64, 0x10, 0x64, 0x10, 0x64, 0x10, 0x64, 0x10, 0x64, 0x10, 0x64, 0x10, 0x64, 0x10, 0x64, 0x10, 0x64, 0x10, 0x64, 0x10, 0x64, 0x10, 0x64, 0x10,
    0x64, 0x10, 0x64, 0x10, 0x64, 0x10, 0x64, 0x10, 0x64, 0x10, 0x64, 0x10, 0x64, 0x10, 0x64, 0x10, 0x64, 0x10, 0x64, 0x10, 0x64, 0x10, 0x64, 0x10, 0x64, 0x10, 0x64, 0x10, 0x64, 0x10, 0x64, 0x10,
    0x64, 0x10, 0x64, 0x10, 0x64, 0x10, 0x64, 0x10, 0x64, 0x10, 0x64, 0x10, 0x64, 0x10, 0x64, 0x10, 0x64, 0x10, 0x64, 0x10, 0x64, 0x10, 0x64, 0x10, 0x64, 0x10, 0x64, 0x10, 0x64, 0x10, 0x64, 0x10,
    0x64, 0x10, 0x64, 0x10, 0x64, 0x10, 0x64, 0x10, 0x64, 0x10, 0x64, 0x10, 0x64, 0x10, 0x64, 0x10, 0x64, 0x10, 0x64, 0x10, 0x64, 0x10, 0x64, 0x10, 0x64, 0x10, 0x64, 0x10, 0x64, 0x10, 0x64, 0x10,
    0x64, 0x10, 0x64, 0x10, 0x64, 0x10, 0x64, 0x10, 0x64, 0x10, 0x64, 0x10, 0x64, 0x10, 0x64, 0x10, 0x64, 0x10, 0x64, 0x10, 0x64, 0x10, 0x64, 0x10, 0x64, 0x10, 0x64, 0x10, 0x64, 0x10, 0x64, 0x10,
    0x64, 0x10, 0x64, 0x10, 0x64, 0x10, 0x64, 0x10, 0x64, 0x10, 0x64, 0x10, 0x64, 0x10, 0x64, 0x10, 0x64, 0x10, 0x64, 0x10, 0x64, 0x10, 0x64, 0x10, 0x64, 0x10, 0x64, 0x10, 0x64, 0x10, 0x64, 0x10,
    0x64, 0x10, 0x64, 0x10, 0x64, 0x10, 0x64, 0x10, 0x64, 0x10, 0x64, 0x10, 0x64, 0x10, 0x64, 0x10, 0x64, 0x10, 0x64, 0x10, 0x64, 0x10, 0x64, 0x10, 0x64, 0x10, 0x64, 0x10, 0x64, 0x10, 0x64, 0x10,
    0x64, 0x10, 0x64, 0x10, 0x64, 0x10, 0x64, 0x10, 0x64, 0x10, 0x64, 0x10, 0x64, 0x10, 0x64, 0x18, 0x64, 0x18, 0x63, 0x28, 0x63, 0x28, 0x43, 0x38, 0x43, 0x38, 0x43, 0x48, 0x43, 0x48, 0x00, 0xe0,
    0x00, 0xe0, 0x00, 0xe8, 0x00, 0xe8, 0x00, 0xe8, 0x00, 0xe8, 0x00, 0xe8, 0x00, 0xe8, 0x00, 0xe8, 0x00, 0xe8, 0x42, 0x68, 0x42, 0x68, 0x42, 0x60, 0x42, 0x60, 0x42, 0x60, 0x42, 0x60, 0x42, 0x60,
    0x42, 0x60, 0x42, 0x60, 0x42, 0x60, 0x00, 0xe0, 0x00, 0xe0, 0x00, 0xe8, 0x00, 0xe8, 0x00, 0xe8, 0x00, 0xe8, 0x00, 0xe8, 0x00, 0xe8, 0x42, 0x60, 0x42, 0x60, 0x42, 0x58, 0x42, 0x58, 0x43, 0x58,
    0x43, 0x58, 0x42, 0x58, 0x42, 0x58, 0x42, 0x60, 0x42, 0x60, 0x00, 0xe8, 0x00, 0xe8, 0x00, 0xe8, 0x00, 0xe8, 0x00, 0xe8, 0x00, 0xe8, 0x00, 0xe8, 0x00, 0xe8, 0x00, 0xe8, 0x00, 0xe8, 0x00, 0xe8,
    0x00, 0xe8, 0x42, 0x78, 0x42, 0x78, 0x42, 0x68, 0x42, 0x68, 0x00, 0xe0, 0x00, 0xe0, 0x00, 0xe0, 0x00, 0xe0, 0x43, 0x48, 0x43, 0x48, 0x43, 0x50, 0x43, 0x50, 0x42, 0x58, 0x42, 0x58, 0x42, 0x58,
    0x42, 0x58, 0x00, 0xe8, 0x00, 0xe8, 0x00, 0xe8, 0x00, 0xe8, 0x42, 0x78, 0x42, 0x78, 0x00, 0xe8, 0x00, 0xe8, 0x00, 0xe8, 0x00, 0xe8, 0x00, 0xe8, 0x00, 0xe8, 0x00, 0xe8, 0x00, 0xe8, 0x00, 0xe8,
    0x00, 0xe8, 0x42, 0x60, 0x42, 0x60, 0x43, 0x50, 0x43, 0x50, 0x43, 0x40, 0x43, 0x40, 0x63, 0x28, 0x63, 0x28, 0x63, 0x20, 0x63, 0x20, 0x64, 0x10, 0x64, 0x10, 0x64, 0x10, 0x64, 0x10, 0x64, 0x10,
    0x64, 0x10, 0x64, 0x10, 0x64, 0x10, 0x64, 0x10, 0x64, 0x10, 0x64, 0x10, 0x64, 0x10, 0x64, 0x10, 0x64, 0x10, 0x64, 0x10, 0x64, 0x10, 0x64, 0x10, 0x64, 0x10, 0x64, 0x10, 0x64, 0x10, 0x64, 0x10,
    0x64, 0x10, 0x64, 0x10, 0x64, 0x10, 0x64, 0x10, 0x64, 0x10, 0x64, 0x10, 0x64, 0x10, 0x64, 0x10, 0x64, 0x10, 0x64, 0x10, 0x64, 0x10, 0x64, 0x10, 0x64, 0x10, 0x64, 0x10, 0x64, 0x10, 0x64, 0x10,
    0x64, 0x10, 0x64, 0x10, 0x64, 0x10, 0x64, 0x10, 0x64, 0x10, 0x64, 0x10, 0x64, 0x10, 0x64, 0x10, 0x64, 0x10, 0x64, 0x10, 0x64, 0x10, 0x64, 0x10, 0x64, 0x10, 0x64, 0x10, 0x64, 0x10, 0x64, 0x10,
    0x64, 0x10, 0x64, 0x10, 0x64, 0x10, 0x64, 0x10, 0x64, 0x10, 0x64, 0x10, 0x64, 0x10, 0x64, 0x10, 0x64, 0x10, 0x64, 0x10, 0x64, 0x10, 0x64, 0x10, 0x64, 0x10, 0x64, 0x10, 0x64, 0x10, 0x64, 0x10,
    0x64, 0x10, 0x64, 0x10, 0x64, 0x10, 0x64, 0x10, 0x64, 0x10, 0x64, 0x10, 0x64, 0x10, 0x64, 0x10, 0x64, 0x10, 0x64, 0x10, 0x64, 0x10, 0x64, 0x10, 0x64, 0x10, 0x64, 0x10, 0x64, 0x10, 0x64, 0x10,
    0x64, 0x10, 0x64, 0x10, 0x64, 0x10, 0x64, 0x10, 0x64, 0x10, 0x64, 0x10, 0x64, 0x10, 0x64, 0x10, 0x64, 0x10, 0x64, 0x10, 0x64, 0x10, 0x64, 0x10, 0x64, 0x10, 0x64, 0x10, 0x64, 0x10, 0x64, 0x10,
    0x64, 0x10, 0x64, 0x10, 0x64, 0x10, 0x64, 0x10, 0x64, 0x10, 0x64, 0x10, 0x64, 0x10, 0x64, 0x10, 0x64, 0x10, 0x64, 0x10, 0x64, 0x10, 0x64, 0x10, 0x64, 0x10, 0x64, 0x10, 0x64, 0x10, 0x64, 0x10,
    0x64, 0x10, 0x64, 0x10, 0x64, 0x10, 0x64, 0x10, 0x64, 0x10, 0x64, 0x10, 0x64, 0x10, 0x64, 0x10, 0x64, 0x10, 0x64, 0x10, 0x64, 0x10, 0x64, 0x10, 0x64, 0x10, 0x64, 0x10, 0x64, 0x10, 0x64, 0x10,
    0x64, 0x10, 0x64, 0x10, 0x64, 0x10, 0x64, 0x10, 0x64, 0x10, 0x64, 0x10, 0x64, 0x10, 0x64, 0x10, 0x64, 0x10, 0x64, 0x10, 0x64, 0x10, 0x64, 0x10, 0x64, 0x10, 0x64, 0x10, 0x64, 0x10, 0x64, 0x10,
    0x64, 0x10, 0x64, 0x10, 0x64, 0x10, 0x64, 0x10, 0x64, 0x10, 0x64, 0x10, 0x64, 0x10, 0x64, 0x10, 0x64, 0x10, 0x64, 0x10, 0x64, 0x10, 0x64, 0x10, 0x64, 0x10, 0x64, 0x10, 0x64, 0x10, 0x64, 0x10,
    0x64, 0x10, 0x64, 0x10, 0x64, 0x10, 0x64, 0x10, 0x64, 0x10, 0x64, 0x10, 0x64, 0x10, 0x64, 0x10, 0x64, 0x10, 0x64, 0x10, 0x64, 0x10, 0x64, 0x10, 0x64, 0x10, 0x64, 0x10, 0x64, 0x10, 0x64, 0x18,
    0x64, 0x18, 0x63, 0x28, 0x63, 0x28, 0x43, 0x38, 0x43, 0x38, 0x43, 0x48, 0x43, 0x48, 0x00, 0xe0, 0x00, 0xe0, 0x00, 0xe8, 0x00, 0xe8, 0x00, 0xe8, 0x00, 0xe8, 0x00, 0xe8, 0x00, 0xe8, 0x00, 0xe8,
    0x00, 0xe8, 0x42, 0x68, 0x42, 0x68, 0x42, 0x60, 0x42, 0x60, 0x42, 0x60, 0x42, 0x60, 0x42, 0x60, 0x42, 0x60, 0x42, 0x60, 0x42, 0x60, 0x00, 0xe0, 0x00, 0xe0, 0x00, 0xe8, 0x00, 0xe8, 0x00, 0xe8,
    0x00, 0xe8, 0x00, 0xe8, 0x00, 0xe8, 0x42, 0x60, 0x42, 0x60, 0x42, 0x58, 0x42, 0x58, 0x43, 0x58, 0x43, 0x58, 0x42, 0x58, 0x42, 0x58, 0x42, 0x60, 0x42, 0x60, 0x00, 0xe8, 0x00, 0xe8, 0x00, 0xe8,
    0x00, 0xe8, 0x00, 0xe8, 0x00, 0xe8, 0x00, 0xe8, 0x00, 0xe8, 0x00, 0xe8, 0x00, 0xe8, 0x00, 0xe8, 0x00, 0xe8, 0x42, 0x78, 0x42, 0x78, 0x42, 0x68, 0x42, 0x68, 0x00, 0xe0, 0x00, 0xe0, 0x00, 0xe0,
    0x00, 0xe0, 0x43, 0x48, 0x43, 0x48, 0x43, 0x50, 0x43, 0x50, 0x42, 0x58, 0x42, 0x58, 0x42, 0x58, 0x42, 0x58, 0x00, 0xe8, 0x00, 0xe8, 0x00, 0xe8, 0x00, 0xe8, 0x42, 0x78, 0x42, 0x78, 0x00, 0xe8,
    0x00, 0xe8, 0x00, 0xe8, 0x00, 0xe8, 0x00, 0xe8, 0x00, 0xe8, 0x00, 0xe8, 0x00, 0xe8, 0x00, 0xe8, 0x00, 0xe8, 0x42, 0x60, 0x42, 0x60, 0x43, 0x50, 0x43, 0x50, 0x43, 0x40, 0x43, 0x40, 0x63, 0x28,
    0x63, 0x28, 0x63, 0x20, 0x63, 0x20, 0x64, 0x10, 0x64, 0x10, 0x64, 0x10, 0x64, 0x10, 0x64, 0x10, 0x64, 0x10, 0x64, 0x10, 0x64, 0x10, 0x64, 0x10, 0x64, 0x10, 0x64, 0x10, 0x64, 0x10, 0x64, 0x10,
    0x64, 0x10, 0x64, 0x10, 0x64, 0x10, 0x64, 0x10, 0x64, 0x10, 0x64, 0x10, 0x64, 0x10, 0x64, 0x10, 0x64, 0x10, 0x64, 0x10, 0x64, 0x10, 0x64, 0x10, 0x64, 0x10, 0x64, 0x10, 0x64, 0x10, 0x64, 0x10,
    0x64, 0x10, 0x64, 0x10, 0x64, 0x10, 0x64, 0x10, 0x64, 0x10, 0x64, 0x10, 0x64, 0x10, 0x64, 0x10, 0x64, 0x10, 0x64, 0x10, 0x64, 0x10, 0x64, 0x10, 0x64, 0x10, 0x64, 0x10, 0x64, 0x10, 0x64, 0x10,
    0x64, 0x10, 0x64, 0x10, 0x64, 0x10, 0x64, 0x10, 0x64, 0x10, 0x64, 0x10, 0x64, 0x10, 0x64, 0x10, 0x64, 0x10, 0x64, 0x10, 0x64, 0x10, 0x64, 0x10, 0x64, 0x10, 0x64, 0x10, 0x64, 0x10, 0x64, 0x10,
    0x64, 0x10, 0x64, 0x10, 0x64, 0x10, 0x64, 0x10, 0x64, 0x10, 0x64, 0x10, 0x64, 0x10, 0x64, 0x10, 0x64, 0x10, 0x64, 0x10, 0x64, 0x10, 0x64, 0x10, 0x64, 0x10, 0x64, 0x10, 0x64, 0x10, 0x64, 0x10,
    0x64, 0x10, 0x64, 0x10, 0x64, 0x10, 0x64, 0x10, 0x64, 0x10, 0x64, 0x10, 0x64, 0x10, 0x64, 0x10, 0x64, 0x10, 0x64, 0x10, 0x64, 0x10, 0x64, 0x10, 0x64, 0x10, 0x64, 0x10, 0x64, 0x10, 0x64, 0x10,
    0x64, 0x10, 0x64, 0x10, 0x64, 0x10, 0x64, 0x10, 0x64, 0x10, 0x64, 0x10, 0x64, 0x10, 0x64, 0x10, 0x64, 0x10, 0x64, 0x10, 0x64, 0x10, 0x64, 0x10, 0x64, 0x10, 0x64, 0x10, 0x64, 0x10, 0x64, 0x10,
    0x64, 0x10, 0x64, 0x10, 0x64, 0x10, 0x64, 0x10, 0x64, 0x10, 0x64, 0x10, 0x64, 0x10, 0x64, 0x10, 0x64, 0x10, 0x64, 0x10, 0x64, 0x10, 0x64, 0x10, 0x64, 0x10, 0x64, 0x10, 0x64, 0x10, 0x64, 0x10,
    0x64, 0x10, 0x64, 0x10, 0x64, 0x10, 0x64, 0x10, 0x64, 0x10, 0x64, 0x10, 0x64, 0x10, 0x64, 0x10, 0x64, 0x10, 0x64, 0x10, 0x64, 0x10, 0x64, 0x10, 0x64, 0x10, 0x64, 0x10, 0x64, 0x10, 0x64, 0x10,
    0x64, 0x10, 0x64, 0x10, 0x64, 0x10, 0x64, 0x10, 0x64, 0x10, 0x64, 0x10, 0x64, 0x10, 0x64, 0x10, 0x64, 0x10, 0x64, 0x10, 0x64, 0x10, 0x64, 0x10, 0x64, 0x10, 0x64, 0x10, 0x64, 0x10, 0x64, 0x10,
    0x64, 0x10, 0x64, 0x10, 0x64, 0x10, 0x64, 0x10, 0x64, 0x10, 0x64, 0x10, 0x64, 0x10, 0x64, 0x10, 0x64, 0x10, 0x64, 0x10, 0x64, 0x10, 0x64, 0x10, 0x64, 0x10, 0x64, 0x10, 0x64, 0x10, 0x64, 0x10,
    0x64, 0x10, 0x64, 0x10, 0x64, 0x10, 0x64, 0x10, 0x64, 0x10, 0x64, 0x10, 0x64, 0x10, 0x64, 0x10, 0x64, 0x10, 0x63, 0x20, 0x63, 0x20, 0x63, 0x28, 0x63, 0x28, 0x43, 0x38, 0x43, 0x38, 0x43, 0x48,
    0x43, 0x48, 0x43, 0x58, 0x43, 0x58, 0x42, 0x60, 0x42, 0x60, 0x42, 0x68, 0x42, 0x68, 0x42, 0x68, 0x42, 0x68, 0x42, 0x68, 0x42, 0x68, 0x42, 0x60, 0x42, 0x60, 0x42, 0x60, 0x42, 0x60, 0x42, 0x60,
    0x42, 0x60, 0x42, 0x60, 0x42, 0x60, 0x42, 0x60, 0x42, 0x60, 0x42, 0x60, 0x42, 0x60, 0x42, 0x60, 0x42, 0x60, 0x42, 0x60, 0x42, 0x60, 0x42, 0x58, 0x42, 0x58, 0x43, 0x50, 0x43, 0x50, 0x43, 0x48,
    0x43, 0x48, 0x43, 0x48, 0x43, 0x48, 0x43, 0x50, 0x43, 0x50, 0x42, 0x60, 0x42, 0x60, 0x42, 0x68, 0x42, 0x68, 0x42, 0x70, 0x42, 0x70, 0x42, 0x70, 0x42, 0x70, 0x42, 0x68, 0x42, 0x68, 0x42, 0x68,
    0x42, 0x68, 0x42, 0x60, 0x42, 0x60, 0x43, 0x50, 0x43, 0x50, 0x43, 0x48, 0x43, 0x48, 0x43, 0x38, 0x43, 0x38, 0x43, 0x38, 0x43, 0x38, 0x43, 0x40, 0x43, 0x40, 0x43, 0x50, 0x43, 0x50, 0x43, 0x50,
    0x43, 0x50, 0x42, 0x58, 0x42, 0x58, 0x42, 0x60, 0x42, 0x60, 0x42, 0x58, 0x42, 0x58, 0x42, 0x60, 0x42, 0x60, 0x42, 0x68, 0x42, 0x68, 0x42, 0x68, 0x42, 0x68, 0x42, 0x70, 0x42, 0x70, 0x42, 0x68,
    0x42, 0x68, 0x43, 0x58, 0x43, 0x58, 0x43, 0x40, 0x43, 0x40, 0x63, 0x30, 0x63, 0x30, 0x63, 0x20, 0x63, 0x20, 0x64, 0x18, 0x64, 0x18, 0x64, 0x10, 0x64, 0x10, 0x64, 0x10, 0x64, 0x10, 0x64, 0x10,
    0x64, 0x10, 0x64, 0x10, 0x64, 0x10, 0x64, 0x10, 0x64, 0x10, 0x64, 0x10, 0x64, 0x10, 0x64, 0x10, 0x64, 0x10, 0x64, 0x10, 0x64, 0x10, 0x64, 0x10, 0x64, 0x10, 0x64, 0x10, 0x64, 0x10, 0x64, 0x10,
    0x64, 0x10, 0x64, 0x10, 0x64, 0x10, 0x64, 0x10, 0x64, 0x10, 0x64, 0x10, 0x64, 0x10, 0x64, 0x10, 0x64, 0x10, 0x64, 0x10, 0x64, 0x10, 0x64, 0x10, 0x64, 0x10, 0x64, 0x10, 0x64, 0x10, 0x64, 0x10,
    0x64, 0x10, 0x64, 0x10, 0x64, 0x10, 0x64, 0x10, 0x64, 0x10, 0x64, 0x10, 0x64, 0x10, 0x64, 0x10, 0x64, 0x10, 0x64, 0x10, 0x64, 0x10, 0x64, 0x10, 0x64, 0x10, 0x64, 0x10, 0x64, 0x10, 0x64, 0x10,
    0x64, 0x10, 0x64, 0x10, 0x64, 0x10, 0x64, 0x10, 0x64, 0x10, 0x64, 0x10, 0x64, 0x10, 0x64, 0x10, 0x64, 0x10, 0x64, 0x10, 0x64, 0x10, 0x64, 0x10, 0x64, 0x10, 0x64, 0x10, 0x64, 0x10, 0x64, 0x10,
    0x64, 0x10, 0x64, 0x10, 0x64, 0x10, 0x64, 0x10, 0x64, 0x10, 0x64, 0x10, 0x64, 0x10, 0x64, 0x10, 0x64, 0x10, 0x64, 0x10, 0x64, 0x10, 0x64, 0x10, 0x64, 0x10, 0x64, 0x10, 0x64, 0x10, 0x64, 0x10,
    0x64, 0x10, 0x64, 0x10, 0x64, 0x10, 0x64, 0x10, 0x64, 0x10, 0x64, 0x10, 0x64, 0x10, 0x64, 0x10, 0x64, 0x10, 0x64, 0x10, 0x64, 0x10, 0x64, 0x10, 0x64, 0x10, 0x64, 0x10, 0x64, 0x10, 0x64, 0x10,
    0x64, 0x10, 0x64, 0x10, 0x64, 0x10, 0x64, 0x10, 0x64, 0x10, 0x64, 0x10, 0x64, 0x10, 0x64, 0x10, 0x64, 0x10, 0x64, 0x10, 0x64, 0x10, 0x64, 0x10, 0x64, 0x10, 0x64, 0x10, 0x64, 0x10, 0x64, 0x10,
    0x64, 0x10, 0x64, 0x10, 0x64, 0x10, 0x64, 0x10, 0x64, 0x10, 0x64, 0x10, 0x64, 0x10, 0x64, 0x10, 0x64, 0x10, 0x64, 0x10, 0x64, 0x10, 0x64, 0x10, 0x64, 0x10, 0x64, 0x10, 0x64, 0x10, 0x64, 0x10,
    0x64, 0x10, 0x64, 0x10, 0x64, 0x10, 0x64, 0x10, 0x64, 0x10, 0x64, 0x10, 0x64, 0x10, 0x64, 0x10, 0x64, 0x10, 0x64, 0x10, 0x64, 0x10, 0x64, 0x10, 0x64, 0x10, 0x64, 0x10, 0x64, 0x10, 0x64, 0x10,
    0x64, 0x10, 0x64, 0x10, 0x64, 0x10, 0x64, 0x10, 0x64, 0x10, 0x64, 0x10, 0x64, 0x10, 0x64, 0x10, 0x64, 0x10, 0x64, 0x10, 0x64, 0x10, 0x64, 0x10, 0x64, 0x10, 0x64, 0x10, 0x64, 0x10, 0x64, 0x10,
    0x64, 0x10, 0x64, 0x10, 0x64, 0x10, 0x64, 0x10, 0x64, 0x10, 0x64, 0x10, 0x64, 0x10, 0x64, 0x10, 0x64, 0x10, 0x64, 0x10, 0x64, 0x10, 0x64, 0x10, 0x64, 0x10, 0x64, 0x10, 0x64, 0x10, 0x64, 0x10,
    0x64, 0x10, 0x63, 0x20, 0x63, 0x20, 0x63, 0x28, 0x63, 0x28, 0x43, 0x38, 0x43, 0x38, 0x43, 0x48, 0x43, 0x48, 0x43, 0x58, 0x43, 0x58, 0x42, 0x60, 0x42, 0x60, 0x42, 0x68, 0x42, 0x68, 0x42, 0x68,
    0x42, 0x68, 0x42, 0x68, 0x42, 0x68, 0x42, 0x60, 0x42, 0x60, 0x42, 0x60, 0x42, 0x60, 0x42, 0x60, 0x42, 0x60, 0x42, 0x60, 0x42, 0x60, 0x42, 0x60, 0x42, 0x60, 0x42, 0x60, 0x42, 0x60, 0x42, 0x60,
    0x42, 0x60, 0x42, 0x60, 0x42, 0x60, 0x42, 0x58, 0x42, 0x58, 0x43, 0x50, 0x43, 0x50, 0x43, 0x48, 0x43, 0x48, 0x43, 0x48, 0x43, 0x48, 0x43, 0x50, 0x43, 0x50, 0x42, 0x60, 0x42, 0x60, 0x42, 0x68,
    0x42, 0x68, 0x42, 0x70, 0x42, 0x70, 0x42, 0x70, 0x42, 0x70, 0x42, 0x68, 0x42, 0x68, 0x42, 0x68, 0x42, 0x68, 0x42, 0x60, 0x42, 0x60, 0x43, 0x50, 0x43, 0x50, 0x43, 0x48, 0x43, 0x48, 0x43, 0x38,
    0x43, 0x38, 0x43, 0x38, 0x43, 0x38, 0x43, 0x40, 0x43, 0x40, 0x43, 0x50, 0x43, 0x50, 0x43, 0x50, 0x43, 0x50, 0x42, 0x58, 0x42, 0x58, 0x42, 0x60, 0x42, 0x60, 0x42, 0x58, 0x42, 0x58, 0x42, 0x60,
    0x42, 0x60, 0x42, 0x68, 0x42, 0x68, 0x42, 0x68, 0x42, 0x68, 0x42, 0x70, 0x42, 0x70, 0x42, 0x68, 0x42, 0x68, 0x43, 0x58, 0x43, 0x58, 0x43, 0x40, 0x43, 0x40, 0x63, 0x30, 0x63, 0x30, 0x63, 0x20,
    0x63, 0x20, 0x64, 0x18, 0x64, 0x18, 0x64, 0x10, 0x64, 0x10, 0x64, 0x10, 0x64, 0x10, 0x64, 0x10, 0x64, 0x10, 0x64, 0x10, 0x64, 0x10, 0x64, 0x10, 0x64, 0x10, 0x64, 0x10, 0x64, 0x10, 0x64, 0x10,
    0x64, 0x10, 0x64, 0x10, 0x64, 0x10, 0x64, 0x10, 0x64, 0x10, 0x64, 0x10, 0x64, 0x10, 0x64, 0x10, 0x64, 0x10, 0x64, 0x10, 0x64, 0x10, 0x64, 0x10, 0x64, 0x10, 0x64, 0x10, 0x64, 0x10, 0x64, 0x10,
    0x64, 0x10, 0x64, 0x10, 0x64, 0x10, 0x64, 0x10, 0x64, 0x10, 0x64, 0x10, 0x64, 0x10, 0x64, 0x10, 0x64, 0x10, 0x64, 0x10, 0x64, 0x10, 0x64, 0x10, 0x64, 0x10, 0x64, 0x10, 0x64, 0x10, 0x64, 0x10,
    0x64, 0x10, 0x64, 0x10, 0x64, 0x10, 0x64, 0x10, 0x64, 0x10, 0x64, 0x10, 0x64, 0x10, 0x64, 0x10, 0x64, 0x10, 0x64, 0x10, 0x64, 0x10, 0x64, 0x10, 0x64, 0x10, 0x64, 0x10, 0x64, 0x10, 0x64, 0x10,
    0x64, 0x10, 0x64, 0x10, 0x64, 0x10, 0x64, 0x10, 0x64, 0x10, 0x64, 0x10, 0x64, 0x10, 0x64, 0x10, 0x64, 0x10, 0x64, 0x10, 0x64, 0x10, 0x64, 0x10, 0x64, 0x10, 0x64, 0x10, 0x64, 0x10, 0x64, 0x10,
    0x64, 0x10, 0x64, 0x10, 0x64, 0x10, 0x64, 0x10, 0x64, 0x10, 0x64, 0x10, 0x64, 0x10, 0x64, 0x10, 0x64, 0x10, 0x64, 0x10, 0x64, 0x10, 0x64, 0x10, 0x64, 0x10, 0x64, 0x10, 0x64, 0x10, 0x64, 0x10,
    0x64, 0x10, 0x64, 0x10, 0x64, 0x10, 0x64, 0x10, 0x64, 0x10, 0x64, 0x10, 0x64, 0x10, 0x64, 0x10, 0x64, 0x10, 0x64, 0x10, 0x64, 0x10, 0x64, 0x10, 0x64, 0x10, 0x64, 0x10, 0x64, 0x10, 0x64, 0x10,
    0x64, 0x10, 0x64, 0x10, 0x64, 0x10, 0x64, 0x10, 0x64, 0x10, 0x64, 0x10, 0x64, 0x10, 0x64, 0x10, 0x64, 0x10, 0x64, 0x10, 0x64, 0x10, 0x64, 0x10, 0x64, 0x10, 0x64, 0x10, 0x64, 0x10, 0x64, 0x10,
    0x64, 0x10, 0x64, 0x10, 0x64, 0x10, 0x64, 0x10, 0x64, 0x10, 0x64, 0x10, 0x64, 0x10, 0x64, 0x10, 0x64, 0x10, 0x64, 0x10, 0x64, 0x10, 0x64, 0x10, 0x64, 0x10, 0x64, 0x10, 0x64, 0x10, 0x64, 0x10,
    0x64, 0x10, 0x64, 0x10, 0x64, 0x10, 0x64, 0x10, 0x64, 0x10, 0x64, 0x10, 0x64, 0x10, 0x64, 0x10, 0x64, 0x10, 0x64, 0x10, 0x64, 0x10, 0x64, 0x10, 0x64, 0x10, 0x64, 0x10, 0x64, 0x10, 0x64, 0x10,
    0x64, 0x10, 0x64, 0x10, 0x64, 0x10, 0x64, 0x10, 0x64, 0x10, 0x64, 0x10, 0x64, 0x10, 0x64, 0x10, 0x64, 0x10, 0x64, 0x10, 0x64, 0x10, 0x64, 0x10, 0x64, 0x10, 0x64, 0x10, 0x64, 0x10, 0x64, 0x10,
    0x64, 0x10, 0x64, 0x10, 0x64, 0x10, 0x64, 0x10, 0x64, 0x10, 0x64, 0x10, 0x64, 0x10, 0x64, 0x10, 0x64, 0x10, 0x64, 0x18, 0x64, 0x18, 0x63, 0x20, 0x63, 0x20, 0x63, 0x28, 0x63, 0x28, 0x43, 0x38,
    0x43, 0x38, 0x43, 0x48, 0x43, 0x48, 0x43, 0x58, 0x43, 0x58, 0x42, 0x60, 0x42, 0x60, 0x42, 0x68, 0x42, 0x68, 0x42, 0x68, 0x42, 0x68, 0x42, 0x60, 0x42, 0x60, 0x42, 0x60, 0x42, 0x60, 0x42, 0x60,
    0x42, 0x60, 0x42, 0x60, 0x42, 0x60, 0x42, 0x60, 0x42, 0x60, 0x42, 0x68, 0x42, 0x68, 0x42, 0x68, 0x42, 0x68, 0x42, 0x68, 0x42, 0x68, 0x42, 0x60, 0x42, 0x60, 0x43, 0x50, 0x43, 0x50, 0x43, 0x48,
    0x43, 0x48, 0x43, 0x48, 0x43, 0x48, 0x43, 0x50, 0x43, 0x50, 0x42, 0x58, 0x42, 0x58, 0x42, 0x68, 0x42, 0x68, 0x42, 0x70, 0x42, 0x70, 0x42, 0x70, 0x42, 0x70, 0x42, 0x68, 0x42, 0x68, 0x42, 0x58,
    0x42, 0x58, 0x43, 0x50, 0x43, 0x50, 0x43, 0x40, 0x43, 0x40, 0x63, 0x30, 0x63, 0x30, 0x63, 0x30, 0x63, 0x30, 0x63, 0x30, 0x63, 0x30, 0x43, 0x40, 0x43, 0x40, 0x43, 0x48, 0x43, 0x48, 0x43, 0x50,
    0x43, 0x50, 0x43, 0x50, 0x43, 0x50, 0x43, 0x50, 0x43, 0x50, 0x43, 0x48, 0x43, 0x48, 0x43, 0x50, 0x43, 0x50, 0x42, 0x58, 0x42, 0x58, 0x42, 0x60, 0x42, 0x60, 0x42, 0x68, 0x42, 0x68, 0x42, 0x58,
    0x42, 0x58, 0x43, 0x48, 0x43, 0x48, 0x43, 0x38, 0x43, 0x38, 0x63, 0x20, 0x63, 0x20, 0x64, 0x10, 0x64, 0x10, 0x64, 0x10, 0x64, 0x10, 0x64, 0x10, 0x64, 0x10, 0x64, 0x10, 0x64, 0x10, 0x64, 0x10,
    0x64, 0x10, 0x64, 0x10, 0x64, 0x10, 0x64, 0x10, 0x64, 0x10, 0x64, 0x10, 0x64, 0x10, 0x64, 0x10, 0x64, 0x10, 0x64, 0x10, 0x64, 0x10, 0x64, 0x10, 0x64, 0x10, 0x64, 0x10, 0x64, 0x10, 0x64, 0x10,
    0x64, 0x10, 0x64, 0x10, 0x64, 0x10, 0x64, 0x10, 0x64, 0x10, 0x64, 0x10, 0x64, 0x10, 0x64, 0x10, 0x64, 0x10, 0x64, 0x10, 0x64, 0x10, 0x64, 0x10, 0x64, 0x10, 0x64, 0x10, 0x64, 0x10, 0x64, 0x10,
    0x64, 0x10, 0x64, 0x10, 0x64, 0x10, 0x64, 0x10, 0x64, 0x10, 0x64, 0x10, 0x64, 0x10, 0x64, 0x10, 0x64, 0x10, 0x64, 0x10, 0x64, 0x10, 0x64, 0x10, 0x64, 0x10, 0x64, 0x10, 0x64, 0x10, 0x64, 0x10,
    0x64, 0x10, 0x64, 0x10, 0x64, 0x10, 0x64, 0x10, 0x64, 0x10, 0x64, 0x10, 0x64, 0x10, 0x64, 0x10, 0x64, 0x10, 0x64, 0x10, 0x64, 0x10, 0x64, 0x10, 0x64, 0x10, 0x64, 0x10, 0x64, 0x10, 0x64, 0x10,
    0x64, 0x10, 0x64, 0x10, 0x64, 0x10, 0x64, 0x10, 0x64, 0x10, 0x64, 0x10, 0x64, 0x10, 0x64, 0x10, 0x64, 0x10, 0x64, 0x10, 0x64, 0x10, 0x64, 0x10, 0x64, 0x10, 0x64, 0x10, 0x64, 0x10, 0x64, 0x10,
    0x64, 0x10, 0x64, 0x10, 0x64, 0x10, 0x64, 0x10, 0x64, 0x10, 0x64, 0x10, 0x64, 0x10, 0x64, 0x10, 0x64, 0x10, 0x64, 0x10, 0x64, 0x10, 0x64, 0x10, 0x64, 0x10, 0x64, 0x10, 0x64, 0x10, 0x64, 0x10,
    0x64, 0x10, 0x64, 0x10, 0x64, 0x10, 0x64, 0x10, 0x64, 0x10, 0x64, 0x10, 0x64, 0x10, 0x64, 0x10, 0x64, 0x10, 0x64, 0x10, 0x64, 0x10, 0x64, 0x10, 0x64, 0x10, 0x64, 0x10, 0x64, 0x10, 0x64, 0x10,
    0x64, 0x10, 0x64, 0x10, 0x64, 0x10, 0x64, 0x10, 0x64, 0x10, 0x64, 0x10, 0x64, 0x10, 0x64, 0x10, 0x64, 0x10, 0x64, 0x10, 0x64, 0x10, 0x64, 0x10, 0x64, 0x10, 0x64, 0x10, 0x64, 0x10, 0x64, 0x10,
    0x64, 0x10, 0x64, 0x10, 0x64, 0x10, 0x64, 0x10, 0x64, 0x10, 0x64, 0x10, 0x64, 0x10, 0x64, 0x10, 0x64, 0x10, 0x64, 0x10, 0x64, 0x10, 0x64, 0x10, 0x64, 0x10, 0x64, 0x10, 0x64, 0x10, 0x64, 0x10,
    0x64, 0x10, 0x64, 0x10, 0x64, 0x10, 0x64, 0x10, 0x64, 0x10, 0x64, 0x10, 0x64, 0x10, 0x64, 0x10, 0x64, 0x10, 0x64, 0x10, 0x64, 0x10, 0x64, 0x10, 0x64, 0x10, 0x64, 0x10, 0x64, 0x10, 0x64, 0x10,
    0x64, 0x10, 0x64, 0x10, 0x64, 0x10, 0x64, 0x10, 0x64, 0x10, 0x64, 0x10, 0x64, 0x10, 0x64, 0x10, 0x64, 0x10, 0x64, 0x10, 0x64, 0x10, 0x64, 0x10, 0x64, 0x10, 0x64, 0x10, 0x64, 0x10, 0x64, 0x10,
    0x64, 0x10, 0x64, 0x18, 0x64, 0x18, 0x63, 0x20, 0x63, 0x20, 0x63, 0x28, 0x63, 0x28, 0x43, 0x38, 0x43, 0x38, 0x43, 0x48, 0x43, 0x48, 0x43, 0x58, 0x43, 0x58, 0x42, 0x60, 0x42, 0x60, 0x42, 0x68,
    0x42, 0x68, 0x42, 0x68, 0x42, 0x68, 0x42, 0x60, 0x42, 0x60, 0x42, 0x60, 0x42, 0x60, 0x42, 0x60, 0x42, 0x60, 0x42, 0x60, 0x42, 0x60, 0x42, 0x60, 0x42, 0x60, 0x42, 0x68, 0x42, 0x68, 0x42, 0x68,
    0x42, 0x68, 0x42, 0x68, 0x42, 0x68, 0x42, 0x60, 0x42, 0x60, 0x43, 0x50, 0x43, 0x50, 0x43, 0x48, 0x43, 0x48, 0x43, 0x48, 0x43, 0x48, 0x43, 0x50, 0x43, 0x50, 0x42, 0x58, 0x42, 0x58, 0x42, 0x68,
    0x42, 0x68, 0x42, 0x70, 0x42, 0x70, 0x42, 0x70, 0x42, 0x70, 0x42, 0x68, 0x42, 0x68, 0x42, 0x58, 0x42, 0x58, 0x43, 0x50, 0x43, 0x50, 0x43, 0x40, 0x43, 0x40, 0x63, 0x30, 0x63, 0x30, 0x63, 0x30,
    0x63, 0x30, 0x63, 0x30, 0x63, 0x30, 0x43, 0x40, 0x43, 0x40, 0x43, 0x48, 0x43, 0x48, 0x43, 0x50, 0x43, 0x50, 0x43, 0x50, 0x43, 0x50, 0x43, 0x50, 0x43, 0x50, 0x43, 0x48, 0x43, 0x48, 0x43, 0x50,
    0x43, 0x50, 0x42, 0x58, 0x42, 0x58, 0x42, 0x60, 0x42, 0x60, 0x42, 0x68, 0x42, 0x68, 0x42, 0x58, 0x42, 0x58, 0x43, 0x48, 0x43, 0x48, 0x43, 0x38, 0x43, 0x38, 0x63, 0x20, 0x63, 0x20, 0x64, 0x10,
    0x64, 0x10, 0x64, 0x10, 0x64, 0x10, 0x64, 0x10, 0x64, 0x10, 0x64, 0x10, 0x64, 0x10, 0x64, 0x10, 0x64, 0x10, 0x64, 0x10, 0x64, 0x10, 0x64, 0x10, 0x64, 0x10, 0x64, 0x10, 0x64, 0x10, 0x64, 0x10,
    0x64, 0x10, 0x64, 0x10, 0x64, 0x10, 0x64, 0x10, 0x64, 0x10, 0x64, 0x10, 0x64, 0x10, 0x64, 0x10, 0x64, 0x10, 0x64, 0x10, 0x64, 0x10, 0x64, 0x10, 0x64, 0x10, 0x64, 0x10, 0x64, 0x10, 0x64, 0x10,
    0x64, 0x10, 0x64, 0x10, 0x64, 0x10, 0x64, 0x10, 0x64, 0x10, 0x64, 0x10, 0x64, 0x10, 0x64, 0x10, 0x64, 0x10, 0x64, 0x10, 0x64, 0x10, 0x64, 0x10, 0x64, 0x10, 0x64, 0x10, 0x64, 0x10, 0x64, 0x10,
    0x64, 0x10, 0x64, 0x10, 0x64, 0x10, 0x64, 0x10, 0x64, 0x10, 0x64, 0x10, 0x64, 0x10, 0x64, 0x10, 0x64, 0x10, 0x64, 0x10, 0x64, 0x10, 0x64, 0x10, 0x64, 0x10, 0x64, 0x10, 0x64, 0x10, 0x64, 0x10,
    0x64, 0x10, 0x64, 0x10, 0x64, 0x10, 0x64, 0x10, 0x64, 0x10, 0x64, 0x10, 0x64, 0x10, 0x64, 0x10, 0x64, 0x10, 0x64, 0x10, 0x64, 0x10, 0x64, 0x10, 0x64, 0x10, 0x64, 0x10, 0x64, 0x10, 0x64, 0x10,
    0x64, 0x10, 0x64, 0x10, 0x64, 0x10, 0x64, 0x10, 0x64, 0x10, 0x64, 0x10, 0x64, 0x10, 0x64, 0x10, 0x64, 0x10, 0x64, 0x10, 0x64, 0x10, 0x64, 0x10, 0x64, 0x10, 0x64, 0x10, 0x64, 0x10, 0x64, 0x10,
    0x64, 0x10, 0x64, 0x10, 0x64, 0x10, 0x64, 0x10, 0x64, 0x10, 0x64, 0x10, 0x64, 0x10, 0x64, 0x10, 0x64, 0x10, 0x64, 0x10, 0x64, 0x10, 0x64, 0x10, 0x64, 0x10, 0x64, 0x10, 0x64, 0x10, 0x64, 0x10,
    0x64, 0x10, 0x64, 0x10, 0x64, 0x10, 0x64, 0x10, 0x64, 0x10, 0x64, 0x10, 0x64, 0x10, 0x64, 0x10, 0x64, 0x10, 0x64, 0x10, 0x64, 0x10, 0x64, 0x10, 0x64, 0x10, 0x64, 0x10, 0x64, 0x10, 0x64, 0x10,
    0x64, 0x10, 0x64, 0x10, 0x64, 0x10, 0x64, 0x10, 0x64, 0x10, 0x64, 0x10, 0x64, 0x10, 0x64, 0x10, 0x64, 0x10, 0x64, 0x10, 0x64, 0x10, 0x64, 0x10, 0x64, 0x10, 0x64, 0x10, 0x64, 0x10, 0x64, 0x10,
    0x64, 0x10, 0x64, 0x10, 0x64, 0x10, 0x64, 0x10, 0x64, 0x10, 0x64, 0x10, 0x64, 0x10, 0x64, 0x10, 0x64, 0x10, 0x64, 0x10, 0x64, 0x10, 0x64, 0x10, 0x64, 0x10, 0x64, 0x10, 0x64, 0x10, 0x64, 0x10,
    0x64, 0x10, 0x64, 0x10, 0x64, 0x10, 0x64, 0x10, 0x64, 0x10, 0x64, 0x10, 0x64, 0x10, 0x64, 0x10, 0x64, 0x10, 0x64, 0x10, 0x64, 0x10, 0x64, 0x10, 0x64, 0x10, 0x64, 0x10, 0x64, 0x10, 0x64, 0x10,
    0x64, 0x10, 0x64, 0x10, 0x64, 0x10, 0x64, 0x10, 0x64, 0x10, 0x64, 0x10, 0x64, 0x10, 0x64, 0x10, 0x64, 0x10, 0x64, 0x10, 0x64, 0x10, 0x64, 0x10, 0x64, 0x10, 0x64, 0x18, 0x64, 0x18, 0x63, 0x28,
    0x63, 0x28, 0x43, 0x38, 0x43, 0x38, 0x43, 0x48, 0x43, 0x48, 0x42, 0x58, 0x42, 0x58, 0x42, 0x60, 0x42, 0x60, 0x00, 0xe8, 0x00, 0xe8, 0x00, 0xe8, 0x00, 0xe8, 0x00, 0xe8, 0x00, 0xe8, 0x00, 0xe0,
    0x00, 0xe0, 0x42, 0x60, 0x42, 0x60, 0x42, 0x60, 0x42, 0x60, 0x42, 0x68, 0x42, 0x68, 0x42, 0x68, 0x42, 0x68, 0x00, 0xe8, 0x00, 0xe8, 0x00, 0xe8, 0x00, 0xe8, 0x42, 0x58, 0x42, 0x58, 0x42, 0x58,
    0x42, 0x58, 0x43, 0x58, 0x43, 0x58, 0x43, 0x50, 0x43, 0x50, 0x00, 0xe0, 0x00, 0xe0, 0x00, 0xe0, 0x00, 0xe0, 0x42, 0x70, 0x42, 0x70, 0x42, 0x70, 0x42, 0x70, 0x00, 0xe0, 0x00, 0xe0, 0x00, 0xe0,
    0x00, 0xe0, 0x43, 0x48, 0x43, 0x48, 0x43, 0x38, 0x43, 0x38, 0x63, 0x28, 0x63, 0x28, 0x63, 0x20, 0x63, 0x20, 0x63, 0x30, 0x63, 0x30, 0x43, 0x40, 0x43, 0x40, 0x00, 0xe0, 0x00, 0xe0, 0x00, 0xe0,
    0x00, 0xe0, 0x43, 0x58, 0x43, 0x58, 0x43, 0x50, 0x43, 0x50, 0x43, 0x48, 0x43, 0x48, 0x43, 0x48, 0x43, 0x48, 0x43, 0x58, 0x43, 0x58, 0x42, 0x60, 0x42, 0x60, 0x00, 0xe0, 0x00, 0xe0, 0x00, 0xe0,
    0x00, 0xe0, 0x43, 0x40, 0x43, 0x40, 0x63, 0x30, 0x63, 0x30, 0x64, 0x18, 0x64, 0x18, 0x64, 0x10, 0x64, 0x10, 0x64, 0x10, 0x64, 0x10, 0x64, 0x10, 0x64, 0x10, 0x64, 0x10, 0x64, 0x10, 0x64, 0x10,
    0x64, 0x10, 0x64, 0x10, 0x64, 0x10, 0x64, 0x10, 0x64, 0x10, 0x64, 0x10, 0x64, 0x10, 0x64, 0x10, 0x64, 0x10, 0x64, 0x10, 0x64, 0x10, 0x64, 0x10, 0x64, 0x10, 0x64, 0x10, 0x64, 0x10, 0x64, 0x10,
    0x64, 0x10, 0x64, 0x10, 0x64, 0x10, 0x64, 0x10, 0x64, 0x10, 0x64, 0x10, 0x64, 0x10, 0x64, 0x10, 0x64, 0x10, 0x64, 0x10, 0x64, 0x10, 0x64, 0x10, 0x64, 0x10, 0x64, 0x10, 0x64, 0x10, 0x64, 0x10,
    0x64, 0x10, 0x64, 0x10, 0x64, 0x10, 0x64, 0x10, 0x64, 0x10, 0x64, 0x10, 0x64, 0x10, 0x64, 0x10, 0x64, 0x10, 0x64, 0x10, 0x64, 0x10, 0x64, 0x10, 0x64, 0x10, 0x64, 0x10, 0x64, 0x10, 0x64, 0x10,
    0x64, 0x10, 0x64, 0x10, 0x64, 0x10, 0x64, 0x10, 0x64, 0x10, 0x64, 0x10, 0x64, 0x10, 0x64, 0x10, 0x64, 0x10, 0x64, 0x10, 0x64, 0x10, 0x64, 0x10, 0x64, 0x10, 0x64, 0x10, 0x64, 0x10, 0x64, 0x10,
    0x64, 0x10, 0x64, 0x10, 0x64, 0x10, 0x64, 0x10, 0x64, 0x10, 0x64, 0x10, 0x64, 0x10, 0x64, 0x10, 0x64, 0x10, 0x64, 0x10, 0x64, 0x10, 0x64, 0x10, 0x64, 0x10, 0x64, 0x10, 0x64, 0x10, 0x64, 0x10,
    0x64, 0x10, 0x64, 0x10, 0x64, 0x10, 0x64, 0x10, 0x64, 0x10, 0x64, 0x10, 0x64, 0x10, 0x64, 0x10, 0x64, 0x10, 0x64, 0x10, 0x64, 0x10, 0x64, 0x10, 0x64, 0x10, 0x64, 0x10, 0x64, 0x10, 0x64, 0x10,
    0x64, 0x10, 0x64, 0x10, 0x64, 0x10, 0x64, 0x10, 0x64, 0x10, 0x64, 0x10, 0x64, 0x10, 0x64, 0x10, 0x64, 0x10, 0x64, 0x10, 0x64, 0x10, 0x64, 0x10, 0x64, 0x10, 0x64, 0x10, 0x64, 0x10, 0x64, 0x10,
    0x64, 0x10, 0x64, 0x10, 0x64, 0x10, 0x64, 0x10, 0x64, 0x10, 0x64, 0x10, 0x64, 0x10, 0x64, 0x10, 0x64, 0x10, 0x64, 0x10, 0x64, 0x10, 0x64, 0x10, 0x64, 0x10, 0x64, 0x10, 0x64, 0x10, 0x64, 0x10,
    0x64, 0x10, 0x64, 0x10, 0x64, 0x10, 0x64, 0x10, 0x64, 0x10, 0x64, 0x10, 0x64, 0x10, 0x64, 0x10, 0x64, 0x10, 0x64, 0x10, 0x64, 0x10, 0x64, 0x10, 0x64, 0x10, 0x64, 0x10, 0x64, 0x10, 0x64, 0x10,
    0x64, 0x10, 0x64, 0x10, 0x64, 0x10, 0x64, 0x10, 0x64, 0x10, 0x64, 0x10, 0x64, 0x10, 0x64, 0x10, 0x64, 0x10, 0x64, 0x10, 0x64, 0x10, 0x64, 0x10, 0x64, 0x10, 0x64, 0x10, 0x64, 0x10, 0x64, 0x10,
    0x64, 0x10, 0x64, 0x10, 0x64, 0x10, 0x64, 0x10, 0x64, 0x10, 0x64, 0x10, 0x64, 0x10, 0x64, 0x10, 0x64, 0x10, 0x64, 0x10, 0x64, 0x10, 0x64, 0x10, 0x64, 0x10, 0x64, 0x10, 0x64, 0x10, 0x64, 0x10,
    0x64, 0x10, 0x64, 0x10, 0x64, 0x10, 0x64, 0x10, 0x64, 0x10, 0x64, 0x18, 0x64, 0x18, 0x63, 0x28, 0x63, 0x28, 0x43, 0x38, 0x43, 0x38, 0x43, 0x48, 0x43, 0x48, 0x42, 0x58, 0x42, 0x58, 0x42, 0x60,
    0x42, 0x60, 0x00, 0xe8, 0x00, 0xe8, 0x00, 0xe8, 0x00, 0xe8, 0x00, 0xe8, 0x00, 0xe8, 0x00, 0xe0, 0x00, 0xe0, 0x42, 0x60, 0x42, 0x60, 0x42, 0x60, 0x42, 0x60, 0x42, 0x68, 0x42, 0x68, 0x42, 0x68,
    0x42, 0x68, 0x00, 0xe8, 0x00, 0xe8, 0x00, 0xe8, 0x00, 0xe8, 0x42, 0x58, 0x42, 0x58, 0x42, 0x58, 0x42, 0x58, 0x43, 0x58, 0x43, 0x58, 0x43, 0x50, 0x43, 0x50, 0x00, 0xe0, 0x00, 0xe0, 0x00, 0xe0,
    0x00, 0xe0, 0x42, 0x70, 0x42, 0x70, 0x42, 0x70, 0x42, 0x70, 0x00, 0xe0, 0x00, 0xe0, 0x00, 0xe0, 0x00, 0xe0, 0x43, 0x48, 0x43, 0x48, 0x43, 0x38, 0x43, 0x38, 0x63, 0x28, 0x63, 0x28, 0x63, 0x20,
    0x63, 0x20, 0x63, 0x30, 0x63, 0x30, 0x43, 0x40, 0x43, 0x40, 0x00, 0xe0, 0x00, 0xe0, 0x00, 0xe0, 0x00, 0xe0, 0x43, 0x58, 0x43, 0x58, 0x43, 0x50, 0x43, 0x50, 0x43, 0x48, 0x43, 0x48, 0x43, 0x48,
    0x43, 0x48, 0x43, 0x58, 0x43, 0x58, 0x42, 0x60, 0x42, 0x60, 0x00, 0xe0, 0x00, 0xe0, 0x00, 0xe0, 0x00, 0xe0, 0x43, 0x40, 0x43, 0x40, 0x63, 0x30, 0x63, 0x30, 0x64, 0x18, 0x64, 0x18, 0x64, 0x10,
    0x64, 0x10, 0x64, 0x10, 0x64, 0x10, 0x64, 0x10, 0x64, 0x10, 0x64, 0x10, 0x64, 0x10, 0x64, 0x10, 0x64, 0x10, 0x64, 0x10, 0x64, 0x10, 0x64, 0x10, 0x64, 0x10, 0x64, 0x10, 0x64, 0x10, 0x64, 0x10,
    0x64, 0x10, 0x64, 0x10, 0x64, 0x10, 0x64, 0x10, 0x64, 0x10, 0x64, 0x10, 0x64, 0x10, 0x64, 0x10, 0x64, 0x10, 0x64, 0x10, 0x64, 0x10, 0x64, 0x10, 0x64, 0x10, 0x64, 0x10, 0x64, 0x10, 0x64, 0x10,
    0x64, 0x10, 0x64, 0x10, 0x64, 0x10, 0x64, 0x10, 0x64, 0x10, 0x64, 0x10, 0x64, 0x10, 0x64, 0x10, 0x64, 0x10, 0x64, 0x10, 0x64, 0x10, 0x64, 0x10, 0x64, 0x10, 0x64, 0x10, 0x64, 0x10, 0x64, 0x10,
    0x64, 0x10, 0x64, 0x10, 0x64, 0x10, 0x64, 0x10, 0x64, 0x10, 0x64, 0x10, 0x64, 0x10, 0x64, 0x10, 0x64, 0x10, 0x64, 0x10, 0x64, 0x10, 0x64, 0x10, 0x64, 0x10, 0x64, 0x10, 0x64, 0x10, 0x64, 0x10,
    0x64, 0x10, 0x64, 0x10, 0x64, 0x10, 0x64, 0x10, 0x64, 0x10, 0x64, 0x10, 0x64, 0x10, 0x64, 0x10, 0x64, 0x10, 0x64, 0x10, 0x64, 0x10, 0x64, 0x10, 0x64, 0x10, 0x64, 0x10, 0x64, 0x10, 0x64, 0x10,
    0x64, 0x10, 0x64, 0x10, 0x64, 0x10, 0x64, 0x10, 0x64, 0x10, 0x64, 0x10, 0x64, 0x10, 0x64, 0x10, 0x64, 0x10, 0x64, 0x10, 0x64, 0x10, 0x64, 0x10, 0x64, 0x10, 0x64, 0x10, 0x64, 0x10, 0x64, 0x10,
    0x64, 0x10, 0x64, 0x10, 0x64, 0x10, 0x64, 0x10, 0x64, 0x10, 0x64, 0x10, 0x64, 0x10, 0x64, 0x10, 0x64, 0x10, 0x64, 0x10, 0x64, 0x10, 0x64, 0x10, 0x64, 0x10, 0x64, 0x10, 0x64, 0x10, 0x64, 0x10,
    0x64, 0x10, 0x64, 0x10, 0x64, 0x10, 0x64, 0x10, 0x64, 0x10, 0x64, 0x10, 0x64, 0x10, 0x64, 0x10, 0x64, 0x10, 0x64, 0x10, 0x64, 0x10, 0x64, 0x10, 0x64, 0x10, 0x64, 0x10, 0x64, 0x10, 0x64, 0x10,
    0x64, 0x10, 0x64, 0x10, 0x64, 0x10, 0x64, 0x10, 0x64, 0x10, 0x64, 0x10, 0x64, 0x10, 0x64, 0x10, 0x64, 0x10, 0x64, 0x10, 0x64, 0x10, 0x64, 0x10, 0x64, 0x10, 0x64, 0x10, 0x64, 0x10, 0x64, 0x10,
    0x64, 0x10, 0x64, 0x10, 0x64, 0x10, 0x64, 0x10, 0x64, 0x10, 0x64, 0x10, 0x64, 0x10, 0x64, 0x10, 0x64, 0x10, 0x64, 0x10, 0x64, 0x10, 0x64, 0x10, 0x64, 0x10, 0x64, 0x10, 0x64, 0x10, 0x64, 0x10,
    0x64, 0x10, 0x64, 0x10, 0x64, 0x10, 0x64, 0x10, 0x64, 0x10, 0x64, 0x10, 0x64, 0x10, 0x64, 0x10, 0x64, 0x10, 0x64, 0x10, 0x64, 0x10, 0x64, 0x10, 0x64, 0x10, 0x64, 0x10, 0x64, 0x10, 0x64, 0x10,
    0x64, 0x10, 0x64, 0x10, 0x64, 0x10, 0x64, 0x10, 0x64, 0x10, 0x64, 0x10, 0x64, 0x10, 0x64, 0x10, 0x64, 0x10, 0x64, 0x10, 0x64, 0x10, 0x64, 0x10, 0x64, 0x10, 0x64, 0x10, 0x64, 0x10, 0x63, 0x20,
    0x63, 0x20, 0x43, 0x38, 0x43, 0x38, 0x43, 0x48, 0x43, 0x48, 0x00, 0xe0, 0x00, 0xe0, 0x00, 0xe0, 0x00, 0xe0, 0x00, 0xe8, 0x00, 0xe8, 0x00, 0xe8, 0x00, 0xe8, 0x00, 0xe8, 0x00, 0xe8, 0x00, 0xe8,
    0x00, 0xe8, 0x00, 0xe0, 0x00, 0xe0, 0x00, 0xe8, 0x00, 0xe8, 0x42, 0x70, 0x42, 0x70, 0x42, 0x78, 0x42, 0x78, 0x00, 0xe8, 0x00, 0xe8, 0x00, 0xe8, 0x00, 0xe8, 0x00, 0xe8, 0x00, 0xe8, 0x42, 0x78,
    0x42, 0x78, 0x42, 0x70, 0x42, 0x70, 0x42, 0x60, 0x42, 0x60, 0x00, 0xe0, 0x00, 0xe0, 0x00, 0xe8, 0x00, 0xe8, 0x42, 0x70, 0x42, 0x70, 0x42, 0x70, 0x42, 0x70, 0x00, 0xe8, 0x00, 0xe8, 0x00, 0xe0,
    0x00, 0xe0, 0x43, 0x48, 0x43, 0x48, 0x43, 0x38, 0x43, 0x38, 0x63, 0x20, 0x63, 0x20, 0x64, 0x18, 0x64, 0x18, 0x63, 0x28, 0x63, 0x28, 0x43, 0x40, 0x43, 0x40, 0x00, 0xe0, 0x00, 0xe0, 0x00, 0xe0,
    0x00, 0xe0, 0x00, 0xe0, 0x00, 0xe0, 0x42, 0x60, 0x42, 0x60, 0x42, 0x58, 0x42, 0x58, 0x42, 0x58, 0x42, 0x58, 0x42, 0x60, 0x42, 0x60, 0x00, 0xe0, 0x00, 0xe0, 0x00, 0xe0, 0x00, 0xe0, 0x00, 0xe0,
    0x00, 0xe0, 0x43, 0x40, 0x43, 0x40, 0x63, 0x28, 0x63, 0x28, 0x64, 0x18, 0x64, 0x18, 0x64, 0x10, 0x64, 0x10, 0x64, 0x10, 0x64, 0x10, 0x64, 0x10, 0x64, 0x10, 0x64, 0x10, 0x64, 0x10, 0x64, 0x10,
    0x64, 0x10, 0x64, 0x10, 0x64, 0x10, 0x64, 0x10, 0x64, 0x10, 0x64, 0x10, 0x64, 0x10, 0x64, 0x10, 0x64, 0x10, 0x64, 0x10, 0x64, 0x10, 0x64, 0x10, 0x64, 0x10, 0x64, 0x10, 0x64, 0x10, 0x64, 0x10,
    0x64, 0x10, 0x64, 0x10, 0x64, 0x10, 0x64, 0x10, 0x64, 0x10, 0x64, 0x10, 0x64, 0x10, 0x64, 0x10, 0x64, 0x10, 0x64, 0x10, 0x64, 0x10, 0x64, 0x10, 0x64, 0x10, 0x64, 0x10, 0x64, 0x10, 0x64, 0x10,
    0x64, 0x10, 0x64, 0x10, 0x64, 0x10, 0x64, 0x10, 0x64, 0x10, 0x64, 0x10, 0x64, 0x10, 0x64, 0x10, 0x64, 0x10, 0x64, 0x10, 0x64, 0x10, 0x64, 0x10, 0x64, 0x10, 0x64, 0x10, 0x64, 0x10, 0x64, 0x10,
    0x64, 0x10, 0x64, 0x10, 0x64, 0x10, 0x64, 0x10, 0x64, 0x10, 0x64, 0x10, 0x64, 0x10, 0x64, 0x10, 0x64, 0x10, 0x64, 0x10, 0x64, 0x10, 0x64, 0x10, 0x64, 0x10, 0x64, 0x10, 0x64, 0x10, 0x64, 0x10,
    0x64, 0x10, 0x64, 0x10, 0x64, 0x10, 0x64, 0x10, 0x64, 0x10, 0x64, 0x10, 0x64, 0x10, 0x64, 0x10, 0x64, 0x10, 0x64, 0x10, 0x64, 0x10, 0x64, 0x10, 0x64, 0x10, 0x64, 0x10, 0x64, 0x10, 0x64, 0x10,
    0x64, 0x10, 0x64, 0x10, 0x64, 0x10, 0x64, 0x10, 0x64, 0x10, 0x64, 0x10, 0x64, 0x10, 0x64, 0x10, 0x64, 0x10, 0x64, 0x10, 0x64, 0x10, 0x64, 0x10, 0x64, 0x10, 0x64, 0x10, 0x64, 0x10, 0x64, 0x10,
    0x64, 0x10, 0x64, 0x10, 0x64, 0x10, 0x64, 0x10, 0x64, 0x10, 0x64, 0x10, 0x64, 0x10, 0x64, 0x10, 0x64, 0x10, 0x64, 0x10, 0x64, 0x10, 0x64, 0x10, 0x64, 0x10, 0x64, 0x10, 0x64, 0x10, 0x64, 0x10,
    0x64, 0x10, 0x64, 0x10, 0x64, 0x10, 0x64, 0x10, 0x64, 0x10, 0x64, 0x10, 0x64, 0x10, 0x64, 0x10, 0x64, 0x10, 0x64, 0x10, 0x64, 0x10, 0x64, 0x10, 0x64, 0x10, 0x64, 0x10, 0x64, 0x10, 0x64, 0x10,
    0x64, 0x10, 0x64, 0x10, 0x64, 0x10, 0x64, 0x10, 0x64, 0x10, 0x64, 0x10, 0x64, 0x10, 0x64, 0x10, 0x64, 0x10, 0x64, 0x10, 0x64, 0x10, 0x64, 0x10, 0x64, 0x10, 0x64, 0x10, 0x64, 0x10, 0x64, 0x10,
    0x64, 0x10, 0x64, 0x10, 0x64, 0x10, 0x64, 0x10, 0x64, 0x10, 0x64, 0x10, 0x64, 0x10, 0x64, 0x10, 0x64, 0x10, 0x64, 0x10, 0x64, 0x10, 0x64, 0x10, 0x64, 0x10, 0x64, 0x10, 0x64, 0x10, 0x64, 0x10,
    0x64, 0x10, 0x64, 0x10, 0x64, 0x10, 0x64, 0x10, 0x64, 0x10, 0x64, 0x10, 0x64, 0x10, 0x64, 0x10, 0x64, 0x10, 0x64, 0x10, 0x64, 0x10, 0x64, 0x10, 0x64, 0x10, 0x64, 0x10, 0x64, 0x10, 0x64, 0x10,
    0x64, 0x10, 0x64, 0x10, 0x64, 0x10, 0x64, 0x10, 0x64, 0x10, 0x64, 0x10, 0x64, 0x10, 0x63, 0x20, 0x63, 0x20, 0x43, 0x38, 0x43, 0x38, 0x43, 0x48, 0x43, 0x48, 0x00, 0xe0, 0x00, 0xe0, 0x00, 0xe0,
    0x00, 0xe0, 0x00, 0xe8, 0x00, 0xe8, 0x00, 0xe8, 0x00, 0xe8, 0x00, 0xe8, 0x00, 0xe8, 0x00, 0xe8, 0x00, 0xe8, 0x00, 0xe0, 0x00, 0xe0, 0x00, 0xe8, 0x00, 0xe8, 0x42, 0x70, 0x42, 0x70, 0x42, 0x78,
    0x42, 0x78, 0x00, 0xe8, 0x00, 0xe8, 0x00, 0xe8, 0x00, 0xe8, 0x00, 0xe8, 0x00, 0xe8, 0x42, 0x78, 0x42, 0x78, 0x42, 0x70, 0x42, 0x70, 0x42, 0x60, 0x42, 0x60, 0x00, 0xe0, 0x00, 0xe0, 0x00, 0xe8,
    0x00, 0xe8, 0x42, 0x70, 0x42, 0x70, 0x42, 0x70, 0x42, 0x70, 0x00, 0xe8, 0x00, 0xe8, 0x00, 0xe0, 0x00, 0xe0, 0x43, 0x48, 0x43, 0x48, 0x43, 0x38, 0x43, 0x38, 0x63, 0x20, 0x63, 0x20, 0x64, 0x18,
    0x64, 0x18, 0x63, 0x28, 0x63, 0x28, 0x43, 0x40, 0x43, 0x40, 0x00, 0xe0, 0x00, 0xe0, 0x00, 0xe0, 0x00, 0xe0, 0x00, 0xe0, 0x00, 0xe0, 0x42, 0x60, 0x42, 0x60, 0x42, 0x58, 0x42, 0x58, 0x42, 0x58,
    0x42, 0x58, 0x42, 0x60, 0x42, 0x60, 0x00, 0xe0, 0x00, 0xe0, 0x00, 0xe0, 0x00, 0xe0, 0x00, 0xe0, 0x00, 0xe0, 0x43, 0x40, 0x43, 0x40, 0x63, 0x28, 0x63, 0x28, 0x64, 0x18, 0x64, 0x18, 0x64, 0x10,
    0x64, 0x10, 0x64, 0x10, 0x64, 0x10, 0x64, 0x10, 0x64, 0x10, 0x64, 0x10, 0x64, 0x10, 0x64, 0x10, 0x64, 0x10, 0x64, 0x10, 0x64, 0x10, 0x64, 0x10, 0x64, 0x10, 0x64, 0x10, 0x64, 0x10, 0x64, 0x10,
    0x64, 0x10, 0x64, 0x10, 0x64, 0x10, 0x64, 0x10, 0x64, 0x10, 0x64, 0x10, 0x64, 0x10, 0x64, 0x10, 0x64, 0x10, 0x64, 0x10, 0x64, 0x10, 0x64, 0x10, 0x64, 0x10, 0x64, 0x10, 0x64, 0x10, 0x64, 0x10,
    0x64, 0x10, 0x64, 0x10, 0x64, 0x10, 0x64, 0x10, 0x64, 0x10, 0x64, 0x10, 0x64, 0x10, 0x64, 0x10, 0x64, 0x10, 0x64, 0x10, 0x64, 0x10, 0x64, 0x10, 0x64, 0x10, 0x64, 0x10, 0x64, 0x10, 0x64, 0x10,
    0x64, 0x10, 0x64, 0x10, 0x64, 0x10, 0x64, 0x10, 0x64, 0x10, 0x64, 0x10, 0x64, 0x10, 0x64, 0x10, 0x64, 0x10, 0x64, 0x10, 0x64, 0x10, 0x64, 0x10, 0x64, 0x10, 0x64, 0x10, 0x64, 0x10, 0x64, 0x10,
    0x64, 0x10, 0x64, 0x10, 0x64, 0x10, 0x64, 0x10, 0x64, 0x10, 0x64, 0x10, 0x64, 0x10, 0x64, 0x10, 0x64, 0x10, 0x64, 0x10, 0x64, 0x10, 0x64, 0x10, 0x64, 0x10, 0x64, 0x10, 0x64, 0x10, 0x64, 0x10,
    0x64, 0x10, 0x64, 0x10, 0x64, 0x10, 0x64, 0x10, 0x64, 0x10, 0x64, 0x10, 0x64, 0x10, 0x64, 0x10, 0x64, 0x10, 0x64, 0x10, 0x64, 0x10, 0x64, 0x10, 0x64, 0x10, 0x64, 0x10, 0x64, 0x10, 0x64, 0x10,
    0x64, 0x10, 0x64, 0x10, 0x64, 0x10, 0x64, 0x10, 0x64, 0x10, 0x64, 0x10, 0x64, 0x10, 0x64, 0x10, 0x64, 0x10, 0x64, 0x10, 0x64, 0x10, 0x64, 0x10, 0x64, 0x10, 0x64, 0x10, 0x64, 0x10, 0x64, 0x10,
    0x64, 0x10, 0x64, 0x10, 0x64, 0x10, 0x64, 0x10, 0x64, 0x10, 0x64, 0x10, 0x64, 0x10, 0x64, 0x10, 0x64, 0x10, 0x64, 0x10, 0x64, 0x10, 0x64, 0x10, 0x64, 0x10, 0x64, 0x10, 0x64, 0x10, 0x64, 0x10,
    0x64, 0x10, 0x64, 0x10, 0x64, 0x10, 0x64, 0x10, 0x64, 0x10, 0x64, 0x10, 0x64, 0x10, 0x64, 0x10, 0x64, 0x10, 0x64, 0x10, 0x64, 0x10, 0x64, 0x10, 0x64, 0x10, 0x64, 0x10, 0x64, 0x10, 0x64, 0x10,
    0x64, 0x10, 0x64, 0x10, 0x64, 0x10, 0x64, 0x10, 0x64, 0x10, 0x64, 0x10, 0x64, 0x10, 0x64, 0x10, 0x64, 0x10, 0x64, 0x10, 0x64, 0x10, 0x64, 0x10, 0x64, 0x10, 0x64, 0x10, 0x64, 0x10, 0x64, 0x10,
    0x64, 0x10, 0x64, 0x10, 0x64, 0x10, 0x64, 0x10, 0x64, 0x10, 0x64, 0x10, 0x64, 0x10, 0x64, 0x10, 0x64, 0x10, 0x64, 0x10, 0x64, 0x10, 0x64, 0x10, 0x64, 0x10, 0x64, 0x10, 0x64, 0x10, 0x64, 0x10,
    0x64, 0x10, 0x64, 0x10, 0x64, 0x10, 0x64, 0x10, 0x64, 0x10, 0x64, 0x10, 0x64, 0x10, 0x64, 0x10, 0x64, 0x10, 0x64, 0x10, 0x64, 0x10, 0x64, 0x10, 0x64, 0x10, 0x64, 0x18, 0x64, 0x18, 0x63, 0x30,
    0x63, 0x30, 0x43, 0x40, 0x43, 0x40, 0x43, 0x58, 0x43, 0x58, 0x00, 0xe0, 0x00, 0xe0, 0x00, 0xe8, 0x00, 0xe8, 0x42, 0x68, 0x42, 0x68, 0x42, 0x68, 0x42, 0x68, 0x42, 0x68, 0x42, 0x68, 0x42, 0x68,
    0x42, 0x68, 0x00, 0xe8, 0x00, 0xe8, 0x00, 0xe8, 0x00, 0xe8, 0x22, 0x88, 0x22, 0x88, 0x22, 0x90, 0x22, 0x90, 0x00, 0xf0, 0x00, 0xf0, 0x00, 0xe8, 0x00, 0xe8, 0x00, 0xe8, 0x00, 0xe8, 0x00, 0xe8,
    0x00, 0xe8, 0x22, 0x88, 0x22, 0x88, 0x42, 0x78, 0x42, 0x78, 0x00, 0xe8, 0x00, 0xe8, 0x00, 0xe8, 0x00, 0xe8, 0x22, 0x80, 0x22, 0x80, 0x22, 0x80, 0x22, 0x80, 0x00, 0xe8, 0x00, 0xe8, 0x00, 0xe0,
    0x00, 0xe0, 0x43, 0x50, 0x43, 0x50, 0x43, 0x40, 0x43, 0x40, 0x63, 0x20, 0x63, 0x20, 0x64, 0x18, 0x64, 0x18, 0x63, 0x28, 0x63, 0x28, 0x43, 0x40, 0x43, 0x40, 0x43, 0x58, 0x43, 0x58, 0x00, 0xe8,
    0x00, 0xe8, 0x00, 0xe8, 0x00, 0xe8, 0x42, 0x70, 0x42, 0x70, 0x42, 0x78, 0x42, 0x78, 0x42, 0x78, 0x42, 0x78, 0x42, 0x70, 0x42, 0x70, 0x00, 0xe8, 0x00, 0xe8, 0x00, 0xe8, 0x00, 0xe8, 0x43, 0x58,
    0x43, 0x58, 0x43, 0x40, 0x43, 0x40, 0x63, 0x28, 0x63, 0x28, 0x64, 0x18, 0x64, 0x18, 0x64, 0x10, 0x64, 0x10, 0x64, 0x10, 0x64, 0x10, 0x64, 0x10, 0x64, 0x10, 0x64, 0x10, 0x64, 0x10, 0x64, 0x10,
    0x64, 0x10, 0x64, 0x10, 0x64, 0x10, 0x64, 0x10, 0x64, 0x10, 0x64, 0x10, 0x64, 0x10, 0x64, 0x10, 0x64, 0x10, 0x64, 0x10, 0x64, 0x10, 0x64, 0x10, 0x64, 0x10, 0x64, 0x10, 0x64, 0x10, 0x64, 0x10,
    0x64, 0x10, 0x64, 0x10, 0x64, 0x10, 0x64, 0x10, 0x64, 0x10, 0x64, 0x10, 0x64, 0x10, 0x64, 0x10, 0x64, 0x10, 0x64, 0x10, 0x64, 0x10, 0x64, 0x10, 0x64, 0x10, 0x64, 0x10, 0x64, 0x10, 0x64, 0x10,
    0x64, 0x10, 0x64, 0x10, 0x64, 0x10, 0x64, 0x10, 0x64, 0x10, 0x64, 0x10, 0x64, 0x10, 0x64, 0x10, 0x64, 0x10, 0x64, 0x10, 0x64, 0x10, 0x64, 0x10, 0x64, 0x10, 0x64, 0x10, 0x64, 0x10, 0x64, 0x10,
    0x64, 0x10, 0x64, 0x10, 0x64, 0x10, 0x64, 0x10, 0x64, 0x10, 0x64, 0x10, 0x64, 0x10, 0x64, 0x10, 0x64, 0x10, 0x64, 0x10, 0x64, 0x10, 0x64, 0x10, 0x64, 0x10, 0x64, 0x10, 0x64, 0x10, 0x64, 0x10,
    0x64, 0x10, 0x64, 0x10, 0x64, 0x10, 0x64, 0x10, 0x64, 0x10, 0x64, 0x10, 0x64, 0x10, 0x64, 0x10, 0x64, 0x10, 0x64, 0x10, 0x64, 0x10, 0x64, 0x10, 0x64, 0x10, 0x64, 0x10, 0x64, 0x10, 0x64, 0x10,
    0x64, 0x10, 0x64, 0x10, 0x64, 0x10, 0x64, 0x10, 0x64, 0x10, 0x64, 0x10, 0x64, 0x10, 0x64, 0x10, 0x64, 0x10, 0x64, 0x10, 0x64, 0x10, 0x64, 0x10, 0x64, 0x10, 0x64, 0x10, 0x64, 0x10, 0x64, 0x10,
    0x64, 0x10, 0x64, 0x10, 0x64, 0x10, 0x64, 0x10, 0x64, 0x10, 0x64, 0x10, 0x64, 0x10, 0x64, 0x10, 0x64, 0x10, 0x64, 0x10, 0x64, 0x10, 0x64, 0x10, 0x64, 0x10, 0x64, 0x10, 0x64, 0x10, 0x64, 0x10,
    0x64, 0x10, 0x64, 0x10, 0x64, 0x10, 0x64, 0x10, 0x64, 0x10, 0x64, 0x10, 0x64, 0x10, 0x64, 0x10, 0x64, 0x10, 0x64, 0x10, 0x64, 0x10, 0x64, 0x10, 0x64, 0x10, 0x64, 0x10, 0x64, 0x10, 0x64, 0x10,
    0x64, 0x10, 0x64, 0x10, 0x64, 0x10, 0x64, 0x10, 0x64, 0x10, 0x64, 0x10, 0x64, 0x10, 0x64, 0x10, 0x64, 0x10, 0x64, 0x10, 0x64, 0x10, 0x64, 0x10, 0x64, 0x10, 0x64, 0x10, 0x64, 0x10, 0x64, 0x10,
    0x64, 0x10, 0x64, 0x10, 0x64, 0x10, 0x64, 0x10, 0x64, 0x10, 0x64, 0x10, 0x64, 0x10, 0x64, 0x10, 0x64, 0x10, 0x64, 0x10, 0x64, 0x10, 0x64, 0x10, 0x64, 0x10, 0x64, 0x10, 0x64, 0x10, 0x64, 0x10,
    0x64, 0x10, 0x64, 0x10, 0x64, 0x10, 0x64, 0x10, 0x64, 0x10, 0x64, 0x10, 0x64, 0x10, 0x64, 0x10, 0x64, 0x10, 0x64, 0x10, 0x64, 0x10, 0x64, 0x10, 0x64, 0x10, 0x64, 0x10, 0x64, 0x10, 0x64, 0x10,
    0x64, 0x10, 0x64, 0x10, 0x64, 0x10, 0x64, 0x10, 0x64, 0x10, 0x64, 0x18, 0x64, 0x18, 0x63, 0x30, 0x63, 0x30, 0x43, 0x40, 0x43, 0x40, 0x43, 0x58, 0x43, 0x58, 0x00, 0xe0, 0x00, 0xe0, 0x00, 0xe8,
    0x00, 0xe8, 0x42, 0x68, 0x42, 0x68, 0x42, 0x68, 0x42, 0x68, 0x42, 0x68, 0x42, 0x68, 0x42, 0x68, 0x42, 0x68, 0x00, 0xe8, 0x00, 0xe8, 0x00, 0xe8, 0x00, 0xe8, 0x22, 0x88, 0x22, 0x88, 0x22, 0x90,
    0x22, 0x90, 0x00, 0xf0, 0x00, 0xf0, 0x00, 0xe8, 0x00, 0xe8, 0x00, 0xe8, 0x00, 0xe8, 0x00, 0xe8, 0x00, 0xe8, 0x22, 0x88, 0x22, 0x88, 0x42, 0x78, 0x42, 0x78, 0x00, 0xe8, 0x00, 0xe8, 0x00, 0xe8,
    0x00, 0xe8, 0x22, 0x80, 0x22, 0x80, 0x22, 0x80, 0x22, 0x80, 0x00, 0xe8, 0x00, 0xe8, 0x00, 0xe0, 0x00, 0xe0, 0x43, 0x50, 0x43, 0x50, 0x43, 0x40, 0x43, 0x40, 0x63, 0x20, 0x63, 0x20, 0x64, 0x18,
    0x64, 0x18, 0x63, 0x28, 0x63, 0x28, 0x43, 0x40, 0x43, 0x40, 0x43, 0x58, 0x43, 0x58, 0x00, 0xe8, 0x00, 0xe8, 0x00, 0xe8, 0x00, 0xe8, 0x42, 0x70, 0x42, 0x70, 0x42, 0x78, 0x42, 0x78, 0x42, 0x78,
    0x42, 0x78, 0x42, 0x70, 0x42, 0x70, 0x00, 0xe8, 0x00, 0xe8, 0x00, 0xe8, 0x00, 0xe8, 0x43, 0x58, 0x43, 0x58, 0x43, 0x40, 0x43, 0x40, 0x63, 0x28, 0x63, 0x28, 0x64, 0x18, 0x64, 0x18, 0x64, 0x10,
    0x64, 0x10, 0x64, 0x10, 0x64, 0x10, 0x64, 0x10, 0x64, 0x10, 0x64, 0x10, 0x64, 0x10, 0x64, 0x10, 0x64, 0x10, 0x64, 0x10, 0x64, 0x10, 0x64, 0x10, 0x64, 0x10, 0x64, 0x10, 0x64, 0x10, 0x64, 0x10,
    0x64, 0x10, 0x64, 0x10, 0x64, 0x10, 0x64, 0x10, 0x64, 0x10, 0x64, 0x10, 0x64, 0x10, 0x64, 0x10, 0x64, 0x10, 0x64, 0x10, 0x64, 0x10, 0x64, 0x10, 0x64, 0x10, 0x64, 0x10, 0x64, 0x10, 0x64, 0x10,
    0x64, 0x10, 0x64, 0x10, 0x64, 0x10, 0x64, 0x10, 0x64, 0x10, 0x64, 0x10, 0x64, 0x10, 0x64, 0x10, 0x64, 0x10, 0x64, 0x10, 0x64, 0x10, 0x64, 0x10, 0x64, 0x10, 0x64, 0x10, 0x64, 0x10, 0x64, 0x10,
    0x64, 0x10, 0x64, 0x10, 0x64, 0x10, 0x64, 0x10, 0x64, 0x10, 0x64, 0x10, 0x64, 0x10, 0x64, 0x10, 0x64, 0x10, 0x64, 0x10, 0x64, 0x10, 0x64, 0x10, 0x64, 0x10, 0x64, 0x10, 0x64, 0x10, 0x64, 0x10,
    0x64, 0x10, 0x64, 0x10, 0x64, 0x10, 0x64, 0x10, 0x64, 0x10, 0x64, 0x10, 0x64, 0x10, 0x64, 0x10, 0x64, 0x10, 0x64, 0x10, 0x64, 0x10, 0x64, 0x10, 0x64, 0x10, 0x64, 0x10, 0x64, 0x10, 0x64, 0x10,
    0x64, 0x10, 0x64, 0x10, 0x64, 0x10, 0x64, 0x10, 0x64, 0x10, 0x64, 0x10, 0x64, 0x10, 0x64, 0x10, 0x64, 0x10, 0x64, 0x10, 0x64, 0x10, 0x64, 0x10, 0x64, 0x10, 0x64, 0x10, 0x64, 0x10, 0x64, 0x10,
    0x64, 0x10, 0x64, 0x10, 0x64, 0x10, 0x64, 0x10, 0x64, 0x10, 0x64, 0x10, 0x64, 0x10, 0x64, 0x10, 0x64, 0x10, 0x64, 0x10, 0x64, 0x10, 0x64, 0x10, 0x64, 0x10, 0x64, 0x10, 0x64, 0x10, 0x64, 0x10,
    0x64, 0x10, 0x64, 0x10, 0x64, 0x10, 0x64, 0x10, 0x64, 0x10, 0x64, 0x10, 0x64, 0x10, 0x64, 0x10, 0x64, 0x10, 0x64, 0x10, 0x64, 0x10, 0x64, 0x10, 0x64, 0x10, 0x64, 0x10, 0x64, 0x10, 0x64, 0x10,
    0x64, 0x10, 0x64, 0x10, 0x64, 0x10, 0x64, 0x10, 0x64, 0x10, 0x64, 0x10, 0x64, 0x10, 0x64, 0x10, 0x64, 0x10, 0x64, 0x10, 0x64, 0x10, 0x64, 0x10, 0x64, 0x10, 0x64, 0x10, 0x64, 0x10, 0x64, 0x10,
    0x64, 0x10, 0x64, 0x10, 0x64, 0x10, 0x64, 0x10, 0x64, 0x10, 0x64, 0x10, 0x64, 0x10, 0x64, 0x10, 0x64, 0x10, 0x64, 0x10, 0x64, 0x10, 0x64, 0x10, 0x64, 0x10, 0x64, 0x10, 0x64, 0x10, 0x64, 0x10,
    0x64, 0x10, 0x64, 0x10, 0x64, 0x10, 0x64, 0x10, 0x64, 0x10, 0x64, 0x10, 0x64, 0x10, 0x64, 0x10, 0x64, 0x10, 0x64, 0x10, 0x64, 0x10, 0x64, 0x10, 0x64, 0x10, 0x64, 0x10, 0x64, 0x10, 0x64, 0x10,
    0x64, 0x10, 0x64, 0x10, 0x64, 0x10, 0x64, 0x10, 0x64, 0x10, 0x64, 0x10, 0x64, 0x10, 0x64, 0x10, 0x64, 0x10, 0x64, 0x10, 0x64, 0x10, 0x64, 0x10, 0x64, 0x10, 0x64, 0x18, 0x64, 0x18, 0x43, 0x38,
    0x43, 0x38, 0x43, 0x48, 0x43, 0x48, 0x00, 0xe0, 0x00, 0xe0, 0x00, 0xe8, 0x00, 0xe8, 0x42, 0x68, 0x42, 0x68, 0x42, 0x68, 0x42, 0x68, 0x42, 0x58, 0x42, 0x58, 0x42, 0x58, 0x42, 0x58, 0x42, 0x68,
    0x42, 0x68, 0x42, 0x68, 0x42, 0x68, 0x00, 0xe8, 0x00, 0xe8, 0x00, 0xe8, 0x00, 0xe8, 0x21, 0xa0, 0x21, 0xa0, 0x00, 0xf0, 0x00, 0xf0, 0x00, 0xf0, 0x00, 0xf0, 0x00, 0xf0, 0x00, 0xf0, 0x00, 0xf0,
    0x00, 0xf0, 0x21, 0xa0, 0x21, 0xa0, 0x22, 0x90, 0x22, 0x90, 0x00, 0xe8, 0x00, 0xe8, 0x00, 0xe8, 0x00, 0xe8, 0x22, 0x88, 0x22, 0x88, 0x22, 0x88, 0x22, 0x88, 0x00, 0xe8, 0x00, 0xe8, 0x00, 0xe8,
    0x00, 0xe8, 0x43, 0x58, 0x43, 0x58, 0x43, 0x40, 0x43, 0x40, 0x63, 0x28, 0x63, 0x28, 0x64, 0x10, 0x64, 0x10, 0x63, 0x20, 0x63, 0x20, 0x43, 0x38, 0x43, 0x38, 0x43, 0x58, 0x43, 0x58, 0x00, 0xe8,
    0x00, 0xe8, 0x00, 0xe8, 0x00, 0xe8, 0x00, 0xe8, 0x00, 0xe8, 0x21, 0x90, 0x21, 0x90, 0x21, 0x90, 0x21, 0x90, 0x00, 0xe8, 0x00, 0xe8, 0x00, 0xe8, 0x00, 0xe8, 0x00, 0xe8, 0x00, 0xe8, 0x43, 0x58,
    0x43, 0x58, 0x43, 0x38, 0x43, 0x38, 0x63, 0x20, 0x63, 0x20, 0x64, 0x10, 0x64, 0x10, 0x64, 0x10, 0x64, 0x10, 0x64, 0x10, 0x64, 0x10, 0x64, 0x10, 0x64, 0x10, 0x64, 0x10, 0x64, 0x10, 0x64, 0x10,
    0x64, 0x10, 0x64, 0x10, 0x64, 0x10, 0x64, 0x10, 0x64, 0x10, 0x64, 0x10, 0x64, 0x10, 0x64, 0x10, 0x64, 0x10, 0x64, 0x10, 0x64, 0x10, 0x64, 0x10, 0x64, 0x10, 0x64, 0x10, 0x64, 0x10, 0x64, 0x10,
    0x64, 0x10, 0x64, 0x10, 0x64, 0x10, 0x64, 0x10, 0x64, 0x10, 0x64, 0x10, 0x64, 0x10, 0x64, 0x10, 0x64, 0x10, 0x64, 0x10, 0x64, 0x10, 0x64, 0x10, 0x64, 0x10, 0x64, 0x10, 0x64, 0x10, 0x64, 0x10,
    0x64, 0x10, 0x64, 0x10, 0x64, 0x10, 0x64, 0x10, 0x64, 0x10, 0x64, 0x10, 0x64, 0x10, 0x64, 0x10, 0x64, 0x10, 0x64, 0x10, 0x64, 0x10, 0x64, 0x10, 0x64, 0x10, 0x64, 0x10, 0x64, 0x10, 0x64, 0x10,
    0x64, 0x10, 0x64, 0x10, 0x64, 0x10, 0x64, 0x10, 0x64, 0x10, 0x64, 0x10, 0x64, 0x10, 0x64, 0x10, 0x64, 0x10, 0x64, 0x10, 0x64, 0x10, 0x64, 0x10, 0x64, 0x10, 0x64, 0x10, 0x64, 0x10, 0x64, 0x10,
    0x64, 0x10, 0x64, 0x10, 0x64, 0x10, 0x64, 0x10, 0x64, 0x10, 0x64, 0x10, 0x64, 0x10, 0x64, 0x10, 0x64, 0x10, 0x64, 0x10, 0x64, 0x10, 0x64, 0x10, 0x64, 0x10, 0x64, 0x10, 0x64, 0x10, 0x64, 0x10,
    0x64, 0x10, 0x64, 0x10, 0x64, 0x10, 0x64, 0x10, 0x64, 0x10, 0x64, 0x10, 0x64, 0x10, 0x64, 0x10, 0x64, 0x10, 0x64, 0x10, 0x64, 0x10, 0x64, 0x10, 0x64, 0x10, 0x64, 0x10, 0x64, 0x10, 0x64, 0x10,
    0x64, 0x10, 0x64, 0x10, 0x64, 0x10, 0x64, 0x10, 0x64, 0x10, 0x64, 0x10, 0x64, 0x10, 0x64, 0x10, 0x64, 0x10, 0x64, 0x10, 0x64, 0x10, 0x64, 0x10, 0x64, 0x10, 0x64, 0x10, 0x64, 0x10, 0x64, 0x10,
    0x64, 0x10, 0x64, 0x10, 0x64, 0x10, 0x64, 0x10, 0x64, 0x10, 0x64, 0x10, 0x64, 0x10, 0x64, 0x10, 0x64, 0x10, 0x64, 0x10, 0x64, 0x10, 0x64, 0x10, 0x64, 0x10, 0x64, 0x10, 0x64, 0x10, 0x64, 0x10,
    0x64, 0x10, 0x64, 0x10, 0x64, 0x10, 0x64, 0x10, 0x64, 0x10, 0x64, 0x10, 0x64, 0x10, 0x64, 0x10, 0x64, 0x10, 0x64, 0x10, 0x64, 0x10, 0x64, 0x10, 0x64, 0x10, 0x64, 0x10, 0x64, 0x10, 0x64, 0x10,
    0x64, 0x10, 0x64, 0x10, 0x64, 0x10, 0x64, 0x10, 0x64, 0x10, 0x64, 0x10, 0x64, 0x10, 0x64, 0x10, 0x64, 0x10, 0x64, 0x10, 0x64, 0x10, 0x64, 0x10, 0x64, 0x10, 0x64, 0x10, 0x64, 0x10, 0x64, 0x10,
    0x64, 0x10, 0x64, 0x10, 0x64, 0x10, 0x64, 0x10, 0x64, 0x10, 0x64, 0x10, 0x64, 0x10, 0x64, 0x10, 0x64, 0x10, 0x64, 0x10, 0x64, 0x10, 0x64, 0x10, 0x64, 0x10, 0x64, 0x10, 0x64, 0x10, 0x64, 0x10,
    0x64, 0x10, 0x64, 0x10, 0x64, 0x10, 0x64, 0x10, 0x64, 0x10, 0x64, 0x18, 0x64, 0x18, 0x43, 0x38, 0x43, 0x38, 0x43, 0x48, 0x43, 0x48, 0x00, 0xe0, 0x00, 0xe0, 0x00, 0xe8, 0x00, 0xe8, 0x42, 0x68,
    0x42, 0x68, 0x42, 0x68, 0x42, 0x68, 0x42, 0x58, 0x42, 0x58, 0x42, 0x58, 0x42, 0x58, 0x42, 0x68, 0x42, 0x68, 0x42, 0x68, 0x42, 0x68, 0x00, 0xe8, 0x00, 0xe8, 0x00, 0xe8, 0x00, 0xe8, 0x21, 0xa0,
    0x21, 0xa0, 0x00, 0xf0, 0x00, 0xf0, 0x00, 0xf0, 0x00, 0xf0, 0x00, 0xf0, 0x00, 0xf0, 0x00, 0xf0, 0x00, 0xf0, 0x21, 0xa0, 0x21, 0xa0, 0x22, 0x90, 0x22, 0x90, 0x00, 0xe8, 0x00, 0xe8, 0x00, 0xe8,
    0x00, 0xe8, 0x22, 0x88, 0x22, 0x88, 0x22, 0x88, 0x22, 0x88, 0x00, 0xe8, 0x00, 0xe8, 0x00, 0xe8, 0x00, 0xe8, 0x43, 0x58, 0x43, 0x58, 0x43, 0x40, 0x43, 0x40, 0x63, 0x28, 0x63, 0x28, 0x64, 0x10,
    0x64, 0x10, 0x63, 0x20, 0x63, 0x20, 0x43, 0x38, 0x43, 0x38, 0x43, 0x58, 0x43, 0x58, 0x00, 0xe8, 0x00, 0xe8, 0x00, 0xe8, 0x00, 0xe8, 0x00, 0xe8, 0x00, 0xe8, 0x21, 0x90, 0x21, 0x90, 0x21, 0x90,
    0x21, 0x90, 0x00, 0xe8, 0x00, 0xe8, 0x00, 0xe8, 0x00, 0xe8, 0x00, 0xe8, 0x00, 0xe8, 0x43, 0x58, 0x43, 0x58, 0x43, 0x38, 0x43, 0x38, 0x63, 0x20, 0x63, 0x20, 0x64, 0x10, 0x64, 0x10, 0x64, 0x10,
    0x64, 0x10, 0x64, 0x10, 0x64, 0x10, 0x64, 0x10, 0x64, 0x10, 0x64, 0x10, 0x64, 0x10, 0x64, 0x10, 0x64, 0x10, 0x64, 0x10, 0x64, 0x10, 0x64, 0x10, 0x64, 0x10, 0x64, 0x10, 0x64, 0x10, 0x64, 0x10,
    0x64, 0x10, 0x64, 0x10, 0x64, 0x10, 0x64, 0x10, 0x64, 0x10, 0x64, 0x10, 0x64, 0x10, 0x64, 0x10, 0x64, 0x10, 0x64, 0x10, 0x64, 0x10, 0x64, 0x10, 0x64, 0x10, 0x64, 0x10, 0x64, 0x10, 0x64, 0x10,
    0x64, 0x10, 0x64, 0x10, 0x64, 0x10, 0x64, 0x10, 0x64, 0x10, 0x64, 0x10, 0x64, 0x10, 0x64, 0x10, 0x64, 0x10, 0x64, 0x10, 0x64, 0x10, 0x64, 0x10, 0x64, 0x10, 0x64, 0x10, 0x64, 0x10, 0x64, 0x10,
    0x64, 0x10, 0x64, 0x10, 0x64, 0x10, 0x64, 0x10, 0x64, 0x10, 0x64, 0x10, 0x64, 0x10, 0x64, 0x10, 0x64, 0x10, 0x64, 0x10, 0x64, 0x10, 0x64, 0x10, 0x64, 0x10, 0x64, 0x10, 0x64, 0x10, 0x64, 0x10,
    0x64, 0x10, 0x64, 0x10, 0x64, 0x10, 0x64, 0x10, 0x64, 0x10, 0x64, 0x10, 0x64, 0x10, 0x64, 0x10, 0x64, 0x10, 0x64, 0x10, 0x64, 0x10, 0x64, 0x10, 0x64, 0x10, 0x64, 0x10, 0x64, 0x10, 0x64, 0x10,
    0x64, 0x10, 0x64, 0x10, 0x64, 0x10, 0x64, 0x10, 0x64, 0x10, 0x64, 0x10, 0x64, 0x10, 0x64, 0x10, 0x64, 0x10, 0x64, 0x10, 0x64, 0x10, 0x64, 0x10, 0x64, 0x10, 0x64, 0x10, 0x64, 0x10, 0x64, 0x10,
    0x64, 0x10, 0x64, 0x10, 0x64, 0x10, 0x64, 0x10, 0x64, 0x10, 0x64, 0x10, 0x64, 0x10, 0x64, 0x10, 0x64, 0x10, 0x64, 0x10, 0x64, 0x10, 0x64, 0x10, 0x64, 0x10, 0x64, 0x10, 0x64, 0x10, 0x64, 0x10,
    0x64, 0x10, 0x64, 0x10, 0x64, 0x10, 0x64, 0x10, 0x64, 0x10, 0x64, 0x10, 0x64, 0x10, 0x64, 0x10, 0x64, 0x10, 0x64, 0x10, 0x64, 0x10, 0x64, 0x10, 0x64, 0x10, 0x64, 0x10, 0x64, 0x10, 0x64, 0x10,
    0x64, 0x10, 0x64, 0x10, 0x64, 0x10, 0x64, 0x10, 0x64, 0x10, 0x64, 0x10, 0x64, 0x10, 0x64, 0x10, 0x64, 0x10, 0x64, 0x10, 0x64, 0x10, 0x64, 0x10, 0x64, 0x10, 0x64, 0x10, 0x64, 0x10, 0x64, 0x10,
    0x64, 0x10, 0x64, 0x10, 0x64, 0x10, 0x64, 0x10, 0x64, 0x10, 0x64, 0x10, 0x64, 0x10, 0x64, 0x10, 0x64, 0x10, 0x64, 0x10, 0x64, 0x10, 0x64, 0x10, 0x64, 0x10, 0x64, 0x10, 0x64, 0x10, 0x64, 0x10,
    0x64, 0x10, 0x64, 0x10, 0x64, 0x10, 0x64, 0x10, 0x64, 0x10, 0x64, 0x10, 0x64, 0x10, 0x64, 0x10, 0x64, 0x10, 0x64, 0x10, 0x64, 0x10, 0x64, 0x10, 0x64, 0x10, 0x64, 0x10, 0x64, 0x10, 0x64, 0x10,
    0x64, 0x10, 0x64, 0x10, 0x64, 0x10, 0x64, 0x10, 0x64, 0x10, 0x64, 0x10, 0x64, 0x10, 0x64, 0x10, 0x64, 0x10, 0x64, 0x10, 0x64, 0x10, 0x64, 0x10, 0x64, 0x10, 0x63, 0x20, 0x63, 0x20, 0x43, 0x40,
    0x43, 0x40, 0x43, 0x50, 0x43, 0x50, 0x00, 0xe8, 0x00, 0xe8, 0x00, 0xe8, 0x00, 0xe8, 0x42, 0x60, 0x42, 0x60, 0x43, 0x58, 0x43, 0x58, 0x43, 0x40, 0x43, 0x40, 0x43, 0x40, 0x43, 0x40, 0x43, 0x58,
    0x43, 0x58, 0x42, 0x60, 0x42, 0x60, 0x00, 0xe8, 0x00, 0xe8, 0x00, 0xf0, 0x00, 0xf0, 0x21, 0xa0, 0x21, 0xa0, 0x00, 0xf0, 0x00, 0xf0, 0x00, 0xf0, 0x00, 0xf0, 0x21, 0xa0, 0x21, 0xa0, 0x00, 0xf0,
    0x00, 0xf0, 0x00, 0xf0, 0x00, 0xf0, 0x21, 0xa0, 0x21, 0xa0, 0x00, 0xe8, 0x00, 0xe8, 0x00, 0xe8, 0x00, 0xe8, 0x22, 0x90, 0x22, 0x90, 0x22, 0x88, 0x22, 0x88, 0x00, 0xe8, 0x00, 0xe8, 0x00, 0xe8,
    0x00, 0xe8, 0x43, 0x58, 0x43, 0x58, 0x43, 0x40, 0x43, 0x40, 0x63, 0x28, 0x63, 0x28, 0x64, 0x10, 0x64, 0x10, 0x64, 0x18, 0x64, 0x18, 0x63, 0x30, 0x63, 0x30, 0x43, 0x48, 0x43, 0x48, 0x42, 0x60,
    0x42, 0x60, 0x00, 0xe8, 0x00, 0xe8, 0x00, 0xe8, 0x00, 0xe8, 0x00, 0xf0, 0x00, 0xf0, 0x00, 0xf0, 0x00, 0xf0, 0x00, 0xe8, 0x00, 0xe8, 0x00, 0xe8, 0x00, 0xe8, 0x42, 0x60, 0x42, 0x60, 0x43, 0x48,
    0x43, 0x48, 0x63, 0x30, 0x63, 0x30, 0x64, 0x18, 0x64, 0x18, 0x64, 0x10, 0x64, 0x10, 0x64, 0x10, 0x64, 0x10, 0x64, 0x10, 0x64, 0x10, 0x64, 0x10, 0x64, 0x10, 0x64, 0x10, 0x64, 0x10, 0x64, 0x10,
    0x64, 0x10, 0x64, 0x10, 0x64, 0x10, 0x64, 0x10, 0x64, 0x10, 0x64, 0x10, 0x64, 0x10, 0x64, 0x10, 0x64, 0x10, 0x64, 0x10, 0x64, 0x10, 0x64, 0x10, 0x64, 0x10, 0x64, 0x10, 0x64, 0x10, 0x64, 0x10,
    0x64, 0x10, 0x64, 0x10, 0x64, 0x10, 0x64, 0x10, 0x64, 0x10, 0x64, 0x10, 0x64, 0x10, 0x64, 0x10, 0x64, 0x10, 0x64, 0x10, 0x64, 0x10, 0x64, 0x10, 0x64, 0x10, 0x64, 0x10, 0x64, 0x10, 0x64, 0x10,
    0x64, 0x10, 0x64, 0x10, 0x64, 0x10, 0x64, 0x10, 0x64, 0x10, 0x64, 0x10, 0x64, 0x10, 0x64, 0x10, 0x64, 0x10, 0x64, 0x10, 0x64, 0x10, 0x64, 0x10, 0x64, 0x10, 0x64, 0x10, 0x64, 0x10, 0x64, 0x10,
    0x64, 0x10, 0x64, 0x10, 0x64, 0x10, 0x64, 0x10, 0x64, 0x10, 0x64, 0x10, 0x64, 0x10, 0x64, 0x10, 0x64, 0x10, 0x64, 0x10, 0x64, 0x10, 0x64, 0x10, 0x64, 0x10, 0x64, 0x10, 0x64, 0x10, 0x64, 0x10,
    0x64, 0x10, 0x64, 0x10, 0x64, 0x10, 0x64, 0x10, 0x64, 0x10, 0x64, 0x10, 0x64, 0x10, 0x64, 0x10, 0x64, 0x10, 0x64, 0x10, 0x64, 0x10, 0x64, 0x10, 0x64, 0x10, 0x64, 0x10, 0x64, 0x10, 0x64, 0x10,
    0x64, 0x10, 0x64, 0x10, 0x64, 0x10, 0x64, 0x10, 0x64, 0x10, 0x64, 0x10, 0x64, 0x10, 0x64, 0x10, 0x64, 0x10, 0x64, 0x10, 0x64, 0x10, 0x64, 0x10, 0x64, 0x10, 0x64, 0x10, 0x64, 0x10, 0x64, 0x10,
    0x64, 0x10, 0x64, 0x10, 0x64, 0x10, 0x64, 0x10, 0x64, 0x10, 0x64, 0x10, 0x64, 0x10, 0x64, 0x10, 0x64, 0x10, 0x64, 0x10, 0x64, 0x10, 0x64, 0x10, 0x64, 0x10, 0x64, 0x10, 0x64, 0x10, 0x64, 0x10,
    0x64, 0x10, 0x64, 0x10, 0x64, 0x10, 0x64, 0x10, 0x64, 0x10, 0x64, 0x10, 0x64, 0x10, 0x64, 0x10, 0x64, 0x10, 0x64, 0x10, 0x64, 0x10, 0x64, 0x10, 0x64, 0x10, 0x64, 0x10, 0x64, 0x10, 0x64, 0x10,
    0x64, 0x10, 0x64, 0x10, 0x64, 0x10, 0x64, 0x10, 0x64, 0x10, 0x64, 0x10, 0x64, 0x10, 0x64, 0x10, 0x64, 0x10, 0x64, 0x10, 0x64, 0x10, 0x64, 0x10, 0x64, 0x10, 0x64, 0x10, 0x64, 0x10, 0x64, 0x10,
    0x64, 0x10, 0x64, 0x10, 0x64, 0x10, 0x64, 0x10, 0x64, 0x10, 0x64, 0x10, 0x64, 0x10, 0x64, 0x10, 0x64, 0x10, 0x64, 0x10, 0x64, 0x10, 0x64, 0x10, 0x64, 0x10, 0x64, 0x10, 0x64, 0x10, 0x64, 0x10,
    0x64, 0x10, 0x64, 0x10, 0x64, 0x10, 0x64, 0x10, 0x64, 0x10, 0x64, 0x10, 0x64, 0x10, 0x64, 0x10, 0x64, 0x10, 0x64, 0x10, 0x64, 0x10, 0x64, 0x10, 0x64, 0x10, 0x64, 0x10, 0x64, 0x10, 0x64, 0x10,
    0x64, 0x10, 0x64, 0x10, 0x64, 0x10, 0x64, 0x10, 0x64, 0x10, 0x63, 0x20, 0x63, 0x20, 0x43, 0x40, 0x43, 0x40, 0x43, 0x50, 0x43, 0x50, 0x00, 0xe8, 0x00, 0xe8, 0x00, 0xe8, 0x00, 0xe8, 0x42, 0x60,
    0x42, 0x60, 0x43, 0x58, 0x43, 0x58, 0x43, 0x40, 0x43, 0x40, 0x43, 0x40, 0x43, 0x40, 0x43, 0x58, 0x43, 0x58, 0x42, 0x60, 0x42, 0x60, 0x00, 0xe8, 0x00, 0xe8, 0x00, 0xf0, 0x00, 0xf0, 0x21, 0xa0,
    0x21, 0xa0, 0x00, 0xf0, 0x00, 0xf0, 0x00, 0xf0, 0x00, 0xf0, 0x21, 0xa0, 0x21, 0xa0, 0x00, 0xf0, 0x00, 0xf0, 0x00, 0xf0, 0x00, 0xf0, 0x21, 0xa0, 0x21, 0xa0, 0x00, 0xe8, 0x00, 0xe8, 0x00, 0xe8,
    0x00, 0xe8, 0x22, 0x90, 0x22, 0x90, 0x22, 0x88, 0x22, 0x88, 0x00, 0xe8, 0x00, 0xe8, 0x00, 0xe8, 0x00, 0xe8, 0x43, 0x58, 0x43, 0x58, 0x43, 0x40, 0x43, 0x40, 0x63, 0x28, 0x63, 0x28, 0x64, 0x10,
    0x64, 0x10, 0x64, 0x18, 0x64, 0x18, 0x63, 0x30, 0x63, 0x30, 0x43, 0x48, 0x43, 0x48, 0x42, 0x60, 0x42, 0x60, 0x00, 0xe8, 0x00, 0xe8, 0x00, 0xe8, 0x00, 0xe8, 0x00, 0xf0, 0x00, 0xf0, 0x00, 0xf0,
    0x00, 0xf0, 0x00, 0xe8, 0x00, 0xe8, 0x00, 0xe8, 0x00, 0xe8, 0x42, 0x60, 0x42, 0x60, 0x43, 0x48, 0x43, 0x48, 0x63, 0x30, 0x63, 0x30, 0x64, 0x18, 0x64, 0x18, 0x64, 0x10, 0x64, 0x10, 0x64, 0x10,
    0x64, 0x10, 0x64, 0x10, 0x64, 0x10, 0x64, 0x10, 0x64, 0x10, 0x64, 0x10, 0x64, 0x10, 0x64, 0x10, 0x64, 0x10, 0x64, 0x10, 0x64, 0x10, 0x64, 0x10, 0x64, 0x10, 0x64, 0x10, 0x64, 0x10, 0x64, 0x10,
    0x64, 0x10, 0x64, 0x10, 0x64, 0x10, 0x64, 0x10, 0x64, 0x10, 0x64, 0x10, 0x64, 0x10, 0x64, 0x10, 0x64, 0x10, 0x64, 0x10, 0x64, 0x10, 0x64, 0x10, 0x64, 0x10, 0x64, 0x10, 0x64, 0x10, 0x64, 0x10,
    0x64, 0x10, 0x64, 0x10, 0x64, 0x10, 0x64, 0x10, 0x64, 0x10, 0x64, 0x10, 0x64, 0x10, 0x64, 0x10, 0x64, 0x10, 0x64, 0x10, 0x64, 0x10, 0x64, 0x10, 0x64, 0x10, 0x64, 0x10, 0x64, 0x10, 0x64, 0x10,
    0x64, 0x10, 0x64, 0x10, 0x64, 0x10, 0x64, 0x10, 0x64, 0x10, 0x64, 0x10, 0x64, 0x10, 0x64, 0x10, 0x64, 0x10, 0x64, 0x10, 0x64, 0x10, 0x64, 0x10, 0x64, 0x10, 0x64, 0x10, 0x64, 0x10, 0x64, 0x10,
    0x64, 0x10, 0x64, 0x10, 0x64, 0x10, 0x64, 0x10, 0x64, 0x10, 0x64, 0x10, 0x64, 0x10, 0x64, 0x10, 0x64, 0x10, 0x64, 0x10, 0x64, 0x10, 0x64, 0x10, 0x64, 0x10, 0x64, 0x10, 0x64, 0x10, 0x64, 0x10,
    0x64, 0x10, 0x64, 0x10, 0x64, 0x10, 0x64, 0x10, 0x64, 0x10, 0x64, 0x10, 0x64, 0x10, 0x64, 0x10, 0x64, 0x10, 0x64, 0x10, 0x64, 0x10, 0x64, 0x10, 0x64, 0x10, 0x64, 0x10, 0x64, 0x10, 0x64, 0x10,
    0x64, 0x10, 0x64, 0x10, 0x64, 0x10, 0x64, 0x10, 0x64, 0x10, 0x64, 0x10, 0x64, 0x10, 0x64, 0x10, 0x64, 0x10, 0x64, 0x10, 0x64, 0x10, 0x64, 0x10, 0x64, 0x10, 0x64, 0x10, 0x64, 0x10, 0x64, 0x10,
    0x64, 0x10, 0x64, 0x10, 0x64, 0x10, 0x64, 0x10, 0x64, 0x10, 0x64, 0x10, 0x64, 0x10, 0x64, 0x10, 0x64, 0x10, 0x64, 0x10, 0x64, 0x10, 0x64, 0x10, 0x64, 0x10, 0x64, 0x10, 0x64, 0x10, 0x64, 0x10,
    0x64, 0x10, 0x64, 0x10, 0x64, 0x10, 0x64, 0x10, 0x64, 0x10, 0x64, 0x10, 0x64, 0x10, 0x64, 0x10, 0x64, 0x10, 0x64, 0x10, 0x64, 0x10, 0x64, 0x10, 0x64, 0x10, 0x64, 0x10, 0x64, 0x10, 0x64, 0x10,
    0x64, 0x10, 0x64, 0x10, 0x64, 0x10, 0x64, 0x10, 0x64, 0x10, 0x64, 0x10, 0x64, 0x10, 0x64, 0x10, 0x64, 0x10, 0x64, 0x10, 0x64, 0x10, 0x64, 0x10, 0x64, 0x10, 0x64, 0x10, 0x64, 0x10, 0x64, 0x10,
    0x64, 0x10, 0x64, 0x10, 0x64, 0x10, 0x64, 0x10, 0x64, 0x10, 0x64, 0x10, 0x64, 0x10, 0x64, 0x10, 0x64, 0x10, 0x64, 0x10, 0x64, 0x10, 0x64, 0x10, 0x64, 0x10, 0x64, 0x10, 0x64, 0x10, 0x64, 0x10,
    0x64, 0x10, 0x64, 0x10, 0x64, 0x10, 0x64, 0x10, 0x64, 0x10, 0x64, 0x10, 0x64, 0x10, 0x64, 0x10, 0x64, 0x10, 0x64, 0x10, 0x64, 0x10, 0x64, 0x10, 0x64, 0x10, 0x63, 0x20, 0x63, 0x20, 0x43, 0x40,
    0x43, 0x40, 0x43, 0x50, 0x43, 0x50, 0x00, 0xe8, 0x00, 0xe8, 0x00, 0xe8, 0x00, 0xe8, 0x42, 0x58, 0x42, 0x58, 0x43, 0x48, 0x43, 0x48, 0x63, 0x28, 0x63, 0x28, 0x63, 0x28, 0x63, 0x28, 0x43, 0x48,
    0x43, 0x48, 0x42, 0x58, 0x42, 0x58, 0x00, 0xe8, 0x00, 0xe8, 0x00, 0xf0, 0x00, 0xf0, 0x21, 0xa0, 0x21, 0xa0, 0x00, 0xf0, 0x00, 0xf0, 0x00, 0xf0, 0x00, 0xf0, 0x21, 0xa0, 0x21, 0xa0, 0x00, 0xf0,
    0x00, 0xf0, 0x00, 0xf0, 0x00, 0xf0, 0x21, 0xa8, 0x21, 0xa8, 0x00, 0xf0, 0x00, 0xf0, 0x00, 0xf0, 0x00, 0xf0, 0x21, 0x90, 0x21, 0x90, 0x22, 0x88, 0x22, 0x88, 0x00, 0xe8, 0x00, 0xe8, 0x00, 0xe8,
    0x00, 0xe8, 0x43, 0x58, 0x43, 0x58, 0x43, 0x40, 0x43, 0x40, 0x63, 0x28, 0x63, 0x28, 0x64, 0x10, 0x64, 0x10, 0x64, 0x10, 0x64, 0x10, 0x63, 0x20, 0x63, 0x20, 0x43, 0x38, 0x43, 0x38, 0x43, 0x50,
    0x43, 0x50, 0x42, 0x70, 0x42, 0x70, 0x00, 0xe8, 0x00, 0xe8, 0x00, 0xf0, 0x00, 0xf0, 0x00, 0xf0, 0x00, 0xf0, 0x00, 0xe8, 0x00, 0xe8, 0x42, 0x70, 0x42, 0x70, 0x43, 0x50, 0x43, 0x50, 0x43, 0x38,
    0x43, 0x38, 0x63, 0x20, 0x63, 0x20, 0x64, 0x10, 0x64, 0x10, 0x64, 0x10, 0x64, 0x10, 0x64, 0x10, 0x64, 0x10, 0x64, 0x10, 0x64, 0x10, 0x64, 0x10, 0x64, 0x10, 0x64, 0x10, 0x64, 0x10, 0x64, 0x10,
    0x64, 0x10, 0x64, 0x10, 0x64, 0x10, 0x64, 0x10, 0x64, 0x10, 0x64, 0x10, 0x64, 0x10, 0x64, 0x10, 0x64, 0x10, 0x64, 0x10, 0x64, 0x10, 0x64, 0x10, 0x64, 0x10, 0x64, 0x10, 0x64, 0x10, 0x64, 0x10,
    0x64, 0x10, 0x64, 0x10, 0x64, 0x10, 0x64, 0x10, 0x64, 0x10, 0x64, 0x10, 0x64, 0x10, 0x64, 0x10, 0x64, 0x10, 0x64, 0x10, 0x64, 0x10, 0x64, 0x10, 0x64, 0x10, 0x64, 0x10, 0x64, 0x10, 0x64, 0x10,
    0x64, 0x10, 0x64, 0x10, 0x64, 0x10, 0x64, 0x10, 0x64, 0x10, 0x64, 0x10, 0x64, 0x10, 0x64, 0x10, 0x64, 0x10, 0x64, 0x10, 0x64, 0x10, 0x64, 0x10, 0x64, 0x10, 0x64, 0x10, 0x64, 0x10, 0x64, 0x10,
    0x64, 0x10, 0x64, 0x10, 0x64, 0x10, 0x64, 0x10, 0x64, 0x10, 0x64, 0x10, 0x64, 0x10, 0x64, 0x10, 0x64, 0x10, 0x64, 0x10, 0x64, 0x10, 0x64, 0x10, 0x64, 0x10, 0x64, 0x10, 0x64, 0x10, 0x64, 0x10,
    0x64, 0x10, 0x64, 0x10, 0x64, 0x10, 0x64, 0x10, 0x64, 0x10, 0x64, 0x10, 0x64, 0x10, 0x64, 0x10, 0x64, 0x10, 0x64, 0x10, 0x64, 0x10, 0x64, 0x10, 0x64, 0x10, 0x64, 0x10, 0x64, 0x10, 0x64, 0x10,
    0x64, 0x10, 0x64, 0x10, 0x64, 0x10, 0x64, 0x10, 0x64, 0x10, 0x64, 0x10, 0x64, 0x10, 0x64, 0x10, 0x64, 0x10, 0x64, 0x10, 0x64, 0x10, 0x64, 0x10, 0x64, 0x10, 0x64, 0x10, 0x64, 0x10, 0x64, 0x10,
    0x64, 0x10, 0x64, 0x10, 0x64, 0x10, 0x64, 0x10, 0x64, 0x10, 0x64, 0x10, 0x64, 0x10, 0x64, 0x10, 0x64, 0x10, 0x64, 0x10, 0x64, 0x10, 0x64, 0x10, 0x64, 0x10, 0x64, 0x10, 0x64, 0x10, 0x64, 0x10,
    0x64, 0x10, 0x64, 0x10, 0x64, 0x10, 0x64, 0x10, 0x64, 0x10, 0x64, 0x10, 0x64, 0x10, 0x64, 0x10, 0x64, 0x10, 0x64, 0x10, 0x64, 0x10, 0x64, 0x10, 0x64, 0x10, 0x64, 0x10, 0x64, 0x10, 0x64, 0x10,
    0x64, 0x10, 0x64, 0x10, 0x64, 0x10, 0x64, 0x10, 0x64, 0x10, 0x64, 0x10, 0x64, 0x10, 0x64, 0x10, 0x64, 0x10, 0x64, 0x10, 0x64, 0x10, 0x64, 0x10, 0x64, 0x10, 0x64, 0x10, 0x64, 0x10, 0x64, 0x10,
    0x64, 0x10, 0x64, 0x10, 0x64, 0x10, 0x64, 0x10, 0x64, 0x10, 0x64, 0x10, 0x64, 0x10, 0x64, 0x10, 0x64, 0x10, 0x64, 0x10, 0x64, 0x10, 0x64, 0x10, 0x64, 0x10, 0x64, 0x10, 0x64, 0x10, 0x64, 0x10,
    0x64, 0x10, 0x64, 0x10, 0x64, 0x10, 0x64, 0x10, 0x64, 0x10, 0x64, 0x10, 0x64, 0x10, 0x64, 0x10, 0x64, 0x10, 0x64, 0x10, 0x64, 0x10, 0x64, 0x10, 0x64, 0x10, 0x64, 0x10, 0x64, 0x10, 0x64, 0x10,
    0x64, 0x10, 0x64, 0x10, 0x64, 0x10, 0x64, 0x10, 0x64, 0x10, 0x63, 0x20, 0x63, 0x20, 0x43, 0x40, 0x43, 0x40, 0x43, 0x50, 0x43, 0x50, 0x00, 0xe8, 0x00, 0xe8, 0x00, 0xe8, 0x00, 0xe8, 0x42, 0x58,
    0x42, 0x58, 0x43, 0x48, 0x43, 0x48, 0x63, 0x28, 0x63, 0x28, 0x63, 0x28, 0x63, 0x28, 0x43, 0x48, 0x43, 0x48, 0x42, 0x58, 0x42, 0x58, 0x00, 0xe8, 0x00, 0xe8, 0x00, 0xf0, 0x00, 0xf0, 0x21, 0xa0,
    0x21, 0xa0, 0x00, 0xf0, 0x00, 0xf0, 0x00, 0xf0, 0x00, 0xf0, 0x21, 0xa0, 0x21, 0xa0, 0x00, 0xf0, 0x00, 0xf0, 0x00, 0xf0, 0x00, 0xf0, 0x21, 0xa8, 0x21, 0xa8, 0x00, 0xf0, 0x00, 0xf0, 0x00, 0xf0,
    0x00, 0xf0, 0x21, 0x90, 0x21, 0x90, 0x22, 0x88, 0x22, 0x88, 0x00, 0xe8, 0x00, 0xe8, 0x00, 0xe8, 0x00, 0xe8, 0x43, 0x58, 0x43, 0x58, 0x43, 0x40, 0x43, 0x40, 0x63, 0x28, 0x63, 0x28, 0x64, 0x10,
    0x64, 0x10, 0x64, 0x10, 0x64, 0x10, 0x63, 0x20, 0x63, 0x20, 0x43, 0x38, 0x43, 0x38, 0x43, 0x50, 0x43, 0x50, 0x42, 0x70, 0x42, 0x70, 0x00, 0xe8, 0x00, 0xe8, 0x00, 0xf0, 0x00, 0xf0, 0x00, 0xf0,
    0x00, 0xf0, 0x00, 0xe8, 0x00, 0xe8, 0x42, 0x70, 0x42, 0x70, 0x43, 0x50, 0x43, 0x50, 0x43, 0x38, 0x43, 0x38, 0x63, 0x20, 0x63, 0x20, 0x64, 0x10, 0x64, 0x10, 0x64, 0x10, 0x64, 0x10, 0x64, 0x10,
    0x64, 0x10, 0x64, 0x10, 0x64, 0x10, 0x64, 0x10, 0x64, 0x10, 0x64, 0x10, 0x64, 0x10, 0x64, 0x10, 0x64, 0x10, 0x64, 0x10, 0x64, 0x10, 0x64, 0x10, 0x64, 0x10, 0x64, 0x10, 0x64, 0x10, 0x64, 0x10,
    0x64, 0x10, 0x64, 0x10, 0x64, 0x10, 0x64, 0x10, 0x64, 0x10, 0x64, 0x10, 0x64, 0x10, 0x64, 0x10, 0x64, 0x10, 0x64, 0x10, 0x64, 0x10, 0x64, 0x10, 0x64, 0x10, 0x64, 0x10, 0x64, 0x10, 0x64, 0x10,
    0x64, 0x10, 0x64, 0x10, 0x64, 0x10, 0x64, 0x10, 0x64, 0x10, 0x64, 0x10, 0x64, 0x10, 0x64, 0x10, 0x64, 0x10, 0x64, 0x10, 0x64, 0x10, 0x64, 0x10, 0x64, 0x10, 0x64, 0x10, 0x64, 0x10, 0x64, 0x10,
    0x64, 0x10, 0x64, 0x10, 0x64, 0x10, 0x64, 0x10, 0x64, 0x10, 0x64, 0x10, 0x64, 0x10, 0x64, 0x10, 0x64, 0x10, 0x64, 0x10, 0x64, 0x10, 0x64, 0x10, 0x64, 0x10, 0x64, 0x10, 0x64, 0x10, 0x64, 0x10,
    0x64, 0x10, 0x64, 0x10, 0x64, 0x10, 0x64, 0x10, 0x64, 0x10, 0x64, 0x10, 0x64, 0x10, 0x64, 0x10, 0x64, 0x10, 0x64, 0x10, 0x64, 0x10, 0x64, 0x10, 0x64, 0x10, 0x64, 0x10, 0x64, 0x10, 0x64, 0x10,
    0x64, 0x10, 0x64, 0x10, 0x64, 0x10, 0x64, 0x10, 0x64, 0x10, 0x64, 0x10, 0x64, 0x10, 0x64, 0x10, 0x64, 0x10, 0x64, 0x10, 0x64, 0x10, 0x64, 0x10, 0x64, 0x10, 0x64, 0x10, 0x64, 0x10, 0x64, 0x10,
    0x64, 0x10, 0x64, 0x10, 0x64, 0x10, 0x64, 0x10, 0x64, 0x10, 0x64, 0x10, 0x64, 0x10, 0x64, 0x10, 0x64, 0x10, 0x64, 0x10, 0x64, 0x10, 0x64, 0x10, 0x64, 0x10, 0x64, 0x10, 0x64, 0x10, 0x64, 0x10,
    0x64, 0x10, 0x64, 0x10, 0x64, 0x10, 0x64, 0x10, 0x64, 0x10, 0x64, 0x10, 0x64, 0x10, 0x64, 0x10, 0x64, 0x10, 0x64, 0x10, 0x64, 0x10, 0x64, 0x10, 0x64, 0x10, 0x64, 0x10, 0x64, 0x10, 0x64, 0x10,
    0x64, 0x10, 0x64, 0x10, 0x64, 0x10, 0x64, 0x10, 0x64, 0x10, 0x64, 0x10, 0x64, 0x10, 0x64, 0x10, 0x64, 0x10, 0x64, 0x10, 0x64, 0x10, 0x64, 0x10, 0x64, 0x10, 0x64, 0x10, 0x64, 0x10, 0x64, 0x10,
    0x64, 0x10, 0x64, 0x10, 0x64, 0x10, 0x64, 0x10, 0x64, 0x10, 0x64, 0x10, 0x64, 0x10, 0x64, 0x10, 0x64, 0x10, 0x64, 0x10, 0x64, 0x10, 0x64, 0x10, 0x64, 0x10, 0x64, 0x10, 0x64, 0x10, 0x64, 0x10,
    0x64, 0x10, 0x64, 0x10, 0x64, 0x10, 0x64, 0x10, 0x64, 0x10, 0x64, 0x10, 0x64, 0x10, 0x64, 0x10, 0x64, 0x10, 0x64, 0x10, 0x64, 0x10, 0x64, 0x10, 0x64, 0x10, 0x64, 0x10, 0x64, 0x10, 0x64, 0x10,
    0x64, 0x10, 0x64, 0x10, 0x64, 0x10, 0x64, 0x10, 0x64, 0x10, 0x64, 0x10, 0x64, 0x10, 0x64, 0x10, 0x64, 0x10, 0x64, 0x10, 0x64, 0x10, 0x64, 0x10, 0x64, 0x10, 0x63, 0x20, 0x63, 0x20, 0x43, 0x40,
    0x43, 0x40, 0x43, 0x50, 0x43, 0x50, 0x00, 0xe8, 0x00, 0xe8, 0x00, 0xe8, 0x00, 0xe8, 0x42, 0x58, 0x42, 0x58, 0x43, 0x48, 0x43, 0x48, 0x63, 0x28, 0x63, 0x28, 0x63, 0x28, 0x63, 0x28, 0x43, 0x48,
    0x43, 0x48, 0x42, 0x58, 0x42, 0x58, 0x00, 0xe8, 0x00, 0xe8, 0x00, 0xf0, 0x00, 0xf0, 0x21, 0xa0, 0x21, 0xa0, 0x00, 0xf0, 0x00, 0xf0, 0x00, 0xf0, 0x00, 0xf0, 0x21, 0x98, 0x21, 0x98, 0x00, 0xf0,
    0x00, 0xf0, 0x00, 0xf0, 0x00, 0xf0, 0x00, 0xf0, 0x00, 0xf0, 0x00, 0xf0, 0x00, 0xf0, 0x00, 0xf0, 0x00, 0xf0, 0x21, 0x98, 0x21, 0x98, 0x22, 0x88, 0x22, 0x88, 0x00, 0xe8, 0x00, 0xe8, 0x00, 0xe8,
    0x00, 0xe8, 0x43, 0x58, 0x43, 0x58, 0x43, 0x40, 0x43, 0x40, 0x63, 0x28, 0x63, 0x28, 0x64, 0x10, 0x64, 0x10, 0x64, 0x10, 0x64, 0x10, 0x64, 0x18, 0x64, 0x18, 0x63, 0x28, 0x63, 0x28, 0x43, 0x48,
    0x43, 0x48, 0x42, 0x68, 0x42, 0x68, 0x00, 0xe8, 0x00, 0xe8, 0x00, 0xe8, 0x00, 0xe8, 0x00, 0xe8, 0x00, 0xe8, 0x00, 0xe8, 0x00, 0xe8, 0x42, 0x68, 0x42, 0x68, 0x43, 0x48, 0x43, 0x48, 0x63, 0x28,
    0x63, 0x28, 0x64, 0x18, 0x64, 0x18, 0x64, 0x10, 0x64, 0x10, 0x64, 0x10, 0x64, 0x10, 0x64, 0x10, 0x64, 0x10, 0x64, 0x10, 0x64, 0x10, 0x64, 0x10, 0x64, 0x10, 0x64, 0x10, 0x64, 0x10, 0x64, 0x10,
    0x64, 0x10, 0x64, 0x10, 0x64, 0x10, 0x64, 0x10, 0x64, 0x10, 0x64, 0x10, 0x64, 0x10, 0x64, 0x10, 0x64, 0x10, 0x64, 0x10, 0x64, 0x10, 0x64, 0x10, 0x64, 0x10, 0x64, 0x10, 0x64, 0x10, 0x64, 0x10,
    0x64, 0x10, 0x64, 0x10, 0x64, 0x10, 0x64, 0x10, 0x64, 0x10, 0x64, 0x10, 0x64, 0x10, 0x64, 0x10, 0x64, 0x10, 0x64, 0x10, 0x64, 0x10, 0x64, 0x10, 0x64, 0x10, 0x64, 0x10, 0x64, 0x10, 0x64, 0x10,
    0x64, 0x10, 0x64, 0x10, 0x64, 0x10, 0x64, 0x10, 0x64, 0x10, 0x64, 0x10, 0x64, 0x10, 0x64, 0x10, 0x64, 0x10, 0x64, 0x10, 0x64, 0x10, 0x64, 0x10, 0x64, 0x10, 0x64, 0x10, 0x64, 0x10, 0x64, 0x10,
    0x64, 0x10, 0x64, 0x10, 0x64, 0x10, 0x64, 0x10, 0x64, 0x10, 0x64, 0x10, 0x64, 0x10, 0x64, 0x10, 0x64, 0x10, 0x64, 0x10, 0x64, 0x10, 0x64, 0x10, 0x64, 0x10, 0x64, 0x10, 0x64, 0x10, 0x64, 0x10,
    0x64, 0x10, 0x64, 0x10, 0x64, 0x10, 0x64, 0x10, 0x64, 0x10, 0x64, 0x10, 0x64, 0x10, 0x64, 0x10, 0x64, 0x10, 0x64, 0x10, 0x64, 0x10, 0x64, 0x10, 0x64, 0x10, 0x64, 0x10, 0x64, 0x10, 0x64, 0x10,
    0x64, 0x10, 0x64, 0x10, 0x64, 0x10, 0x64, 0x10, 0x64, 0x10, 0x64, 0x10, 0x64, 0x10, 0x64, 0x10, 0x64, 0x10, 0x64, 0x10, 0x64, 0x10, 0x64, 0x10, 0x64, 0x10, 0x64, 0x10, 0x64, 0x10, 0x64, 0x10,
    0x64, 0x10, 0x64, 0x10, 0x64, 0x10, 0x64, 0x10, 0x64, 0x10, 0x64, 0x10, 0x64, 0x10, 0x64, 0x10, 0x64, 0x10, 0x64, 0x10, 0x64, 0x10, 0x64, 0x10, 0x64, 0x10, 0x64, 0x10, 0x64, 0x10, 0x64, 0x10,
    0x64, 0x10, 0x64, 0x10, 0x64, 0x10, 0x64, 0x10, 0x64, 0x10, 0x64, 0x10, 0x64, 0x10, 0x64, 0x10, 0x64, 0x10, 0x64, 0x10, 0x64, 0x10, 0x64, 0x10, 0x64, 0x10, 0x64, 0x10, 0x64, 0x10, 0x64, 0x10,
    0x64, 0x10, 0x64, 0x10, 0x64, 0x10, 0x64, 0x10, 0x64, 0x10, 0x64, 0x10, 0x64, 0x10, 0x64, 0x10, 0x64, 0x10, 0x64, 0x10, 0x64, 0x10, 0x64, 0x10, 0x64, 0x10, 0x64, 0x10, 0x64, 0x10, 0x64, 0x10,
    0x64, 0x10, 0x64, 0x10, 0x64, 0x10, 0x64, 0x10, 0x64, 0x10, 0x64, 0x10, 0x64, 0x10, 0x64, 0x10, 0x64, 0x10, 0x64, 0x10, 0x64, 0x10, 0x64, 0x10, 0x64, 0x10, 0x64, 0x10, 0x64, 0x10, 0x64, 0x10,
    0x64, 0x10, 0x64, 0x10, 0x64, 0x10, 0x64, 0x10, 0x64, 0x10, 0x64, 0x10, 0x64, 0x10, 0x64, 0x10, 0x64, 0x10, 0x64, 0x10, 0x64, 0x10, 0x64, 0x10, 0x64, 0x10, 0x64, 0x10, 0x64, 0x10, 0x64, 0x10,
    0x64, 0x10, 0x64, 0x10, 0x64, 0x10, 0x64, 0x10, 0x64, 0x10, 0x63, 0x20, 0x63, 0x20, 0x43, 0x40, 0x43, 0x40, 0x43, 0x50, 0x43, 0x50, 0x00, 0xe8, 0x00, 0xe8, 0x00, 0xe8, 0x00, 0xe8, 0x42, 0x58,
    0x42, 0x58, 0x43, 0x48, 0x43, 0x48, 0x63, 0x28, 0x63, 0x28, 0x63, 0x28, 0x63, 0x28, 0x43, 0x48, 0x43, 0x48, 0x42, 0x58, 0x42, 0x58, 0x00, 0xe8, 0x00, 0xe8, 0x00, 0xf0, 0x00, 0xf0, 0x21, 0xa0,
    0x21, 0xa0, 0x00, 0xf0, 0x00, 0xf0, 0x00, 0xf0, 0x00, 0xf0, 0x21, 0x98, 0x21, 0x98, 0x00, 0xf0, 0x00, 0xf0, 0x00, 0xf0, 0x00, 0xf0, 0x00, 0xf0, 0x00, 0xf0, 0x00, 0xf0, 0x00, 0xf0, 0x00, 0xf0,
    0x00, 0xf0, 0x21, 0x98, 0x21, 0x98, 0x22, 0x88, 0x22, 0x88, 0x00, 0xe8, 0x00, 0xe8, 0x00, 0xe8, 0x00, 0xe8, 0x43, 0x58, 0x43, 0x58, 0x43, 0x40, 0x43, 0x40, 0x63, 0x28, 0x63, 0x28, 0x64, 0x10,
    0x64, 0x10, 0x64, 0x10, 0x64, 0x10, 0x64, 0x18, 0x64, 0x18, 0x63, 0x28, 0x63, 0x28, 0x43, 0x48, 0x43, 0x48, 0x42, 0x68, 0x42, 0x68, 0x00, 0xe8, 0x00, 0xe8, 0x00, 0xe8, 0x00, 0xe8, 0x00, 0xe8,
    0x00, 0xe8, 0x00, 0xe8, 0x00, 0xe8, 0x42, 0x68, 0x42, 0x68, 0x43, 0x48, 0x43, 0x48, 0x63, 0x28, 0x63, 0x28, 0x64, 0x18, 0x64, 0x18, 0x64, 0x10, 0x64, 0x10, 0x64, 0x10, 0x64, 0x10, 0x64, 0x10,
    0x64, 0x10, 0x64, 0x10, 0x64, 0x10, 0x64, 0x10, 0x64, 0x10, 0x64, 0x10, 0x64, 0x10, 0x64, 0x10, 0x64, 0x10, 0x64, 0x10, 0x64, 0x10, 0x64, 0x10, 0x64, 0x10, 0x64, 0x10, 0x64, 0x10, 0x64, 0x10,
    0x64, 0x10, 0x64, 0x10, 0x64, 0x10, 0x64, 0x10, 0x64, 0x10, 0x64, 0x10, 0x64, 0x10, 0x64, 0x10, 0x64, 0x10, 0x64, 0x10, 0x64, 0x10, 0x64, 0x10, 0x64, 0x10, 0x64, 0x10, 0x64, 0x10, 0x64, 0x10,
    0x64, 0x10, 0x64, 0x10, 0x64, 0x10, 0x64, 0x10, 0x64, 0x10, 0x64, 0x10, 0x64, 0x10, 0x64, 0x10, 0x64, 0x10, 0x64, 0x10, 0x64, 0x10, 0x64, 0x10, 0x64, 0x10, 0x64, 0x10, 0x64, 0x10, 0x64, 0x10,
    0x64, 0x10, 0x64, 0x10, 0x64, 0x10, 0x64, 0x10, 0x64, 0x10, 0x64, 0x10, 0x64, 0x10, 0x64, 0x10, 0x64, 0x10, 0x64, 0x10, 0x64, 0x10, 0x64, 0x10, 0x64, 0x10, 0x64, 0x10, 0x64, 0x10, 0x64, 0x10,
    0x64, 0x10, 0x64, 0x10, 0x64, 0x10, 0x64, 0x10, 0x64, 0x10, 0x64, 0x10, 0x64, 0x10, 0x64, 0x10, 0x64, 0x10, 0x64, 0x10, 0x64, 0x10, 0x64, 0x10, 0x64, 0x10, 0x64, 0x10, 0x64, 0x10, 0x64, 0x10,
    0x64, 0x10, 0x64, 0x10, 0x64, 0x10, 0x64, 0x10, 0x64, 0x10, 0x64, 0x10, 0x64, 0x10, 0x64, 0x10, 0x64, 0x10, 0x64, 0x10, 0x64, 0x10, 0x64, 0x10, 0x64, 0x10, 0x64, 0x10, 0x64, 0x10, 0x64, 0x10,
    0x64, 0x10, 0x64, 0x10, 0x64, 0x10, 0x64, 0x10, 0x64, 0x10, 0x64, 0x10, 0x64, 0x10, 0x64, 0x10, 0x64, 0x10, 0x64, 0x10, 0x64, 0x10, 0x64, 0x10, 0x64, 0x10, 0x64, 0x10, 0x64, 0x10, 0x64, 0x10,
    0x64, 0x10, 0x64, 0x10, 0x64, 0x10, 0x64, 0x10, 0x64, 0x10, 0x64, 0x10, 0x64, 0x10, 0x64, 0x10, 0x64, 0x10, 0x64, 0x10, 0x64, 0x10, 0x64, 0x10, 0x64, 0x10, 0x64, 0x10, 0x64, 0x10, 0x64, 0x10,
    0x64, 0x10, 0x64, 0x10, 0x64, 0x10, 0x64, 0x10, 0x64, 0x10, 0x64, 0x10, 0x64, 0x10, 0x64, 0x10, 0x64, 0x10, 0x64, 0x10, 0x64, 0x10, 0x64, 0x10, 0x64, 0x10, 0x64, 0x10, 0x64, 0x10, 0x64, 0x10,
    0x64, 0x10, 0x64, 0x10, 0x64, 0x10, 0x64, 0x10, 0x64, 0x10, 0x64, 0x10, 0x64, 0x10, 0x64, 0x10, 0x64, 0x10, 0x64, 0x10, 0x64, 0x10, 0x64, 0x10, 0x64, 0x10, 0x64, 0x10, 0x64, 0x10, 0x64, 0x10,
    0x64, 0x10, 0x64, 0x10, 0x64, 0x10, 0x64, 0x10, 0x64, 0x10, 0x64, 0x10, 0x64, 0x10, 0x64, 0x10, 0x64, 0x10, 0x64, 0x10, 0x64, 0x10, 0x64, 0x10, 0x64, 0x10, 0x64, 0x10, 0x64, 0x10, 0x64, 0x10,
    0x64, 0x10, 0x64, 0x10, 0x64, 0x10, 0x64, 0x10, 0x64, 0x10, 0x64, 0x10, 0x64, 0x10, 0x64, 0x10, 0x64, 0x10, 0x64, 0x10, 0x64, 0x10, 0x64, 0x10, 0x64, 0x10, 0x63, 0x20, 0x63, 0x20, 0x43, 0x40,
    0x43, 0x40, 0x43, 0x50, 0x43, 0x50, 0x00, 0xe8, 0x00, 0xe8, 0x00, 0xe8, 0x00, 0xe8, 0x42, 0x60, 0x42, 0x60, 0x43, 0x58, 0x43, 0x58, 0x43, 0x40, 0x43, 0x40, 0x43, 0x40, 0x43, 0x40, 0x43, 0x58,
    0x43, 0x58, 0x42, 0x60, 0x42, 0x60, 0x00, 0xe8, 0x00, 0xe8, 0x00, 0xf0, 0x00, 0xf0, 0x21, 0x98, 0x21, 0x98, 0x00, 0xf0, 0x00, 0xf0, 0x00, 0xe8, 0x00, 0xe8, 0x22, 0x90, 0x22, 0x90, 0x21, 0xa8,
    0x21, 0xa8, 0x00, 0xf0, 0x00, 0xf0, 0x00, 0xf0, 0x00, 0xf0, 0x00, 0xf0, 0x00, 0xf0, 0x00, 0xf0, 0x00, 0xf0, 0x21, 0xa0, 0x21, 0xa0, 0x22, 0x88, 0x22, 0x88, 0x00, 0xe8, 0x00, 0xe8, 0x00, 0xe8,
    0x00, 0xe8, 0x42, 0x60, 0x42, 0x60, 0x43, 0x58, 0x43, 0x58, 0x43, 0x38, 0x43, 0x38, 0x63, 0x20, 0x63, 0x20, 0x63, 0x20, 0x63, 0x20, 0x63, 0x20, 0x63, 0x20, 0x63, 0x20, 0x63, 0x20, 0x43, 0x38,
    0x43, 0x38, 0x42, 0x58, 0x42, 0x58, 0x42, 0x78, 0x42, 0x78, 0x00, 0xe8, 0x00, 0xe8, 0x00, 0xe8, 0x00, 0xe8, 0x42, 0x78, 0x42, 0x78, 0x42, 0x58, 0x42, 0x58, 0x43, 0x38, 0x43, 0x38, 0x64, 0x18,
    0x64, 0x18, 0x64, 0x10, 0x64, 0x10, 0x64, 0x10, 0x64, 0x10, 0x64, 0x10, 0x64, 0x10, 0x64, 0x10, 0x64, 0x10, 0x64, 0x10, 0x64, 0x10, 0x64, 0x10, 0x64, 0x10, 0x64, 0x10, 0x64, 0x10, 0x64, 0x10,
    0x64, 0x10, 0x64, 0x10, 0x64, 0x10, 0x64, 0x10, 0x64, 0x10, 0x64, 0x10, 0x64, 0x10, 0x64, 0x10, 0x64, 0x10, 0x64, 0x10, 0x64, 0x10, 0x64, 0x10, 0x64, 0x10, 0x64, 0x10, 0x64, 0x10, 0x64, 0x10,
    0x64, 0x10, 0x64, 0x10, 0x64, 0x10, 0x64, 0x10, 0x64, 0x10, 0x64, 0x10, 0x64, 0x10, 0x64, 0x10, 0x64, 0x10, 0x64, 0x10, 0x64, 0x10, 0x64, 0x10, 0x64, 0x10, 0x64, 0x10, 0x64, 0x10, 0x64, 0x10,
    0x64, 0x10, 0x64, 0x10, 0x64, 0x10, 0x64, 0x10, 0x64, 0x10, 0x64, 0x10, 0x64, 0x10, 0x64, 0x10, 0x64, 0x10, 0x64, 0x10, 0x64, 0x10, 0x64, 0x10, 0x64, 0x10, 0x64, 0x10, 0x64, 0x10, 0x64, 0x10,
    0x64, 0x10, 0x64, 0x10, 0x64, 0x10, 0x64, 0x10, 0x64, 0x10, 0x64, 0x10, 0x64, 0x10, 0x64, 0x10, 0x64, 0x10, 0x64, 0x10, 0x64, 0x10, 0x64, 0x10, 0x64, 0x10, 0x64, 0x10, 0x64, 0x10, 0x64, 0x10,
    0x64, 0x10, 0x64, 0x10, 0x64, 0x10, 0x64, 0x10, 0x64, 0x10, 0x64, 0x10, 0x64, 0x10, 0x64, 0x10, 0x64, 0x10, 0x64, 0x10, 0x64, 0x10, 0x64, 0x10, 0x64, 0x10, 0x64, 0x10, 0x64, 0x10, 0x64, 0x10,
    0x64, 0x10, 0x64, 0x10, 0x64, 0x10, 0x64, 0x10, 0x64, 0x10, 0x64, 0x10, 0x64, 0x10, 0x64, 0x10, 0x64, 0x10, 0x64, 0x10, 0x64, 0x10, 0x64, 0x10, 0x64, 0x10, 0x64, 0x10, 0x64, 0x10, 0x64, 0x10,
    0x64, 0x10, 0x64, 0x10, 0x64, 0x10, 0x64, 0x10, 0x64, 0x10, 0x64, 0x10, 0x64, 0x10, 0x64, 0x10, 0x64, 0x10, 0x64, 0x10, 0x64, 0x10, 0x64, 0x10, 0x64, 0x10, 0x64, 0x10, 0x64, 0x10, 0x64, 0x10,
    0x64, 0x10, 0x64, 0x10, 0x64, 0x10, 0x64, 0x10, 0x64, 0x10, 0x64, 0x10, 0x64, 0x10, 0x64, 0x10, 0x64, 0x10, 0x64, 0x10, 0x64, 0x10, 0x64, 0x10, 0x64, 0x10, 0x64, 0x10, 0x64, 0x10, 0x64, 0x10,
    0x64, 0x10, 0x64, 0x10, 0x64, 0x10, 0x64, 0x10, 0x64, 0x10, 0x64, 0x10, 0x64, 0x10, 0x64, 0x10, 0x64, 0x10, 0x64, 0x10, 0x64, 0x10, 0x64, 0x10, 0x64, 0x10, 0x64, 0x10, 0x64, 0x10, 0x64, 0x10,
    0x64, 0x10, 0x64, 0x10, 0x64, 0x10, 0x64, 0x10, 0x64, 0x10, 0x64, 0x10, 0x64, 0x10, 0x64, 0x10, 0x64, 0x10, 0x64, 0x10, 0x64, 0x10, 0x64, 0x10, 0x64, 0x10, 0x64, 0x10, 0x64, 0x10, 0x64, 0x10,
    0x64, 0x10, 0x64, 0x10, 0x64, 0x10, 0x64, 0x10, 0x64, 0x10, 0x64, 0x10, 0x64, 0x10, 0x64, 0x10, 0x64, 0x10, 0x64, 0x10, 0x64, 0x10, 0x64, 0x10, 0x64, 0x10, 0x64, 0x10, 0x64, 0x10, 0x64, 0x10,
    0x64, 0x10, 0x64, 0x10, 0x64, 0x10, 0x64, 0x10, 0x64, 0x10, 0x63, 0x20, 0x63, 0x20, 0x43, 0x40, 0x43, 0x40, 0x43, 0x50, 0x43, 0x50, 0x00, 0xe8, 0x00, 0xe8, 0x00, 0xe8, 0x00, 0xe8, 0x42, 0x60,
    0x42, 0x60, 0x43, 0x58, 0x43, 0x58, 0x43, 0x40, 0x43, 0x40, 0x43, 0x40, 0x43, 0x40, 0x43, 0x58, 0x43, 0x58, 0x42, 0x60, 0x42, 0x60, 0x00, 0xe8, 0x00, 0xe8, 0x00, 0xf0, 0x00, 0xf0, 0x21, 0x98,
    0x21, 0x98, 0x00, 0xf0, 0x00, 0xf0, 0x00, 0xe8, 0x00, 0xe8, 0x22, 0x90, 0x22, 0x90, 0x21, 0xa8, 0x21, 0xa8, 0x00, 0xf0, 0x00, 0xf0, 0x00, 0xf0, 0x00, 0xf0, 0x00, 0xf0, 0x00, 0xf0, 0x00, 0xf0,
    0x00, 0xf0, 0x21, 0xa0, 0x21, 0xa0, 0x22, 0x88, 0x22, 0x88, 0x00, 0xe8, 0x00, 0xe8, 0x00, 0xe8, 0x00, 0xe8, 0x42, 0x60, 0x42, 0x60, 0x43, 0x58, 0x43, 0x58, 0x43, 0x38, 0x43, 0x38, 0x63, 0x20,
    0x63, 0x20, 0x63, 0x20, 0x63, 0x20, 0x63, 0x20, 0x63, 0x20, 0x63, 0x20, 0x63, 0x20, 0x43, 0x38, 0x43, 0x38, 0x42, 0x58, 0x42, 0x58, 0x42, 0x78, 0x42, 0x78, 0x00, 0xe8, 0x00, 0xe8, 0x00, 0xe8,
    0x00, 0xe8, 0x42, 0x78, 0x42, 0x78, 0x42, 0x58, 0x42, 0x58, 0x43, 0x38, 0x43, 0x38, 0x64, 0x18, 0x64, 0x18, 0x64, 0x10, 0x64, 0x10, 0x64, 0x10, 0x64, 0x10, 0x64, 0x10, 0x64, 0x10, 0x64, 0x10,
    0x64, 0x10, 0x64, 0x10, 0x64, 0x10, 0x64, 0x10, 0x64, 0x10, 0x64, 0x10, 0x64, 0x10, 0x64, 0x10, 0x64, 0x10, 0x64, 0x10, 0x64, 0x10, 0x64, 0x10, 0x64, 0x10, 0x64, 0x10, 0x64, 0x10, 0x64, 0x10,
    0x64, 0x10, 0x64, 0x10, 0x64, 0x10, 0x64, 0x10, 0x64, 0x10, 0x64, 0x10, 0x64, 0x10, 0x64, 0x10, 0x64, 0x10, 0x64, 0x10, 0x64, 0x10, 0x64, 0x10, 0x64, 0x10, 0x64, 0x10, 0x64, 0x10, 0x64, 0x10,
    0x64, 0x10, 0x64, 0x10, 0x64, 0x10, 0x64, 0x10, 0x64, 0x10, 0x64, 0x10, 0x64, 0x10, 0x64, 0x10, 0x64, 0x10, 0x64, 0x10, 0x64, 0x10, 0x64, 0x10, 0x64, 0x10, 0x64, 0x10, 0x64, 0x10, 0x64, 0x10,
    0x64, 0x10, 0x64, 0x10, 0x64, 0x10, 0x64, 0x10, 0x64, 0x10, 0x64, 0x10, 0x64, 0x10, 0x64, 0x10, 0x64, 0x10, 0x64, 0x10, 0x64, 0x10, 0x64, 0x10, 0x64, 0x10, 0x64, 0x10, 0x64, 0x10, 0x64, 0x10,
    0x64, 0x10, 0x64, 0x10, 0x64, 0x10, 0x64, 0x10, 0x64, 0x10, 0x64, 0x10, 0x64, 0x10, 0x64, 0x10, 0x64, 0x10, 0x64, 0x10, 0x64, 0x10, 0x64, 0x10, 0x64, 0x10, 0x64, 0x10, 0x64, 0x10, 0x64, 0x10,
    0x64, 0x10, 0x64, 0x10, 0x64, 0x10, 0x64, 0x10, 0x64, 0x10, 0x64, 0x10, 0x64, 0x10, 0x64, 0x10, 0x64, 0x10, 0x64, 0x10, 0x64, 0x10, 0x64, 0x10, 0x64, 0x10, 0x64, 0x10, 0x64, 0x10, 0x64, 0x10,
    0x64, 0x10, 0x64, 0x10, 0x64, 0x10, 0x64, 0x10, 0x64, 0x10, 0x64, 0x10, 0x64, 0x10, 0x64, 0x10, 0x64, 0x10, 0x64, 0x10, 0x64, 0x10, 0x64, 0x10, 0x64, 0x10, 0x64, 0x10, 0x64, 0x10, 0x64, 0x10,
    0x64, 0x10, 0x64, 0x10, 0x64, 0x10, 0x64, 0x10, 0x64, 0x10, 0x64, 0x10, 0x64, 0x10, 0x64, 0x10, 0x64, 0x10, 0x64, 0x10, 0x64, 0x10, 0x64, 0x10, 0x64, 0x10, 0x64, 0x10, 0x64, 0x10, 0x64, 0x10,
    0x64, 0x10, 0x64, 0x10, 0x64, 0x10, 0x64, 0x10, 0x64, 0x10, 0x64, 0x10, 0x64, 0x10, 0x64, 0x10, 0x64, 0x10, 0x64, 0x10, 0x64, 0x10, 0x64, 0x10, 0x64, 0x10, 0x64, 0x10, 0x64, 0x10, 0x64, 0x10,
    0x64, 0x10, 0x64, 0x10, 0x64, 0x10, 0x64, 0x10, 0x64, 0x10, 0x64, 0x10, 0x64, 0x10, 0x64, 0x10, 0x64, 0x10, 0x64, 0x10, 0x64, 0x10, 0x64, 0x10, 0x64, 0x10, 0x64, 0x10, 0x64, 0x10, 0x64, 0x10,
    0x64, 0x10, 0x64, 0x10, 0x64, 0x10, 0x64, 0x10, 0x64, 0x10, 0x64, 0x10, 0x64, 0x10, 0x64, 0x10, 0x64, 0x10, 0x64, 0x10, 0x64, 0x10, 0x64, 0x10, 0x64, 0x10, 0x64, 0x10, 0x64, 0x10, 0x64, 0x10,
    0x64, 0x10, 0x64, 0x10, 0x64, 0x10, 0x64, 0x10, 0x64, 0x10, 0x64, 0x10, 0x64, 0x10, 0x64, 0x10, 0x64, 0x10, 0x64, 0x10, 0x64, 0x10, 0x64, 0x10, 0x64, 0x10, 0x64, 0x18, 0x64, 0x18, 0x43, 0x38,
    0x43, 0x38, 0x43, 0x48, 0x43, 0x48, 0x00, 0xe0, 0x00, 0xe0, 0x00, 0xe8, 0x00, 0xe8, 0x42, 0x68, 0x42, 0x68, 0x42, 0x68, 0x42, 0x68, 0x42, 0x58, 0x42, 0x58, 0x42, 0x58, 0x42, 0x58, 0x42, 0x68,
    0x42, 0x68, 0x42, 0x68, 0x42, 0x68, 0x00, 0xe8, 0x00, 0xe8, 0x00, 0xe8, 0x00, 0xe8, 0x21, 0x90, 0x21, 0x90, 0x00, 0xe8, 0x00, 0xe8, 0x00, 0xe8, 0x00, 0xe8, 0x22, 0x88, 0x22, 0x88, 0x21, 0x98,
    0x21, 0x98, 0x00, 0xf0, 0x00, 0xf0, 0x00, 0xf0, 0x00, 0xf0, 0x00, 0xf0, 0x00, 0xf0, 0x00, 0xf0, 0x00, 0xf0, 0x21, 0xa0, 0x21, 0xa0, 0x22, 0x90, 0x22, 0x90, 0x00, 0xe8, 0x00, 0xe8, 0x00, 0xe8,
    0x00, 0xe8, 0x42, 0x78, 0x42, 0x78, 0x42, 0x70, 0x42, 0x70, 0x43, 0x58, 0x43, 0x58, 0x43, 0x40, 0x43, 0x40, 0x43, 0x38, 0x43, 0x38, 0x63, 0x30, 0x63, 0x30, 0x63, 0x28, 0x63, 0x28, 0x43, 0x38,
    0x43, 0x38, 0x43, 0x50, 0x43, 0x50, 0x42, 0x68, 0x42, 0x68, 0x00, 0xe8, 0x00, 0xe8, 0x00, 0xe8, 0x00, 0xe8, 0x42, 0x68, 0x42, 0x68, 0x43, 0x50, 0x43, 0x50, 0x63, 0x28, 0x63, 0x28, 0x64, 0x10,
    0x64, 0x10, 0x64, 0x10, 0x64, 0x10, 0x64, 0x10, 0x64, 0x10, 0x64, 0x10, 0x64, 0x10, 0x64, 0x10, 0x64, 0x10, 0x64, 0x10, 0x64, 0x10, 0x64, 0x10, 0x64, 0x10, 0x64, 0x10, 0x64, 0x10, 0x64, 0x10,
    0x64, 0x10, 0x64, 0x10, 0x64, 0x10, 0x64, 0x10, 0x64, 0x10, 0x64, 0x10, 0x64, 0x10, 0x64, 0x10, 0x64, 0x10, 0x64, 0x10, 0x64, 0x10, 0x64, 0x10, 0x64, 0x10, 0x64, 0x10, 0x64, 0x10, 0x64, 0x10,
    0x64, 0x10, 0x64, 0x10, 0x64, 0x10, 0x64, 0x10, 0x64, 0x10, 0x64, 0x10, 0x64, 0x10, 0x64, 0x10, 0x64, 0x10, 0x64, 0x10, 0x64, 0x10, 0x64, 0x10, 0x64, 0x10, 0x64, 0x10, 0x64, 0x10, 0x64, 0x10,
    0x64, 0x10, 0x64, 0x10, 0x64, 0x10, 0x64, 0x10, 0x64, 0x10, 0x64, 0x10, 0x64, 0x10, 0x64, 0x10, 0x64, 0x10, 0x64, 0x10, 0x64, 0x10, 0x64, 0x10, 0x64, 0x10, 0x64, 0x10, 0x64, 0x10, 0x64, 0x10,
    0x64, 0x10, 0x64, 0x10, 0x64, 0x10, 0x64, 0x10, 0x64, 0x10, 0x64, 0x10, 0x64, 0x10, 0x64, 0x10, 0x64, 0x10, 0x64, 0x10, 0x64, 0x10, 0x64, 0x10, 0x64, 0x10, 0x64, 0x10, 0x64, 0x10, 0x64, 0x10,
    0x64, 0x10, 0x64, 0x10, 0x64, 0x10, 0x64, 0x10, 0x64, 0x10, 0x64, 0x10, 0x64, 0x10, 0x64, 0x10, 0x64, 0x10, 0x64, 0x10, 0x64, 0x10, 0x64, 0x10, 0x64, 0x10, 0x64, 0x10, 0x64, 0x10, 0x64, 0x10,
    0x64, 0x10, 0x64, 0x10, 0x64, 0x10, 0x64, 0x10, 0x64, 0x10, 0x64, 0x10, 0x64, 0x10, 0x64, 0x10, 0x64, 0x10, 0x64, 0x10, 0x64, 0x10, 0x64, 0x10, 0x64, 0x10, 0x64, 0x10, 0x64, 0x10, 0x64, 0x10,
    0x64, 0x10, 0x64, 0x10, 0x64, 0x10, 0x64, 0x10, 0x64, 0x10, 0x64, 0x10, 0x64, 0x10, 0x64, 0x10, 0x64, 0x10, 0x64, 0x10, 0x64, 0x10, 0x64, 0x10, 0x64, 0x10, 0x64, 0x10, 0x64, 0x10, 0x64, 0x10,
    0x64, 0x10, 0x64, 0x10, 0x64, 0x10, 0x64, 0x10, 0x64, 0x10, 0x64, 0x10, 0x64, 0x10, 0x64, 0x10, 0x64, 0x10, 0x64, 0x10, 0x64, 0x10, 0x64, 0x10, 0x64, 0x10, 0x64, 0x10, 0x64, 0x10, 0x64, 0x10,
    0x64, 0x10, 0x64, 0x10, 0x64, 0x10, 0x64, 0x10, 0x64, 0x10, 0x64, 0x10, 0x64, 0x10, 0x64, 0x10, 0x64, 0x10, 0x64, 0x10, 0x64, 0x10, 0x64, 0x10, 0x64, 0x10, 0x64, 0x10, 0x64, 0x10, 0x64, 0x10,
    0x64, 0x10, 0x64, 0x10, 0x64, 0x10, 0x64, 0x10, 0x64, 0x10, 0x64, 0x10, 0x64, 0x10, 0x64, 0x10, 0x64, 0x10, 0x64, 0x10, 0x64, 0x10, 0x64, 0x10, 0x64, 0x10, 0x64, 0x10, 0x64, 0x10, 0x64, 0x10,
    0x64, 0x10, 0x64, 0x10, 0x64, 0x10, 0x64, 0x10, 0x64, 0x10, 0x64, 0x10, 0x64, 0x10, 0x64, 0x10, 0x64, 0x10, 0x64, 0x10, 0x64, 0x10, 0x64, 0x10, 0x64, 0x10, 0x64, 0x10, 0x64, 0x10, 0x64, 0x10,
    0x64, 0x10, 0x64, 0x10, 0x64, 0x10, 0x64, 0x10, 0x64, 0x10, 0x64, 0x18, 0x64, 0x18, 0x43, 0x38, 0x43, 0x38, 0x43, 0x48, 0x43, 0x48, 0x00, 0xe0, 0x00, 0xe0, 0x00, 0xe8, 0x00, 0xe8, 0x42, 0x68,
    0x42, 0x68, 0x42, 0x68, 0x42, 0x68, 0x42, 0x58, 0x42, 0x58, 0x42, 0x58, 0x42, 0x58, 0x42, 0x68, 0x42, 0x68, 0x42, 0x68, 0x42, 0x68, 0x00, 0xe8, 0x00, 0xe8, 0x00, 0xe8, 0x00, 0xe8, 0x21, 0x90,
    0x21, 0x90, 0x00, 0xe8, 0x00, 0xe8, 0x00, 0xe8, 0x00, 0xe8, 0x22, 0x88, 0x22, 0x88, 0x21, 0x98, 0x21, 0x98, 0x00, 0xf0, 0x00, 0xf0, 0x00, 0xf0, 0x00, 0xf0, 0x00, 0xf0, 0x00, 0xf0, 0x00, 0xf0,
    0x00, 0xf0, 0x21, 0xa0, 0x21, 0xa0, 0x22, 0x90, 0x22, 0x90, 0x00, 0xe8, 0x00, 0xe8, 0x00, 0xe8, 0x00, 0xe8, 0x42, 0x78, 0x42, 0x78, 0x42, 0x70, 0x42, 0x70, 0x43, 0x58, 0x43, 0x58, 0x43, 0x40,
    0x43, 0x40, 0x43, 0x38, 0x43, 0x38, 0x63, 0x30, 0x63, 0x30, 0x63, 0x28, 0x63, 0x28, 0x43, 0x38, 0x43, 0x38, 0x43, 0x50, 0x43, 0x50, 0x42, 0x68, 0x42, 0x68, 0x00, 0xe8, 0x00, 0xe8, 0x00, 0xe8,
    0x00, 0xe8, 0x42, 0x68, 0x42, 0x68, 0x43, 0x50, 0x43, 0x50, 0x63, 0x28, 0x63, 0x28, 0x64, 0x10, 0x64, 0x10, 0x64, 0x10, 0x64, 0x10, 0x64, 0x10, 0x64, 0x10, 0x64, 0x10, 0x64, 0x10, 0x64, 0x10,
    0x64, 0x10, 0x64, 0x10, 0x64, 0x10, 0x64, 0x10, 0x64, 0x10, 0x64, 0x10, 0x64, 0x10, 0x64, 0x10, 0x64, 0x10, 0x64, 0x10, 0x64, 0x10, 0x64, 0x10, 0x64, 0x10, 0x64, 0x10, 0x64, 0x10, 0x64, 0x10,
    0x64, 0x10, 0x64, 0x10, 0x64, 0x10, 0x64, 0x10, 0x64, 0x10, 0x64, 0x10, 0x64, 0x10, 0x64, 0x10, 0x64, 0x10, 0x64, 0x10, 0x64, 0x10, 0x64, 0x10, 0x64, 0x10, 0x64, 0x10, 0x64, 0x10, 0x64, 0x10,
    0x64, 0x10, 0x64, 0x10, 0x64, 0x10, 0x64, 0x10, 0x64, 0x10, 0x64, 0x10, 0x64, 0x10, 0x64, 0x10, 0x64, 0x10, 0x64, 0x10, 0x64, 0x10, 0x64, 0x10, 0x64, 0x10, 0x64, 0x10, 0x64, 0x10, 0x64, 0x10,
    0x64, 0x10, 0x64, 0x10, 0x64, 0x10, 0x64, 0x10, 0x64, 0x10, 0x64, 0x10, 0x64, 0x10, 0x64, 0x10, 0x64, 0x10, 0x64, 0x10, 0x64, 0x10, 0x64, 0x10, 0x64, 0x10, 0x64, 0x10, 0x64, 0x10, 0x64, 0x10,
    0x64, 0x10, 0x64, 0x10, 0x64, 0x10, 0x64, 0x10, 0x64, 0x10, 0x64, 0x10, 0x64, 0x10, 0x64, 0x10, 0x64, 0x10, 0x64, 0x10, 0x64, 0x10, 0x64, 0x10, 0x64, 0x10, 0x64, 0x10, 0x64, 0x10, 0x64, 0x10,
    0x64, 0x10, 0x64, 0x10, 0x64, 0x10, 0x64, 0x10, 0x64, 0x10, 0x64, 0x10, 0x64, 0x10, 0x64, 0x10, 0x64, 0x10, 0x64, 0x10, 0x64, 0x10, 0x64, 0x10, 0x64, 0x10, 0x64, 0x10, 0x64, 0x10, 0x64, 0x10,
    0x64, 0x10, 0x64, 0x10, 0x64, 0x10, 0x64, 0x10, 0x64, 0x10, 0x64, 0x10, 0x64, 0x10, 0x64, 0x10, 0x64, 0x10, 0x64, 0x10, 0x64, 0x10, 0x64, 0x10, 0x64, 0x10, 0x64, 0x10, 0x64, 0x10, 0x64, 0x10,
    0x64, 0x10, 0x64, 0x10, 0x64, 0x10, 0x64, 0x10, 0x64, 0x10, 0x64, 0x10, 0x64, 0x10, 0x64, 0x10, 0x64, 0x10, 0x64, 0x10, 0x64, 0x10, 0x64, 0x10, 0x64, 0x10, 0x64, 0x10, 0x64, 0x10, 0x64, 0x10,
    0x64, 0x10, 0x64, 0x10, 0x64, 0x10, 0x64, 0x10, 0x64, 0x10, 0x64, 0x10, 0x64, 0x10, 0x64, 0x10, 0x64, 0x10, 0x64, 0x10, 0x64, 0x10, 0x64, 0x10, 0x64, 0x10, 0x64, 0x10, 0x64, 0x10, 0x64, 0x10,
    0x64, 0x10, 0x64, 0x10, 0x64, 0x10, 0x64, 0x10, 0x64, 0x10, 0x64, 0x10, 0x64, 0x10, 0x64, 0x10, 0x64, 0x10, 0x64, 0x10, 0x64, 0x10, 0x64, 0x10, 0x64, 0x10, 0x64, 0x10, 0x64, 0x10, 0x64, 0x10,
    0x64, 0x10, 0x64, 0x10, 0x64, 0x10, 0x64, 0x10, 0x64, 0x10, 0x64, 0x10, 0x64, 0x10, 0x64, 0x10, 0x64, 0x10, 0x64, 0x10, 0x64, 0x10, 0x64, 0x10, 0x64, 0x10, 0x64, 0x10, 0x64, 0x10, 0x64, 0x10,
    0x64, 0x10, 0x64, 0x10, 0x64, 0x10, 0x64, 0x10, 0x64, 0x10, 0x64, 0x10, 0x64, 0x10, 0x64, 0x10, 0x64, 0x10, 0x64, 0x10, 0x64, 0x10, 0x64, 0x10, 0x64, 0x10, 0x64, 0x18, 0x64, 0x18, 0x63, 0x30,
    0x63, 0x30, 0x43, 0x40, 0x43, 0x40, 0x43, 0x58, 0x43, 0x58, 0x00, 0xe0, 0x00, 0xe0, 0x00, 0xe8, 0x00, 0xe8, 0x42, 0x68, 0x42, 0x68, 0x42, 0x68, 0x42, 0x68, 0x42, 0x68, 0x42, 0x68, 0x42, 0x68,
    0x42, 0x68, 0x00, 0xe8, 0x00, 0xe8, 0x00, 0xe8, 0x00, 0xe8, 0x22, 0x88, 0x22, 0x88, 0x22, 0x80, 0x22, 0x80, 0x00, 0xe8, 0x00, 0xe8, 0x00, 0xe8, 0x00, 0xe8, 0x42, 0x70, 0x42, 0x70, 0x22, 0x80,
    0x22, 0x80, 0x22, 0x88, 0x22, 0x88, 0x00, 0xe8, 0x00, 0xe8, 0x00, 0xe8, 0x00, 0xe8, 0x00, 0xe8, 0x00, 0xe8, 0x21, 0x90, 0x21, 0x90, 0x22, 0x88, 0x22, 0x88, 0x00, 0xe8, 0x00, 0xe8, 0x00, 0xe8,
    0x00, 0xe8, 0x42, 0x78, 0x42, 0x78, 0x42, 0x78, 0x42, 0x78, 0x42, 0x60, 0x42, 0x60, 0x43, 0x50, 0x43, 0x50, 0x43, 0x48, 0x43, 0x48, 0x43, 0x38, 0x43, 0x38, 0x63, 0x30, 0x63, 0x30, 0x43, 0x38,
    0x43, 0x38, 0x43, 0x48, 0x43, 0x48, 0x43, 0x58, 0x43, 0x58, 0x00, 0xe8, 0x00, 0xe8, 0x00, 0xe8, 0x00, 0xe8, 0x43, 0x58, 0x43, 0x58, 0x43, 0x40, 0x43, 0x40, 0x63, 0x28, 0x63, 0x28, 0x64, 0x10,
    0x64, 0x10, 0x64, 0x10, 0x64, 0x10, 0x64, 0x10, 0x64, 0x10, 0x64, 0x10, 0x64, 0x10, 0x64, 0x10, 0x64, 0x10, 0x64, 0x10, 0x64, 0x10, 0x64, 0x10, 0x64, 0x10, 0x64, 0x10, 0x64, 0x10, 0x64, 0x10,
    0x64, 0x10, 0x64, 0x10, 0x64, 0x10, 0x64, 0x10, 0x64, 0x10, 0x64, 0x10, 0x64, 0x10, 0x64, 0x10, 0x64, 0x10, 0x64, 0x10, 0x64, 0x10, 0x64, 0x10, 0x64, 0x10, 0x64, 0x10, 0x64, 0x10, 0x64, 0x10,
    0x64, 0x10, 0x64, 0x10, 0x64, 0x10, 0x64, 0x10, 0x64, 0x10, 0x64, 0x10, 0x64, 0x10, 0x64, 0x10, 0x64, 0x10, 0x64, 0x10, 0x64, 0x10, 0x64, 0x10, 0x64, 0x10, 0x64, 0x10, 0x64, 0x10, 0x64, 0x10,
    0x64, 0x10, 0x64, 0x10, 0x64, 0x10, 0x64, 0x10, 0x64, 0x10, 0x64, 0x10, 0x64, 0x10, 0x64, 0x10, 0x64, 0x10, 0x64, 0x10, 0x64, 0x10, 0x64, 0x10, 0x64, 0x10, 0x64, 0x10, 0x64, 0x10, 0x64, 0x10,
    0x64, 0x10, 0x64, 0x10, 0x64, 0x10, 0x64, 0x10, 0x64, 0x10, 0x64, 0x10, 0x64, 0x10, 0x64, 0x10, 0x64, 0x10, 0x64, 0x10, 0x64, 0x10, 0x64, 0x10, 0x64, 0x10, 0x64, 0x10, 0x64, 0x10, 0x64, 0x10,
    0x64, 0x10, 0x64, 0x10, 0x64, 0x10, 0x64, 0x10, 0x64, 0x10, 0x64, 0x10, 0x64, 0x10, 0x64, 0x10, 0x64, 0x10, 0x64, 0x10, 0x64, 0x10, 0x64, 0x10, 0x64, 0x10, 0x64, 0x10, 0x64, 0x10, 0x64, 0x10,
    0x64, 0x10, 0x64, 0x10, 0x64, 0x10, 0x64, 0x10, 0x64, 0x10, 0x64, 0x10, 0x64, 0x10, 0x64, 0x10, 0x64, 0x10, 0x64, 0x10, 0x64, 0x10, 0x64, 0x10, 0x64, 0x10, 0x64, 0x10, 0x64, 0x10, 0x64, 0x10,
    0x64, 0x10, 0x64, 0x10, 0x64, 0x10, 0x64, 0x10, 0x64, 0x10, 0x64, 0x10, 0x64, 0x10, 0x64, 0x10, 0x64, 0x10, 0x64, 0x10, 0x64, 0x10, 0x64, 0x10, 0x64, 0x10, 0x64, 0x10, 0x64, 0x10, 0x64, 0x10,
    0x64, 0x10, 0x64, 0x10, 0x64, 0x10, 0x64, 0x10, 0x64, 0x10, 0x64, 0x10, 0x64, 0x10, 0x64, 0x10, 0x64, 0x10, 0x64, 0x10, 0x64, 0x10, 0x64, 0x10, 0x64, 0x10, 0x64, 0x10, 0x64, 0x10, 0x64, 0x10,
    0x64, 0x10, 0x64, 0x10, 0x64, 0x10, 0x64, 0x10, 0x64, 0x10, 0x64, 0x10, 0x64, 0x10, 0x64, 0x10, 0x64, 0x10, 0x64, 0x10, 0x64, 0x10, 0x64, 0x10, 0x64, 0x10, 0x64, 0x10, 0x64, 0x10, 0x64, 0x10,
    0x64, 0x10, 0x64, 0x10, 0x64, 0x10, 0x64, 0x10, 0x64, 0x10, 0x64, 0x10, 0x64, 0x10, 0x64, 0x10, 0x64, 0x10, 0x64, 0x10, 0x64, 0x10, 0x64, 0x10, 0x64, 0x10, 0x64, 0x10, 0x64, 0x10, 0x64, 0x10,
    0x64, 0x10, 0x64, 0x10, 0x64, 0x10, 0x64, 0x10, 0x64, 0x10, 0x64, 0x10, 0x64, 0x10, 0x64, 0x10, 0x64, 0x10, 0x64, 0x10, 0x64, 0x10, 0x64, 0x10, 0x64, 0x10, 0x64, 0x10, 0x64, 0x10, 0x64, 0x10,
    0x64, 0x10, 0x64, 0x10, 0x64, 0x10, 0x64, 0x10, 0x64, 0x10, 0x64, 0x18, 0x64, 0x18, 0x63, 0x30, 0x63, 0x30, 0x43, 0x40, 0x43, 0x40, 0x43, 0x58, 0x43, 0x58, 0x00, 0xe0, 0x00, 0xe0, 0x00, 0xe8,
    0x00, 0xe8, 0x42, 0x68, 0x42, 0x68, 0x42, 0x68, 0x42, 0x68, 0x42, 0x68, 0x42, 0x68, 0x42, 0x68, 0x42, 0x68, 0x00, 0xe8, 0x00, 0xe8, 0x00, 0xe8, 0x00, 0xe8, 0x22, 0x88, 0x22, 0x88, 0x22, 0x80,
    0x22, 0x80, 0x00, 0xe8, 0x00, 0xe8, 0x00, 0xe8, 0x00, 0xe8, 0x42, 0x70, 0x42, 0x70, 0x22, 0x80, 0x22, 0x80, 0x22, 0x88, 0x22, 0x88, 0x00, 0xe8, 0x00, 0xe8, 0x00, 0xe8, 0x00, 0xe8, 0x00, 0xe8,
    0x00, 0xe8, 0x21, 0x90, 0x21, 0x90, 0x22, 0x88, 0x22, 0x88, 0x00, 0xe8, 0x00, 0xe8, 0x00, 0xe8, 0x00, 0xe8, 0x42, 0x78, 0x42, 0x78, 0x42, 0x78, 0x42, 0x78, 0x42, 0x60, 0x42, 0x60, 0x43, 0x50,
    0x43, 0x50, 0x43, 0x48, 0x43, 0x48, 0x43, 0x38, 0x43, 0x38, 0x63, 0x30, 0x63, 0x30, 0x43, 0x38, 0x43, 0x38, 0x43, 0x48, 0x43, 0x48, 0x43, 0x58, 0x43, 0x58, 0x00, 0xe8, 0x00, 0xe8, 0x00, 0xe8,
    0x00, 0xe8, 0x43, 0x58, 0x43, 0x58, 0x43, 0x40, 0x43, 0x40, 0x63, 0x28, 0x63, 0x28, 0x64, 0x10, 0x64, 0x10, 0x64, 0x10, 0x64, 0x10, 0x64, 0x10, 0x64, 0x10, 0x64, 0x10, 0x64, 0x10, 0x64, 0x10,
    0x64, 0x10, 0x64, 0x10, 0x64, 0x10, 0x64, 0x10, 0x64, 0x10, 0x64, 0x10, 0x64, 0x10, 0x64, 0x10, 0x64, 0x10, 0x64, 0x10, 0x64, 0x10, 0x64, 0x10, 0x64, 0x10, 0x64, 0x10, 0x64, 0x10, 0x64, 0x10,
    0x64, 0x10, 0x64, 0x10, 0x64, 0x10, 0x64, 0x10, 0x64, 0x10, 0x64, 0x10, 0x64, 0x10, 0x64, 0x10, 0x64, 0x10, 0x64, 0x10, 0x64, 0x10, 0x64, 0x10, 0x64, 0x10, 0x64, 0x10, 0x64, 0x10, 0x64, 0x10,
    0x64, 0x10, 0x64, 0x10, 0x64, 0x10, 0x64, 0x10, 0x64, 0x10, 0x64, 0x10, 0x64, 0x10, 0x64, 0x10, 0x64, 0x10, 0x64, 0x10, 0x64, 0x10, 0x64, 0x10, 0x64, 0x10, 0x64, 0x10, 0x64, 0x10, 0x64, 0x10,
    0x64, 0x10, 0x64, 0x10, 0x64, 0x10, 0x64, 0x10, 0x64, 0x10, 0x64, 0x10, 0x64, 0x10, 0x64, 0x10, 0x64, 0x10, 0x64, 0x10, 0x64, 0x10, 0x64, 0x10, 0x64, 0x10, 0x64, 0x10, 0x64, 0x10, 0x64, 0x10,
    0x64, 0x10, 0x64, 0x10, 0x64, 0x10, 0x64, 0x10, 0x64, 0x10, 0x64, 0x10, 0x64, 0x10, 0x64, 0x10, 0x64, 0x10, 0x64, 0x10, 0x64, 0x10, 0x64, 0x10, 0x64, 0x10, 0x64, 0x10, 0x64, 0x10, 0x64, 0x10,
    0x64, 0x10, 0x64, 0x10, 0x64, 0x10, 0x64, 0x10, 0x64, 0x10, 0x64, 0x10, 0x64, 0x10, 0x64, 0x10, 0x64, 0x10, 0x64, 0x10, 0x64, 0x10, 0x64, 0x10, 0x64, 0x10, 0x64, 0x10, 0x64, 0x10, 0x64, 0x10,
    0x64, 0x10, 0x64, 0x10, 0x64, 0x10, 0x64, 0x10, 0x64, 0x10, 0x64, 0x10, 0x64, 0x10, 0x64, 0x10, 0x64, 0x10, 0x64, 0x10, 0x64, 0x10, 0x64, 0x10, 0x64, 0x10, 0x64, 0x10, 0x64, 0x10, 0x64, 0x10,
    0x64, 0x10, 0x64, 0x10, 0x64, 0x10, 0x64, 0x10, 0x64, 0x10, 0x64, 0x10, 0x64, 0x10, 0x64, 0x10, 0x64, 0x10, 0x64, 0x10, 0x64, 0x10, 0x64, 0x10, 0x64, 0x10, 0x64, 0x10, 0x64, 0x10, 0x64, 0x10,
    0x64, 0x10, 0x64, 0x10, 0x64, 0x10, 0x64, 0x10, 0x64, 0x10, 0x64, 0x10, 0x64, 0x10, 0x64, 0x10, 0x64, 0x10, 0x64, 0x10, 0x64, 0x10, 0x64, 0x10, 0x64, 0x10, 0x64, 0x10, 0x64, 0x10, 0x64, 0x10,
    0x64, 0x10, 0x64, 0x10, 0x64, 0x10, 0x64, 0x10, 0x64, 0x10, 0x64, 0x10, 0x64, 0x10, 0x64, 0x10, 0x64, 0x10, 0x64, 0x10, 0x64, 0x10, 0x64, 0x10, 0x64, 0x10, 0x64, 0x10, 0x64, 0x10, 0x64, 0x10,
    0x64, 0x10, 0x64, 0x10, 0x64, 0x10, 0x64, 0x10, 0x64, 0x10, 0x64, 0x10, 0x64, 0x10, 0x64, 0x10, 0x64, 0x10, 0x64, 0x10, 0x64, 0x10, 0x64, 0x10, 0x64, 0x10, 0x64, 0x10, 0x64, 0x10, 0x64, 0x10,
    0x64, 0x10, 0x64, 0x10, 0x64, 0x10, 0x64, 0x10, 0x64, 0x10, 0x64, 0x10, 0x64, 0x10, 0x64, 0x10, 0x64, 0x10, 0x64, 0x10, 0x64, 0x10, 0x64, 0x10, 0x64, 0x10, 0x64, 0x10, 0x64, 0x10, 0x63, 0x20,
    0x63, 0x20, 0x43, 0x38, 0x43, 0x38, 0x43, 0x48, 0x43, 0x48, 0x00, 0xe0, 0x00, 0xe0, 0x00, 0xe0, 0x00, 0xe0, 0x00, 0xe8, 0x00, 0xe8, 0x00, 0xe8, 0x00, 0xe8, 0x00, 0xe8, 0x00, 0xe8, 0x00, 0xe8,
    0x00, 0xe8, 0x00, 0xe0, 0x00, 0xe0, 0x00, 0xe8, 0x00, 0xe8, 0x42, 0x70, 0x42, 0x70, 0x42, 0x68, 0x42, 0x68, 0x00, 0xe8, 0x00, 0xe8, 0x00, 0xe0, 0x00, 0xe0, 0x42, 0x58, 0x42, 0x58, 0x42, 0x68,
    0x42, 0x68, 0x42, 0x70, 0x42, 0x70, 0x00, 0xe8, 0x00, 0xe8, 0x00, 0xe8, 0x00, 0xe8, 0x00, 0xe8, 0x00, 0xe8, 0x22, 0x80, 0x22, 0x80, 0x42, 0x78, 0x42, 0x78, 0x00, 0xe8, 0x00, 0xe8, 0x00, 0xe8,
    0x00, 0xe8, 0x00, 0xe8, 0x00, 0xe8, 0x00, 0xe8, 0x00, 0xe8, 0x00, 0xe8, 0x00, 0xe8, 0x00, 0xe0, 0x00, 0xe0, 0x00, 0xe0, 0x00, 0xe0, 0x00, 0xe0, 0x00, 0xe0, 0x63, 0x30, 0x63, 0x30, 0x43, 0x38,
    0x43, 0x38, 0x43, 0x40, 0x43, 0x40, 0x43, 0x48, 0x43, 0x48, 0x00, 0xe0, 0x00, 0xe0, 0x00, 0xe0, 0x00, 0xe0, 0x43, 0x48, 0x43, 0x48, 0x43, 0x38, 0x43, 0x38, 0x63, 0x20, 0x63, 0x20, 0x64, 0x10,
    0x64, 0x10, 0x64, 0x10, 0x64, 0x10, 0x64, 0x10, 0x64, 0x10, 0x64, 0x10, 0x64, 0x10, 0x64, 0x10, 0x64, 0x10, 0x64, 0x10, 0x64, 0x10, 0x64, 0x10, 0x64, 0x10, 0x64, 0x10, 0x64, 0x10, 0x64, 0x10,
    0x64, 0x10, 0x64, 0x10, 0x64, 0x10, 0x64, 0x10, 0x64, 0x10, 0x64, 0x10, 0x64, 0x10, 0x64, 0x10, 0x64, 0x10, 0x64, 0x10, 0x64, 0x10, 0x64, 0x10, 0x64, 0x10, 0x64, 0x10, 0x64, 0x10, 0x64, 0x10,
    0x64, 0x10, 0x64, 0x10, 0x64, 0x10, 0x64, 0x10, 0x64, 0x10, 0x64, 0x10, 0x64, 0x10, 0x64, 0x10, 0x64, 0x10, 0x64, 0x10, 0x64, 0x10, 0x64, 0x10, 0x64, 0x10, 0x64, 0x10, 0x64, 0x10, 0x64, 0x10,
    0x64, 0x10, 0x64, 0x10, 0x64, 0x10, 0x64, 0x10, 0x64, 0x10, 0x64, 0x10, 0x64, 0x10, 0x64, 0x10, 0x64, 0x10, 0x64, 0x10, 0x64, 0x10, 0x64, 0x10, 0x64, 0x10, 0x64, 0x10, 0x64, 0x10, 0x64, 0x10,
    0x64, 0x10, 0x64, 0x10, 0x64, 0x10, 0x64, 0x10, 0x64, 0x10, 0x64, 0x10, 0x64, 0x10, 0x64, 0x10, 0x64, 0x10, 0x64, 0x10, 0x64, 0x10, 0x64, 0x10, 0x64, 0x10, 0x64, 0x10, 0x64, 0x10, 0x64, 0x10,
    0x64, 0x10, 0x64, 0x10, 0x64, 0x10, 0x64, 0x10, 0x64, 0x10, 0x64, 0x10, 0x64, 0x10, 0x64, 0x10, 0x64, 0x10, 0x64, 0x10, 0x64, 0x10, 0x64, 0x10, 0x64, 0x10, 0x64, 0x10, 0x64, 0x10, 0x64, 0x10,
    0x64, 0x10, 0x64, 0x10, 0x64, 0x10, 0x64, 0x10, 0x64, 0x10, 0x64, 0x10, 0x64, 0x10, 0x64, 0x10, 0x64, 0x10, 0x64, 0x10, 0x64, 0x10, 0x64, 0x10, 0x64, 0x10, 0x64, 0x10, 0x64, 0x10, 0x64, 0x10,
    0x64, 0x10, 0x64, 0x10, 0x64, 0x10, 0x64, 0x10, 0x64, 0x10, 0x64, 0x10, 0x64, 0x10, 0x64, 0x10, 0x64, 0x10, 0x64, 0x10, 0x64, 0x10, 0x64, 0x10, 0x64, 0x10, 0x64, 0x10, 0x64, 0x10, 0x64, 0x10,
    0x64, 0x10, 0x64, 0x10, 0x64, 0x10, 0x64, 0x10, 0x64, 0x10, 0x64, 0x10, 0x64, 0x10, 0x64, 0x10, 0x64, 0x10, 0x64, 0x10, 0x64, 0x10, 0x64, 0x10, 0x64, 0x10, 0x64, 0x10, 0x64, 0x10, 0x64, 0x10,
    0x64, 0x10, 0x64, 0x10, 0x64, 0x10, 0x64, 0x10, 0x64, 0x10, 0x64, 0x10, 0x64, 0x10, 0x64, 0x10, 0x64, 0x10, 0x64, 0x10, 0x64, 0x10, 0x64, 0x10, 0x64, 0x10, 0x64, 0x10, 0x64, 0x10, 0x64, 0x10,
    0x64, 0x10, 0x64, 0x10, 0x64, 0x10, 0x64, 0x10, 0x64, 0x10, 0x64, 0x10, 0x64, 0x10, 0x64, 0x10, 0x64, 0x10, 0x64, 0x10, 0x64, 0x10, 0x64, 0x10, 0x64, 0x10, 0x64, 0x10, 0x64, 0x10, 0x64, 0x10,
    0x64, 0x10, 0x64, 0x10, 0x64, 0x10, 0x64, 0x10, 0x64, 0x10, 0x64, 0x10, 0x64, 0x10, 0x64, 0x10, 0x64, 0x10, 0x64, 0x10, 0x64, 0x10, 0x64, 0x10, 0x64, 0x10, 0x64, 0x10, 0x64, 0x10, 0x64, 0x10,
    0x64, 0x10, 0x64, 0x10, 0x64, 0x10, 0x64, 0x10, 0x64, 0x10, 0x64, 0x10, 0x64, 0x10, 0x63, 0x20, 0x63, 0x20, 0x43, 0x38, 0x43, 0x38, 0x43, 0x48, 0x43, 0x48, 0x00, 0xe0, 0x00, 0xe0, 0x00, 0xe0,
    0x00, 0xe0, 0x00, 0xe8, 0x00, 0xe8, 0x00, 0xe8, 0x00, 0xe8, 0x00, 0xe8, 0x00, 0xe8, 0x00, 0xe8, 0x00, 0xe8, 0x00, 0xe0, 0x00, 0xe0, 0x00, 0xe8, 0x00, 0xe8, 0x42, 0x70, 0x42, 0x70, 0x42, 0x68,
    0x42, 0x68, 0x00, 0xe8, 0x00, 0xe8, 0x00, 0xe0, 0x00, 0xe0, 0x42, 0x58, 0x42, 0x58, 0x42, 0x68, 0x42, 0x68, 0x42, 0x70, 0x42, 0x70, 0x00, 0xe8, 0x00, 0xe8, 0x00, 0xe8, 0x00, 0xe8, 0x00, 0xe8,
    0x00, 0xe8, 0x22, 0x80, 0x22, 0x80, 0x42, 0x78, 0x42, 0x78, 0x00, 0xe8, 0x00, 0xe8, 0x00, 0xe8, 0x00, 0xe8, 0x00, 0xe8, 0x00, 0xe8, 0x00, 0xe8, 0x00, 0xe8, 0x00, 0xe8, 0x00, 0xe8, 0x00, 0xe0,
    0x00, 0xe0, 0x00, 0xe0, 0x00, 0xe0, 0x00, 0xe0, 0x00, 0xe0, 0x63, 0x30, 0x63, 0x30, 0x43, 0x38, 0x43, 0x38, 0x43, 0x40, 0x43, 0x40, 0x43, 0x48, 0x43, 0x48, 0x00, 0xe0, 0x00, 0xe0, 0x00, 0xe0,
    0x00, 0xe0, 0x43, 0x48, 0x43, 0x48, 0x43, 0x38, 0x43, 0x38, 0x63, 0x20, 0x63, 0x20, 0x64, 0x10, 0x64, 0x10, 0x64, 0x10, 0x64, 0x10, 0x64, 0x10, 0x64, 0x10, 0x64, 0x10, 0x64, 0x10, 0x64, 0x10,
    0x64, 0x10, 0x64, 0x10, 0x64, 0x10, 0x64, 0x10, 0x64, 0x10, 0x64, 0x10, 0x64, 0x10, 0x64, 0x10, 0x64, 0x10, 0x64, 0x10, 0x64, 0x10, 0x64, 0x10, 0x64, 0x10, 0x64, 0x10, 0x64, 0x10, 0x64, 0x10,
    0x64, 0x10, 0x64, 0x10, 0x64, 0x10, 0x64, 0x10, 0x64, 0x10, 0x64, 0x10, 0x64, 0x10, 0x64, 0x10, 0x64, 0x10, 0x64, 0x10, 0x64, 0x10, 0x64, 0x10, 0x64, 0x10, 0x64, 0x10, 0x64, 0x10, 0x64, 0x10,
    0x64, 0x10, 0x64, 0x10, 0x64, 0x10, 0x64, 0x10, 0x64, 0x10, 0x64, 0x10, 0x64, 0x10, 0x64, 0x10, 0x64, 0x10, 0x64, 0x10, 0x64, 0x10, 0x64, 0x10, 0x64, 0x10, 0x64, 0x10, 0x64, 0x10, 0x64, 0x10,
    0x64, 0x10, 0x64, 0x10, 0x64, 0x10, 0x64, 0x10, 0x64, 0x10, 0x64, 0x10, 0x64, 0x10, 0x64, 0x10, 0x64, 0x10, 0x64, 0x10, 0x64, 0x10, 0x64, 0x10, 0x64, 0x10, 0x64, 0x10, 0x64, 0x10, 0x64, 0x10,
    0x64, 0x10, 0x64, 0x10, 0x64, 0x10, 0x64, 0x10, 0x64, 0x10, 0x64, 0x10, 0x64, 0x10, 0x64, 0x10, 0x64, 0x10, 0x64, 0x10, 0x64, 0x10, 0x64, 0x10, 0x64, 0x10, 0x64, 0x10, 0x64, 0x10, 0x64, 0x10,
    0x64, 0x10, 0x64, 0x10, 0x64, 0x10, 0x64, 0x10, 0x64, 0x10, 0x64, 0x10, 0x64, 0x10, 0x64, 0x10, 0x64, 0x10, 0x64, 0x10, 0x64, 0x10, 0x64, 0x10, 0x64, 0x10, 0x64, 0x10, 0x64, 0x10, 0x64, 0x10,
    0x64, 0x10, 0x64, 0x10, 0x64, 0x10, 0x64, 0x10, 0x64, 0x10, 0x64, 0x10, 0x64, 0x10, 0x64, 0x10, 0x64, 0x10, 0x64, 0x10, 0x64, 0x10, 0x64, 0x10, 0x64, 0x10, 0x64, 0x10, 0x64, 0x10, 0x64, 0x10,
    0x64, 0x10, 0x64, 0x10, 0x64, 0x10, 0x64, 0x10, 0x64, 0x10, 0x64, 0x10, 0x64, 0x10, 0x64, 0x10, 0x64, 0x10, 0x64, 0x10, 0x64, 0x10, 0x64, 0x10, 0x64, 0x10, 0x64, 0x10, 0x64, 0x10, 0x64, 0x10,
    0x64, 0x10, 0x64, 0x10, 0x64, 0x10, 0x64, 0x10, 0x64, 0x10, 0x64, 0x10, 0x64, 0x10, 0x64, 0x10, 0x64, 0x10, 0x64, 0x10, 0x64, 0x10, 0x64, 0x10, 0x64, 0x10, 0x64, 0x10, 0x64, 0x10, 0x64, 0x10,
    0x64, 0x10, 0x64, 0x10, 0x64, 0x10, 0x64, 0x10, 0x64, 0x10, 0x64, 0x10, 0x64, 0x10, 0x64, 0x10, 0x64, 0x10, 0x64, 0x10, 0x64, 0x10, 0x64, 0x10, 0x64, 0x10, 0x64, 0x10, 0x64, 0x10, 0x64, 0x10,
    0x64, 0x10, 0x64, 0x10, 0x64, 0x10, 0x64, 0x10, 0x64, 0x10, 0x64, 0x10, 0x64, 0x10, 0x64, 0x10, 0x64, 0x10, 0x64, 0x10, 0x64, 0x10, 0x64, 0x10, 0x64, 0x10, 0x64, 0x10, 0x64, 0x10, 0x64, 0x10,
    0x64, 0x10, 0x64, 0x10, 0x64, 0x10, 0x64, 0x10, 0x64, 0x10, 0x64, 0x10, 0x64, 0x10, 0x64, 0x10, 0x64, 0x10, 0x64, 0x10, 0x64, 0x10, 0x64, 0x10, 0x64, 0x10, 0x64, 0x10, 0x64, 0x10, 0x64, 0x18,
    0x64, 0x18, 0x63, 0x28, 0x63, 0x28, 0x43, 0x38, 0x43, 0x38, 0x43, 0x48, 0x43, 0x48, 0x43, 0x58, 0x43, 0x58, 0x00, 0xe0, 0x00, 0xe0, 0x00, 0xe0, 0x00, 0xe0, 0x00, 0xe0, 0x00, 0xe0, 0x00, 0xe0,
    0x00, 0xe0, 0x43, 0x58, 0x43, 0x58, 0x43, 0x58, 0x43, 0x58, 0x42, 0x58, 0x42, 0x58, 0x43, 0x50, 0x43, 0x50, 0x00, 0xe0, 0x00, 0xe0, 0x00, 0xe0, 0x00, 0xe0, 0x43, 0x48, 0x43, 0x48, 0x43, 0x50,
    0x43, 0x50, 0x43, 0x50, 0x43, 0x50, 0x43, 0x50, 0x43, 0x50, 0x00, 0xe0, 0x00, 0xe0, 0x00, 0xe0, 0x00, 0xe0, 0x42, 0x60, 0x42, 0x60, 0x42, 0x60, 0x42, 0x60, 0x00, 0xe8, 0x00, 0xe8, 0x00, 0xe8,
    0x00, 0xe8, 0x00, 0xe8, 0x00, 0xe8, 0x00, 0xe8, 0x00, 0xe8, 0x00, 0xe8, 0x00, 0xe8, 0x00, 0xe0, 0x00, 0xe0, 0x00, 0xe0, 0x00, 0xe0, 0x00, 0xe0, 0x00, 0xe0, 0x63, 0x30, 0x63, 0x30, 0x63, 0x30,
    0x63, 0x30, 0x43, 0x38, 0x43, 0x38, 0x43, 0x38, 0x43, 0x38, 0x00, 0xe0, 0x00, 0xe0, 0x00, 0xe0, 0x00, 0xe0, 0x43, 0x38, 0x43, 0x38, 0x63, 0x30, 0x63, 0x30, 0x64, 0x18, 0x64, 0x18, 0x64, 0x10,
    0x64, 0x10, 0x64, 0x10, 0x64, 0x10, 0x64, 0x10, 0x64, 0x10, 0x64, 0x10, 0x64, 0x10, 0x64, 0x10, 0x64, 0x10, 0x64, 0x10, 0x64, 0x10, 0x64, 0x10, 0x64, 0x10, 0x64, 0x10, 0x64, 0x10, 0x64, 0x10,
    0x64, 0x10, 0x64, 0x10, 0x64, 0x10, 0x64, 0x10, 0x64, 0x10, 0x64, 0x10, 0x64, 0x10, 0x64, 0x10, 0x64, 0x10, 0x64, 0x10, 0x64, 0x10, 0x64, 0x10, 0x64, 0x10, 0x64, 0x10, 0x64, 0x10, 0x64, 0x10,
    0x64, 0x10, 0x64, 0x10, 0x64, 0x10, 0x64, 0x10, 0x64, 0x10, 0x64, 0x10, 0x64, 0x10, 0x64, 0x10, 0x64, 0x10, 0x64, 0x10, 0x64, 0x10, 0x64, 0x10, 0x64, 0x10, 0x64, 0x10, 0x64, 0x10, 0x64, 0x10,
    0x64, 0x10, 0x64, 0x10, 0x64, 0x10, 0x64, 0x10, 0x64, 0x10, 0x64, 0x10, 0x64, 0x10, 0x64, 0x10, 0x64, 0x10, 0x64, 0x10, 0x64, 0x10, 0x64, 0x10, 0x64, 0x10, 0x64, 0x10, 0x64, 0x10, 0x64, 0x10,
    0x64, 0x10, 0x64, 0x10, 0x64, 0x10, 0x64, 0x10, 0x64, 0x10, 0x64, 0x10, 0x64, 0x10, 0x64, 0x10, 0x64, 0x10, 0x64, 0x10, 0x64, 0x10, 0x64, 0x10, 0x64, 0x10, 0x64, 0x10, 0x64, 0x10, 0x64, 0x10,
    0x64, 0x10, 0x64, 0x10, 0x64, 0x10, 0x64, 0x10, 0x64, 0x10, 0x64, 0x10, 0x64, 0x10, 0x64, 0x10, 0x64, 0x10, 0x64, 0x10, 0x64, 0x10, 0x64, 0x10, 0x64, 0x10, 0x64, 0x10, 0x64, 0x10, 0x64, 0x10,
    0x64, 0x10, 0x64, 0x10, 0x64, 0x10, 0x64, 0x10, 0x64, 0x10, 0x64, 0x10, 0x64, 0x10, 0x64, 0x10, 0x64, 0x10, 0x64, 0x10, 0x64, 0x10, 0x64, 0x10, 0x64, 0x10, 0x64, 0x10, 0x64, 0x10, 0x64, 0x10,
    0x64, 0x10, 0x64, 0x10, 0x64, 0x10, 0x64, 0x10, 0x64, 0x10, 0x64, 0x10, 0x64, 0x10, 0x64, 0x10, 0x64, 0x10, 0x64, 0x10, 0x64, 0x10, 0x64, 0x10, 0x64, 0x10, 0x64, 0x10, 0x64, 0x10, 0x64, 0x10,
    0x64, 0x10, 0x64, 0x10, 0x64, 0x10, 0x64, 0x10, 0x64, 0x10, 0x64, 0x10, 0x64, 0x10, 0x64, 0x10, 0x64, 0x10, 0x64, 0x10, 0x64, 0x10, 0x64, 0x10, 0x64, 0x10, 0x64, 0x10, 0x64, 0x10, 0x64, 0x10,
    0x64, 0x10, 0x64, 0x10, 0x64, 0x10, 0x64, 0x10, 0x64, 0x10, 0x64, 0x10, 0x64, 0x10, 0x64, 0x10, 0x64, 0x10, 0x64, 0x10, 0x64, 0x10, 0x64, 0x10, 0x64, 0x10, 0x64, 0x10, 0x64, 0x10, 0x64, 0x10,
    0x64, 0x10, 0x64, 0x10, 0x64, 0x10, 0x64, 0x10, 0x64, 0x10, 0x64, 0x10, 0x64, 0x10, 0x64, 0x10, 0x64, 0x10, 0x64, 0x10, 0x64, 0x10, 0x64, 0x10, 0x64, 0x10, 0x64, 0x10, 0x64, 0x10, 0x64, 0x10,
    0x64, 0x10, 0x64, 0x10, 0x64, 0x10, 0x64, 0x10, 0x64, 0x10, 0x64, 0x10, 0x64, 0x10, 0x64, 0x10, 0x64, 0x10, 0x64, 0x10, 0x64, 0x10, 0x64, 0x10, 0x64, 0x10, 0x64, 0x10, 0x64, 0x10, 0x64, 0x10,
    0x64, 0x10, 0x64, 0x10, 0x64, 0x10, 0x64, 0x10, 0x64, 0x10, 0x64, 0x10, 0x64, 0x10, 0x64, 0x18, 0x64, 0x18, 0x63, 0x28, 0x63, 0x28, 0x43, 0x38, 0x43, 0x38, 0x43, 0x48, 0x43, 0x48, 0x43, 0x58,
    0x43, 0x58, 0x00, 0xe0, 0x00, 0xe0, 0x00, 0xe0, 0x00, 0xe0, 0x00, 0xe0, 0x00, 0xe0, 0x00, 0xe0, 0x00, 0xe0, 0x43, 0x58, 0x43, 0x58, 0x43, 0x58, 0x43, 0x58, 0x42, 0x58, 0x42, 0x58, 0x43, 0x50,
    0x43, 0x50, 0x00, 0xe0, 0x00, 0xe0, 0x00, 0xe0, 0x00, 0xe0, 0x43, 0x48, 0x43, 0x48, 0x43, 0x50, 0x43, 0x50, 0x43, 0x50, 0x43, 0x50, 0x43, 0x50, 0x43, 0x50, 0x00, 0xe0, 0x00, 0xe0, 0x00, 0xe0,
    0x00, 0xe0, 0x42, 0x60, 0x42, 0x60, 0x42, 0x60, 0x42, 0x60, 0x00, 0xe8, 0x00, 0xe8, 0x00, 0xe8, 0x00, 0xe8, 0x00, 0xe8, 0x00, 0xe8, 0x00, 0xe8, 0x00, 0xe8, 0x00, 0xe8, 0x00, 0xe8, 0x00, 0xe0,
    0x00, 0xe0, 0x00, 0xe0, 0x00, 0xe0, 0x00, 0xe0, 0x00, 0xe0, 0x63, 0x30, 0x63, 0x30, 0x63, 0x30, 0x63, 0x30, 0x43, 0x38, 0x43, 0x38, 0x43, 0x38, 0x43, 0x38, 0x00, 0xe0, 0x00, 0xe0, 0x00, 0xe0,
    0x00, 0xe0, 0x43, 0x38, 0x43, 0x38, 0x63, 0x30, 0x63, 0x30, 0x64, 0x18, 0x64, 0x18, 0x64, 0x10, 0x64, 0x10, 0x64, 0x10, 0x64, 0x10, 0x64, 0x10, 0x64, 0x10, 0x64, 0x10, 0x64, 0x10, 0x64, 0x10,
    0x64, 0x10, 0x64, 0x10, 0x64, 0x10, 0x64, 0x10, 0x64, 0x10, 0x64, 0x10, 0x64, 0x10, 0x64, 0x10, 0x64, 0x10, 0x64, 0x10, 0x64, 0x10, 0x64, 0x10, 0x64, 0x10, 0x64, 0x10, 0x64, 0x10, 0x64, 0x10,
    0x64, 0x10, 0x64, 0x10, 0x64, 0x10, 0x64, 0x10, 0x64, 0x10, 0x64, 0x10, 0x64, 0x10, 0x64, 0x10, 0x64, 0x10, 0x64, 0x10, 0x64, 0x10, 0x64, 0x10, 0x64, 0x10, 0x64, 0x10, 0x64, 0x10, 0x64, 0x10,
    0x64, 0x10, 0x64, 0x10, 0x64, 0x10, 0x64, 0x10, 0x64, 0x10, 0x64, 0x10, 0x64, 0x10, 0x64, 0x10, 0x64, 0x10, 0x64, 0x10, 0x64, 0x10, 0x64, 0x10, 0x64, 0x10, 0x64, 0x10, 0x64, 0x10, 0x64, 0x10,
    0x64, 0x10, 0x64, 0x10, 0x64, 0x10, 0x64, 0x10, 0x64, 0x10, 0x64, 0x10, 0x64, 0x10, 0x64, 0x10, 0x64, 0x10, 0x64, 0x10, 0x64, 0x10, 0x64, 0x10, 0x64, 0x10, 0x64, 0x10, 0x64, 0x10, 0x64, 0x10,
    0x64, 0x10, 0x64, 0x10, 0x64, 0x10, 0x64, 0x10, 0x64, 0x10, 0x64, 0x10, 0x64, 0x10, 0x64, 0x10, 0x64, 0x10, 0x64, 0x10, 0x64, 0x10, 0x64, 0x10, 0x64, 0x10, 0x64, 0x10, 0x64, 0x10, 0x64, 0x10,
    0x64, 0x10, 0x64, 0x10, 0x64, 0x10, 0x64, 0x10, 0x64, 0x10, 0x64, 0x10, 0x64, 0x10, 0x64, 0x10, 0x64, 0x10, 0x64, 0x10, 0x64, 0x10, 0x64, 0x10, 0x64, 0x10, 0x64, 0x10, 0x64, 0x10, 0x64, 0x10,
    0x64, 0x10, 0x64, 0x10, 0x64, 0x10, 0x64, 0x10, 0x64, 0x10, 0x64, 0x10, 0x64, 0x10, 0x64, 0x10, 0x64, 0x10, 0x64, 0x10, 0x64, 0x10, 0x64, 0x10, 0x64, 0x10, 0x64, 0x10, 0x64, 0x10, 0x64, 0x10,
    0x64, 0x10, 0x64, 0x10, 0x64, 0x10, 0x64, 0x10, 0x64, 0x10, 0x64, 0x10, 0x64, 0x10, 0x64, 0x10, 0x64, 0x10, 0x64, 0x10, 0x64, 0x10, 0x64, 0x10, 0x64, 0x10, 0x64, 0x10, 0x64, 0x10, 0x64, 0x10,
    0x64, 0x10, 0x64, 0x10, 0x64, 0x10, 0x64, 0x10, 0x64, 0x10, 0x64, 0x10, 0x64, 0x10, 0x64, 0x10, 0x64, 0x10, 0x64, 0x10, 0x64, 0x10, 0x64, 0x10, 0x64, 0x10, 0x64, 0x10, 0x64, 0x10, 0x64, 0x10,
    0x64, 0x10, 0x64, 0x10, 0x64, 0x10, 0x64, 0x10, 0x64, 0x10, 0x64, 0x10, 0x64, 0x10, 0x64, 0x10, 0x64, 0x10, 0x64, 0x10, 0x64, 0x10, 0x64, 0x10, 0x64, 0x10, 0x64, 0x10, 0x64, 0x10, 0x64, 0x10,
    0x64, 0x10, 0x64, 0x10, 0x64, 0x10, 0x64, 0x10, 0x64, 0x10, 0x64, 0x10, 0x64, 0x10, 0x64, 0x10, 0x64, 0x10, 0x64, 0x10, 0x64, 0x10, 0x64, 0x10, 0x64, 0x10, 0x64, 0x10, 0x64, 0x10, 0x64, 0x10,
    0x64, 0x10, 0x64, 0x10, 0x64, 0x10, 0x64, 0x10, 0x64, 0x10, 0x64, 0x10, 0x64, 0x10, 0x64, 0x10, 0x64, 0x10, 0x64, 0x10, 0x64, 0x10, 0x64, 0x10, 0x64, 0x10, 0x64, 0x10, 0x64, 0x10, 0x64, 0x10,
    0x64, 0x10, 0x64, 0x18, 0x64, 0x18, 0x63, 0x28, 0x63, 0x28, 0x43, 0x38, 0x43, 0x38, 0x43, 0x40, 0x43, 0x40, 0x43, 0x48, 0x43, 0x48, 0x43, 0x50, 0x43, 0x50, 0x43, 0x50, 0x43, 0x50, 0x43, 0x48,
    0x43, 0x48, 0x43, 0x40, 0x43, 0x40, 0x43, 0x40, 0x43, 0x40, 0x43, 0x38, 0x43, 0x38, 0x43, 0x38, 0x43, 0x38, 0x43, 0x38, 0x43, 0x38, 0x63, 0x30, 0x63, 0x30, 0x63, 0x30, 0x63, 0x30, 0x63, 0x30,
    0x63, 0x30, 0x43, 0x38, 0x43, 0x38, 0x43, 0x38, 0x43, 0x38, 0x43, 0x40, 0x43, 0x40, 0x43, 0x40, 0x43, 0x40, 0x43, 0x40, 0x43, 0x40, 0x43, 0x48, 0x43, 0x48, 0x43, 0x48, 0x43, 0x48, 0x43, 0x50,
    0x43, 0x50, 0x43, 0x58, 0x43, 0x58, 0x42, 0x58, 0x42, 0x58, 0x42, 0x58, 0x42, 0x58, 0x43, 0x50, 0x43, 0x50, 0x43, 0x48, 0x43, 0x48, 0x43, 0x38, 0x43, 0x38, 0x63, 0x28, 0x63, 0x28, 0x63, 0x28,
    0x63, 0x28, 0x63, 0x28, 0x63, 0x28, 0x63, 0x28, 0x63, 0x28, 0x63, 0x30, 0x63, 0x30, 0x63, 0x30, 0x63, 0x30, 0x63, 0x28, 0x63, 0x28, 0x63, 0x20, 0x63, 0x20, 0x64, 0x18, 0x64, 0x18, 0x64, 0x10,
    0x64, 0x10, 0x64, 0x10, 0x64, 0x10, 0x64, 0x10, 0x64, 0x10, 0x64, 0x10, 0x64, 0x10, 0x64, 0x10, 0x64, 0x10, 0x64, 0x10, 0x64, 0x10, 0x64, 0x10, 0x64, 0x10, 0x64, 0x10, 0x64, 0x10, 0x64, 0x10,
    0x64, 0x10, 0x64, 0x10, 0x64, 0x10, 0x64, 0x10, 0x64, 0x10, 0x64, 0x10, 0x64, 0x10, 0x64, 0x10, 0x64, 0x10, 0x64, 0x10, 0x64, 0x10, 0x64, 0x10, 0x64, 0x10, 0x64, 0x10, 0x64, 0x10, 0x64, 0x10,
    0x64, 0x10, 0x64, 0x10, 0x64, 0x10, 0x64, 0x10, 0x64, 0x10, 0x64, 0x10, 0x64, 0x10, 0x64, 0x10, 0x64, 0x10, 0x64, 0x10, 0x64, 0x10, 0x64, 0x10, 0x64, 0x10, 0x64, 0x10, 0x64, 0x10, 0x64, 0x10,
    0x64, 0x10, 0x64, 0x10, 0x64, 0x10, 0x64, 0x10, 0x64, 0x10, 0x64, 0x10, 0x64, 0x10, 0x64, 0x10, 0x64, 0x10, 0x64, 0x10, 0x64, 0x10, 0x64, 0x10, 0x64, 0x10, 0x64, 0x10, 0x64, 0x10, 0x64, 0x10,
    0x64, 0x10, 0x64, 0x10, 0x64, 0x10, 0x64, 0x10, 0x64, 0x10, 0x64, 0x10, 0x64, 0x10, 0x64, 0x10, 0x64, 0x10, 0x64, 0x10, 0x64, 0x10, 0x64, 0x10, 0x64, 0x10, 0x64, 0x10, 0x64, 0x10, 0x64, 0x10,
    0x64, 0x10, 0x64, 0x10, 0x64, 0x10, 0x64, 0x10, 0x64, 0x10, 0x64, 0x10, 0x64, 0x10, 0x64, 0x10, 0x64, 0x10, 0x64, 0x10, 0x64, 0x10, 0x64, 0x10, 0x64, 0x10, 0x64, 0x10, 0x64, 0x10, 0x64, 0x10,
    0x64, 0x10, 0x64, 0x10, 0x64, 0x10, 0x64, 0x10, 0x64, 0x10, 0x64, 0x10, 0x64, 0x10, 0x64, 0x10, 0x64, 0x10, 0x64, 0x10, 0x64, 0x10, 0x64, 0x10, 0x64, 0x10, 0x64, 0x10, 0x64, 0x10, 0x64, 0x10,
    0x64, 0x10, 0x64, 0x10, 0x64, 0x10, 0x64, 0x10, 0x64, 0x10, 0x64, 0x10, 0x64, 0x10, 0x64, 0x10, 0x64, 0x10, 0x64, 0x10, 0x64, 0x10, 0x64, 0x10, 0x64, 0x10, 0x64, 0x10, 0x64, 0x10, 0x64, 0x10,
    0x64, 0x10, 0x64, 0x10, 0x64, 0x10, 0x64, 0x10, 0x64, 0x10, 0x64, 0x10, 0x64, 0x10, 0x64, 0x10, 0x64, 0x10, 0x64, 0x10, 0x64, 0x10, 0x64, 0x10, 0x64, 0x10, 0x64, 0x10, 0x64, 0x10, 0x64, 0x10,
    0x64, 0x10, 0x64, 0x10, 0x64, 0x10, 0x64, 0x10, 0x64, 0x10, 0x64, 0x10, 0x64, 0x10, 0x64, 0x10, 0x64, 0x10, 0x64, 0x10, 0x64, 0x10, 0x64, 0x10, 0x64, 0x10, 0x64, 0x10, 0x64, 0x10, 0x64, 0x10,
    0x64, 0x10, 0x64, 0x10, 0x64, 0x10, 0x64, 0x10, 0x64, 0x10, 0x64, 0x10, 0x64, 0x10, 0x64, 0x10, 0x64, 0x10, 0x64, 0x10, 0x64, 0x10, 0x64, 0x10, 0x64, 0x10, 0x64, 0x10, 0x64, 0x10, 0x64, 0x10,
    0x64, 0x10, 0x64, 0x10, 0x64, 0x10, 0x64, 0x10, 0x64, 0x10, 0x64, 0x10, 0x64, 0x10, 0x64, 0x10, 0x64, 0x10, 0x64, 0x10, 0x64, 0x10, 0x64, 0x10, 0x64, 0x10, 0x64, 0x10, 0x64, 0x10, 0x64, 0x10,
    0x64, 0x10, 0x64, 0x10, 0x64, 0x10, 0x64, 0x10, 0x64, 0x10, 0x64, 0x10, 0x64, 0x10, 0x64, 0x10, 0x64, 0x10, 0x64, 0x18, 0x64, 0x18, 0x63, 0x28, 0x63, 0x28, 0x43, 0x38, 0x43, 0x38, 0x43, 0x40,
    0x43, 0x40, 0x43, 0x48, 0x43, 0x48, 0x43, 0x50, 0x43, 0x50, 0x43, 0x50, 0x43, 0x50, 0x43, 0x48, 0x43, 0x48, 0x43, 0x40, 0x43, 0x40, 0x43, 0x40, 0x43, 0x40, 0x43, 0x38, 0x43, 0x38, 0x43, 0x38,
    0x43, 0x38, 0x43, 0x38, 0x43, 0x38, 0x63, 0x30, 0x63, 0x30, 0x63, 0x30, 0x63, 0x30, 0x63, 0x30, 0x63, 0x30, 0x43, 0x38, 0x43, 0x38, 0x43, 0x38, 0x43, 0x38, 0x43, 0x40, 0x43, 0x40, 0x43, 0x40,
    0x43, 0x40, 0x43, 0x40, 0x43, 0x40, 0x43, 0x48, 0x43, 0x48, 0x43, 0x48, 0x43, 0x48, 0x43, 0x50, 0x43, 0x50, 0x43, 0x58, 0x43, 0x58, 0x42, 0x58, 0x42, 0x58, 0x42, 0x58, 0x42, 0x58, 0x43, 0x50,
    0x43, 0x50, 0x43, 0x48, 0x43, 0x48, 0x43, 0x38, 0x43, 0x38, 0x63, 0x28, 0x63, 0x28, 0x63, 0x28, 0x63, 0x28, 0x63, 0x28, 0x63, 0x28, 0x63, 0x28, 0x63, 0x28, 0x63, 0x30, 0x63, 0x30, 0x63, 0x30,
    0x63, 0x30, 0x63, 0x28, 0x63, 0x28, 0x63, 0x20, 0x63, 0x20, 0x64, 0x18, 0x64, 0x18, 0x64, 0x10, 0x64, 0x10, 0x64, 0x10, 0x64, 0x10, 0x64, 0x10, 0x64, 0x10, 0x64, 0x10, 0x64, 0x10, 0x64, 0x10,
    0x64, 0x10, 0x64, 0x10, 0x64, 0x10, 0x64, 0x10, 0x64, 0x10, 0x64, 0x10, 0x64, 0x10, 0x64, 0x10, 0x64, 0x10, 0x64, 0x10, 0x64, 0x10, 0x64, 0x10, 0x64, 0x10, 0x64, 0x10, 0x64, 0x10, 0x64, 0x10,
    0x64, 0x10, 0x64, 0x10, 0x64, 0x10, 0x64, 0x10, 0x64, 0x10, 0x64, 0x10, 0x64, 0x10, 0x64, 0x10, 0x64, 0x10, 0x64, 0x10, 0x64, 0x10, 0x64, 0x10, 0x64, 0x10, 0x64, 0x10, 0x64, 0x10, 0x64, 0x10,
    0x64, 0x10, 0x64, 0x10, 0x64, 0x10, 0x64, 0x10, 0x64, 0x10, 0x64, 0x10, 0x64, 0x10, 0x64, 0x10, 0x64, 0x10, 0x64, 0x10, 0x64, 0x10, 0x64, 0x10, 0x64, 0x10, 0x64, 0x10, 0x64, 0x10, 0x64, 0x10,
    0x64, 0x10, 0x64, 0x10, 0x64, 0x10, 0x64, 0x10, 0x64, 0x10, 0x64, 0x10, 0x64, 0x10, 0x64, 0x10, 0x64, 0x10, 0x64, 0x10, 0x64, 0x10, 0x64, 0x10, 0x64, 0x10, 0x64, 0x10, 0x64, 0x10, 0x64, 0x10,
    0x64, 0x10, 0x64, 0x10, 0x64, 0x10, 0x64, 0x10, 0x64, 0x10, 0x64, 0x10, 0x64, 0x10, 0x64, 0x10, 0x64, 0x10, 0x64, 0x10, 0x64, 0x10, 0x64, 0x10, 0x64, 0x10, 0x64, 0x10, 0x64, 0x10, 0x64, 0x10,
    0x64, 0x10, 0x64, 0x10, 0x64, 0x10, 0x64, 0x10, 0x64, 0x10, 0x64, 0x10, 0x64, 0x10, 0x64, 0x10, 0x64, 0x10, 0x64, 0x10, 0x64, 0x10, 0x64, 0x10, 0x64, 0x10, 0x64, 0x10, 0x64, 0x10, 0x64, 0x10,
    0x64, 0x10, 0x64, 0x10, 0x64, 0x10, 0x64, 0x10, 0x64, 0x10, 0x64, 0x10, 0x64, 0x10, 0x64, 0x10, 0x64, 0x10, 0x64, 0x10, 0x64, 0x10, 0x64, 0x10, 0x64, 0x10, 0x64, 0x10, 0x64, 0x10, 0x64, 0x10,
    0x64, 0x10, 0x64, 0x10, 0x64, 0x10, 0x64, 0x10, 0x64, 0x10, 0x64, 0x10, 0x64, 0x10, 0x64, 0x10, 0x64, 0x10, 0x64, 0x10, 0x64, 0x10, 0x64, 0x10, 0x64, 0x10, 0x64, 0x10, 0x64, 0x10, 0x64, 0x10,
    0x64, 0x10, 0x64, 0x10, 0x64, 0x10, 0x64, 0x10, 0x64, 0x10, 0x64, 0x10, 0x64, 0x10, 0x64, 0x10, 0x64, 0x10, 0x64, 0x10, 0x64, 0x10, 0x64, 0x10, 0x64, 0x10, 0x64, 0x10, 0x64, 0x10, 0x64, 0x10,
    0x64, 0x10, 0x64, 0x10, 0x64, 0x10, 0x64, 0x10, 0x64, 0x10, 0x64, 0x10, 0x64, 0x10, 0x64, 0x10, 0x64, 0x10, 0x64, 0x10, 0x64, 0x10, 0x64, 0x10, 0x64, 0x10, 0x64, 0x10, 0x64, 0x10, 0x64, 0x10,
    0x64, 0x10, 0x64, 0x10, 0x64, 0x10, 0x64, 0x10, 0x64, 0x10, 0x64, 0x10, 0x64, 0x10, 0x64, 0x10, 0x64, 0x10, 0x64, 0x10, 0x64, 0x10, 0x64, 0x10, 0x64, 0x10, 0x64, 0x10, 0x64, 0x10, 0x64, 0x10,
    0x64, 0x10, 0x64, 0x10, 0x64, 0x10, 0x64, 0x10, 0x64, 0x10, 0x64, 0x10, 0x64, 0x10, 0x64, 0x10, 0x64, 0x10, 0x64, 0x10, 0x64, 0x10, 0x64, 0x10, 0x64, 0x10, 0x64, 0x10, 0x64, 0x10, 0x64, 0x10,
    0x64, 0x10, 0x64, 0x10, 0x64, 0x10, 0x64, 0x18, 0x64, 0x18, 0x63, 0x20, 0x63, 0x20, 0x63, 0x30, 0x63, 0x30, 0x43, 0x38, 0x43, 0x38, 0x43, 0x38, 0x43, 0x38, 0x43, 0x38, 0x43, 0x38, 0x43, 0x38,
    0x43, 0x38, 0x63, 0x30, 0x63, 0x30, 0x63, 0x28, 0x63, 0x28, 0x63, 0x28, 0x63, 0x28, 0x63, 0x20, 0x63, 0x20, 0x63, 0x28, 0x63, 0x28, 0x63, 0x28, 0x63, 0x28, 0x63, 0x20, 0x63, 0x20, 0x63, 0x20,
    0x63, 0x20, 0x63, 0x20, 0x63, 0x20, 0x63, 0x28, 0x63, 0x28, 0x63, 0x28, 0x63, 0x28, 0x63, 0x28, 0x63, 0x28, 0x63, 0x28, 0x63, 0x28, 0x63, 0x30, 0x63, 0x30, 0x63, 0x30, 0x63, 0x30, 0x43, 0x38,
    0x43, 0x38, 0x43, 0x40, 0x43, 0x40, 0x43, 0x40, 0x43, 0x40, 0x43, 0x40, 0x43, 0x40, 0x43, 0x40, 0x43, 0x40, 0x43, 0x38, 0x43, 0x38, 0x63, 0x30, 0x63, 0x30, 0x63, 0x20, 0x63, 0x20, 0x63, 0x20,
    0x63, 0x20, 0x63, 0x20, 0x63, 0x20, 0x63, 0x20, 0x63, 0x20, 0x63, 0x28, 0x63, 0x28, 0x63, 0x28, 0x63, 0x28, 0x63, 0x20, 0x63, 0x20, 0x64, 0x18, 0x64, 0x18, 0x64, 0x10, 0x64, 0x10, 0x64, 0x10,
    0x64, 0x10, 0x64, 0x10, 0x64, 0x10, 0x64, 0x10, 0x64, 0x10, 0x64, 0x10, 0x64, 0x10, 0x64, 0x10, 0x64, 0x10, 0x64, 0x10, 0x64, 0x10, 0x64, 0x10, 0x64, 0x10, 0x64, 0x10, 0x64, 0x10, 0x64, 0x10,
    0x64, 0x10, 0x64, 0x10, 0x64, 0x10, 0x64, 0x10, 0x64, 0x10, 0x64, 0x10, 0x64, 0x10, 0x64, 0x10, 0x64, 0x10, 0x64, 0x10, 0x64, 0x10, 0x64, 0x10, 0x64, 0x10, 0x64, 0x10, 0x64, 0x10, 0x64, 0x10,
    0x64, 0x10, 0x64, 0x10, 0x64, 0x10, 0x64, 0x10, 0x64, 0x10, 0x64, 0x10, 0x64, 0x10, 0x64, 0x10, 0x64, 0x10, 0x64, 0x10, 0x64, 0x10, 0x64, 0x10, 0x64, 0x10, 0x64, 0x10, 0x64, 0x10, 0x64, 0x10,
    0x64, 0x10, 0x64, 0x10, 0x64, 0x10, 0x64, 0x10, 0x64, 0x10, 0x64, 0x10, 0x64, 0x10, 0x64, 0x10, 0x64, 0x10, 0x64, 0x10, 0x64, 0x10, 0x64, 0x10, 0x64, 0x10, 0x64, 0x10, 0x64, 0x10, 0x64, 0x10,
    0x64, 0x10, 0x64, 0x10, 0x64, 0x10, 0x64, 0x10, 0x64, 0x10, 0x64, 0x10, 0x64, 0x10, 0x64, 0x10, 0x64, 0x10, 0x64, 0x10, 0x64, 0x10, 0x64, 0x10, 0x64, 0x10, 0x64, 0x10, 0x64, 0x10, 0x64, 0x10,
    0x64, 0x10, 0x64, 0x10, 0x64, 0x10, 0x64, 0x10, 0x64, 0x10, 0x64, 0x10, 0x64, 0x10, 0x64, 0x10, 0x64, 0x10, 0x64, 0x10, 0x64, 0x10, 0x64, 0x10, 0x64, 0x10, 0x64, 0x10, 0x64, 0x10, 0x64, 0x10,
    0x64, 0x10, 0x64, 0x10, 0x64, 0x10, 0x64, 0x10, 0x64, 0x10, 0x64, 0x10, 0x64, 0x10, 0x64, 0x10, 0x64, 0x10, 0x64, 0x10, 0x64, 0x10, 0x64, 0x10, 0x64, 0x10, 0x64, 0x10, 0x64, 0x10, 0x64, 0x10,
    0x64, 0x10, 0x64, 0x10, 0x64, 0x10, 0x64, 0x10, 0x64, 0x10, 0x64, 0x10, 0x64, 0x10, 0x64, 0x10, 0x64, 0x10, 0x64, 0x10, 0x64, 0x10, 0x64, 0x10, 0x64, 0x10, 0x64, 0x10, 0x64, 0x10, 0x64, 0x10,
    0x64, 0x10, 0x64, 0x10, 0x64, 0x10, 0x64, 0x10, 0x64, 0x10, 0x64, 0x10, 0x64, 0x10, 0x64, 0x10, 0x64, 0x10, 0x64, 0x10, 0x64, 0x10, 0x64, 0x10, 0x64, 0x10, 0x64, 0x10, 0x64, 0x10, 0x64, 0x10,
    0x64, 0x10, 0x64, 0x10, 0x64, 0x10, 0x64, 0x10, 0x64, 0x10, 0x64, 0x10, 0x64, 0x10, 0x64, 0x10, 0x64, 0x10, 0x64, 0x10, 0x64, 0x10, 0x64, 0x10, 0x64, 0x10, 0x64, 0x10, 0x64, 0x10, 0x64, 0x10,
    0x64, 0x10, 0x64, 0x10, 0x64, 0x10, 0x64, 0x10, 0x64, 0x10, 0x64, 0x10, 0x64, 0x10, 0x64, 0x10, 0x64, 0x10, 0x64, 0x10, 0x64, 0x10, 0x64, 0x10, 0x64, 0x10, 0x64, 0x10, 0x64, 0x10, 0x64, 0x10,
    0x64, 0x10, 0x64, 0x10, 0x64, 0x10, 0x64, 0x10, 0x64, 0x10, 0x64, 0x10, 0x64, 0x10, 0x64, 0x10, 0x64, 0x10, 0x64, 0x10, 0x64, 0x10, 0x64, 0x10, 0x64, 0x10, 0x64, 0x10, 0x64, 0x10, 0x64, 0x10,
    0x64, 0x10, 0x64, 0x10, 0x64, 0x10, 0x64, 0x10, 0x64, 0x10, 0x64, 0x10, 0x64, 0x10, 0x64, 0x10, 0x64, 0x10, 0x64, 0x10, 0x64, 0x10, 0x64, 0x18, 0x64, 0x18, 0x63, 0x20, 0x63, 0x20, 0x63, 0x30,
    0x63, 0x30, 0x43, 0x38, 0x43, 0x38, 0x43, 0x38, 0x43, 0x38, 0x43, 0x38, 0x43, 0x38, 0x43, 0x38, 0x43, 0x38, 0x63, 0x30, 0x63, 0x30, 0x63, 0x28, 0x63, 0x28, 0x63, 0x28, 0x63, 0x28, 0x63, 0x20,
    0x63, 0x20, 0x63, 0x28, 0x63, 0x28, 0x63, 0x28, 0x63, 0x28, 0x63, 0x20, 0x63, 0x20, 0x63, 0x20, 0x63, 0x20, 0x63, 0x20, 0x63, 0x20, 0x63, 0x28, 0x63, 0x28, 0x63, 0x28, 0x63, 0x28, 0x63, 0x28,
    0x63, 0x28, 0x63, 0x28, 0x63, 0x28, 0x63, 0x30, 0x63, 0x30, 0x63, 0x30, 0x63, 0x30, 0x43, 0x38, 0x43, 0x38, 0x43, 0x40, 0x43, 0x40, 0x43, 0x40, 0x43, 0x40, 0x43, 0x40, 0x43, 0x40, 0x43, 0x40,
    0x43, 0x40, 0x43, 0x38, 0x43, 0x38, 0x63, 0x30, 0x63, 0x30, 0x63, 0x20, 0x63, 0x20, 0x63, 0x20, 0x63, 0x20, 0x63, 0x20, 0x63, 0x20, 0x63, 0x20, 0x63, 0x20, 0x63, 0x28, 0x63, 0x28, 0x63, 0x28,
    0x63, 0x28, 0x63, 0x20, 0x63, 0x20, 0x64, 0x18, 0x64, 0x18, 0x64, 0x10, 0x64, 0x10, 0x64, 0x10, 0x64, 0x10, 0x64, 0x10, 0x64, 0x10, 0x64, 0x10, 0x64, 0x10, 0x64, 0x10, 0x64, 0x10, 0x64, 0x10,
    0x64, 0x10, 0x64, 0x10, 0x64, 0x10, 0x64, 0x10, 0x64, 0x10, 0x64, 0x10, 0x64, 0x10, 0x64, 0x10, 0x64, 0x10, 0x64, 0x10, 0x64, 0x10, 0x64, 0x10, 0x64, 0x10, 0x64, 0x10, 0x64, 0x10, 0x64, 0x10,
    0x64, 0x10, 0x64, 0x10, 0x64, 0x10, 0x64, 0x10, 0x64, 0x10, 0x64, 0x10, 0x64, 0x10, 0x64, 0x10, 0x64, 0x10, 0x64, 0x10, 0x64, 0x10, 0x64, 0x10, 0x64, 0x10, 0x64, 0x10, 0x64, 0x10, 0x64, 0x10,
    0x64, 0x10, 0x64, 0x10, 0x64, 0x10, 0x64, 0x10, 0x64, 0x10, 0x64, 0x10, 0x64, 0x10, 0x64, 0x10, 0x64, 0x10, 0x64, 0x10, 0x64, 0x10, 0x64, 0x10, 0x64, 0x10, 0x64, 0x10, 0x64, 0x10, 0x64, 0x10,
    0x64, 0x10, 0x64, 0x10, 0x64, 0x10, 0x64, 0x10, 0x64, 0x10, 0x64, 0x10, 0x64, 0x10, 0x64, 0x10, 0x64, 0x10, 0x64, 0x10, 0x64, 0x10, 0x64, 0x10, 0x64, 0x10, 0x64, 0x10, 0x64, 0x10, 0x64, 0x10,
    0x64, 0x10, 0x64, 0x10, 0x64, 0x10, 0x64, 0x10, 0x64, 0x10, 0x64, 0x10, 0x64, 0x10, 0x64, 0x10, 0x64, 0x10, 0x64, 0x10, 0x64, 0x10, 0x64, 0x10, 0x64, 0x10, 0x64, 0x10, 0x64, 0x10, 0x64, 0x10,
    0x64, 0x10, 0x64, 0x10, 0x64, 0x10, 0x64, 0x10, 0x64, 0x10, 0x64, 0x10, 0x64, 0x10, 0x64, 0x10, 0x64, 0x10, 0x64, 0x10, 0x64, 0x10, 0x64, 0x10, 0x64, 0x10, 0x64, 0x10, 0x64, 0x10, 0x64, 0x10,
    0x64, 0x10, 0x64, 0x10, 0x64, 0x10, 0x64, 0x10, 0x64, 0x10, 0x64, 0x10, 0x64, 0x10, 0x64, 0x10, 0x64, 0x10, 0x64, 0x10, 0x64, 0x10, 0x64, 0x10, 0x64, 0x10, 0x64, 0x10, 0x64, 0x10, 0x64, 0x10,
    0x64, 0x10, 0x64, 0x10, 0x64, 0x10, 0x64, 0x10, 0x64, 0x10, 0x64, 0x10, 0x64, 0x10, 0x64, 0x10, 0x64, 0x10, 0x64, 0x10, 0x64, 0x10, 0x64, 0x10, 0x64, 0x10, 0x64, 0x10, 0x64, 0x10, 0x64, 0x10,
    0x64, 0x10, 0x64, 0x10, 0x64, 0x10, 0x64, 0x10, 0x64, 0x10, 0x64, 0x10, 0x64, 0x10, 0x64, 0x10, 0x64, 0x10, 0x64, 0x10, 0x64, 0x10, 0x64, 0x10, 0x64, 0x10, 0x64, 0x10, 0x64, 0x10, 0x64, 0x10,
    0x64, 0x10, 0x64, 0x10, 0x64, 0x10, 0x64, 0x10, 0x64, 0x10, 0x64, 0x10, 0x64, 0x10, 0x64, 0x10, 0x64, 0x10, 0x64, 0x10, 0x64, 0x10, 0x64, 0x10, 0x64, 0x10, 0x64, 0x10, 0x64, 0x10, 0x64, 0x10,
    0x64, 0x10, 0x64, 0x10, 0x64, 0x10, 0x64, 0x10, 0x64, 0x10, 0x64, 0x10, 0x64, 0x10, 0x64, 0x10, 0x64, 0x10, 0x64, 0x10, 0x64, 0x10, 0x64, 0x10, 0x64, 0x10, 0x64, 0x10, 0x64, 0x10, 0x64, 0x10,
    0x64, 0x10, 0x64, 0x10, 0x64, 0x10, 0x64, 0x10, 0x64, 0x10, 0x64, 0x10, 0x64, 0x10, 0x64, 0x10, 0x64, 0x10, 0x64, 0x10, 0x64, 0x10, 0x64, 0x10, 0x64, 0x10, 0x64, 0x10, 0x64, 0x10, 0x64, 0x10,
    0x64, 0x10, 0x64, 0x10, 0x64, 0x10, 0x64, 0x10, 0x64, 0x10, 0x64, 0x10, 0x64, 0x10, 0x64, 0x18, 0x64, 0x18, 0x64, 0x18, 0x64, 0x18, 0x63, 0x20, 0x63, 0x20, 0x63, 0x20, 0x63, 0x20, 0x64, 0x18,
    0x64, 0x18, 0x64, 0x18, 0x64, 0x18, 0x64, 0x10, 0x64, 0x10, 0x64, 0x10, 0x64, 0x10, 0x64, 0x18, 0x64, 0x18, 0x64, 0x18, 0x64, 0x18, 0x64, 0x18, 0x64, 0x18, 0x64, 0x18, 0x64, 0x18, 0x64, 0x10,
    0x64, 0x10, 0x64, 0x10, 0x64, 0x10, 0x64, 0x18, 0x64, 0x18, 0x64, 0x18, 0x64, 0x18, 0x64, 0x18, 0x64, 0x18, 0x64, 0x18, 0x64, 0x18, 0x64, 0x18, 0x64, 0x18, 0x63, 0x20, 0x63, 0x20, 0x63, 0x20,
    0x63, 0x20, 0x63, 0x20, 0x63, 0x20, 0x63, 0x28, 0x63, 0x28, 0x63, 0x28, 0x63, 0x28, 0x63, 0x20, 0x63, 0x20, 0x63, 0x20, 0x63, 0x20, 0x64, 0x18, 0x64, 0x18, 0x64, 0x18, 0x64, 0x18, 0x64, 0x10,
    0x64, 0x10, 0x64, 0x10, 0x64, 0x10, 0x64, 0x18, 0x64, 0x18, 0x64, 0x18, 0x64, 0x18, 0x64, 0x18, 0x64, 0x18, 0x64, 0x18, 0x64, 0x18, 0x64, 0x10, 0x64, 0x10, 0x64, 0x10, 0x64, 0x10, 0x64, 0x10,
    0x64, 0x10, 0x64, 0x10, 0x64, 0x10, 0x64, 0x10, 0x64, 0x10, 0x64, 0x10, 0x64, 0x10, 0x64, 0x10, 0x64, 0x10, 0x64, 0x10, 0x64, 0x10, 0x64, 0x10, 0x64, 0x10, 0x64, 0x10, 0x64, 0x10, 0x64, 0x10,
    0x64, 0x10, 0x64, 0x10, 0x64, 0x10, 0x64, 0x10, 0x64, 0x10, 0x64, 0x10, 0x64, 0x10, 0x64, 0x10, 0x64, 0x10, 0x64, 0x10, 0x64, 0x10, 0x64, 0x10, 0x64, 0x10, 0x64, 0x10, 0x64, 0x10, 0x64, 0x10,
    0x64, 0x10, 0x64, 0x10, 0x64, 0x10, 0x64, 0x10, 0x64, 0x10, 0x64, 0x10, 0x64, 0x10, 0x64, 0x10, 0x64, 0x10, 0x64, 0x10, 0x64, 0x10, 0x64, 0x10, 0x64, 0x10, 0x64, 0x10, 0x64, 0x10, 0x64, 0x10,
    0x64, 0x10, 0x64, 0x10, 0x64, 0x10, 0x64, 0x10, 0x64, 0x10, 0x64, 0x10, 0x64, 0x10, 0x64, 0x10, 0x64, 0x10, 0x64, 0x10, 0x64, 0x10, 0x64, 0x10, 0x64, 0x10, 0x64, 0x10, 0x64, 0x10, 0x64, 0x10,
    0x64, 0x10, 0x64, 0x10, 0x64, 0x10, 0x64, 0x10, 0x64, 0x10, 0x64, 0x10, 0x64, 0x10, 0x64, 0x10, 0x64, 0x10, 0x64, 0x10, 0x64, 0x10, 0x64, 0x10, 0x64, 0x10, 0x64, 0x10, 0x64, 0x10, 0x64, 0x10,
    0x64, 0x10, 0x64, 0x10, 0x64, 0x10, 0x64, 0x10, 0x64, 0x10, 0x64, 0x10, 0x64, 0x10, 0x64, 0x10, 0x64, 0x10, 0x64, 0x10, 0x64, 0x10, 0x64, 0x10, 0x64, 0x10, 0x64, 0x10, 0x64, 0x10, 0x64, 0x10,
    0x64, 0x10, 0x64, 0x10, 0x64, 0x10, 0x64, 0x10, 0x64, 0x10, 0x64, 0x10, 0x64, 0x10, 0x64, 0x10, 0x64, 0x10, 0x64, 0x10, 0x64, 0x10, 0x64, 0x10, 0x64, 0x10, 0x64, 0x10, 0x64, 0x10, 0x64, 0x10,
    0x64, 0x10, 0x64, 0x10, 0x64, 0x10, 0x64, 0x10, 0x64, 0x10, 0x64, 0x10, 0x64, 0x10, 0x64, 0x10, 0x64, 0x10, 0x64, 0x10, 0x64, 0x10, 0x64, 0x10, 0x64, 0x10, 0x64, 0x10, 0x64, 0x10, 0x64, 0x10,
    0x64, 0x10, 0x64, 0x10, 0x64, 0x10, 0x64, 0x10, 0x64, 0x10, 0x64, 0x10, 0x64, 0x10, 0x64, 0x10, 0x64, 0x10, 0x64, 0x10, 0x64, 0x10, 0x64, 0x10, 0x64, 0x10, 0x64, 0x10, 0x64, 0x10, 0x64, 0x10,
    0x64, 0x10, 0x64, 0x10, 0x64, 0x10, 0x64, 0x10, 0x64, 0x10, 0x64, 0x10, 0x64, 0x10, 0x64, 0x10, 0x64, 0x10, 0x64, 0x10, 0x64, 0x10, 0x64, 0x10, 0x64, 0x10, 0x64, 0x10, 0x64, 0x10, 0x64, 0x10,
    0x64, 0x10, 0x64, 0x10, 0x64, 0x10, 0x64, 0x10, 0x64, 0x10, 0x64, 0x10, 0x64, 0x10, 0x64, 0x10, 0x64, 0x10, 0x64, 0x10, 0x64, 0x10, 0x64, 0x10, 0x64, 0x10, 0x64, 0x10, 0x64, 0x10, 0x64, 0x10,
    0x64, 0x10, 0x64, 0x10, 0x64, 0x10, 0x64, 0x10, 0x64, 0x10, 0x64, 0x10, 0x64, 0x10, 0x64, 0x10, 0x64, 0x10, 0x64, 0x10, 0x64, 0x10, 0x64, 0x10, 0x64, 0x10, 0x64, 0x10, 0x64, 0x10, 0x64, 0x10,
    0x64, 0x10, 0x64, 0x10, 0x64, 0x10, 0x64, 0x10, 0x64, 0x10, 0x64, 0x10, 0x64, 0x10, 0x64, 0x10, 0x64, 0x10, 0x64, 0x10, 0x64, 0x10, 0x64, 0x10, 0x64, 0x10, 0x64, 0x10, 0x64, 0x10, 0x64, 0x18,
    0x64, 0x18, 0x64, 0x18, 0x64, 0x18, 0x63, 0x20, 0x63, 0x20, 0x63, 0x20, 0x63, 0x20, 0x64, 0x18, 0x64, 0x18, 0x64, 0x18, 0x64, 0x18, 0x64, 0x10, 0x64, 0x10, 0x64, 0x10, 0x64, 0x10, 0x64, 0x18,
    0x64, 0x18, 0x64, 0x18, 0x64, 0x18, 0x64, 0x18, 0x64, 0x18, 0x64, 0x18, 0x64, 0x18, 0x64, 0x10, 0x64, 0x10, 0x64, 0x10, 0x64, 0x10, 0x64, 0x18, 0x64, 0x18, 0x64, 0x18, 0x64, 0x18, 0x64, 0x18,
    0x64, 0x18, 0x64, 0x18, 0x64, 0x18, 0x64, 0x18, 0x64, 0x18, 0x63, 0x20, 0x63, 0x20, 0x63, 0x20, 0x63, 0x20, 0x63, 0x20, 0x63, 0x20, 0x63, 0x28, 0x63, 0x28, 0x63, 0x28, 0x63, 0x28, 0x63, 0x20,
    0x63, 0x20, 0x63, 0x20, 0x63, 0x20, 0x64, 0x18, 0x64, 0x18, 0x64, 0x18, 0x64, 0x18, 0x64, 0x10, 0x64, 0x10, 0x64, 0x10, 0x64, 0x10, 0x64, 0x18, 0x64, 0x18, 0x64, 0x18, 0x64, 0x18, 0x64, 0x18,
    0x64, 0x18, 0x64, 0x18, 0x64, 0x18, 0x64, 0x10, 0x64, 0x10, 0x64, 0x10, 0x64, 0x10, 0x64, 0x10, 0x64, 0x10, 0x64, 0x10, 0x64, 0x10, 0x64, 0x10, 0x64, 0x10, 0x64, 0x10, 0x64, 0x10, 0x64, 0x10,
    0x64, 0x10, 0x64, 0x10, 0x64, 0x10, 0x64, 0x10, 0x64, 0x10, 0x64, 0x10, 0x64, 0x10, 0x64, 0x10, 0x64, 0x10, 0x64, 0x10, 0x64, 0x10, 0x64, 0x10, 0x64, 0x10, 0x64, 0x10, 0x64, 0x10, 0x64, 0x10,
    0x64, 0x10, 0x64, 0x10, 0x64, 0x10, 0x64, 0x10, 0x64, 0x10, 0x64, 0x10, 0x64, 0x10, 0x64, 0x10, 0x64, 0x10, 0x64, 0x10, 0x64, 0x10, 0x64, 0x10, 0x64, 0x10, 0x64, 0x10, 0x64, 0x10, 0x64, 0x10,
    0x64, 0x10, 0x64, 0x10, 0x64, 0x10, 0x64, 0x10, 0x64, 0x10, 0x64, 0x10, 0x64, 0x10, 0x64, 0x10, 0x64, 0x10, 0x64, 0x10, 0x64, 0x10, 0x64, 0x10, 0x64, 0x10, 0x64, 0x10, 0x64, 0x10, 0x64, 0x10,
    0x64, 0x10, 0x64, 0x10, 0x64, 0x10, 0x64, 0x10, 0x64, 0x10, 0x64, 0x10, 0x64, 0x10, 0x64, 0x10, 0x64, 0x10, 0x64, 0x10, 0x64, 0x10, 0x64, 0x10, 0x64, 0x10, 0x64, 0x10, 0x64, 0x10, 0x64, 0x10,
    0x64, 0x10, 0x64, 0x10, 0x64, 0x10, 0x64, 0x10, 0x64, 0x10, 0x64, 0x10, 0x64, 0x10, 0x64, 0x10, 0x64, 0x10, 0x64, 0x10, 0x64, 0x10, 0x64, 0x10, 0x64, 0x10, 0x64, 0x10, 0x64, 0x10, 0x64, 0x10,
    0x64, 0x10, 0x64, 0x10, 0x64, 0x10, 0x64, 0x10, 0x64, 0x10, 0x64, 0x10, 0x64, 0x10, 0x64, 0x10, 0x64, 0x10, 0x64, 0x10, 0x64, 0x10, 0x64, 0x10, 0x64, 0x10, 0x64, 0x10, 0x64, 0x10, 0x64, 0x10,
    0x64, 0x10, 0x64, 0x10, 0x64, 0x10, 0x64, 0x10, 0x64, 0x10, 0x64, 0x10, 0x64, 0x10, 0x64, 0x10, 0x64, 0x10, 0x64, 0x10, 0x64, 0x10, 0x64, 0x10, 0x64, 0x10, 0x64, 0x10, 0x64, 0x10, 0x64, 0x10,
    0x64, 0x10, 0x64, 0x10, 0x64, 0x10, 0x64, 0x10, 0x64, 0x10, 0x64, 0x10, 0x64, 0x10, 0x64, 0x10, 0x64, 0x10, 0x64, 0x10, 0x64, 0x10, 0x64, 0x10, 0x64, 0x10, 0x64, 0x10, 0x64, 0x10, 0x64, 0x10,
    0x64, 0x10, 0x64, 0x10, 0x64, 0x10, 0x64, 0x10, 0x64, 0x10, 0x64, 0x10, 0x64, 0x10, 0x64, 0x10, 0x64, 0x10, 0x64, 0x10, 0x64, 0x10, 0x64, 0x10, 0x64, 0x10, 0x64, 0x10, 0x64, 0x10, 0x64, 0x10,
    0x64, 0x10, 0x64, 0x10, 0x64, 0x10, 0x64, 0x10, 0x64, 0x10, 0x64, 0x10, 0x64, 0x10, 0x64, 0x10, 0x64, 0x10, 0x64, 0x10, 0x64, 0x10, 0x64, 0x10, 0x64, 0x10, 0x64, 0x10, 0x64, 0x10, 0x64, 0x10,
    0x64, 0x10, 0x64, 0x10, 0x64, 0x10, 0x64, 0x10, 0x64, 0x10, 0x64, 0x10, 0x64, 0x10, 0x64, 0x10, 0x64, 0x10, 0x64, 0x10, 0x64, 0x10, 0x64, 0x10, 0x64, 0x10, 0x64, 0x10, 0x64, 0x10, 0x64, 0x10,
    0x64, 0x10, 0x64, 0x10, 0x64, 0x10, 0x64, 0x10, 0x64, 0x10, 0x64, 0x10, 0x64, 0x10, 0x64, 0x10, 0x64, 0x10, 0x64, 0x10, 0x64, 0x10, 0x64, 0x10, 0x64, 0x10, 0x64, 0x10, 0x64, 0x10, 0x64, 0x10,
    0x64, 0x10, 0x64, 0x10, 0x64, 0x10, 0x64, 0x10, 0x64, 0x10, 0x64, 0x10, 0x64, 0x10, 0x64, 0x10, 0x64, 0x10, 0x64, 0x10, 0x64, 0x10, 0x64, 0x10, 0x64, 0x10, 0x64, 0x10, 0x64, 0x10, 0x64, 0x10,
    0x64, 0x10, 0x64, 0x10, 0x64, 0x10, 0x64, 0x10, 0x64, 0x10, 0x64, 0x10, 0x64, 0x10, 0x64, 0x10, 0x64, 0x10, 0x64, 0x10, 0x64, 0x10, 0x64, 0x10, 0x64, 0x10, 0x64, 0x10, 0x64, 0x10, 0x64, 0x10,
    0x64, 0x10, 0x64, 0x10, 0x64, 0x10, 0x64, 0x10, 0x64, 0x10, 0x64, 0x10, 0x64, 0x10, 0x64, 0x10, 0x64, 0x10, 0x64, 0x10, 0x64, 0x10, 0x64, 0x10, 0x64, 0x10, 0x64, 0x10, 0x64, 0x10, 0x64, 0x10,
    0x64, 0x10, 0x64, 0x10, 0x64, 0x10, 0x64, 0x10, 0x64, 0x10, 0x64, 0x10, 0x64, 0x10, 0x64, 0x10, 0x64, 0x10, 0x64, 0x10, 0x64, 0x10, 0x64, 0x10, 0x64, 0x10, 0x64, 0x10, 0x64, 0x10, 0x64, 0x10,
    0x64, 0x10, 0x64, 0x10, 0x64, 0x10, 0x64, 0x10, 0x64, 0x10, 0x64, 0x10, 0x64, 0x10, 0x64, 0x10, 0x64, 0x10, 0x64, 0x10, 0x64, 0x10, 0x64, 0x10, 0x64, 0x10, 0x64, 0x10, 0x64, 0x10, 0x64, 0x10,
    0x64, 0x10, 0x64, 0x10, 0x64, 0x10, 0x64, 0x10, 0x64, 0x10, 0x64, 0x10, 0x64, 0x10, 0x64, 0x10, 0x64, 0x10, 0x64, 0x10, 0x64, 0x10, 0x64, 0x10, 0x64, 0x10, 0x64, 0x10, 0x64, 0x10, 0x64, 0x10,
    0x64, 0x10, 0x64, 0x10, 0x64, 0x10, 0x64, 0x10, 0x64, 0x10, 0x64, 0x10, 0x64, 0x10, 0x64, 0x10, 0x64, 0x10, 0x64, 0x10, 0x64, 0x10, 0x64, 0x10, 0x64, 0x10, 0x64, 0x10, 0x64, 0x10, 0x64, 0x10,
    0x64, 0x10, 0x64, 0x10, 0x64, 0x10, 0x64, 0x10, 0x64, 0x10, 0x64, 0x10, 0x64, 0x10, 0x64, 0x10, 0x64, 0x10, 0x64, 0x10, 0x64, 0x10, 0x64, 0x10, 0x64, 0x10, 0x64, 0x10, 0x64, 0x10, 0x64, 0x10,
    0x64, 0x10, 0x64, 0x10, 0x64, 0x10, 0x64, 0x10, 0x64, 0x10, 0x64, 0x10, 0x64, 0x10, 0x64, 0x10, 0x64, 0x10, 0x64, 0x10, 0x64, 0x10, 0x64, 0x10, 0x64, 0x10, 0x64, 0x10, 0x64, 0x10, 0x64, 0x10,
    0x64, 0x10, 0x64, 0x10, 0x64, 0x10, 0x64, 0x10, 0x64, 0x10, 0x64, 0x10, 0x64, 0x10, 0x64, 0x10, 0x64, 0x10, 0x64, 0x10, 0x64, 0x10, 0x64, 0x10, 0x64, 0x10, 0x64, 0x10, 0x64, 0x10, 0x64, 0x10,
    0x64, 0x10, 0x64, 0x10, 0x64, 0x10, 0x64, 0x10, 0x64, 0x10, 0x64, 0x10, 0x64, 0x10, 0x64, 0x10, 0x64, 0x10, 0x64, 0x10, 0x64, 0x10, 0x64, 0x10, 0x64, 0x10, 0x64, 0x10, 0x64, 0x10, 0x64, 0x10,
    0x64, 0x10, 0x64, 0x10, 0x64, 0x10, 0x64, 0x10, 0x64, 0x10, 0x64, 0x10, 0x64, 0x10, 0x64, 0x10, 0x64, 0x10, 0x64, 0x10, 0x64, 0x10, 0x64, 0x10, 0x64, 0x10, 0x64, 0x10, 0x64, 0x10, 0x64, 0x10,
    0x64, 0x10, 0x64, 0x10, 0x64, 0x10, 0x64, 0x10, 0x64, 0x10, 0x64, 0x10, 0x64, 0x10, 0x64, 0x10, 0x64, 0x10, 0x64, 0x10, 0x64, 0x10, 0x64, 0x10, 0x64, 0x10, 0x64, 0x10, 0x64, 0x10, 0x64, 0x10,
    0x64, 0x10, 0x64, 0x10, 0x64, 0x10, 0x64, 0x10, 0x64, 0x10, 0x64, 0x10, 0x64, 0x10, 0x64, 0x10, 0x64, 0x10, 0x64, 0x10, 0x64, 0x10, 0x64, 0x10, 0x64, 0x10, 0x64, 0x10, 0x64, 0x10, 0x64, 0x10,
    0x64, 0x10, 0x64, 0x10, 0x64, 0x10, 0x64, 0x10, 0x64, 0x10, 0x64, 0x10, 0x64, 0x10, 0x64, 0x10, 0x64, 0x10, 0x64, 0x10, 0x64, 0x10, 0x64, 0x10, 0x64, 0x10, 0x64, 0x10, 0x64, 0x10, 0x64, 0x10,
    0x64, 0x10, 0x64, 0x10, 0x64, 0x10, 0x64, 0x10, 0x64, 0x10, 0x64, 0x10, 0x64, 0x10, 0x64, 0x10, 0x64, 0x10, 0x64, 0x10, 0x64, 0x10, 0x64, 0x10, 0x64, 0x10, 0x64, 0x10, 0x64, 0x10, 0x64, 0x10,
    0x64, 0x10, 0x64, 0x10, 0x64, 0x10, 0x64, 0x10, 0x64, 0x10, 0x64, 0x10, 0x64, 0x10, 0x64, 0x10, 0x64, 0x10, 0x64, 0x10, 0x64, 0x10, 0x64, 0x10, 0x64, 0x10, 0x64, 0x10, 0x64, 0x10, 0x64, 0x10,
    0x64, 0x10, 0x64, 0x10, 0x64, 0x10, 0x64, 0x10, 0x64, 0x10, 0x64, 0x10, 0x64, 0x10, 0x64, 0x10, 0x64, 0x10, 0x64, 0x10, 0x64, 0x10, 0x64, 0x10, 0x64, 0x10, 0x64, 0x10, 0x64, 0x10, 0x64, 0x10,
    0x64, 0x10, 0x64, 0x10, 0x64, 0x10, 0x64, 0x10, 0x64, 0x10, 0x64, 0x10, 0x64, 0x10, 0x64, 0x10, 0x64, 0x10, 0x64, 0x10, 0x64, 0x10, 0x64, 0x10, 0x64, 0x10, 0x64, 0x10, 0x64, 0x10, 0x64, 0x10,
    0x64, 0x10, 0x64, 0x10, 0x64, 0x10, 0x64, 0x10, 0x64, 0x10, 0x64, 0x10, 0x64, 0x10, 0x64, 0x10, 0x64, 0x10, 0x64, 0x10, 0x64, 0x10, 0x64, 0x10, 0x64, 0x10, 0x64, 0x10, 0x64, 0x10, 0x64, 0x10,
    0x64, 0x10, 0x64, 0x10, 0x64, 0x10, 0x64, 0x10, 0x64, 0x10, 0x64, 0x10, 0x64, 0x10, 0x64, 0x10, 0x64, 0x10, 0x64, 0x10, 0x64, 0x10, 0x64, 0x10, 0x64, 0x10, 0x64, 0x10, 0x64, 0x10, 0x64, 0x10,
    0x64, 0x10, 0x64, 0x10, 0x64, 0x10, 0x64, 0x10, 0x64, 0x10, 0x64, 0x10, 0x64, 0x10, 0x64, 0x10, 0x64, 0x10, 0x64, 0x10, 0x64, 0x10, 0x64, 0x10, 0x64, 0x10, 0x64, 0x10, 0x64, 0x10, 0x64, 0x10,
    0x64, 0x10, 0x64, 0x10, 0x64, 0x10, 0x64, 0x10, 0x64, 0x10, 0x64, 0x10, 0x64, 0x10, 0x64, 0x10, 0x64, 0x10, 0x64, 0x10, 0x64, 0x10, 0x64, 0x10, 0x64, 0x10, 0x64, 0x10, 0x64, 0x10, 0x64, 0x10,
    0x64, 0x10, 0x64, 0x10, 0x64, 0x10, 0x64, 0x10, 0x64, 0x10, 0x64, 0x10, 0x64, 0x10, 0x64, 0x10, 0x64, 0x10, 0x64, 0x10, 0x64, 0x10, 0x64, 0x10, 0x64, 0x10, 0x64, 0x10, 0x64, 0x10, 0x64, 0x10,
    0x64, 0x10, 0x64, 0x10, 0x64, 0x10, 0x64, 0x10, 0x64, 0x10, 0x64, 0x10, 0x64, 0x10, 0x64, 0x10, 0x64, 0x10, 0x64, 0x10, 0x64, 0x10, 0x64, 0x10, 0x64, 0x10, 0x64, 0x10, 0x64, 0x10, 0x64, 0x10,
    0x64, 0x10, 0x64, 0x10, 0x64, 0x10, 0x64, 0x10, 0x64, 0x10, 0x64, 0x10, 0x64, 0x10, 0x64, 0x10, 0x64, 0x10, 0x64, 0x10, 0x64, 0x10, 0x64, 0x10, 0x64, 0x10, 0x64, 0x10, 0x64, 0x10, 0x64, 0x10,
    0x64, 0x10, 0x64, 0x10, 0x64, 0x10, 0x64, 0x10, 0x64, 0x10, 0x64, 0x10, 0x64, 0x10, 0x64, 0x10, 0x64, 0x10, 0x64, 0x10, 0x64, 0x10, 0x64, 0x10, 0x64, 0x10, 0x64, 0x10, 0x64, 0x10, 0x64, 0x10,
    0x64, 0x10, 0x64, 0x10, 0x64, 0x10, 0x64, 0x10, 0x64, 0x10, 0x64, 0x10, 0x64, 0x10, 0x64, 0x10, 0x64, 0x10, 0x64, 0x10, 0x64, 0x10, 0x64, 0x10, 0x64, 0x10, 0x64, 0x10, 0x64, 0x10, 0x64, 0x10,
    0x64, 0x10, 0x64, 0x10, 0x64, 0x10, 0x64, 0x10, 0x64, 0x10, 0x64, 0x10, 0x64, 0x10, 0x64, 0x10, 0x64, 0x10, 0x64, 0x10, 0x64, 0x10, 0x64, 0x10, 0x64, 0x10, 0x64, 0x10, 0x64, 0x10, 0x64, 0x10,
    0x64, 0x10, 0x64, 0x10, 0x64, 0x10, 0x64, 0x10, 0x64, 0x10, 0x64, 0x10, 0x64, 0x10, 0x64, 0x10, 0x64, 0x10, 0x64, 0x10, 0x64, 0x10, 0x64, 0x10, 0x64, 0x10, 0x64, 0x10, 0x64, 0x10, 0x64, 0x10,
    0x64, 0x10, 0x64, 0x10, 0x64, 0x10, 0x64, 0x10, 0x64, 0x10, 0x64, 0x10, 0x64, 0x10, 0x64, 0x10, 0x64, 0x10, 0x64, 0x10, 0x64, 0x10, 0x64, 0x10, 0x64, 0x10, 0x64, 0x10, 0x64, 0x10, 0x64, 0x10,
    0x64, 0x10, 0x64, 0x10, 0x64, 0x10, 0x64, 0x10, 0x64, 0x10, 0x64, 0x10, 0x64, 0x10, 0x64, 0x10, 0x64, 0x10, 0x64, 0x10, 0x64, 0x10, 0x64, 0x10, 0x64, 0x10, 0x64, 0x10, 0x64, 0x10, 0x64, 0x10,
    0x64, 0x10, 0x64, 0x10, 0x64, 0x10, 0x64, 0x10, 0x64, 0x10, 0x64, 0x10, 0x64, 0x10, 0x64, 0x10, 0x64, 0x10, 0x64, 0x10, 0x64, 0x10, 0x64, 0x10, 0x64, 0x10, 0x64, 0x10, 0x64, 0x10, 0x64, 0x10,
    0x64, 0x10, 0x64, 0x10, 0x64, 0x10, 0x64, 0x10, 0x64, 0x10, 0x64, 0x10, 0x64, 0x10, 0x64, 0x10, 0x64, 0x10, 0x64, 0x10, 0x64, 0x10, 0x64, 0x10, 0x64, 0x10, 0x64, 0x10, 0x64, 0x10, 0x64, 0x10,
    0x64, 0x10, 0x64, 0x10, 0x64, 0x10, 0x64, 0x10, 0x64, 0x10, 0x64, 0x10, 0x64, 0x10, 0x64, 0x10, 0x64, 0x10, 0x64, 0x10, 0x64, 0x10, 0x64, 0x10, 0x64, 0x10, 0x64, 0x10, 0x64, 0x10, 0x64, 0x10,
    0x64, 0x10, 0x64, 0x10, 0x64, 0x10, 0x64, 0x10, 0x64, 0x10, 0x64, 0x10, 0x64, 0x10, 0x64, 0x10, 0x64, 0x10, 0x64, 0x10, 0x64, 0x10, 0x64, 0x10, 0x64, 0x10, 0x64, 0x10, 0x64, 0x10, 0x64, 0x10,
    0x64, 0x10, 0x64, 0x10, 0x64, 0x10, 0x64, 0x10, 0x64, 0x10, 0x64, 0x10, 0x64, 0x10, 0x64, 0x10, 0x64, 0x10, 0x64, 0x10, 0x64, 0x10, 0x64, 0x10, 0x64, 0x10, 0x64, 0x10, 0x64, 0x10, 0x64, 0x10,
    0x64, 0x10, 0x64, 0x10, 0x64, 0x10, 0x64, 0x10, 0x64, 0x10, 0x64, 0x10, 0x64, 0x10, 0x64, 0x10, 0x64, 0x10, 0x64, 0x10, 0x64, 0x10, 0x64, 0x10, 0x64, 0x10, 0x64, 0x10, 0x64, 0x10, 0x64, 0x10,
    0x64, 0x10, 0x64, 0x10, 0x64, 0x10, 0x64, 0x10, 0x64, 0x10, 0x64, 0x10, 0x64, 0x10, 0x64, 0x10, 0x64, 0x10, 0x64, 0x10, 0x64, 0x10, 0x64, 0x10, 0x64, 0x10, 0x64, 0x10, 0x64, 0x10, 0x64, 0x10,
    0x64, 0x10, 0x64, 0x10, 0x64, 0x10, 0x64, 0x10, 0x64, 0x10, 0x64, 0x10, 0x64, 0x10, 0x64, 0x10, 0x64, 0x10, 0x64, 0x10, 0x64, 0x10, 0x64, 0x10, 0x64, 0x10, 0x64, 0x10, 0x64, 0x10, 0x64, 0x10,
    0x64, 0x10, 0x64, 0x10, 0x64, 0x10, 0x64, 0x10, 0x64, 0x10, 0x64, 0x10, 0x64, 0x10, 0x64, 0x10, 0x64, 0x10, 0x64, 0x10, 0x64, 0x10, 0x64, 0x10, 0x64, 0x10, 0x64, 0x10, 0x64, 0x10, 0x64, 0x10,
    0x64, 0x10, 0x64, 0x10, 0x64, 0x10, 0x64, 0x10, 0x64, 0x10, 0x64, 0x10, 0x64, 0x10, 0x64, 0x10, 0x64, 0x10, 0x64, 0x10, 0x64, 0x10, 0x64, 0x10, 0x64, 0x10, 0x64, 0x10, 0x64, 0x10, 0x64, 0x10,
    0x64, 0x10, 0x64, 0x10, 0x64, 0x10, 0x64, 0x10, 0x64, 0x10, 0x64, 0x10, 0x64, 0x10, 0x64, 0x10, 0x64, 0x10, 0x64, 0x10, 0x64, 0x10, 0x64, 0x10, 0x64, 0x10, 0x64, 0x10, 0x64, 0x10, 0x64, 0x10,
    0x64, 0x10, 0x64, 0x10, 0x64, 0x10, 0x64, 0x10, 0x64, 0x10, 0x64, 0x10, 0x64, 0x10, 0x64, 0x10, 0x64, 0x10, 0x64, 0x10, 0x64, 0x10, 0x64, 0x10, 0x64, 0x10, 0x64, 0x10, 0x64, 0x10, 0x64, 0x10,
    0x64, 0x10, 0x64, 0x10, 0x64, 0x10, 0x64, 0x10, 0x64, 0x10, 0x64, 0x10, 0x64, 0x10, 0x64, 0x10, 0x64, 0x10, 0x64, 0x10, 0x64, 0x10, 0x64, 0x10, 0x64, 0x10, 0x64, 0x10, 0x64, 0x10, 0x64, 0x10,
    0x64, 0x10, 0x64, 0x10, 0x64, 0x10, 0x64, 0x10, 0x64, 0x10, 0x64, 0x10, 0x64, 0x10, 0x64, 0x10, 0x64, 0x10, 0x64, 0x10, 0x64, 0x10, 0x64, 0x10, 0x64, 0x10, 0x64, 0x10, 0x64, 0x10, 0x64, 0x10,
    0x64, 0x10, 0x64, 0x10, 0x64, 0x10, 0x64, 0x10, 0x64, 0x10, 0x64, 0x10, 0x64, 0x10, 0x64, 0x10, 0x64, 0x10, 0x64, 0x10, 0x64, 0x10, 0x64, 0x10, 0x64, 0x10, 0x64, 0x10, 0x64, 0x10, 0x64, 0x10,
    0x64, 0x10, 0x64, 0x10, 0x64, 0x10, 0x64, 0x10, 0x64, 0x10, 0x64, 0x10, 0x64, 0x10, 0x64, 0x10, 0x64, 0x10, 0x64, 0x10, 0x64, 0x10, 0x64, 0x10, 0x64, 0x10, 0x64, 0x10, 0x64, 0x10, 0x64, 0x10,
    0x64, 0x10, 0x64, 0x10, 0x64, 0x10, 0x64, 0x10, 0x64, 0x10, 0x64, 0x10, 0x64, 0x10, 0x64, 0x10, 0x64, 0x10, 0x64, 0x10, 0x64, 0x10, 0x64, 0x10, 0x64, 0x10, 0x64, 0x10, 0x64, 0x10, 0x64, 0x10,
    0x64, 0x10, 0x64, 0x10, 0x64, 0x10, 0x64, 0x10, 0x64, 0x10, 0x64, 0x10, 0x64, 0x10, 0x64, 0x10, 0x64, 0x10, 0x64, 0x10, 0x64, 0x10, 0x64, 0x10, 0x64, 0x10, 0x64, 0x10, 0x64, 0x10, 0x64, 0x10,
    0x64, 0x10, 0x64, 0x10, 0x64, 0x10, 0x64, 0x10, 0x64, 0x10, 0x64, 0x10, 0x64, 0x10, 0x64, 0x10, 0x64, 0x10, 0x64, 0x10, 0x64, 0x10, 0x64, 0x10, 0x64, 0x10, 0x64, 0x10, 0x64, 0x10, 0x64, 0x10,
    0x64, 0x10, 0x64, 0x10, 0x64, 0x10, 0x64, 0x10, 0x64, 0x10, 0x64, 0x10, 0x64, 0x10, 0x64, 0x10, 0x64, 0x10, 0x64, 0x10, 0x64, 0x10, 0x64, 0x10, 0x64, 0x10, 0x64, 0x10, 0x64, 0x10, 0x64, 0x10,
    0x64, 0x10, 0x64, 0x10, 0x64, 0x10, 0x64, 0x10, 0x64, 0x10, 0x64, 0x10, 0x64, 0x10, 0x64, 0x10, 0x64, 0x10, 0x64, 0x10, 0x64, 0x10, 0x64, 0x10, 0x64, 0x10, 0x64, 0x10, 0x64, 0x10, 0x64, 0x10,
    0x64, 0x10, 0x64, 0x10, 0x64, 0x10, 0x64, 0x10, 0x64, 0x10, 0x64, 0x10, 0x64, 0x10, 0x64, 0x10, 0x64, 0x10, 0x64, 0x10, 0x64, 0x10, 0x64, 0x10, 0x64, 0x10, 0x64, 0x10, 0x64, 0x10, 0x64, 0x10,
    0x64, 0x10, 0x64, 0x10, 0x64, 0x10, 0x64, 0x10, 0x64, 0x10, 0x64, 0x10, 0x64, 0x10, 0x64, 0x10, 0x64, 0x10, 0x64, 0x10, 0x64, 0x10, 0x64, 0x10, 0x64, 0x10, 0x64, 0x10, 0x64, 0x10, 0x64, 0x10,
    0x64, 0x10, 0x64, 0x10, 0x64, 0x10, 0x64, 0x10, 0x64, 0x10, 0x64, 0x10, 0x64, 0x10, 0x64, 0x10, 0x64, 0x10, 0x64, 0x10, 0x64, 0x10, 0x64, 0x10, 0x64, 0x10, 0x64, 0x10, 0x64, 0x10, 0x64, 0x10,
    0x64, 0x10, 0x64, 0x10, 0x64, 0x10, 0x64, 0x10, 0x64, 0x10, 0x64, 0x10, 0x64, 0x10, 0x64, 0x10, 0x64, 0x10, 0x64, 0x10, 0x64, 0x10, 0x64, 0x10, 0x64, 0x10, 0x64, 0x10, 0x64, 0x10, 0x64, 0x10,
    0x64, 0x10, 0x64, 0x10, 0x64, 0x10, 0x64, 0x10, 0x64, 0x10, 0x64, 0x10, 0x64, 0x10, 0x64, 0x10, 0x64, 0x10, 0x64, 0x10, 0x64, 0x10, 0x64, 0x10, 0x64, 0x10, 0x64, 0x10, 0x64, 0x10, 0x64, 0x10,
    0x64, 0x10, 0x64, 0x10, 0x64, 0x10, 0x64, 0x10, 0x64, 0x10, 0x64, 0x10, 0x64, 0x10, 0x64, 0x10, 0x64, 0x10, 0x64, 0x10, 0x64, 0x10, 0x64, 0x10, 0x64, 0x10, 0x64, 0x10, 0x64, 0x10, 0x64, 0x10,
    0x64, 0x10, 0x64, 0x10, 0x64, 0x10, 0x64, 0x10, 0x64, 0x10, 0x64, 0x10, 0x64, 0x10, 0x64, 0x10, 0x64, 0x10, 0x64, 0x10, 0x64, 0x10, 0x64, 0x10, 0x64, 0x10, 0x64, 0x10, 0x64, 0x10, 0x64, 0x10,
    0x64, 0x10, 0x64, 0x10, 0x64, 0x10, 0x64, 0x10, 0x64, 0x10, 0x64, 0x10, 0x64, 0x10, 0x64, 0x10, 0x64, 0x10, 0x64, 0x10, 0x64, 0x10, 0x64, 0x10, 0x64, 0x10, 0x64, 0x10, 0x64, 0x10, 0x64, 0x10,
    0x64, 0x10, 0x64, 0x10, 0x64, 0x10, 0x64, 0x10, 0x64, 0x10, 0x64, 0x10, 0x64, 0x10, 0x64, 0x10, 0x64, 0x10, 0x64, 0x10, 0x64, 0x10, 0x64, 0x10, 0x64, 0x10, 0x64, 0x10, 0x64, 0x10, 0x64, 0x10,
    0x64, 0x10, 0x64, 0x10, 0x64, 0x10, 0x64, 0x10, 0x64, 0x10, 0x64, 0x10, 0x64, 0x10, 0x64, 0x10, 0x64, 0x10, 0x64, 0x10, 0x64, 0x10, 0x64, 0x10, 0x64, 0x10, 0x64, 0x10, 0x64, 0x10, 0x64, 0x10,
    0x64, 0x10, 0x64, 0x10, 0x64, 0x10, 0x64, 0x10, 0x64, 0x10, 0x64, 0x10, 0x64, 0x10, 0x64, 0x10, 0x64, 0x10, 0x64, 0x10, 0x64, 0x10, 0x64, 0x10, 0x64, 0x10, 0x64, 0x10, 0x64, 0x10, 0x64, 0x10,
    0x64, 0x10, 0x64, 0x10, 0x64, 0x10, 0x64, 0x10, 0x64, 0x10, 0x64, 0x10, 0x64, 0x10, 0x64, 0x10, 0x64, 0x10, 0x64, 0x10, 0x64, 0x10, 0x64, 0x10, 0x64, 0x10, 0x64, 0x10, 0x64, 0x10, 0x64, 0x10,
    0x64, 0x10, 0x64, 0x10, 0x64, 0x10, 0x64, 0x10, 0x64, 0x10, 0x64, 0x10, 0x64, 0x10, 0x64, 0x10, 0x64, 0x10, 0x64, 0x10, 0x64, 0x10, 0x64, 0x10, 0x64, 0x10, 0x64, 0x10, 0x64, 0x10, 0x64, 0x10,
    0x64, 0x10, 0x64, 0x10, 0x64, 0x10, 0x64, 0x10, 0x64, 0x10, 0x64, 0x10, 0x64, 0x10, 0x64, 0x10, 0x64, 0x10, 0x64, 0x10, 0x64, 0x10, 0x64, 0x10, 0x64, 0x10, 0x64, 0x10, 0x64, 0x10, 0x64, 0x10,
    0x64, 0x10, 0x64, 0x10, 0x64, 0x10, 0x64, 0x10, 0x64, 0x10, 0x64, 0x10, 0x64, 0x10, 0x64, 0x10, 0x64, 0x10, 0x64, 0x10, 0x64, 0x10, 0x64, 0x10, 0x64, 0x10, 0x64, 0x10, 0x64, 0x10, 0x64, 0x10,
    0x64, 0x10, 0x64, 0x10, 0x64, 0x10, 0x64, 0x10, 0x64, 0x10, 0x64, 0x10, 0x64, 0x10, 0x64, 0x10, 0x64, 0x10, 0x64, 0x10, 0x64, 0x10, 0x64, 0x10, 0x64, 0x10, 0x64, 0x10, 0x64, 0x10, 0x64, 0x10,
    0x64, 0x10, 0x64, 0x10, 0x64, 0x10, 0x64, 0x10, 0x64, 0x10, 0x64, 0x10, 0x64, 0x10, 0x64, 0x10, 0x64, 0x10, 0x64, 0x10, 0x64, 0x10, 0x64, 0x10, 0x64, 0x10, 0x64, 0x10, 0x64, 0x10, 0x64, 0x10,
    0x64, 0x10, 0x64, 0x10, 0x64, 0x10, 0x64, 0x10, 0x64, 0x10, 0x64, 0x10, 0x64, 0x10, 0x64, 0x10, 0x64, 0x10, 0x64, 0x10, 0x64, 0x10, 0x64, 0x10, 0x64, 0x10, 0x64, 0x10, 0x64, 0x10, 0x64, 0x10,
    0x64, 0x10, 0x64, 0x10, 0x64, 0x10, 0x64, 0x10, 0x64, 0x10, 0x64, 0x10, 0x64, 0x10, 0x64, 0x10, 0x64, 0x10, 0x64, 0x10, 0x64, 0x10, 0x64, 0x10, 0x64, 0x10, 0x64, 0x10, 0x64, 0x10, 0x64, 0x10,
    0x64, 0x10, 0x64, 0x10, 0x64, 0x10, 0x64, 0x10, 0x64, 0x10, 0x64, 0x10, 0x64, 0x10, 0x64, 0x10, 0x64, 0x10, 0x64, 0x10, 0x64, 0x10, 0x64, 0x10, 0x64, 0x10, 0x64, 0x10, 0x64, 0x10, 0x64, 0x10,
    0x64, 0x10, 0x64, 0x10, 0x64, 0x10, 0x64, 0x10, 0x64, 0x10, 0x64, 0x10, 0x64, 0x10, 0x64, 0x10, 0x64, 0x10, 0x64, 0x10, 0x64, 0x10, 0x64, 0x10, 0x64, 0x10, 0x64, 0x10, 0x64, 0x10, 0x64, 0x10,
    0x64, 0x10, 0x64, 0x10, 0x64, 0x10, 0x64, 0x10, 0x64, 0x10, 0x64, 0x10, 0x64, 0x10, 0x64, 0x10, 0x64, 0x10, 0x64, 0x10, 0x64, 0x10, 0x64, 0x10, 0x64, 0x10, 0x64, 0x10, 0x64, 0x10, 0x64, 0x10,
    0x64, 0x10, 0x64, 0x10, 0x64, 0x10, 0x64, 0x10, 0x64, 0x10, 0x64, 0x10, 0x64, 0x10, 0x64, 0x10, 0x64, 0x10, 0x64, 0x10, 0x64, 0x10, 0x64, 0x10, 0x64, 0x10, 0x64, 0x10, 0x64, 0x10, 0x64, 0x10,
    0x64, 0x10, 0x64, 0x10, 0x64, 0x10, 0x64, 0x10, 0x64, 0x10, 0x64, 0x10, 0x64, 0x10, 0x64, 0x10, 0x64, 0x10, 0x64, 0x10, 0x64, 0x10, 0x64, 0x10, 0x64, 0x10, 0x64, 0x10, 0x64, 0x10, 0x64, 0x10,
    0x64, 0x10, 0x64, 0x10, 0x64, 0x10, 0x64, 0x10, 0x64, 0x10, 0x64, 0x10, 0x64, 0x10, 0x64, 0x10, 0x64, 0x10, 0x64, 0x10, 0x64, 0x10, 0x64, 0x10, 0x64, 0x10, 0x64, 0x10, 0x64, 0x10, 0x64, 0x10,
    0x64, 0x10, 0x64, 0x10, 0x64, 0x10, 0x64, 0x10, 0x64, 0x10, 0x64, 0x10, 0x64, 0x10, 0x64, 0x10, 0x64, 0x10, 0x64, 0x10, 0x64, 0x10, 0x64, 0x10, 0x64, 0x10, 0x64, 0x10, 0x64, 0x10, 0x64, 0x10,
    0x64, 0x10, 0x64, 0x10, 0x64, 0x10, 0x64, 0x10, 0x64, 0x10, 0x64, 0x10, 0x64, 0x10, 0x64, 0x10, 0x64, 0x10, 0x64, 0x10, 0x64, 0x10, 0x64, 0x10, 0x64, 0x10, 0x64, 0x10, 0x64, 0x10, 0x64, 0x10,
    0x64, 0x10, 0x64, 0x10, 0x64, 0x10, 0x64, 0x10, 0x64, 0x10, 0x64, 0x10, 0x64, 0x10, 0x64, 0x10, 0x64, 0x10, 0x64, 0x10, 0x64, 0x10, 0x64, 0x10, 0x64, 0x10, 0x64, 0x10, 0x64, 0x10, 0x64, 0x10,
    0x64, 0x10, 0x64, 0x10, 0x64, 0x10, 0x64, 0x10, 0x64, 0x10, 0x64, 0x10, 0x64, 0x10, 0x64, 0x10, 0x64, 0x10, 0x64, 0x10, 0x64, 0x10, 0x64, 0x10, 0x64, 0x10, 0x64, 0x10, 0x64, 0x10, 0x64, 0x10,
    0x64, 0x10, 0x64, 0x10, 0x64, 0x10, 0x64, 0x10, 0x64, 0x10, 0x64, 0x10, 0x64, 0x10, 0x64, 0x10, 0x64, 0x10, 0x64, 0x10, 0x64, 0x10, 0x64, 0x10, 0x64, 0x10, 0x64, 0x10, 0x64, 0x10, 0x64, 0x10,
    0x64, 0x10, 0x64, 0x10, 0x64, 0x10, 0x64, 0x10, 0x64, 0x10, 0x64, 0x10, 0x64, 0x10, 0x64, 0x10, 0x64, 0x10, 0x64, 0x10, 0x64, 0x10, 0x64, 0x10, 0x64, 0x10, 0x64, 0x10, 0x64, 0x10, 0x64, 0x10,
    0x64, 0x10, 0x64, 0x10, 0x64, 0x10, 0x64, 0x10, 0x64, 0x10, 0x64, 0x10, 0x64, 0x10, 0x64, 0x10, 0x64, 0x10, 0x64, 0x10, 0x64, 0x10, 0x64, 0x10, 0x64, 0x10, 0x64, 0x10, 0x64, 0x10, 0x64, 0x10,
    0x64, 0x10, 0x64, 0x10, 0x64, 0x10, 0x64, 0x10, 0x64, 0x10, 0x64, 0x10, 0x64, 0x10, 0x64, 0x10, 0x64, 0x10, 0x64, 0x10, 0x64, 0x10, 0x64, 0x10, 0x64, 0x10, 0x64, 0x10, 0x64, 0x10, 0x64, 0x10,
    0x64, 0x10, 0x64, 0x10, 0x64, 0x10, 0x64, 0x10, 0x64, 0x10, 0x64, 0x10, 0x64, 0x10, 0x64, 0x10, 0x64, 0x10, 0x64, 0x10, 0x64, 0x10, 0x64, 0x10, 0x64, 0x10, 0x64, 0x10, 0x64, 0x10, 0x64, 0x10,
    0x64, 0x10, 0x64, 0x10, 0x64, 0x10, 0x64, 0x10, 0x64, 0x10, 0x64, 0x10, 0x64, 0x10, 0x64, 0x10, 0x64, 0x10, 0x64, 0x10, 0x64, 0x10, 0x64, 0x10, 0x64, 0x10, 0x64, 0x10, 0x64, 0x10, 0x64, 0x10,
    0x64, 0x10, 0x64, 0x10, 0x64, 0x10, 0x64, 0x10, 0x64, 0x10, 0x64, 0x10, 0x64, 0x10, 0x64, 0x10, 0x64, 0x10, 0x64, 0x10, 0x64, 0x10, 0x64, 0x10, 0x64, 0x10, 0x64, 0x10, 0x64, 0x10, 0x64, 0x10,
    0x64, 0x10, 0x64, 0x10, 0x64, 0x10, 0x64, 0x10, 0x64, 0x10, 0x64, 0x10, 0x64, 0x10, 0x64, 0x10, 0x64, 0x10, 0x64, 0x10, 0x64, 0x10, 0x64, 0x10, 0x64, 0x10, 0x64, 0x10, 0x64, 0x10, 0x64, 0x10,
    0x64, 0x10, 0x64, 0x10, 0x64, 0x10, 0x64, 0x10, 0x64, 0x10, 0x64, 0x10, 0x64, 0x10, 0x64, 0x10, 0x64, 0x10, 0x64, 0x10, 0x64, 0x10, 0x64, 0x10, 0x64, 0x10, 0x64, 0x10, 0x64, 0x10, 0x64, 0x10,
    0x64, 0x10, 0x64, 0x10, 0x64, 0x10, 0x64, 0x10, 0x64, 0x10, 0x64, 0x10, 0x64, 0x10, 0x64, 0x10, 0x64, 0x10, 0x64, 0x10, 0x64, 0x10, 0x64, 0x10, 0x64, 0x10, 0x64, 0x10, 0x64, 0x10, 0x64, 0x10,
    0x64, 0x10, 0x64, 0x10, 0x64, 0x10, 0x64, 0x10, 0x64, 0x10, 0x64, 0x10, 0x64, 0x10, 0x64, 0x10, 0x64, 0x10, 0x64, 0x10, 0x64, 0x10, 0x64, 0x10, 0x64, 0x10, 0x64, 0x10, 0x64, 0x10, 0x64, 0x10,
    0x64, 0x10, 0x64, 0x10, 0x64, 0x10, 0x64, 0x10, 0x64, 0x10, 0x64, 0x10, 0x64, 0x10, 0x64, 0x10, 0x64, 0x10, 0x64, 0x10, 0x64, 0x10, 0x64, 0x10, 0x64, 0x10, 0x64, 0x10, 0x64, 0x10, 0x64, 0x10,
    0x64, 0x10, 0x64, 0x10, 0x64, 0x10, 0x64, 0x10, 0x64, 0x10, 0x64, 0x10, 0x64, 0x10, 0x64, 0x10, 0x64, 0x10, 0x64, 0x10, 0x64, 0x10, 0x64, 0x10, 0x64, 0x10, 0x64, 0x10, 0x64, 0x10, 0x64, 0x10,
    0x64, 0x10, 0x64, 0x10, 0x64, 0x10, 0x64, 0x10, 0x64, 0x10, 0x64, 0x10, 0x64, 0x10, 0x64, 0x10, 0x64, 0x10, 0x64, 0x10, 0x64, 0x10, 0x64, 0x10, 0x64, 0x10, 0x64, 0x10, 0x64, 0x10, 0x64, 0x10,
    0x64, 0x10, 0x64, 0x10, 0x64, 0x10, 0x64, 0x10, 0x64, 0x10, 0x64, 0x10, 0x64, 0x10, 0x64, 0x10, 0x64, 0x10, 0x64, 0x10, 0x64, 0x10, 0x64, 0x10, 0x64, 0x10, 0x64, 0x10, 0x64, 0x10, 0x64, 0x10,
    0x64, 0x10, 0x64, 0x10, 0x64, 0x10, 0x64, 0x10, 0x64, 0x10, 0x64, 0x10, 0x64, 0x10, 0x64, 0x10, 0x64, 0x10, 0x64, 0x10, 0x64, 0x10, 0x64, 0x10, 0x64, 0x10, 0x64, 0x10, 0x64, 0x10, 0x64, 0x10,
    0x64, 0x10, 0x64, 0x10, 0x64, 0x10, 0x64, 0x10, 0x64, 0x10, 0x64, 0x10, 0x64, 0x10, 0x64, 0x10, 0x64, 0x10, 0x64, 0x10, 0x64, 0x10, 0x64, 0x10, 0x64, 0x10, 0x64, 0x10, 0x64, 0x10, 0x64, 0x10,
    0x64, 0x10, 0x64, 0x10, 0x64, 0x10, 0x64, 0x10, 0x64, 0x10, 0x64, 0x10, 0x64, 0x10, 0x64, 0x10, 0x64, 0x10, 0x64, 0x10, 0x64, 0x10, 0x64, 0x10, 0x64, 0x10, 0x64, 0x10, 0x64, 0x10, 0x64, 0x10,
    0x64, 0x10, 0x64, 0x10, 0x64, 0x10, 0x64, 0x10, 0x64, 0x10, 0x64, 0x10, 0x64, 0x10, 0x64, 0x10, 0x64, 0x10, 0x64, 0x10, 0x64, 0x10, 0x64, 0x10, 0x64, 0x10, 0x64, 0x10, 0x64, 0x10, 0x64, 0x10,
    0x64, 0x10, 0x64, 0x10, 0x64, 0x10, 0x64, 0x10, 0x64, 0x10, 0x64, 0x10, 0x64, 0x10, 0x64, 0x10, 0x64, 0x10, 0x64, 0x10, 0x64, 0x10, 0x64, 0x10, 0x64, 0x10, 0x64, 0x10, 0x64, 0x10, 0x64, 0x10,
    0x64, 0x10, 0x64, 0x10, 0x64, 0x10, 0x64, 0x10, 0x64, 0x10, 0x64, 0x10, 0x64, 0x10, 0x64, 0x10, 0x64, 0x10, 0x64, 0x10, 0x64, 0x10, 0x64, 0x10, 0x64, 0x10, 0x64, 0x10, 0x64, 0x10, 0x64, 0x10,
    0x64, 0x10, 0x64, 0x10, 0x64, 0x10, 0x64, 0x10, 0x64, 0x10, 0x64, 0x10, 0x64, 0x10, 0x64, 0x10, 0x64, 0x10, 0x64, 0x10, 0x64, 0x10, 0x64, 0x10, 0x64, 0x10, 0x64, 0x10, 0x64, 0x10, 0x64, 0x10,
    0x64, 0x10, 0x64, 0x10, 0x64, 0x10, 0x64, 0x10, 0x64, 0x10, 0x64, 0x10, 0x64, 0x10, 0x64, 0x10, 0x64, 0x10, 0x64, 0x10, 0x64, 0x10, 0x64, 0x10, 0x64, 0x10, 0x64, 0x10, 0x64, 0x10, 0x64, 0x10,
    0x64, 0x10, 0x64, 0x10, 0x64, 0x10, 0x64, 0x10, 0x64, 0x10, 0x64, 0x10, 0x64, 0x10, 0x64, 0x10, 0x64, 0x10, 0x64, 0x10, 0x64, 0x10, 0x64, 0x10, 0x64, 0x10, 0x64, 0x10, 0x64, 0x10, 0x64, 0x10,
    0x64, 0x10, 0x64, 0x10, 0x64, 0x10, 0x64, 0x10, 0x64, 0x10, 0x64, 0x10, 0x64, 0x10, 0x64, 0x10, 0x64, 0x10, 0x64, 0x10, 0x64, 0x10, 0x64, 0x10, 0x64, 0x10, 0x64, 0x10, 0x64, 0x10, 0x64, 0x10,
    0x64, 0x10, 0x64, 0x10, 0x64, 0x10, 0x64, 0x10, 0x64, 0x10, 0x64, 0x10, 0x64, 0x10, 0x64, 0x10, 0x64, 0x10, 0x64, 0x10, 0x64, 0x10, 0x64, 0x10, 0x64, 0x10, 0x64, 0x10, 0x64, 0x10, 0x64, 0x10,
    0x64, 0x10, 0x64, 0x10, 0x64, 0x10, 0x64, 0x10, 0x64, 0x10, 0x64, 0x10, 0x64, 0x10, 0x64, 0x10, 0x64, 0x10, 0x64, 0x10, 0x64, 0x10, 0x64, 0x10, 0x64, 0x10, 0x64, 0x10, 0x64, 0x10, 0x64, 0x10,
    0x64, 0x10, 0x64, 0x10, 0x64, 0x10, 0x64, 0x10, 0x64, 0x10, 0x64, 0x10, 0x64, 0x10, 0x64, 0x10, 0x64, 0x10, 0x64, 0x10, 0x64, 0x10, 0x64, 0x10, 0x64, 0x10, 0x64, 0x10, 0x64, 0x10, 0x64, 0x10,
    0x64, 0x10, 0x64, 0x10, 0x64, 0x10, 0x64, 0x10, 0x64, 0x10, 0x64, 0x10, 0x64, 0x10, 0x64, 0x10, 0x64, 0x10, 0x64, 0x10, 0x64, 0x10, 0x64, 0x10, 0x64, 0x10, 0x64, 0x10, 0x64, 0x10, 0x64, 0x10,
    0x64, 0x10, 0x64, 0x10, 0x64, 0x10, 0x64, 0x10, 0x64, 0x10, 0x64, 0x10, 0x64, 0x10, 0x64, 0x10, 0x64, 0x10, 0x64, 0x10, 0x64, 0x10, 0x64, 0x10, 0x64, 0x10, 0x64, 0x10, 0x64, 0x10, 0x64, 0x10,
    0x64, 0x10, 0x64, 0x10, 0x64, 0x10, 0x64, 0x10, 0x64, 0x10, 0x64, 0x10, 0x64, 0x10, 0x64, 0x10, 0x64, 0x10, 0x64, 0x10, 0x64, 0x10, 0x64, 0x10, 0x64, 0x10, 0x64, 0x10, 0x64, 0x10, 0x64, 0x10,
    0x64, 0x10, 0x64, 0x10, 0x64, 0x10, 0x64, 0x10, 0x64, 0x10, 0x64, 0x10, 0x64, 0x10, 0x64, 0x10, 0x64, 0x10, 0x64, 0x10, 0x64, 0x10, 0x64, 0x10, 0x64, 0x10, 0x64, 0x10, 0x64, 0x10, 0x64, 0x10,
    0x64, 0x10, 0x64, 0x10, 0x64, 0x10, 0x64, 0x10, 0x64, 0x10, 0x64, 0x10, 0x64, 0x10, 0x64, 0x10, 0x64, 0x10, 0x64, 0x10, 0x64, 0x10, 0x64, 0x10, 0x64, 0x10, 0x64, 0x10, 0x64, 0x10, 0x64, 0x10,
    0x64, 0x10, 0x64, 0x10, 0x64, 0x10, 0x64, 0x10, 0x64, 0x10, 0x64, 0x10, 0x64, 0x10, 0x64, 0x10, 0x64, 0x10, 0x64, 0x10, 0x64, 0x10, 0x64, 0x10, 0x64, 0x10, 0x64, 0x10, 0x64, 0x10, 0x64, 0x10,
    0x64, 0x10, 0x64, 0x10, 0x64, 0x10, 0x64, 0x10, 0x64, 0x10, 0x64, 0x10, 0x64, 0x10, 0x64, 0x10, 0x64, 0x10, 0x64, 0x10, 0x64, 0x10, 0x64, 0x10, 0x64, 0x10, 0x64, 0x10, 0x64, 0x10, 0x64, 0x10,
    0x64, 0x10, 0x64, 0x10, 0x64, 0x10, 0x64, 0x10, 0x64, 0x10, 0x64, 0x10, 0x64, 0x10, 0x64, 0x10, 0x64, 0x10, 0x64, 0x10, 0x64, 0x10, 0x64, 0x10, 0x64, 0x10, 0x64, 0x10, 0x64, 0x10, 0x64, 0x10,
    0x64, 0x10, 0x64, 0x10, 0x64, 0x10, 0x64, 0x10, 0x64, 0x10, 0x64, 0x10, 0x64, 0x10, 0x64, 0x10, 0x64, 0x10, 0x64, 0x10, 0x64, 0x10, 0x64, 0x10, 0x64, 0x10, 0x64, 0x10, 0x64, 0x10, 0x64, 0x10,
    0x64, 0x10, 0x64, 0x10, 0x64, 0x10, 0x64, 0x10, 0x64, 0x10, 0x64, 0x10, 0x64, 0x10, 0x64, 0x10, 0x64, 0x10, 0x64, 0x10, 0x64, 0x10, 0x64, 0x10, 0x64, 0x10, 0x64, 0x10, 0x64, 0x10, 0x64, 0x10,
    0x64, 0x10, 0x64, 0x10, 0x64, 0x10, 0x64, 0x10, 0x64, 0x10, 0x64, 0x10, 0x64, 0x10, 0x64, 0x10, 0x64, 0x10, 0x64, 0x10, 0x64, 0x10, 0x64, 0x10, 0x64, 0x10, 0x64, 0x10, 0x64, 0x10, 0x64, 0x10,
    0x64, 0x10, 0x64, 0x10, 0x64, 0x10, 0x64, 0x10, 0x64, 0x10, 0x64, 0x10, 0x64, 0x10, 0x64, 0x10, 0x64, 0x10, 0x64, 0x10, 0x64, 0x10, 0x64, 0x10, 0x64, 0x10, 0x64, 0x10, 0x64, 0x10, 0x64, 0x10,
    0x64, 0x10, 0x64, 0x10, 0x64, 0x10, 0x64, 0x10, 0x64, 0x10, 0x64, 0x10, 0x64, 0x10, 0x64, 0x10, 0x64, 0x10, 0x64, 0x10, 0x64, 0x10, 0x64, 0x10, 0x64, 0x10, 0x64, 0x10, 0x64, 0x10, 0x64, 0x10,
    0x64, 0x10, 0x64, 0x10, 0x64, 0x10, 0x64, 0x10, 0x64, 0x10, 0x64, 0x10, 0x64, 0x10, 0x64, 0x10, 0x64, 0x10, 0x64, 0x10, 0x64, 0x10, 0x64, 0x10, 0x64, 0x10, 0x64, 0x10, 0x64, 0x10, 0x64, 0x10,
    0x64, 0x10, 0x64, 0x10, 0x64, 0x10, 0x64, 0x10, 0x64, 0x10, 0x64, 0x10, 0x64, 0x10, 0x64, 0x10, 0x64, 0x10, 0x64, 0x10, 0x64, 0x10, 0x64, 0x10, 0x64, 0x10, 0x64, 0x10, 0x64, 0x10, 0x64, 0x10,
    0x64, 0x10, 0x64, 0x10, 0x64, 0x10, 0x64, 0x10, 0x64, 0x10, 0x64, 0x10, 0x64, 0x10, 0x64, 0x10, 0x64, 0x10, 0x64, 0x10, 0x64, 0x10, 0x64, 0x10, 0x64, 0x10, 0x64, 0x10, 0x64, 0x10, 0x64, 0x10,
    0x64, 0x10, 0x64, 0x10, 0x64, 0x10, 0x64, 0x10, 0x64, 0x10, 0x64, 0x10, 0x64, 0x10, 0x64, 0x10, 0x64, 0x10, 0x64, 0x10, 0x64, 0x10, 0x64, 0x10, 0x64, 0x10, 0x64, 0x10, 0x64, 0x10, 0x64, 0x10,
    0x64, 0x10, 0x64, 0x10, 0x64, 0x10, 0x64, 0x10, 0x64, 0x10, 0x64, 0x10, 0x64, 0x10, 0x64, 0x10, 0x64, 0x10, 0x64, 0x10, 0x64, 0x10, 0x64, 0x10, 0x64, 0x10, 0x64, 0x10, 0x64, 0x10, 0x64, 0x10,
    0x64, 0x10, 0x64, 0x10, 0x64, 0x10, 0x64, 0x10, 0x64, 0x10, 0x64, 0x10, 0x64, 0x10, 0x64, 0x10, 0x64, 0x10, 0x64, 0x10, 0x64, 0x10, 0x64, 0x10, 0x64, 0x10, 0x64, 0x10, 0x64, 0x10, 0x64, 0x10,
    0x64, 0x10, 0x64, 0x10, 0x64, 0x10, 0x64, 0x10, 0x64, 0x10, 0x64, 0x10, 0x64, 0x10, 0x64, 0x10, 0x64, 0x10, 0x64, 0x10, 0x64, 0x10, 0x64, 0x10, 0x64, 0x10, 0x64, 0x10, 0x64, 0x10, 0x64, 0x10,
    0x64, 0x10, 0x64, 0x10, 0x64, 0x10, 0x64, 0x10, 0x64, 0x10, 0x64, 0x10, 0x64, 0x10, 0x64, 0x10, 0x64, 0x10, 0x64, 0x10, 0x64, 0x10, 0x64, 0x10, 0x64, 0x10, 0x64, 0x10, 0x64, 0x10, 0x64, 0x10,
    0x64, 0x10, 0x64, 0x10, 0x64, 0x10, 0x64, 0x10, 0x64, 0x10, 0x64, 0x10, 0x64, 0x10, 0x64, 0x10, 0x64, 0x10, 0x64, 0x10, 0x64, 0x10, 0x64, 0x10, 0x64, 0x10, 0x64, 0x10, 0x64, 0x10, 0x64, 0x10,
    0x64, 0x10, 0x64, 0x10, 0x64, 0x10, 0x64, 0x10, 0x64, 0x10, 0x64, 0x10, 0x64, 0x10, 0x64, 0x10, 0x64, 0x10, 0x64, 0x10, 0x64, 0x10, 0x64, 0x10, 0x64, 0x10, 0x64, 0x10, 0x64, 0x10, 0x64, 0x10,
    0x64, 0x10, 0x64, 0x10, 0x64, 0x10, 0x64, 0x10, 0x64, 0x10, 0x64, 0x10, 0x64, 0x10, 0x64, 0x10, 0x64, 0x10, 0x64, 0x10, 0x64, 0x10, 0x64, 0x10, 0x64, 0x10, 0x64, 0x10, 0x64, 0x10, 0x64, 0x10,
    0x64, 0x10, 0x64, 0x10, 0x64, 0x10, 0x64, 0x10, 0x64, 0x10, 0x64, 0x10, 0x64, 0x10, 0x64, 0x10, 0x64, 0x10, 0x64, 0x10, 0x64, 0x10, 0x64, 0x10, 0x64, 0x10, 0x64, 0x10, 0x64, 0x10, 0x64, 0x10,
    0x64, 0x10, 0x64, 0x10, 0x64, 0x10, 0x64, 0x10, 0x64, 0x10, 0x64, 0x10, 0x64, 0x10, 0x64, 0x10, 0x64, 0x10, 0x64, 0x10, 0x64, 0x10, 0x64, 0x10, 0x64, 0x10, 0x64, 0x10, 0x64, 0x10, 0x64, 0x10,
    0x64, 0x10, 0x64, 0x10, 0x64, 0x10, 0x64, 0x10, 0x64, 0x10, 0x64, 0x10, 0x64, 0x10, 0x64, 0x10, 0x64, 0x10, 0x64, 0x10, 0x64, 0x10, 0x64, 0x10, 0x64, 0x10, 0x64, 0x10, 0x64, 0x10, 0x64, 0x10,
    0x64, 0x10, 0x64, 0x10, 0x64, 0x10, 0x64, 0x10, 0x64, 0x10, 0x64, 0x10, 0x64, 0x10, 0x64, 0x10, 0x64, 0x10, 0x64, 0x10, 0x64, 0x10, 0x64, 0x10, 0x64, 0x10, 0x64, 0x10, 0x64, 0x10, 0x64, 0x10,
    0x64, 0x10, 0x64, 0x10, 0x64, 0x10, 0x64, 0x10, 0x64, 0x10, 0x64, 0x10, 0x64, 0x10, 0x64, 0x10, 0x64, 0x10, 0x64, 0x10, 0x64, 0x10, 0x64, 0x10, 0x64, 0x10, 0x64, 0x10, 0x64, 0x10, 0x64, 0x10,
    0x64, 0x10, 0x64, 0x10, 0x64, 0x10, 0x64, 0x10, 0x64, 0x10, 0x64, 0x10, 0x64, 0x10, 0x64, 0x10, 0x64, 0x10, 0x64, 0x10, 0x64, 0x10, 0x64, 0x10, 0x64, 0x10, 0x64, 0x10, 0x64, 0x10, 0x64, 0x10,
    0x64, 0x10, 0x64, 0x10, 0x64, 0x10, 0x64, 0x10, 0x64, 0x10, 0x64, 0x10, 0x64, 0x10, 0x64, 0x10, 0x64, 0x10, 0x64, 0x10, 0x64, 0x10, 0x64, 0x10, 0x64, 0x10, 0x64, 0x10, 0x64, 0x10, 0x64, 0x10,
    0x64, 0x10, 0x64, 0x10, 0x64, 0x10, 0x64, 0x10, 0x64, 0x10, 0x64, 0x10, 0x64, 0x10, 0x64, 0x10, 0x64, 0x10, 0x64, 0x10, 0x64, 0x10, 0x64, 0x10, 0x64, 0x10, 0x64, 0x10, 0x64, 0x10, 0x64, 0x10,
    0x64, 0x10, 0x64, 0x10, 0x64, 0x10, 0x64, 0x10, 0x64, 0x10, 0x64, 0x10, 0x64, 0x10, 0x64, 0x10, 0x64, 0x10, 0x64, 0x10, 0x64, 0x10, 0x64, 0x10, 0x64, 0x10, 0x64, 0x10, 0x64, 0x10, 0x64, 0x10,
    0x64, 0x10, 0x64, 0x10, 0x64, 0x10, 0x64, 0x10, 0x64, 0x10, 0x64, 0x10, 0x64, 0x10, 0x64, 0x10, 0x64, 0x10, 0x64, 0x10, 0x64, 0x10, 0x64, 0x10, 0x64, 0x10, 0x64, 0x10, 0x64, 0x10, 0x64, 0x10,
    0x64, 0x10, 0x64, 0x10, 0x64, 0x10, 0x64, 0x10, 0x64, 0x10, 0x64, 0x10, 0x64, 0x10, 0x64, 0x10, 0x64, 0x10, 0x64, 0x10, 0x64, 0x10, 0x64, 0x10, 0x64, 0x10, 0x64, 0x10, 0x64, 0x10, 0x64, 0x10,
    0x64, 0x10, 0x64, 0x10, 0x64, 0x10, 0x64, 0x10, 0x64, 0x10, 0x64, 0x10, 0x64, 0x10, 0x64, 0x10, 0x64, 0x10, 0x64, 0x10, 0x64, 0x10, 0x64, 0x10, 0x64, 0x10, 0x64, 0x10, 0x64, 0x10, 0x64, 0x10,
    0x64, 0x10, 0x64, 0x10, 0x64, 0x10, 0x64, 0x10, 0x64, 0x10, 0x64, 0x10, 0x64, 0x10, 0x64, 0x10, 0x64, 0x10, 0x64, 0x10, 0x64, 0x10, 0x64, 0x10, 0x64, 0x10, 0x64, 0x10, 0x64, 0x10, 0x64, 0x10,
    0x64, 0x10, 0x64, 0x10, 0x64, 0x10, 0x64, 0x10, 0x64, 0x10, 0x64, 0x10, 0x64, 0x10, 0x64, 0x10, 0x64, 0x10, 0x64, 0x10, 0x64, 0x10, 0x64, 0x10, 0x64, 0x10, 0x64, 0x10, 0x64, 0x10, 0x64, 0x10,
    0x64, 0x10, 0x64, 0x10, 0x64, 0x10, 0x64, 0x10, 0x64, 0x10, 0x64, 0x10, 0x64, 0x10, 0x64, 0x10, 0x64, 0x10, 0x64, 0x10, 0x64, 0x10, 0x64, 0x10, 0x64, 0x10, 0x64, 0x10, 0x64, 0x10, 0x64, 0x10,
    0x64, 0x10, 0x64, 0x10, 0x64, 0x10, 0x64, 0x10, 0x64, 0x10, 0x64, 0x10, 0x64, 0x10, 0x64, 0x10, 0x64, 0x10, 0x64, 0x10, 0x64, 0x10, 0x64, 0x10, 0x64, 0x10, 0x64, 0x10, 0x64, 0x10, 0x64, 0x10,
    0x64, 0x10, 0x64, 0x10, 0x64, 0x10, 0x64, 0x10, 0x64, 0x10, 0x64, 0x10, 0x64, 0x10, 0x64, 0x10, 0x64, 0x10, 0x64, 0x10, 0x64, 0x10, 0x64, 0x10, 0x64, 0x10, 0x64, 0x10, 0x64, 0x10, 0x64, 0x10,
    0x64, 0x10, 0x64, 0x10, 0x64, 0x10, 0x64, 0x10, 0x64, 0x10, 0x64, 0x10, 0x64, 0x10, 0x64, 0x10, 0x64, 0x10, 0x64, 0x10, 0x64, 0x10, 0x64, 0x10, 0x64, 0x10, 0x64, 0x10, 0x64, 0x10, 0x64, 0x10,
    0x64, 0x10, 0x64, 0x10, 0x64, 0x10, 0x64, 0x10, 0x64, 0x10, 0x64, 0x10, 0x64, 0x10, 0x64, 0x10, 0x64, 0x10, 0x64, 0x10, 0x64, 0x10, 0x64, 0x10, 0x64, 0x10, 0x64, 0x10, 0x64, 0x10, 0x64, 0x10,
    0x64, 0x10, 0x64, 0x10, 0x64, 0x10, 0x64, 0x10, 0x64, 0x10, 0x64, 0x10, 0x64, 0x10, 0x64, 0x10, 0x64, 0x10, 0x64, 0x10, 0x64, 0x10, 0x64, 0x10, 0x64, 0x10, 0x64, 0x10, 0x64, 0x10, 0x64, 0x10,
    0x64, 0x10, 0x64, 0x10, 0x64, 0x10, 0x64, 0x10, 0x64, 0x10, 0x64, 0x10, 0x64, 0x10, 0x64, 0x10, 0x64, 0x10, 0x64, 0x10, 0x64, 0x10, 0x64, 0x10, 0x64, 0x10, 0x64, 0x10, 0x64, 0x10, 0x64, 0x10,
    0x64, 0x10, 0x64, 0x10, 0x64, 0x10, 0x64, 0x10, 0x64, 0x10, 0x64, 0x10, 0x64, 0x10, 0x64, 0x10, 0x64, 0x10, 0x64, 0x10, 0x64, 0x10, 0x64, 0x10, 0x64, 0x10, 0x64, 0x10, 0x64, 0x10, 0x64, 0x10,
    0x64, 0x10, 0x64, 0x10, 0x64, 0x10, 0x64, 0x10, 0x64, 0x10, 0x64, 0x10, 0x64, 0x10, 0x64, 0x10, 0x64, 0x10, 0x64, 0x10, 0x64, 0x10, 0x64, 0x10, 0x64, 0x10, 0x64, 0x10, 0x64, 0x10, 0x64, 0x10,
    0x64, 0x10, 0x64, 0x10, 0x64, 0x10, 0x64, 0x10, 0x64, 0x10, 0x64, 0x10, 0x64, 0x10, 0x64, 0x10, 0x64, 0x10, 0x64, 0x10, 0x64, 0x10, 0x64, 0x10, 0x64, 0x10, 0x64, 0x10, 0x64, 0x10, 0x64, 0x10,
    0x64, 0x10, 0x64, 0x10, 0x64, 0x10, 0x64, 0x10, 0x64, 0x10, 0x64, 0x10, 0x64, 0x10, 0x64, 0x10, 0x64, 0x10, 0x64, 0x10, 0x64, 0x10, 0x64, 0x10, 0x64, 0x10, 0x64, 0x10, 0x64, 0x10, 0x64, 0x10,
    0x64, 0x10, 0x64, 0x10, 0x64, 0x10, 0x64, 0x10, 0x64, 0x10, 0x64, 0x10, 0x64, 0x10, 0x64, 0x10, 0x64, 0x10, 0x64, 0x10, 0x64, 0x10, 0x64, 0x10, 0x64, 0x10, 0x64, 0x10, 0x64, 0x10, 0x64, 0x10,
    0x64, 0x10, 0x64, 0x10, 0x64, 0x10, 0x64, 0x10, 0x64, 0x10, 0x64, 0x10, 0x64, 0x10, 0x64, 0x10, 0x64, 0x10, 0x64, 0x10, 0x64, 0x10, 0x64, 0x10, 0x64, 0x10, 0x64, 0x10, 0x64, 0x10, 0x64, 0x10,
    0x64, 0x10, 0x64, 0x10, 0x64, 0x10, 0x64, 0x10, 0x64, 0x10, 0x64, 0x10, 0x64, 0x10, 0x64, 0x10, 0x64, 0x10, 0x64, 0x10, 0x64, 0x10, 0x64, 0x10, 0x64, 0x10, 0x64, 0x10, 0x64, 0x10, 0x64, 0x10,
    0x64, 0x10, 0x64, 0x10, 0x64, 0x10, 0x64, 0x10, 0x64, 0x10, 0x64, 0x10, 0x64, 0x10, 0x64, 0x10, 0x64, 0x10, 0x64, 0x10, 0x64, 0x10, 0x64, 0x10, 0x64, 0x10, 0x64, 0x10, 0x64, 0x10, 0x64, 0x10,
    0x64, 0x10, 0x64, 0x10, 0x64, 0x10, 0x64, 0x10, 0x64, 0x10, 0x64, 0x10, 0x64, 0x10, 0x64, 0x10, 0x64, 0x10, 0x64, 0x10, 0x64, 0x10, 0x64, 0x10, 0x64, 0x10, 0x64, 0x10, 0x64, 0x10, 0x64, 0x10,
    0x64, 0x10, 0x64, 0x10, 0x64, 0x10, 0x64, 0x10, 0x64, 0x10, 0x64, 0x10, 0x64, 0x10, 0x64, 0x10, 0x64, 0x10, 0x64, 0x10, 0x64, 0x10, 0x64, 0x10, 0x64, 0x10, 0x64, 0x10, 0x64, 0x10, 0x64, 0x10,
    0x64, 0x10, 0x64, 0x10, 0x64, 0x10, 0x64, 0x10, 0x64, 0x10, 0x64, 0x10, 0x64, 0x10, 0x64, 0x10, 0x64, 0x10, 0x64, 0x10, 0x64, 0x10, 0x64, 0x10, 0x64, 0x10, 0x64, 0x10, 0x64, 0x10, 0x64, 0x10,
    0x64, 0x10, 0x64, 0x10, 0x64, 0x10, 0x64, 0x10, 0x64, 0x10, 0x64, 0x10, 0x64, 0x10, 0x64, 0x10, 0x64, 0x10, 0x64, 0x10, 0x64, 0x10, 0x64, 0x10, 0x64, 0x10, 0x64, 0x10, 0x64, 0x10, 0x64, 0x10,
    0x64, 0x10, 0x64, 0x10, 0x64, 0x10, 0x64, 0x10, 0x64, 0x10, 0x64, 0x10, 0x64, 0x10, 0x64, 0x10, 0x64, 0x10, 0x64, 0x10, 0x64, 0x10, 0x64, 0x10, 0x64, 0x10, 0x64, 0x10, 0x64, 0x10, 0x64, 0x10,
    0x64, 0x10, 0x64, 0x10, 0x64, 0x10, 0x64, 0x10, 0x64, 0x10, 0x64, 0x10, 0x64, 0x10, 0x64, 0x10, 0x64, 0x10, 0x64, 0x10, 0x64, 0x10, 0x64, 0x10, 0x64, 0x10, 0x64, 0x10, 0x64, 0x10, 0x64, 0x10,
    0x64, 0x10, 0x64, 0x10, 0x64, 0x10, 0x64, 0x10, 0x64, 0x10, 0x64, 0x10, 0x64, 0x10, 0x64, 0x10, 0x64, 0x10, 0x64, 0x10, 0x64, 0x10, 0x64, 0x10, 0x64, 0x10, 0x64, 0x10, 0x64, 0x10, 0x64, 0x10,
    0x64, 0x10, 0x64, 0x10, 0x64, 0x10, 0x64, 0x10, 0x64, 0x10, 0x64, 0x10, 0x64, 0x10, 0x64, 0x10, 0x64, 0x10, 0x64, 0x10, 0x64, 0x10, 0x64, 0x10, 0x64, 0x10, 0x64, 0x10, 0x64, 0x10, 0x64, 0x10,
    0x64, 0x10, 0x64, 0x10, 0x64, 0x10, 0x64, 0x10, 0x64, 0x10, 0x64, 0x10, 0x64, 0x10, 0x64, 0x10, 0x64, 0x10, 0x64, 0x10, 0x64, 0x10, 0x64, 0x10, 0x64, 0x10, 0x64, 0x10, 0x64, 0x10, 0x64, 0x10,
    0x64, 0x10, 0x64, 0x10, 0x64, 0x10, 0x64, 0x10, 0x64, 0x10, 0x64, 0x10, 0x64, 0x10, 0x64, 0x10, 0x64, 0x10, 0x64, 0x10, 0x64, 0x10, 0x64, 0x10, 0x64, 0x10, 0x64, 0x10, 0x64, 0x10, 0x64, 0x10,
    0x64, 0x10, 0x64, 0x10, 0x64, 0x10, 0x64, 0x10, 0x64, 0x10, 0x64, 0x10, 0x64, 0x10, 0x64, 0x10, 0x64, 0x10, 0x64, 0x10, 0x64, 0x10, 0x64, 0x10, 0x64, 0x10, 0x64, 0x10, 0x64, 0x10, 0x64, 0x10,
    0x64, 0x10, 0x64, 0x10, 0x64, 0x10, 0x64, 0x10, 0x64, 0x10, 0x64, 0x10, 0x64, 0x10, 0x64, 0x10, 0x64, 0x10, 0x64, 0x10, 0x64, 0x10, 0x64, 0x10, 0x64, 0x10, 0x64, 0x10, 0x64, 0x10, 0x64, 0x10,
    0x64, 0x10, 0x64, 0x10, 0x64, 0x10, 0x64, 0x10, 0x64, 0x10, 0x64, 0x10, 0x64, 0x10, 0x64, 0x10, 0x64, 0x10, 0x64, 0x10, 0x64, 0x10, 0x64, 0x10, 0x64, 0x10, 0x64, 0x10, 0x64, 0x10, 0x64, 0x10,
    0x64, 0x10, 0x64, 0x10, 0x64, 0x10, 0x64, 0x10, 0x64, 0x10, 0x64, 0x10, 0x64, 0x10, 0x64, 0x10, 0x64, 0x10, 0x64, 0x10, 0x64, 0x10, 0x64, 0x10, 0x64, 0x10, 0x64, 0x10, 0x64, 0x10, 0x64, 0x10,
    0x64, 0x10, 0x64, 0x10, 0x64, 0x10, 0x64, 0x10, 0x64, 0x10, 0x64, 0x10, 0x64, 0x10, 0x64, 0x10, 0x64, 0x10, 0x64, 0x10, 0x64, 0x10, 0x64, 0x10, 0x64, 0x10, 0x64, 0x10, 0x64, 0x10, 0x64, 0x10,
    0x64, 0x10, 0x64, 0x10, 0x64, 0x10, 0x64, 0x10, 0x64, 0x10, 0x64, 0x10, 0x64, 0x10, 0x64, 0x10, 0x64, 0x10, 0x64, 0x10, 0x64, 0x10, 0x64, 0x10, 0x64, 0x10, 0x64, 0x10, 0x64, 0x10, 0x64, 0x10,
    0x64, 0x10, 0x64, 0x10, 0x64, 0x10, 0x64, 0x10, 0x64, 0x10, 0x64, 0x10, 0x64, 0x10, 0x64, 0x10, 0x64, 0x10, 0x64, 0x10, 0x64, 0x10, 0x64, 0x10, 0x64, 0x10, 0x64, 0x10, 0x64, 0x10, 0x64, 0x10,
    0x64, 0x10, 0x64, 0x10, 0x64, 0x10, 0x64, 0x10, 0x64, 0x10, 0x64, 0x10, 0x64, 0x10, 0x64, 0x10, 0x64, 0x10, 0x64, 0x10, 0x64, 0x10, 0x64, 0x10, 0x64, 0x10, 0x64, 0x10, 0x64, 0x10, 0x64, 0x10,
    0x64, 0x10, 0x64, 0x10, 0x64, 0x10, 0x64, 0x10, 0x64, 0x10, 0x64, 0x10, 0x64, 0x10, 0x64, 0x10, 0x64, 0x10, 0x64, 0x10, 0x64, 0x10, 0x64, 0x10, 0x64, 0x10, 0x64, 0x10, 0x64, 0x10, 0x64, 0x10,
    0x64, 0x10, 0x64, 0x10, 0x64, 0x10, 0x64, 0x10, 0x64, 0x10, 0x64, 0x10, 0x64, 0x10, 0x64, 0x10, 0x64, 0x10, 0x64, 0x10, 0x64, 0x10, 0x64, 0x10, 0x64, 0x10, 0x64, 0x10, 0x64, 0x10, 0x64, 0x10,
    0x64, 0x10, 0x64, 0x10, 0x64, 0x10, 0x64, 0x10, 0x64, 0x10, 0x64, 0x10, 0x64, 0x10, 0x64, 0x10, 0x64, 0x10, 0x64, 0x10, 0x64, 0x10, 0x64, 0x10, 0x64, 0x10, 0x64, 0x10, 0x64, 0x10, 0x64, 0x10,
    0x64, 0x10, 0x64, 0x10, 0x64, 0x10, 0x64, 0x10, 0x64, 0x10, 0x64, 0x10, 0x64, 0x10, 0x64, 0x10, 0x64, 0x10, 0x64, 0x10, 0x64, 0x10, 0x64, 0x10, 0x64, 0x10, 0x64, 0x10, 0x64, 0x10, 0x64, 0x10,
    0x64, 0x10, 0x64, 0x10, 0x64, 0x10, 0x64, 0x10, 0x64, 0x10, 0x64, 0x10, 0x64, 0x10, 0x64, 0x10, 0x64, 0x10, 0x64, 0x10, 0x64, 0x10, 0x64, 0x10, 0x64, 0x10, 0x64, 0x10, 0x64, 0x10, 0x64, 0x10,
    0x64, 0x10, 0x64, 0x10, 0x64, 0x10, 0x64, 0x10, 0x64, 0x10, 0x64, 0x10, 0x64, 0x10, 0x64, 0x10, 0x64, 0x10, 0x64, 0x10, 0x64, 0x10, 0x64, 0x10, 0x64, 0x10, 0x64, 0x10, 0x64, 0x10, 0x64, 0x10,
    0x64, 0x10, 0x64, 0x10, 0x64, 0x10, 0x64, 0x10, 0x64, 0x10, 0x64, 0x10, 0x64, 0x10, 0x64, 0x10, 0x64, 0x10, 0x64, 0x10, 0x64, 0x10, 0x64, 0x10, 0x64, 0x10, 0x64, 0x10, 0x64, 0x10, 0x64, 0x10,
    0x64, 0x10, 0x64, 0x10, 0x64, 0x10, 0x64, 0x10, 0x64, 0x10, 0x64, 0x10, 0x64, 0x10, 0x64, 0x10, 0x64, 0x10, 0x64, 0x10, 0x64, 0x10, 0x64, 0x10, 0x64, 0x10, 0x64, 0x10, 0x64, 0x10, 0x64, 0x10,
    0x64, 0x10, 0x64, 0x10, 0x64, 0x10, 0x64, 0x10, 0x64, 0x10, 0x64, 0x10, 0x64, 0x10, 0x64, 0x10, 0x64, 0x10, 0x64, 0x10, 0x64, 0x10, 0x64, 0x10, 0x64, 0x10, 0x64, 0x10, 0x64, 0x10, 0x64, 0x10,
    0x64, 0x10, 0x64, 0x10, 0x64, 0x10, 0x64, 0x10, 0x64, 0x10, 0x64, 0x10, 0x64, 0x10, 0x64, 0x10, 0x64, 0x10, 0x64, 0x10, 0x64, 0x10, 0x64, 0x10, 0x64, 0x10, 0x64, 0x10, 0x64, 0x10, 0x64, 0x10,
    0x64, 0x10, 0x64, 0x10, 0x64, 0x10, 0x64, 0x10, 0x64, 0x10, 0x64, 0x10, 0x64, 0x10, 0x64, 0x10, 0x64, 0x10, 0x64, 0x10, 0x64, 0x10, 0x64, 0x10, 0x64, 0x10, 0x64, 0x10, 0x64, 0x10, 0x64, 0x10,
    0x64, 0x10, 0x64, 0x10, 0x64, 0x10, 0x64, 0x10, 0x64, 0x10, 0x64, 0x10, 0x64, 0x10, 0x64, 0x10, 0x64, 0x10, 0x64, 0x10, 0x64, 0x10, 0x64, 0x10, 0x64, 0x10, 0x64, 0x10, 0x64, 0x10, 0x64, 0x10,
    0x64, 0x10, 0x64, 0x10, 0x64, 0x10, 0x64, 0x10, 0x64, 0x10, 0x64, 0x10, 0x64, 0x10, 0x64, 0x10, 0x64, 0x10, 0x64, 0x10, 0x64, 0x10, 0x64, 0x10, 0x64, 0x10, 0x64, 0x10, 0x64, 0x10, 0x64, 0x10,
    0x64, 0x10, 0x64, 0x10, 0x64, 0x10, 0x64, 0x10, 0x64, 0x10, 0x64, 0x10, 0x64, 0x10, 0x64, 0x10, 0x64, 0x10, 0x64, 0x10, 0x64, 0x10, 0x64, 0x10, 0x64, 0x10, 0x64, 0x10, 0x64, 0x10, 0x64, 0x10,
    0x64, 0x10, 0x64, 0x10, 0x64, 0x10, 0x64, 0x10, 0x64, 0x10, 0x64, 0x10, 0x64, 0x10, 0x64, 0x10, 0x64, 0x10, 0x64, 0x10, 0x64, 0x10, 0x64, 0x10, 0x64, 0x10, 0x64, 0x10, 0x64, 0x10, 0x64, 0x10,
    0x64, 0x10, 0x64, 0x10, 0x64, 0x10, 0x64, 0x10, 0x64, 0x10, 0x64, 0x10, 0x64, 0x10, 0x64, 0x10, 0x64, 0x10, 0x64, 0x10, 0x64, 0x10, 0x64, 0x10, 0x64, 0x10, 0x64, 0x10, 0x64, 0x10, 0x64, 0x10,
    0x64, 0x10, 0x64, 0x10, 0x64, 0x10, 0x64, 0x10, 0x64, 0x10, 0x64, 0x10, 0x64, 0x10, 0x64, 0x10, 0x64, 0x10, 0x64, 0x10, 0x64, 0x10, 0x64, 0x10, 0x64, 0x10, 0x64, 0x10, 0x64, 0x10, 0x64, 0x10,
    0x64, 0x10, 0x64, 0x10, 0x64, 0x10, 0x64, 0x10, 0x64, 0x10, 0x64, 0x10, 0x64, 0x10, 0x64, 0x10, 0x64, 0x10, 0x64, 0x10, 0x64, 0x10, 0x64, 0x10, 0x64, 0x10, 0x64, 0x10, 0x64, 0x10, 0x64, 0x10,
    0x64, 0x10, 0x64, 0x10, 0x64, 0x10, 0x64, 0x10, 0x64, 0x10, 0x64, 0x10, 0x64, 0x10, 0x64, 0x10, 0x64, 0x10, 0x64, 0x10, 0x64, 0x10, 0x64, 0x10, 0x64, 0x10, 0x64, 0x10, 0x64, 0x10, 0x64, 0x10,
    0x64, 0x10, 0x64, 0x10, 0x64, 0x10, 0x64, 0x10, 0x64, 0x10, 0x64, 0x10, 0x64, 0x10, 0x64, 0x10, 0x64, 0x10, 0x64, 0x10, 0x64, 0x10, 0x64, 0x10, 0x64, 0x10, 0x64, 0x10, 0x64, 0x10, 0x64, 0x10,
    0x64, 0x10, 0x64, 0x10, 0x64, 0x10, 0x64, 0x10, 0x64, 0x10, 0x64, 0x10, 0x64, 0x10, 0x64, 0x10, 0x64, 0x10, 0x64, 0x10, 0x64, 0x10, 0x64, 0x10, 0x64, 0x10, 0x64, 0x10, 0x64, 0x10, 0x64, 0x10,
    0x64, 0x10, 0x64, 0x10, 0x64, 0x10, 0x64, 0x10, 0x64, 0x10, 0x64, 0x10, 0x64, 0x10, 0x64, 0x10, 0x64, 0x10, 0x64, 0x10, 0x64, 0x10, 0x64, 0x10, 0x64, 0x10, 0x64, 0x10, 0x64, 0x10, 0x64, 0x10,
    0x64, 0x10, 0x64, 0x10, 0x64, 0x10, 0x64, 0x10, 0x64, 0x10, 0x64, 0x10, 0x64, 0x10, 0x64, 0x10, 0x64, 0x10, 0x64, 0x10, 0x64, 0x10, 0x64, 0x10, 0x64, 0x10, 0x64, 0x10, 0x64, 0x10, 0x64, 0x10,
    0x64, 0x10, 0x64, 0x10, 0x64, 0x10, 0x64, 0x10, 0x64, 0x10, 0x64, 0x10, 0x64, 0x10, 0x64, 0x10, 0x64, 0x10, 0x64, 0x10, 0x64, 0x10, 0x64, 0x10, 0x64, 0x10, 0x64, 0x10, 0x64, 0x10, 0x64, 0x10,
    0x64, 0x10, 0x64, 0x10, 0x64, 0x10, 0x64, 0x10, 0x64, 0x10, 0x64, 0x10, 0x64, 0x10, 0x64, 0x10, 0x64, 0x10, 0x64, 0x10, 0x64, 0x10, 0x64, 0x10, 0x64, 0x10, 0x64, 0x10, 0x64, 0x10, 0x64, 0x10,
    0x64, 0x10, 0x64, 0x10, 0x64, 0x10, 0x64, 0x10, 0x64, 0x10, 0x64, 0x10, 0x64, 0x10, 0x64, 0x10, 0x64, 0x10, 0x64, 0x10, 0x64, 0x10, 0x64, 0x10, 0x64, 0x10, 0x64, 0x10, 0x64, 0x10, 0x64, 0x10,
    0x64, 0x10, 0x64, 0x10, 0x64, 0x10, 0x64, 0x10, 0x64, 0x10, 0x64, 0x10, 0x64, 0x10, 0x64, 0x10, 0x64, 0x10, 0x64, 0x10, 0x64, 0x10, 0x64, 0x10, 0x64, 0x10, 0x64, 0x10, 0x64, 0x10, 0x64, 0x10,
    0x64, 0x10, 0x64, 0x10, 0x64, 0x10, 0x64, 0x10, 0x64, 0x10, 0x64, 0x10, 0x64, 0x10, 0x64, 0x10, 0x64, 0x10, 0x64, 0x10, 0x64, 0x10, 0x64, 0x10, 0x64, 0x10, 0x64, 0x10, 0x64, 0x10, 0x64, 0x10,
    0x64, 0x10, 0x64, 0x10, 0x64, 0x10, 0x64, 0x10, 0x64, 0x10, 0x64, 0x10, 0x64, 0x10, 0x64, 0x10, 0x64, 0x10, 0x64, 0x10, 0x64, 0x10, 0x64, 0x10, 0x64, 0x10, 0x64, 0x10, 0x64, 0x10, 0x64, 0x10,
    0x64, 0x10, 0x64, 0x10, 0x64, 0x10, 0x64, 0x10, 0x64, 0x10, 0x64, 0x10, 0x64, 0x10, 0x64, 0x10, 0x64, 0x10, 0x64, 0x10, 0x64, 0x10, 0x64, 0x10, 0x64, 0x10, 0x64, 0x10, 0x64, 0x10, 0x64, 0x10,
    0x64, 0x10, 0x64, 0x10, 0x64, 0x10, 0x64, 0x10, 0x64, 0x10, 0x64, 0x10, 0x64, 0x10, 0x64, 0x10, 0x64, 0x10, 0x64, 0x10, 0x64, 0x10, 0x64, 0x10, 0x64, 0x10, 0x64, 0x10, 0x64, 0x10, 0x64, 0x10,
    0x64, 0x10, 0x64, 0x10, 0x64, 0x10, 0x64, 0x10, 0x64, 0x10, 0x64, 0x10, 0x64, 0x10, 0x64, 0x10, 0x64, 0x10, 0x64, 0x10, 0x64, 0x10, 0x64, 0x10, 0x64, 0x10, 0x64, 0x10, 0x64, 0x10, 0x64, 0x10,
    0x64, 0x10, 0x64, 0x10, 0x64, 0x10, 0x64, 0x10, 0x64, 0x10, 0x64, 0x10, 0x64, 0x10, 0x64, 0x10, 0x64, 0x10, 0x64, 0x10, 0x64, 0x10, 0x64, 0x10, 0x64, 0x10, 0x64, 0x10, 0x64, 0x10, 0x64, 0x10,
    0x64, 0x10, 0x64, 0x10, 0x64, 0x10, 0x64, 0x10, 0x64, 0x10, 0x64, 0x10, 0x64, 0x10, 0x64, 0x10, 0x64, 0x10, 0x64, 0x10, 0x64, 0x10, 0x64, 0x10, 0x64, 0x10, 0x64, 0x10, 0x64, 0x10, 0x64, 0x10,
    0x64, 0x10, 0x64, 0x10, 0x64, 0x10, 0x64, 0x10, 0x64, 0x10, 0x64, 0x10, 0x64, 0x10, 0x64, 0x10, 0x64, 0x10, 0x64, 0x10, 0x64, 0x10, 0x64, 0x10, 0x64, 0x10, 0x64, 0x10, 0x64, 0x10, 0x64, 0x10,
    0x64, 0x10, 0x64, 0x10, 0x64, 0x10, 0x64, 0x10, 0x64, 0x10, 0x64, 0x10, 0x64, 0x10, 0x64, 0x10, 0x64, 0x10, 0x64, 0x10, 0x64, 0x10, 0x64, 0x10, 0x64, 0x10, 0x64, 0x10, 0x64, 0x10, 0x64, 0x10,
    0x64, 0x10, 0x64, 0x10, 0x64, 0x10, 0x64, 0x10, 0x64, 0x10, 0x64, 0x10, 0x64, 0x10, 0x64, 0x10, 0x64, 0x10, 0x64, 0x10, 0x64, 0x10, 0x64, 0x10, 0x64, 0x10, 0x64, 0x10, 0x64, 0x10, 0x64, 0x10,
    0x64, 0x10, 0x64, 0x10, 0x64, 0x10, 0x64, 0x10, 0x64, 0x10, 0x64, 0x10, 0x64, 0x10, 0x64, 0x10, 0x64, 0x10, 0x64, 0x10, 0x64, 0x10, 0x64, 0x10, 0x64, 0x10, 0x64, 0x10, 0x64, 0x10, 0x64, 0x10,
    0x64, 0x10, 0x64, 0x10, 0x64, 0x10, 0x64, 0x10, 0x64, 0x10, 0x64, 0x10, 0x64, 0x10, 0x64, 0x10, 0x64, 0x10, 0x64, 0x10, 0x64, 0x10, 0x64, 0x10, 0x64, 0x10, 0x64, 0x10, 0x64, 0x10, 0x64, 0x10,
    0x64, 0x10, 0x64, 0x10, 0x64, 0x10, 0x64, 0x10, 0x64, 0x10, 0x64, 0x10, 0x64, 0x10, 0x64, 0x10, 0x64, 0x10, 0x64, 0x10, 0x64, 0x10, 0x64, 0x10, 0x64, 0x10, 0x64, 0x10, 0x64, 0x10, 0x64, 0x10,
    0x64, 0x10, 0x64, 0x10, 0x64, 0x10, 0x64, 0x10, 0x64, 0x10, 0x64, 0x10, 0x64, 0x10, 0x64, 0x10, 0x64, 0x10, 0x64, 0x10, 0x64, 0x10, 0x64, 0x10, 0x64, 0x10, 0x64, 0x10, 0x64, 0x10, 0x64, 0x10,
    0x64, 0x10, 0x64, 0x10, 0x64, 0x10, 0x64, 0x10, 0x64, 0x10, 0x64, 0x10, 0x64, 0x10, 0x64, 0x10, 0x64, 0x10, 0x64, 0x10, 0x64, 0x10, 0x64, 0x10, 0x64, 0x10, 0x64, 0x10, 0x64, 0x10, 0x64, 0x10,
    0x64, 0x10, 0x64, 0x10, 0x64, 0x10, 0x64, 0x10, 0x64, 0x10, 0x64, 0x10, 0x64, 0x10, 0x64, 0x10, 0x64, 0x10, 0x64, 0x10, 0x64, 0x10, 0x64, 0x10, 0x64, 0x10, 0x64, 0x10, 0x64, 0x10, 0x64, 0x10,
    0x64, 0x10, 0x64, 0x10, 0x64, 0x10, 0x64, 0x10, 0x64, 0x10, 0x64, 0x10, 0x64, 0x10, 0x64, 0x10, 0x64, 0x10, 0x64, 0x10, 0x64, 0x10, 0x64, 0x10, 0x64, 0x10, 0x64, 0x10, 0x64, 0x10, 0x64, 0x10,
    0x64, 0x10, 0x64, 0x10, 0x64, 0x10, 0x64, 0x10, 0x64, 0x10, 0x64, 0x10, 0x64, 0x10, 0x64, 0x10, 0x64, 0x10, 0x64, 0x10, 0x64, 0x10, 0x64, 0x10, 0x64, 0x10, 0x64, 0x10, 0x64, 0x10, 0x64, 0x10,
    0x64, 0x10, 0x64, 0x10, 0x64, 0x10, 0x64, 0x10, 0x64, 0x10, 0x64, 0x10, 0x64, 0x10, 0x64, 0x10, 0x64, 0x10, 0x64, 0x10, 0x64, 0x10, 0x64, 0x10, 0x64, 0x10, 0x64, 0x10, 0x64, 0x10, 0x64, 0x10,
    0x64, 0x10, 0x64, 0x10, 0x64, 0x10, 0x64, 0x10, 0x64, 0x10, 0x64, 0x10, 0x64, 0x10, 0x64, 0x10, 0x64, 0x10, 0x64, 0x10, 0x64, 0x10, 0x64, 0x10, 0x64, 0x10, 0x64, 0x10, 0x64, 0x10, 0x64, 0x10,
    0x64, 0x10, 0x64, 0x10, 0x64, 0x10, 0x64, 0x10, 0x64, 0x10, 0x64, 0x10, 0x64, 0x10, 0x64, 0x10, 0x64, 0x10, 0x64, 0x10, 0x64, 0x10, 0x64, 0x10, 0x64, 0x10, 0x64, 0x10, 0x64, 0x10, 0x64, 0x10,
    0x64, 0x10, 0x64, 0x10, 0x64, 0x10, 0x64, 0x10, 0x64, 0x10, 0x64, 0x10, 0x64, 0x10, 0x64, 0x10, 0x64, 0x10, 0x64, 0x10, 0x64, 0x10, 0x64, 0x10, 0x64, 0x10, 0x64, 0x10, 0x64, 0x10, 0x64, 0x10,
    0x64, 0x10, 0x64, 0x10, 0x64, 0x10, 0x64, 0x10, 0x64, 0x10, 0x64, 0x10, 0x64, 0x10, 0x64, 0x10, 0x64, 0x10, 0x64, 0x10, 0x64, 0x10, 0x64, 0x10, 0x64, 0x10, 0x64, 0x10, 0x64, 0x10, 0x64, 0x10,
    0x64, 0x10, 0x64, 0x10, 0x64, 0x10, 0x64, 0x10, 0x64, 0x10, 0x64, 0x10, 0x64, 0x10, 0x64, 0x10, 0x64, 0x10, 0x64, 0x10, 0x64, 0x10, 0x64, 0x10, 0x64, 0x10, 0x64, 0x10, 0x64, 0x10, 0x64, 0x10,
    0x64, 0x10, 0x64, 0x10, 0x64, 0x10, 0x64, 0x10, 0x64, 0x10, 0x64, 0x10, 0x64, 0x10, 0x64, 0x10, 0x64, 0x10, 0x64, 0x10, 0x64, 0x10, 0x64, 0x10, 0x64, 0x10, 0x64, 0x10, 0x64, 0x10, 0x64, 0x10,
    0x64, 0x10, 0x64, 0x10, 0x64, 0x10, 0x64, 0x10, 0x64, 0x10, 0x64, 0x10, 0x64, 0x10, 0x64, 0x10, 0x64, 0x10, 0x64, 0x10, 0x64, 0x10, 0x64, 0x10, 0x64, 0x10, 0x64, 0x10, 0x64, 0x10, 0x64, 0x10,
    0x64, 0x10, 0x64, 0x10, 0x64, 0x10, 0x64, 0x10, 0x64, 0x10, 0x64, 0x10, 0x64, 0x10, 0x64, 0x10, 0x64, 0x10, 0x64, 0x10, 0x64, 0x10, 0x64, 0x10, 0x64, 0x10, 0x64, 0x10, 0x64, 0x10, 0x64, 0x10,
    0x64, 0x10, 0x64, 0x10, 0x64, 0x10, 0x64, 0x10, 0x64, 0x10, 0x64, 0x10, 0x64, 0x10, 0x64, 0x10, 0x64, 0x10, 0x64, 0x10, 0x64, 0x10, 0x64, 0x10, 0x64, 0x10, 0x64, 0x10, 0x64, 0x10, 0x64, 0x10,
    0x64, 0x10, 0x64, 0x10, 0x64, 0x10, 0x64, 0x10, 0x64, 0x10, 0x64, 0x10, 0x64, 0x10, 0x64, 0x10, 0x64, 0x10, 0x64, 0x10, 0x64, 0x10, 0x64, 0x10, 0x64, 0x10, 0x64, 0x10, 0x64, 0x10, 0x64, 0x10,
    0x64, 0x10, 0x64, 0x10, 0x64, 0x10, 0x64, 0x10, 0x64, 0x10, 0x64, 0x10, 0x64, 0x10, 0x64, 0x10, 0x64, 0x10, 0x64, 0x10, 0x64, 0x10, 0x64, 0x10, 0x64, 0x10, 0x64, 0x10, 0x64, 0x10, 0x64, 0x10,
    0x64, 0x10, 0x64, 0x10, 0x64, 0x10, 0x64, 0x10, 0x64, 0x10, 0x64, 0x10, 0x64, 0x10, 0x64, 0x10, 0x64, 0x10, 0x64, 0x10, 0x64, 0x10, 0x64, 0x10, 0x64, 0x10, 0x64, 0x10, 0x64, 0x10, 0x64, 0x10,
    0x64, 0x10, 0x64, 0x10, 0x64, 0x10, 0x64, 0x10, 0x64, 0x10, 0x64, 0x10, 0x64, 0x10, 0x64, 0x10, 0x64, 0x10, 0x64, 0x10, 0x64, 0x10, 0x64, 0x10, 0x64, 0x10, 0x64, 0x10, 0x64, 0x10, 0x64, 0x10,
    0x64, 0x10, 0x64, 0x10, 0x64, 0x10, 0x64, 0x10, 0x64, 0x10, 0x64, 0x10, 0x64, 0x10, 0x64, 0x10, 0x64, 0x10, 0x64, 0x10, 0x64, 0x10, 0x64, 0x10, 0x64, 0x10, 0x64, 0x10, 0x64, 0x10, 0x64, 0x10,
    0x64, 0x10, 0x64, 0x10, 0x64, 0x10, 0x64, 0x10, 0x64, 0x10, 0x64, 0x10, 0x64, 0x10, 0x64, 0x10, 0x64, 0x10, 0x64, 0x10, 0x64, 0x10, 0x64, 0x10, 0x64, 0x10, 0x64, 0x10, 0x64, 0x10, 0x64, 0x10,
    0x64, 0x10, 0x64, 0x10, 0x64, 0x10, 0x64, 0x10, 0x64, 0x10, 0x64, 0x10, 0x64, 0x10, 0x64, 0x10, 0x64, 0x10, 0x64, 0x10, 0x64, 0x10, 0x64, 0x10, 0x64, 0x10, 0x64, 0x10, 0x64, 0x10, 0x64, 0x10,
    0x64, 0x10, 0x64, 0x10, 0x64, 0x10, 0x64, 0x10, 0x64, 0x10, 0x64, 0x10, 0x64, 0x10, 0x64, 0x10, 0x64, 0x10, 0x64, 0x10, 0x64, 0x10, 0x64, 0x10, 0x64, 0x10, 0x64, 0x10, 0x64, 0x10, 0x64, 0x10,
    0x64, 0x10, 0x64, 0x10, 0x64, 0x10, 0x64, 0x10, 0x64, 0x10, 0x64, 0x10, 0x64, 0x10, 0x64, 0x10, 0x64, 0x10, 0x64, 0x10, 0x64, 0x10, 0x64, 0x10, 0x64, 0x10, 0x64, 0x10, 0x64, 0x10, 0x64, 0x10,
    0x64, 0x10, 0x64, 0x10, 0x64, 0x10, 0x64, 0x10, 0x64, 0x10, 0x64, 0x10, 0x64, 0x10, 0x64, 0x10, 0x64, 0x10, 0x64, 0x10, 0x64, 0x10, 0x64, 0x10, 0x64, 0x10, 0x64, 0x10, 0x64, 0x10, 0x64, 0x10,
    0x64, 0x10, 0x64, 0x10, 0x64, 0x10, 0x64, 0x10, 0x64, 0x10, 0x64, 0x10, 0x64, 0x10, 0x64, 0x10, 0x64, 0x10, 0x64, 0x10, 0x64, 0x10, 0x64, 0x10, 0x64, 0x10, 0x64, 0x10, 0x64, 0x10, 0x64, 0x10,
    0x64, 0x10, 0x64, 0x10, 0x64, 0x10, 0x64, 0x10, 0x64, 0x10, 0x64, 0x10, 0x64, 0x10, 0x64, 0x10, 0x64, 0x10, 0x64, 0x10, 0x64, 0x10, 0x64, 0x10, 0x64, 0x10, 0x64, 0x10, 0x64, 0x10, 0x64, 0x10,
    0x64, 0x10, 0x64, 0x10, 0x64, 0x10, 0x64, 0x10, 0x64, 0x10, 0x64, 0x10, 0x64, 0x10, 0x64, 0x10, 0x64, 0x10, 0x64, 0x10, 0x64, 0x10, 0x64, 0x10, 0x64, 0x10, 0x64, 0x10, 0x64, 0x10, 0x64, 0x10,
    0x64, 0x10, 0x64, 0x10, 0x64, 0x10, 0x64, 0x10, 0x64, 0x10, 0x64, 0x10, 0x64, 0x10, 0x64, 0x10, 0x64, 0x10, 0x64, 0x10, 0x64, 0x10, 0x64, 0x10, 0x64, 0x10, 0x64, 0x10, 0x64, 0x10, 0x64, 0x10,
    0x64, 0x10, 0x64, 0x10, 0x64, 0x10, 0x64, 0x10, 0x64, 0x10, 0x64, 0x10, 0x64, 0x10, 0x64, 0x10, 0x64, 0x10, 0x64, 0x10, 0x64, 0x10, 0x64, 0x10, 0x64, 0x10, 0x64, 0x10, 0x64, 0x10, 0x64, 0x10,
    0x64, 0x10, 0x64, 0x10, 0x64, 0x10, 0x64, 0x10, 0x64, 0x10, 0x64, 0x10, 0x64, 0x10, 0x64, 0x10, 0x64, 0x10, 0x64, 0x10, 0x64, 0x10, 0x64, 0x10, 0x64, 0x10, 0x64, 0x10, 0x64, 0x10, 0x64, 0x10,
    0x64, 0x10, 0x64, 0x10, 0x64, 0x10, 0x64, 0x10, 0x64, 0x10, 0x64, 0x10, 0x64, 0x10, 0x64, 0x10, 0x64, 0x10, 0x64, 0x10, 0x64, 0x10, 0x64, 0x10, 0x64, 0x10, 0x64, 0x10, 0x64, 0x10, 0x64, 0x10,
    0x64, 0x10, 0x64, 0x10, 0x64, 0x10, 0x64, 0x10, 0x64, 0x10, 0x64, 0x10, 0x64, 0x10, 0x64, 0x10, 0x64, 0x10, 0x64, 0x10, 0x64, 0x10, 0x64, 0x10, 0x64, 0x10, 0x64, 0x10, 0x64, 0x10, 0x64, 0x10,
    0x64, 0x10, 0x64, 0x10, 0x64, 0x10, 0x64, 0x10, 0x64, 0x10, 0x64, 0x10, 0x64, 0x10, 0x64, 0x10, 0x64, 0x10, 0x64, 0x10, 0x64, 0x10, 0x64, 0x10, 0x64, 0x10, 0x64, 0x10, 0x64, 0x10, 0x64, 0x10,
    0x64, 0x10, 0x64, 0x10, 0x64, 0x10, 0x64, 0x10, 0x64, 0x10, 0x64, 0x10, 0x64, 0x10, 0x64, 0x10, 0x64, 0x10, 0x64, 0x10, 0x64, 0x10, 0x64, 0x10, 0x64, 0x10, 0x64, 0x10, 0x64, 0x10, 0x64, 0x10,
    0x64, 0x10, 0x64, 0x10, 0x64, 0x10, 0x64, 0x10, 0x64, 0x10, 0x64, 0x10, 0x64, 0x10, 0x64, 0x10, 0x64, 0x10, 0x64, 0x10, 0x64, 0x10, 0x64, 0x10, 0x64, 0x10, 0x64, 0x10, 0x64, 0x10, 0x64, 0x10,
    0x64, 0x10, 0x64, 0x10, 0x64, 0x10, 0x64, 0x10, 0x64, 0x10, 0x64, 0x10, 0x64, 0x10, 0x64, 0x10, 0x64, 0x10, 0x64, 0x10, 0x64, 0x10, 0x64, 0x10, 0x64, 0x10, 0x64, 0x10, 0x64, 0x10, 0x64, 0x10,
    0x64, 0x10, 0x64, 0x10, 0x64, 0x10, 0x64, 0x10, 0x64, 0x10, 0x64, 0x10, 0x64, 0x10, 0x64, 0x10, 0x64, 0x10, 0x64, 0x10, 0x64, 0x10, 0x64, 0x10, 0x64, 0x10, 0x64, 0x10, 0x64, 0x10, 0x64, 0x10,
    0x64, 0x10, 0x64, 0x10, 0x64, 0x10, 0x64, 0x10, 0x64, 0x10, 0x64, 0x10, 0x64, 0x10, 0x64, 0x10, 0x64, 0x10, 0x64, 0x10, 0x64, 0x10, 0x64, 0x10, 0x64, 0x10, 0x64, 0x10, 0x64, 0x10, 0x64, 0x10,
    0x64, 0x10, 0x64, 0x10, 0x64, 0x10, 0x64, 0x10, 0x64, 0x10, 0x64, 0x10, 0x64, 0x10, 0x64, 0x10, 0x64, 0x10, 0x64, 0x10, 0x64, 0x10, 0x64, 0x10, 0x64, 0x10, 0x64, 0x10, 0x64, 0x10, 0x64, 0x10,
    0x64, 0x10, 0x64, 0x10, 0x64, 0x10, 0x64, 0x10, 0x64, 0x10, 0x64, 0x10, 0x64, 0x10, 0x64, 0x10, 0x64, 0x10, 0x64, 0x10, 0x64, 0x10, 0x64, 0x10, 0x64, 0x10, 0x64, 0x10, 0x64, 0x10, 0x64, 0x10,
    0x64, 0x10, 0x64, 0x10, 0x64, 0x10, 0x64, 0x10, 0x64, 0x10, 0x64, 0x10, 0x64, 0x10, 0x64, 0x10, 0x64, 0x10, 0x64, 0x10, 0x64, 0x10, 0x64, 0x10, 0x64, 0x10, 0x64, 0x10, 0x64, 0x10, 0x64, 0x10,
    0x64, 0x10, 0x64, 0x10, 0x64, 0x10, 0x64, 0x10, 0x64, 0x10, 0x64, 0x10, 0x64, 0x10, 0x64, 0x10, 0x64, 0x10, 0x64, 0x10, 0x64, 0x10, 0x64, 0x10, 0x64, 0x10, 0x64, 0x10, 0x64, 0x10, 0x64, 0x10,
    0x64, 0x10, 0x64, 0x10, 0x64, 0x10, 0x64, 0x10, 0x64, 0x10, 0x64, 0x10, 0x64, 0x10, 0x64, 0x10, 0x64, 0x10, 0x64, 0x10, 0x64, 0x10, 0x64, 0x10, 0x64, 0x10, 0x64, 0x10, 0x64, 0x10, 0x64, 0x10,
    0x64, 0x10, 0x64, 0x10, 0x64, 0x10, 0x64, 0x10, 0x64, 0x10, 0x64, 0x10, 0x64, 0x10, 0x64, 0x10, 0x64, 0x10, 0x64, 0x10, 0x64, 0x10, 0x64, 0x10, 0x64, 0x10, 0x64, 0x10, 0x64, 0x10, 0x64, 0x10,
    0x64, 0x10, 0x64, 0x10, 0x64, 0x10, 0x64, 0x10, 0x64, 0x10, 0x64, 0x10, 0x64, 0x10, 0x64, 0x10, 0x64, 0x10, 0x64, 0x10, 0x64, 0x10, 0x64, 0x10, 0x64, 0x10, 0x64, 0x10, 0x64, 0x10, 0x64, 0x10,
    0x64, 0x10, 0x64, 0x10, 0x64, 0x10, 0x64, 0x10, 0x64, 0x10, 0x64, 0x10, 0x64, 0x10, 0x64, 0x10, 0x64, 0x10, 0x64, 0x10, 0x64, 0x10, 0x64, 0x10, 0x64, 0x10, 0x64, 0x10, 0x64, 0x10, 0x64, 0x10,
    0x64, 0x10, 0x64, 0x10, 0x64, 0x10, 0x64, 0x10, 0x64, 0x10, 0x64, 0x10, 0x64, 0x10, 0x64, 0x10, 0x64, 0x10, 0x64, 0x10, 0x64, 0x10, 0x64, 0x10, 0x64, 0x10, 0x64, 0x10, 0x64, 0x10, 0x64, 0x10,
    0x64, 0x10, 0x64, 0x10, 0x64, 0x10, 0x64, 0x10, 0x64, 0x10, 0x64, 0x10, 0x64, 0x10, 0x64, 0x10, 0x64, 0x10, 0x64, 0x10, 0x64, 0x10, 0x64, 0x10, 0x64, 0x10, 0x64, 0x10, 0x64, 0x10, 0x64, 0x10,
    0x64, 0x10, 0x64, 0x10, 0x64, 0x10, 0x64, 0x10, 0x64, 0x10, 0x64, 0x10, 0x64, 0x10, 0x64, 0x10, 0x64, 0x10, 0x64, 0x10, 0x64, 0x10, 0x64, 0x10, 0x64, 0x10, 0x64, 0x10, 0x64, 0x10, 0x64, 0x10,
    0x64, 0x10, 0x64, 0x10, 0x64, 0x10, 0x64, 0x10, 0x64, 0x10, 0x64, 0x10, 0x64, 0x10, 0x64, 0x10, 0x64, 0x10, 0x64, 0x10, 0x64, 0x10, 0x64, 0x10, 0x64, 0x10, 0x64, 0x10, 0x64, 0x10, 0x64, 0x10,
    0x64, 0x10, 0x64, 0x10, 0x64, 0x10, 0x64, 0x10, 0x64, 0x10, 0x64, 0x10, 0x64, 0x10, 0x64, 0x10, 0x64, 0x10, 0x64, 0x10, 0x64, 0x10, 0x64, 0x10, 0x64, 0x10, 0x64, 0x10, 0x64, 0x10, 0x64, 0x10,
    0x64, 0x10, 0x64, 0x10, 0x64, 0x10, 0x64, 0x10, 0x64, 0x10, 0x64, 0x10, 0x64, 0x10, 0x64, 0x10, 0x64, 0x10, 0x64, 0x10, 0x64, 0x10, 0x64, 0x10, 0x64, 0x10, 0x64, 0x10, 0x64, 0x10, 0x64, 0x10,
    0x64, 0x10, 0x64, 0x10, 0x64, 0x10, 0x64, 0x10, 0x64, 0x10, 0x64, 0x10, 0x64, 0x10, 0x64, 0x10, 0x64, 0x10, 0x64, 0x10, 0x64, 0x10, 0x64, 0x10, 0x64, 0x10, 0x64, 0x10, 0x64, 0x10, 0x64, 0x10,
    0x64, 0x10, 0x64, 0x10, 0x64, 0x10, 0x64, 0x10, 0x64, 0x10, 0x64, 0x10, 0x64, 0x10, 0x64, 0x10, 0x64, 0x10, 0x64, 0x10, 0x64, 0x10, 0x64, 0x10, 0x64, 0x10, 0x64, 0x10, 0x64, 0x10, 0x64, 0x10,
    0x64, 0x10, 0x64, 0x10, 0x64, 0x10, 0x64, 0x10, 0x64, 0x10, 0x64, 0x10, 0x64, 0x10, 0x64, 0x10, 0x64, 0x10, 0x64, 0x10, 0x64, 0x10, 0x64, 0x10, 0x64, 0x10, 0x64, 0x10, 0x64, 0x10, 0x64, 0x10,
    0x64, 0x10, 0x64, 0x10, 0x64, 0x10, 0x64, 0x10, 0x64, 0x10, 0x64, 0x10, 0x64, 0x10, 0x64, 0x10, 0x64, 0x10, 0x64, 0x10, 0x64, 0x10, 0x64, 0x10, 0x64, 0x10, 0x64, 0x10, 0x64, 0x10, 0x64, 0x10,
    0x64, 0x10, 0x64, 0x10, 0x64, 0x10, 0x64, 0x10, 0x64, 0x10, 0x64, 0x10, 0x64, 0x10, 0x64, 0x10, 0x64, 0x10, 0x64, 0x10, 0x64, 0x10, 0x64, 0x10, 0x64, 0x10, 0x64, 0x10, 0x64, 0x10, 0x64, 0x10,
    0x64, 0x10, 0x64, 0x10, 0x64, 0x10, 0x64, 0x10, 0x64, 0x10, 0x64, 0x10, 0x64, 0x10, 0x64, 0x10, 0x64, 0x10, 0x64, 0x10, 0x64, 0x10, 0x64, 0x10, 0x64, 0x10, 0x64, 0x10, 0x64, 0x10, 0x64, 0x10,
    0x64, 0x10, 0x64, 0x10, 0x64, 0x10, 0x64, 0x10, 0x64, 0x10, 0x64, 0x10, 0x64, 0x10, 0x64, 0x10, 0x64, 0x10, 0x64, 0x10, 0x64, 0x10, 0x64, 0x10, 0x64, 0x10, 0x64, 0x10, 0x64, 0x10, 0x64, 0x10,
    0x64, 0x10, 0x64, 0x10, 0x64, 0x10, 0x64, 0x10, 0x64, 0x10, 0x64, 0x10, 0x64, 0x10, 0x64, 0x10, 0x64, 0x10, 0x64, 0x10, 0x64, 0x10, 0x64, 0x10, 0x64, 0x10, 0x64, 0x10, 0x64, 0x10, 0x64, 0x10,
    0x64, 0x10, 0x64, 0x10, 0x64, 0x10, 0x64, 0x10, 0x64, 0x10, 0x64, 0x10, 0x64, 0x10, 0x64, 0x10, 0x64, 0x10, 0x64, 0x10, 0x64, 0x10, 0x64, 0x10, 0x64, 0x10, 0x64, 0x10, 0x64, 0x10, 0x64, 0x10,
    0x64, 0x10, 0x64, 0x10, 0x64, 0x10, 0x64, 0x10, 0x64, 0x10, 0x64, 0x10, 0x64, 0x10, 0x64, 0x10, 0x64, 0x10, 0x64, 0x10, 0x64, 0x10, 0x64, 0x10, 0x64, 0x10, 0x64, 0x10, 0x64, 0x10, 0x64, 0x10,
    0x64, 0x10, 0x64, 0x10, 0x64, 0x10, 0x64, 0x10, 0x64, 0x10, 0x64, 0x10, 0x64, 0x10, 0x64, 0x10, 0x64, 0x10, 0x64, 0x10, 0x64, 0x10, 0x64, 0x10, 0x64, 0x10, 0x64, 0x10, 0x64, 0x10, 0x64, 0x10,
    0x64, 0x10, 0x64, 0x10, 0x64, 0x10, 0x64, 0x10, 0x64, 0x10, 0x64, 0x10, 0x64, 0x10, 0x64, 0x10, 0x64, 0x10, 0x64, 0x10, 0x64, 0x10, 0x64, 0x10, 0x64, 0x10, 0x64, 0x10, 0x64, 0x10, 0x64, 0x10,
    0x64, 0x10, 0x64, 0x10, 0x64, 0x10, 0x64, 0x10, 0x64, 0x10, 0x64, 0x10, 0x64, 0x10, 0x64, 0x10, 0x64, 0x10, 0x64, 0x10, 0x64, 0x10, 0x64, 0x10, 0x64, 0x10, 0x64, 0x10, 0x64, 0x10, 0x64, 0x10,
    0x64, 0x10, 0x64, 0x10, 0x64, 0x10, 0x64, 0x10, 0x64, 0x10, 0x64, 0x10, 0x64, 0x10, 0x64, 0x10, 0x64, 0x10, 0x64, 0x10, 0x64, 0x10, 0x64, 0x10, 0x64, 0x10, 0x64, 0x10, 0x64, 0x10, 0x64, 0x10,
    0x64, 0x10, 0x64, 0x10, 0x64, 0x10, 0x64, 0x10, 0x64, 0x10, 0x64, 0x10, 0x64, 0x10, 0x64, 0x10, 0x64, 0x10, 0x64, 0x10, 0x64, 0x10, 0x64, 0x10, 0x64, 0x10, 0x64, 0x10, 0x64, 0x10, 0x64, 0x10,
    0x64, 0x10, 0x64, 0x10, 0x64, 0x10, 0x64, 0x10, 0x64, 0x10, 0x64, 0x10, 0x64, 0x10, 0x64, 0x10, 0x64, 0x10, 0x64, 0x10, 0x64, 0x10, 0x64, 0x10, 0x64, 0x10, 0x64, 0x10, 0x64, 0x10, 0x64, 0x10,
    0x64, 0x10, 0x64, 0x10, 0x64, 0x10, 0x64, 0x10, 0x64, 0x10, 0x64, 0x10, 0x64, 0x10, 0x64, 0x10, 0x64, 0x10, 0x64, 0x10, 0x64, 0x10, 0x64, 0x10, 0x64, 0x10, 0x64, 0x10, 0x64, 0x10, 0x64, 0x10,
    0x64, 0x10, 0x64, 0x10, 0x64, 0x10, 0x64, 0x10, 0x64, 0x10, 0x64, 0x10, 0x64, 0x10, 0x64, 0x10, 0x64, 0x10, 0x64, 0x10, 0x64, 0x10, 0x64, 0x10, 0x64, 0x10, 0x64, 0x10, 0x64, 0x10, 0x64, 0x10,
    0x64, 0x10, 0x64, 0x10, 0x64, 0x10, 0x64, 0x10, 0x64, 0x10, 0x64, 0x10, 0x64, 0x10, 0x64, 0x10, 0x64, 0x10, 0x64, 0x10, 0x64, 0x10, 0x64, 0x10, 0x64, 0x10, 0x64, 0x10, 0x64, 0x10, 0x64, 0x10,
    0x64, 0x10, 0x64, 0x10, 0x64, 0x10, 0x64, 0x10, 0x64, 0x10, 0x64, 0x10, 0x64, 0x10, 0x64, 0x10, 0x64, 0x10, 0x64, 0x10, 0x64, 0x10, 0x64, 0x10, 0x64, 0x10, 0x64, 0x10, 0x64, 0x10, 0x64, 0x10,
    0x64, 0x10, 0x64, 0x10, 0x64, 0x10, 0x64, 0x10, 0x64, 0x10, 0x64, 0x10, 0x64, 0x10, 0x64, 0x10, 0x64, 0x10, 0x64, 0x10, 0x64, 0x10, 0x64, 0x10, 0x64, 0x10, 0x64, 0x10, 0x64, 0x10, 0x64, 0x10,
    0x64, 0x10, 0x64, 0x10, 0x64, 0x10, 0x64, 0x10, 0x64, 0x10, 0x64, 0x10, 0x64, 0x10, 0x64, 0x10, 0x64, 0x10, 0x64, 0x10, 0x64, 0x10, 0x64, 0x10, 0x64, 0x10, 0x64, 0x10, 0x64, 0x10, 0x64, 0x10,
    0x64, 0x10, 0x64, 0x10, 0x64, 0x10, 0x64, 0x10, 0x64, 0x10, 0x64, 0x10, 0x64, 0x10, 0x64, 0x10, 0x64, 0x10, 0x64, 0x10, 0x64, 0x10, 0x64, 0x10, 0x64, 0x10, 0x64, 0x10, 0x64, 0x10, 0x64, 0x10,
    0x64, 0x10, 0x64, 0x10, 0x64, 0x10, 0x64, 0x10, 0x64, 0x10, 0x64, 0x10, 0x64, 0x10, 0x64, 0x10, 0x64, 0x10, 0x64, 0x10, 0x64, 0x10, 0x64, 0x10, 0x64, 0x10, 0x64, 0x10, 0x64, 0x10, 0x64, 0x10,
    0x64, 0x10, 0x64, 0x10, 0x64, 0x10, 0x64, 0x10, 0x64, 0x10, 0x64, 0x10, 0x64, 0x10, 0x64, 0x10, 0x64, 0x10, 0x64, 0x10, 0x64, 0x10, 0x64, 0x10, 0x64, 0x10, 0x64, 0x10, 0x64, 0x10, 0x64, 0x10,
    0x64, 0x10, 0x64, 0x10, 0x64, 0x10, 0x64, 0x10, 0x64, 0x10, 0x64, 0x10, 0x64, 0x10, 0x64, 0x10, 0x64, 0x10, 0x64, 0x10, 0x64, 0x10, 0x64, 0x10, 0x64, 0x10, 0x64, 0x10, 0x64, 0x10, 0x64, 0x10,
    0x64, 0x10, 0x64, 0x10, 0x64, 0x10, 0x64, 0x10, 0x64, 0x10, 0x64, 0x10, 0x64, 0x10, 0x64, 0x10, 0x64, 0x10, 0x64, 0x10, 0x64, 0x10, 0x64, 0x10, 0x64, 0x10, 0x64, 0x10, 0x64, 0x10, 0x64, 0x10,
    0x64, 0x10, 0x64, 0x10, 0x64, 0x10, 0x64, 0x10, 0x64, 0x10, 0x64, 0x10, 0x64, 0x10, 0x64, 0x10, 0x64, 0x10, 0x64, 0x10, 0x64, 0x10, 0x64, 0x10, 0x64, 0x10, 0x64, 0x10, 0x64, 0x10, 0x64, 0x10,
    0x64, 0x10, 0x64, 0x10, 0x64, 0x10, 0x64, 0x10, 0x64, 0x10, 0x64, 0x10, 0x64, 0x10, 0x64, 0x10, 0x64, 0x10, 0x64, 0x10, 0x64, 0x10, 0x64, 0x10, 0x64, 0x10, 0x64, 0x10, 0x64, 0x10, 0x64, 0x10,
    0x64, 0x10, 0x64, 0x10, 0x64, 0x10, 0x64, 0x10, 0x64, 0x10, 0x64, 0x10, 0x64, 0x10, 0x64, 0x10, 0x64, 0x10, 0x64, 0x10, 0x64, 0x10, 0x64, 0x10, 0x64, 0x10, 0x64, 0x10, 0x64, 0x10, 0x64, 0x10,
    0x64, 0x10, 0x64, 0x10, 0x64, 0x10, 0x64, 0x10, 0x64, 0x10, 0x64, 0x10, 0x64, 0x10, 0x64, 0x10, 0x64, 0x10, 0x64, 0x10, 0x64, 0x10, 0x64, 0x10, 0x64, 0x10, 0x64, 0x10, 0x64, 0x10, 0x64, 0x10,
    0x64, 0x10, 0x64, 0x10, 0x64, 0x10, 0x64, 0x10, 0x64, 0x10, 0x64, 0x10, 0x64, 0x10, 0x64, 0x10, 0x64, 0x10, 0x64, 0x10, 0x64, 0x10, 0x64, 0x10, 0x64, 0x10, 0x64, 0x10, 0x64, 0x10, 0x64, 0x10,
    0x64, 0x10, 0x64, 0x10, 0x64, 0x10, 0x64, 0x10, 0x64, 0x10, 0x64, 0x10, 0x64, 0x10, 0x64, 0x10, 0x64, 0x10, 0x64, 0x10, 0x64, 0x10, 0x64, 0x10, 0x64, 0x10, 0x64, 0x10, 0x64, 0x10, 0x64, 0x10,
    0x64, 0x10, 0x64, 0x10, 0x64, 0x10, 0x64, 0x10, 0x64, 0x10, 0x64, 0x10, 0x64, 0x10, 0x64, 0x10, 0x64, 0x10, 0x64, 0x10, 0x64, 0x10, 0x64, 0x10, 0x64, 0x10, 0x64, 0x10, 0x64, 0x10, 0x64, 0x10,
    0x64, 0x10, 0x64, 0x10, 0x64, 0x10, 0x64, 0x10, 0x64, 0x10, 0x64, 0x10, 0x64, 0x10, 0x64, 0x10, 0x64, 0x10, 0x64, 0x10, 0x64, 0x10, 0x64, 0x10, 0x64, 0x10, 0x64, 0x10, 0x64, 0x10, 0x64, 0x10,
    0x64, 0x10, 0x64, 0x10, 0x64, 0x10, 0x64, 0x10, 0x64, 0x10, 0x64, 0x10, 0x64, 0x10, 0x64, 0x10, 0x64, 0x10, 0x64, 0x10, 0x64, 0x10, 0x64, 0x10, 0x64, 0x10, 0x64, 0x10, 0x64, 0x10, 0x64, 0x10,
    0x64, 0x10, 0x64, 0x10, 0x64, 0x10, 0x64, 0x10, 0x64, 0x10, 0x64, 0x10, 0x64, 0x10, 0x64, 0x10, 0x64, 0x10, 0x64, 0x10, 0x64, 0x10, 0x64, 0x10, 0x64, 0x10, 0x64, 0x10, 0x64, 0x10, 0x64, 0x10,
    0x64, 0x10, 0x64, 0x10, 0x64, 0x10, 0x64, 0x10, 0x64, 0x10, 0x64, 0x10, 0x64, 0x10, 0x64, 0x10, 0x64, 0x10, 0x64, 0x10, 0x64, 0x10, 0x64, 0x10, 0x64, 0x10, 0x64, 0x10, 0x64, 0x10, 0x64, 0x10,
    0x64, 0x10, 0x64, 0x10, 0x64, 0x10, 0x64, 0x10, 0x64, 0x10, 0x64, 0x10, 0x64, 0x10, 0x64, 0x10, 0x64, 0x10, 0x64, 0x10, 0x64, 0x10, 0x64, 0x10, 0x64, 0x10, 0x64, 0x10, 0x64, 0x10, 0x64, 0x10,
    0x64, 0x10, 0x64, 0x10, 0x64, 0x10, 0x64, 0x10, 0x64, 0x10, 0x64, 0x10, 0x64, 0x10, 0x64, 0x10, 0x64, 0x10, 0x64, 0x10, 0x64, 0x10, 0x64, 0x10, 0x64, 0x10, 0x64, 0x10, 0x64, 0x10, 0x64, 0x10,
    0x64, 0x10, 0x64, 0x10, 0x64, 0x10, 0x64, 0x10, 0x64, 0x10, 0x64, 0x10, 0x64, 0x10, 0x64, 0x10, 0x64, 0x10, 0x64, 0x10, 0x64, 0x10, 0x64, 0x10, 0x64, 0x10, 0x64, 0x10, 0x64, 0x10, 0x64, 0x10,
    0x64, 0x10, 0x64, 0x10, 0x64, 0x10, 0x64, 0x10, 0x64, 0x10, 0x64, 0x10, 0x64, 0x10, 0x64, 0x10, 0x64, 0x10, 0x64, 0x10, 0x64, 0x10, 0x64, 0x10, 0x64, 0x10, 0x64, 0x10, 0x64, 0x10, 0x64, 0x10,
    0x64, 0x10, 0x64, 0x10, 0x64, 0x10, 0x64, 0x10, 0x64, 0x10, 0x64, 0x10, 0x64, 0x10, 0x64, 0x10, 0x64, 0x10, 0x64, 0x10, 0x64, 0x10, 0x64, 0x10, 0x64, 0x10, 0x64, 0x10, 0x64, 0x10, 0x64, 0x10,
    0x64, 0x10, 0x64, 0x10, 0x64, 0x10, 0x64, 0x10, 0x64, 0x10, 0x64, 0x10, 0x64, 0x10, 0x64, 0x10, 0x64, 0x10, 0x64, 0x10, 0x64, 0x10, 0x64, 0x10, 0x64, 0x10, 0x64, 0x10, 0x64, 0x10, 0x64, 0x10,
    0x64, 0x10, 0x64, 0x10, 0x64, 0x10, 0x64, 0x10, 0x64, 0x10, 0x64, 0x10, 0x64, 0x10, 0x64, 0x10, 0x64, 0x10, 0x64, 0x10, 0x64, 0x10, 0x64, 0x10, 0x64, 0x10, 0x64, 0x10, 0x64, 0x10, 0x64, 0x10,
    0x64, 0x10, 0x64, 0x10, 0x64, 0x10, 0x64, 0x10, 0x64, 0x10, 0x64, 0x10, 0x64, 0x10, 0x64, 0x10, 0x64, 0x10, 0x64, 0x10, 0x64, 0x10, 0x64, 0x10, 0x64, 0x10, 0x64, 0x10, 0x64, 0x10, 0x64, 0x10,
    0x64, 0x10, 0x64, 0x10, 0x64, 0x10, 0x64, 0x10, 0x64, 0x10, 0x64, 0x10, 0x64, 0x10, 0x64, 0x10, 0x64, 0x10, 0x64, 0x10, 0x64, 0x10, 0x64, 0x10, 0x64, 0x10, 0x64, 0x10, 0x64, 0x10, 0x64, 0x10,
    0x64, 0x10, 0x64, 0x10, 0x64, 0x10, 0x64, 0x10, 0x64, 0x10, 0x64, 0x10, 0x64, 0x10, 0x64, 0x10, 0x64, 0x10, 0x64, 0x10, 0x64, 0x10, 0x64, 0x10, 0x64, 0x10, 0x64, 0x10, 0x64, 0x10, 0x64, 0x10,
    0x64, 0x10, 0x64, 0x10, 0x64, 0x10, 0x64, 0x10, 0x64, 0x10, 0x64, 0x10, 0x64, 0x10, 0x64, 0x10, 0x64, 0x10, 0x64, 0x10, 0x64, 0x10, 0x64, 0x10, 0x64, 0x10, 0x64, 0x10, 0x64, 0x10, 0x64, 0x10,
    0x64, 0x10, 0x64, 0x10, 0x64, 0x10, 0x64, 0x10, 0x64, 0x10, 0x64, 0x10, 0x64, 0x10, 0x64, 0x10, 0x64, 0x10, 0x64, 0x10, 0x64, 0x10, 0x64, 0x10, 0x64, 0x10, 0x64, 0x10, 0x64, 0x10, 0x64, 0x10,
    0x64, 0x10, 0x64, 0x10, 0x64, 0x10, 0x64, 0x10, 0x64, 0x10, 0x64, 0x10, 0x64, 0x10, 0x64, 0x10, 0x64, 0x10, 0x64, 0x10, 0x64, 0x10, 0x64, 0x10, 0x64, 0x10, 0x64, 0x10, 0x64, 0x10, 0x64, 0x10,
    0x64, 0x10, 0x64, 0x10, 0x64, 0x10, 0x64, 0x10, 0x64, 0x10, 0x64, 0x10, 0x64, 0x10, 0x64, 0x10, 0x64, 0x10, 0x64, 0x10, 0x64, 0x10, 0x64, 0x10, 0x64, 0x10, 0x64, 0x10, 0x64, 0x10, 0x64, 0x10,
    0x64, 0x10, 0x64, 0x10, 0x64, 0x10, 0x64, 0x10, 0x64, 0x10, 0x64, 0x10, 0x64, 0x10, 0x64, 0x10, 0x64, 0x10, 0x64, 0x10, 0x64, 0x10, 0x64, 0x10, 0x64, 0x10, 0x64, 0x10, 0x64, 0x10, 0x64, 0x10,
    0x64, 0x10, 0x64, 0x10, 0x64, 0x10, 0x64, 0x10, 0x64, 0x10, 0x64, 0x10, 0x64, 0x10, 0x64, 0x10, 0x64, 0x10, 0x64, 0x10, 0x64, 0x10, 0x64, 0x10, 0x64, 0x10, 0x64, 0x10, 0x64, 0x10, 0x64, 0x10,
    0x64, 0x10, 0x64, 0x10, 0x64, 0x10, 0x64, 0x10, 0x64, 0x10, 0x64, 0x10, 0x64, 0x10, 0x64, 0x10, 0x64, 0x10, 0x64, 0x10, 0x64, 0x10, 0x64, 0x10, 0x64, 0x10, 0x64, 0x10, 0x64, 0x10, 0x64, 0x10,
    0x64, 0x10, 0x64, 0x10, 0x64, 0x10, 0x64, 0x10, 0x64, 0x10, 0x64, 0x10, 0x64, 0x10, 0x64, 0x10, 0x64, 0x10, 0x64, 0x10, 0x64, 0x10, 0x64, 0x10, 0x64, 0x10, 0x64, 0x10, 0x64, 0x10, 0x64, 0x10,
    0x64, 0x10, 0x64, 0x10, 0x64, 0x10, 0x64, 0x10, 0x64, 0x10, 0x64, 0x10, 0x64, 0x10, 0x64, 0x10, 0x64, 0x10, 0x64, 0x10, 0x64, 0x10, 0x64, 0x10, 0x64, 0x10, 0x64, 0x10, 0x64, 0x10, 0x64, 0x10,
    0x64, 0x10, 0x64, 0x10, 0x64, 0x10, 0x64, 0x10, 0x64, 0x10, 0x64, 0x10, 0x64, 0x10, 0x64, 0x10, 0x64, 0x10, 0x64, 0x10, 0x64, 0x10, 0x64, 0x10, 0x64, 0x10, 0x64, 0x10, 0x64, 0x10, 0x64, 0x10,
    0x64, 0x10, 0x64, 0x10, 0x64, 0x10, 0x64, 0x10, 0x64, 0x10, 0x64, 0x10, 0x64, 0x10, 0x64, 0x10, 0x64, 0x10, 0x64, 0x10, 0x64, 0x10, 0x64, 0x10, 0x64, 0x10, 0x64, 0x10, 0x64, 0x10, 0x64, 0x10,
    0x64, 0x10, 0x64, 0x10, 0x64, 0x10, 0x64, 0x10, 0x64, 0x10, 0x64, 0x10, 0x64, 0x10, 0x64, 0x10, 0x64, 0x10, 0x64, 0x10, 0x64, 0x10, 0x64, 0x10, 0x64, 0x10, 0x64, 0x10, 0x64, 0x10, 0x64, 0x10,
    0x64, 0x10, 0x64, 0x10, 0x64, 0x10, 0x64, 0x10, 0x64, 0x10, 0x64, 0x10, 0x64, 0x10, 0x64, 0x10, 0x64, 0x10, 0x64, 0x10, 0x64, 0x10, 0x64, 0x10, 0x64, 0x10, 0x64, 0x10, 0x64, 0x10, 0x64, 0x10,
    0x64, 0x10, 0x64, 0x10, 0x64, 0x10, 0x64, 0x10, 0x64, 0x10, 0x64, 0x10, 0x64, 0x10, 0x64, 0x10, 0x64, 0x10, 0x64, 0x10, 0x64, 0x10, 0x64, 0x10, 0x64, 0x10, 0x64, 0x10, 0x64, 0x10, 0x64, 0x10,
    0x64, 0x10, 0x64, 0x10, 0x64, 0x10, 0x64, 0x10, 0x64, 0x10, 0x64, 0x10, 0x64, 0x10, 0x64, 0x10, 0x64, 0x10, 0x64, 0x10, 0x64, 0x10, 0x64, 0x10, 0x64, 0x10, 0x64, 0x10, 0x64, 0x10, 0x64, 0x10,
    0x64, 0x10, 0x64, 0x10, 0x64, 0x10, 0x64, 0x10, 0x64, 0x10, 0x64, 0x10, 0x64, 0x10, 0x64, 0x10, 0x64, 0x10, 0x64, 0x10, 0x64, 0x10, 0x64, 0x10, 0x64, 0x10, 0x64, 0x10, 0x64, 0x10, 0x64, 0x10,
    0x64, 0x10, 0x64, 0x10, 0x64, 0x10, 0x64, 0x10, 0x64, 0x10, 0x64, 0x10, 0x64, 0x10, 0x64, 0x10, 0x64, 0x10, 0x64, 0x10, 0x64, 0x10, 0x64, 0x10, 0x64, 0x10, 0x64, 0x10, 0x64, 0x10, 0x64, 0x10,
    0x64, 0x10, 0x64, 0x10, 0x64, 0x10, 0x64, 0x10, 0x64, 0x10, 0x64, 0x10, 0x64, 0x10, 0x64, 0x10, 0x64, 0x10, 0x64, 0x10, 0x64, 0x10, 0x64, 0x10, 0x64, 0x10, 0x64, 0x10, 0x64, 0x10, 0x64, 0x10,
    0x64, 0x10, 0x64, 0x10, 0x64, 0x10, 0x64, 0x10, 0x64, 0x10, 0x64, 0x10, 0x64, 0x10, 0x64, 0x10, 0x64, 0x10, 0x64, 0x10, 0x64, 0x10, 0x64, 0x10, 0x64, 0x10, 0x64, 0x10, 0x64, 0x10, 0x64, 0x10,
    0x64, 0x10, 0x64, 0x10, 0x64, 0x10, 0x64, 0x10, 0x64, 0x10, 0x64, 0x10, 0x64, 0x10, 0x64, 0x10, 0x64, 0x10, 0x64, 0x10, 0x64, 0x10, 0x64, 0x10, 0x64, 0x10, 0x64, 0x10, 0x64, 0x10, 0x64, 0x10,
    0x64, 0x10, 0x64, 0x10, 0x64, 0x10, 0x64, 0x10, 0x64, 0x10, 0x64, 0x10, 0x64, 0x10, 0x64, 0x10, 0x64, 0x10, 0x64, 0x10, 0x64, 0x10, 0x64, 0x10, 0x64, 0x10, 0x64, 0x10, 0x64, 0x10, 0x64, 0x10,
    0x64, 0x10, 0x64, 0x10, 0x64, 0x10, 0x64, 0x10, 0x64, 0x10, 0x64, 0x10, 0x64, 0x10, 0x64, 0x10, 0x64, 0x10, 0x64, 0x10, 0x64, 0x10, 0x64, 0x10, 0x64, 0x10, 0x64, 0x10, 0x64, 0x10, 0x64, 0x10,
    0x64, 0x10, 0x64, 0x10, 0x64, 0x10, 0x64, 0x10, 0x64, 0x10, 0x64, 0x10, 0x64, 0x10, 0x64, 0x10, 0x64, 0x10, 0x64, 0x10, 0x64, 0x10, 0x64, 0x10, 0x64, 0x10, 0x64, 0x10, 0x64, 0x10, 0x64, 0x10,
    0x64, 0x10, 0x64, 0x10, 0x64, 0x10, 0x64, 0x10, 0x64, 0x10, 0x64, 0x10, 0x64, 0x10, 0x64, 0x10, 0x64, 0x10, 0x64, 0x10, 0x64, 0x10, 0x64, 0x10, 0x64, 0x10, 0x64, 0x10, 0x64, 0x10, 0x64, 0x10,
    0x64, 0x10, 0x64, 0x10, 0x64, 0x10, 0x64, 0x10, 0x64, 0x10, 0x64, 0x10, 0x64, 0x10, 0x64, 0x10, 0x64, 0x10, 0x64, 0x10, 0x64, 0x10, 0x64, 0x10, 0x64, 0x10, 0x64, 0x10, 0x64, 0x10, 0x64, 0x10,
    0x64, 0x10, 0x64, 0x10, 0x64, 0x10, 0x64, 0x10, 0x64, 0x10, 0x64, 0x10, 0x64, 0x10, 0x64, 0x10, 0x64, 0x10, 0x64, 0x10, 0x64, 0x10, 0x64, 0x10, 0x64, 0x10, 0x64, 0x10, 0x64, 0x10, 0x64, 0x10,
    0x64, 0x10, 0x64, 0x10, 0x64, 0x10, 0x64, 0x10, 0x64, 0x10, 0x64, 0x10, 0x64, 0x10, 0x64, 0x10, 0x64, 0x10, 0x64, 0x10, 0x64, 0x10, 0x64, 0x10, 0x64, 0x10, 0x64, 0x10, 0x64, 0x10, 0x64, 0x10,
    0x64, 0x10, 0x64, 0x10, 0x64, 0x10, 0x64, 0x10, 0x64, 0x10, 0x64, 0x10, 0x64, 0x10, 0x64, 0x10, 0x64, 0x10, 0x64, 0x10, 0x64, 0x10, 0x64, 0x10, 0x64, 0x10, 0x64, 0x10, 0x64, 0x10, 0x64, 0x10,
    0x64, 0x10, 0x64, 0x10, 0x64, 0x10, 0x64, 0x10, 0x64, 0x10, 0x64, 0x10, 0x64, 0x10, 0x64, 0x10, 0x64, 0x10, 0x64, 0x10, 0x64, 0x10, 0x64, 0x10, 0x64, 0x10, 0x64, 0x10, 0x64, 0x10, 0x64, 0x10,
    0x64, 0x10, 0x64, 0x10, 0x64, 0x10, 0x64, 0x10, 0x64, 0x10, 0x64, 0x10, 0x64, 0x10, 0x64, 0x10, 0x64, 0x10, 0x64, 0x10, 0x64, 0x10, 0x64, 0x10, 0x64, 0x10, 0x64, 0x10, 0x64, 0x10, 0x64, 0x10,
    0x64, 0x10, 0x64, 0x10, 0x64, 0x10, 0x64, 0x10, 0x64, 0x10, 0x64, 0x10, 0x64, 0x10, 0x64, 0x10, 0x64, 0x10, 0x64, 0x10, 0x64, 0x10, 0x64, 0x10, 0x64, 0x10, 0x64, 0x10, 0x64, 0x10, 0x64, 0x10,
    0x64, 0x10, 0x64, 0x10, 0x64, 0x10, 0x64, 0x10, 0x64, 0x10, 0x64, 0x10, 0x64, 0x10, 0x64, 0x10, 0x64, 0x10, 0x64, 0x10, 0x64, 0x10, 0x64, 0x10, 0x64, 0x10, 0x64, 0x10, 0x64, 0x10, 0x64, 0x10,
    0x64, 0x10, 0x64, 0x10, 0x64, 0x10, 0x64, 0x10, 0x64, 0x10, 0x64, 0x10, 0x64, 0x10, 0x64, 0x10, 0x64, 0x10, 0x64, 0x10, 0x64, 0x10, 0x64, 0x10, 0x64, 0x10, 0x64, 0x10, 0x64, 0x10, 0x64, 0x10,
    0x64, 0x10, 0x64, 0x10, 0x64, 0x10, 0x64, 0x10, 0x64, 0x10, 0x64, 0x10, 0x64, 0x10, 0x64, 0x10, 0x64, 0x10, 0x64, 0x10, 0x64, 0x10, 0x64, 0x10, 0x64, 0x10, 0x64, 0x10, 0x64, 0x10, 0x64, 0x10,
    0x64, 0x10, 0x64, 0x10, 0x64, 0x10, 0x64, 0x10, 0x64, 0x10, 0x64, 0x10, 0x64, 0x10, 0x64, 0x10, 0x64, 0x10, 0x64, 0x10, 0x64, 0x10, 0x64, 0x10, 0x64, 0x10, 0x64, 0x10, 0x64, 0x10, 0x64, 0x10,
    0x64, 0x10, 0x64, 0x10, 0x64, 0x10, 0x64, 0x10, 0x64, 0x10, 0x64, 0x10, 0x64, 0x10, 0x64, 0x10, 0x64, 0x10, 0x64, 0x10, 0x64, 0x10, 0x64, 0x10, 0x64, 0x10, 0x64, 0x10, 0x64, 0x10, 0x64, 0x10,
    0x64, 0x10, 0x64, 0x10, 0x64, 0x10, 0x64, 0x10, 0x64, 0x10, 0x64, 0x10, 0x64, 0x10, 0x64, 0x10, 0x64, 0x10, 0x64, 0x10, 0x64, 0x10, 0x64, 0x10, 0x64, 0x10, 0x64, 0x10, 0x64, 0x10, 0x64, 0x10,
    0x64, 0x10, 0x64, 0x10, 0x64, 0x10, 0x64, 0x10, 0x64, 0x10, 0x64, 0x10, 0x64, 0x10, 0x64, 0x10, 0x64, 0x10, 0x64, 0x10, 0x64, 0x10, 0x64, 0x10, 0x64, 0x10, 0x64, 0x10, 0x64, 0x10, 0x64, 0x10,
    0x64, 0x10, 0x64, 0x10, 0x64, 0x10, 0x64, 0x10, 0x64, 0x10, 0x64, 0x10, 0x64, 0x10, 0x64, 0x10, 0x64, 0x10, 0x64, 0x10, 0x64, 0x10, 0x64, 0x10, 0x64, 0x10, 0x64, 0x10, 0x64, 0x10, 0x64, 0x10,
    0x64, 0x10, 0x64, 0x10, 0x64, 0x10, 0x64, 0x10, 0x64, 0x10, 0x64, 0x10, 0x64, 0x10, 0x64, 0x10, 0x64, 0x10, 0x64, 0x10, 0x64, 0x10, 0x64, 0x10, 0x64, 0x10, 0x64, 0x10, 0x64, 0x10, 0x64, 0x10,
    0x64, 0x10, 0x64, 0x10, 0x64, 0x10, 0x64, 0x10, 0x64, 0x10, 0x64, 0x10, 0x64, 0x10, 0x64, 0x10, 0x64, 0x10, 0x64, 0x10, 0x64, 0x10, 0x64, 0x10, 0x64, 0x10, 0x64, 0x10, 0x64, 0x10, 0x64, 0x10,
    0x64, 0x10, 0x64, 0x10, 0x64, 0x10, 0x64, 0x10, 0x64, 0x10, 0x64, 0x10, 0x64, 0x10, 0x64, 0x10, 0x64, 0x10, 0x64, 0x10, 0x64, 0x10, 0x64, 0x10, 0x64, 0x10, 0x64, 0x10, 0x64, 0x10, 0x64, 0x10,
    0x64, 0x10, 0x64, 0x10, 0x64, 0x10, 0x64, 0x10, 0x64, 0x10, 0x64, 0x10, 0x64, 0x10, 0x64, 0x10, 0x64, 0x10, 0x64, 0x10, 0x64, 0x10, 0x64, 0x10, 0x64, 0x10, 0x64, 0x10, 0x64, 0x10, 0x64, 0x10,
    0x64, 0x10, 0x64, 0x10, 0x64, 0x10, 0x64, 0x10, 0x64, 0x10, 0x64, 0x10, 0x64, 0x10, 0x64, 0x10, 0x64, 0x10, 0x64, 0x10, 0x64, 0x10, 0x64, 0x10, 0x64, 0x10, 0x64, 0x10, 0x64, 0x10, 0x64, 0x10,
    0x64, 0x10, 0x64, 0x10, 0x64, 0x10, 0x64, 0x10, 0x64, 0x10, 0x64, 0x10, 0x64, 0x10, 0x64, 0x10, 0x64, 0x10, 0x64, 0x10, 0x64, 0x10, 0x64, 0x10, 0x64, 0x10, 0x64, 0x10, 0x64, 0x10, 0x64, 0x10,
    0x64, 0x10, 0x64, 0x10, 0x64, 0x10, 0x64, 0x10, 0x64, 0x10, 0x64, 0x10, 0x64, 0x10, 0x64, 0x10, 0x64, 0x10, 0x64, 0x10, 0x64, 0x10, 0x64, 0x10, 0x64, 0x10, 0x64, 0x10, 0x64, 0x10, 0x64, 0x10,
    0x64, 0x10, 0x64, 0x10, 0x64, 0x10, 0x64, 0x10, 0x64, 0x10, 0x64, 0x10, 0x64, 0x10, 0x64, 0x10, 0x64, 0x10, 0x64, 0x10, 0x64, 0x10, 0x64, 0x10, 0x64, 0x10, 0x64, 0x10, 0x64, 0x10, 0x64, 0x10,
    0x64, 0x10, 0x64, 0x10, 0x64, 0x10, 0x64, 0x10, 0x64, 0x10, 0x64, 0x10, 0x64, 0x10, 0x64, 0x10, 0x64, 0x10, 0x64, 0x10, 0x64, 0x10, 0x64, 0x10, 0x64, 0x10, 0x64, 0x10, 0x64, 0x10, 0x64, 0x10,
    0x64, 0x10, 0x64, 0x10, 0x64, 0x10, 0x64, 0x10, 0x64, 0x10, 0x64, 0x10, 0x64, 0x10, 0x64, 0x10, 0x64, 0x10, 0x64, 0x10, 0x64, 0x10, 0x64, 0x10, 0x64, 0x10, 0x64, 0x10, 0x64, 0x10, 0x64, 0x10,
    0x64, 0x10, 0x64, 0x10, 0x64, 0x10, 0x64, 0x10, 0x64, 0x10, 0x64, 0x10, 0x64, 0x10, 0x64, 0x10, 0x64, 0x10, 0x64, 0x10, 0x64, 0x10, 0x64, 0x10, 0x64, 0x10, 0x64, 0x10, 0x64, 0x10, 0x64, 0x10,
    0x64, 0x10, 0x64, 0x10, 0x64, 0x10, 0x64, 0x10, 0x64, 0x10, 0x64, 0x10, 0x64, 0x10, 0x64, 0x10, 0x64, 0x10, 0x64, 0x10, 0x64, 0x10, 0x64, 0x10, 0x64, 0x10, 0x64, 0x10, 0x64, 0x10, 0x64, 0x10,
    0x64, 0x10, 0x64, 0x10, 0x64, 0x10, 0x64, 0x10, 0x64, 0x10, 0x64, 0x10, 0x64, 0x10, 0x64, 0x10, 0x64, 0x10, 0x64, 0x10, 0x64, 0x10, 0x64, 0x10, 0x64, 0x10, 0x64, 0x10, 0x64, 0x10, 0x64, 0x10,
    0x64, 0x10, 0x64, 0x10, 0x64, 0x10, 0x64, 0x10, 0x64, 0x10, 0x64, 0x10, 0x64, 0x10, 0x64, 0x10, 0x64, 0x10, 0x64, 0x10, 0x64, 0x10, 0x64, 0x10, 0x64, 0x10, 0x64, 0x10, 0x64, 0x10, 0x64, 0x10,
    0x64, 0x10, 0x64, 0x10, 0x64, 0x10, 0x64, 0x10, 0x64, 0x10, 0x64, 0x10, 0x64, 0x10, 0x64, 0x10, 0x64, 0x10, 0x64, 0x10, 0x64, 0x10, 0x64, 0x10, 0x64, 0x10, 0x64, 0x10, 0x64, 0x10, 0x64, 0x10,
    0x64, 0x10, 0x64, 0x10, 0x64, 0x10, 0x64, 0x10, 0x64, 0x10, 0x64, 0x10, 0x64, 0x10, 0x64, 0x10, 0x64, 0x10, 0x64, 0x10, 0x64, 0x10, 0x64, 0x10, 0x64, 0x10, 0x64, 0x10, 0x64, 0x10, 0x64, 0x10,
    0x64, 0x10, 0x64, 0x10, 0x64, 0x10, 0x64, 0x10, 0x64, 0x10, 0x64, 0x10, 0x64, 0x10, 0x64, 0x10, 0x64, 0x10, 0x64, 0x10, 0x64, 0x10, 0x64, 0x10, 0x64, 0x10, 0x64, 0x10, 0x64, 0x10, 0x64, 0x10,
    0x64, 0x10, 0x64, 0x10, 0x64, 0x10, 0x64, 0x10, 0x64, 0x10, 0x64, 0x10, 0x64, 0x10, 0x64, 0x10, 0x64, 0x10, 0x64, 0x10, 0x64, 0x10, 0x64, 0x10, 0x64, 0x10, 0x64, 0x10, 0x64, 0x10, 0x64, 0x10,
    0x64, 0x10, 0x64, 0x10, 0x64, 0x10, 0x64, 0x10, 0x64, 0x10, 0x64, 0x10, 0x64, 0x10, 0x64, 0x10, 0x64, 0x10, 0x64, 0x10, 0x64, 0x10, 0x64, 0x10, 0x64, 0x10, 0x64, 0x10, 0x64, 0x10, 0x64, 0x10,
    0x64, 0x10, 0x64, 0x10, 0x64, 0x10, 0x64, 0x10, 0x64, 0x10, 0x64, 0x10, 0x64, 0x10, 0x64, 0x10, 0x64, 0x10, 0x64, 0x10, 0x64, 0x10, 0x64, 0x10, 0x64, 0x10, 0x64, 0x10, 0x64, 0x10, 0x64, 0x10,
    0x64, 0x10, 0x64, 0x10, 0x64, 0x10, 0x64, 0x10, 0x64, 0x10, 0x64, 0x10, 0x64, 0x10, 0x64, 0x10, 0x64, 0x10, 0x64, 0x10, 0x64, 0x10, 0x64, 0x10, 0x64, 0x10, 0x64, 0x10, 0x64, 0x10, 0x64, 0x10,
    0x64, 0x10, 0x64, 0x10, 0x64, 0x10, 0x64, 0x10, 0x64, 0x10, 0x64, 0x10, 0x64, 0x10, 0x64, 0x10, 0x64, 0x10, 0x64, 0x10, 0x64, 0x10, 0x64, 0x10, 0x64, 0x10, 0x64, 0x10, 0x64, 0x10, 0x64, 0x10,
    0x64, 0x10, 0x64, 0x10, 0x64, 0x10, 0x64, 0x10, 0x64, 0x10, 0x64, 0x10, 0x64, 0x10, 0x64, 0x10, 0x64, 0x10, 0x64, 0x10, 0x64, 0x10, 0x64, 0x10, 0x64, 0x10, 0x64, 0x10, 0x64, 0x10, 0x64, 0x10,
    0x64, 0x10, 0x64, 0x10, 0x64, 0x10, 0x64, 0x10, 0x64, 0x10, 0x64, 0x10, 0x64, 0x10, 0x64, 0x10, 0x64, 0x10, 0x64, 0x10, 0x64, 0x10, 0x64, 0x10, 0x64, 0x10, 0x64, 0x10, 0x64, 0x10, 0x64, 0x10,
    0x64, 0x10, 0x64, 0x10, 0x64, 0x10, 0x64, 0x10, 0x64, 0x10, 0x64, 0x10, 0x64, 0x10, 0x64, 0x10, 0x64, 0x10, 0x64, 0x10, 0x64, 0x10, 0x64, 0x10, 0x64, 0x10, 0x64, 0x10, 0x64, 0x10, 0x64, 0x10,
    0x64, 0x10, 0x64, 0x10, 0x64, 0x10, 0x64, 0x10, 0x64, 0x10, 0x64, 0x10, 0x64, 0x10, 0x64, 0x10, 0x64, 0x10, 0x64, 0x10, 0x64, 0x10, 0x64, 0x10, 0x64, 0x10, 0x64, 0x10, 0x64, 0x10, 0x64, 0x10,
    0x64, 0x10, 0x64, 0x10, 0x64, 0x10, 0x64, 0x10, 0x64, 0x10, 0x64, 0x10, 0x64, 0x10, 0x64, 0x10, 0x64, 0x10, 0x64, 0x10, 0x64, 0x10, 0x64, 0x10, 0x64, 0x10, 0x64, 0x10, 0x64, 0x10, 0x64, 0x10,
    0x64, 0x10, 0x64, 0x10, 0x64, 0x10, 0x64, 0x10, 0x64, 0x10, 0x64, 0x10, 0x64, 0x10, 0x64, 0x10, 0x64, 0x10, 0x64, 0x10, 0x64, 0x10, 0x64, 0x10, 0x64, 0x10, 0x64, 0x10, 0x64, 0x10, 0x64, 0x10,
    0x64, 0x10, 0x64, 0x10, 0x64, 0x10, 0x64, 0x10, 0x64, 0x10, 0x64, 0x10, 0x64, 0x10, 0x64, 0x10, 0x64, 0x10, 0x64, 0x10, 0x64, 0x10, 0x64, 0x10, 0x64, 0x10, 0x64, 0x10, 0x64, 0x10, 0x64, 0x10,
    0x64, 0x10, 0x64, 0x10, 0x64, 0x10, 0x64, 0x10, 0x64, 0x10, 0x64, 0x10, 0x64, 0x10, 0x64, 0x10, 0x64, 0x10, 0x64, 0x10, 0x64, 0x10, 0x64, 0x10, 0x64, 0x10, 0x64, 0x10, 0x64, 0x10, 0x64, 0x10,
    0x64, 0x10, 0x64, 0x10, 0x64, 0x10, 0x64, 0x10, 0x64, 0x10, 0x64, 0x10, 0x64, 0x10, 0x64, 0x10, 0x64, 0x10, 0x64, 0x10, 0x64, 0x10, 0x64, 0x10, 0x64, 0x10, 0x64, 0x10, 0x64, 0x10, 0x64, 0x10,
    0x64, 0x10, 0x64, 0x10, 0x64, 0x10, 0x64, 0x10, 0x64, 0x10, 0x64, 0x10, 0x64, 0x10, 0x64, 0x10, 0x64, 0x10, 0x64, 0x10, 0x64, 0x10, 0x64, 0x10, 0x64, 0x10, 0x64, 0x10, 0x64, 0x10, 0x64, 0x10,
    0x64, 0x10, 0x64, 0x10, 0x64, 0x10, 0x64, 0x10, 0x64, 0x10, 0x64, 0x10, 0x64, 0x10, 0x64, 0x10, 0x64, 0x10, 0x64, 0x10, 0x64, 0x10, 0x64, 0x10, 0x64, 0x10, 0x64, 0x10, 0x64, 0x10, 0x64, 0x10,
    0x64, 0x10, 0x64, 0x10, 0x64, 0x10, 0x64, 0x10, 0x64, 0x10, 0x64, 0x10, 0x64, 0x10, 0x64, 0x10, 0x64, 0x10, 0x64, 0x10, 0x64, 0x10, 0x64, 0x10, 0x64, 0x10, 0x64, 0x10, 0x64, 0x10, 0x64, 0x10,
    0x64, 0x10, 0x64, 0x10, 0x64, 0x10, 0x64, 0x10, 0x64, 0x10, 0x64, 0x10, 0x64, 0x10, 0x64, 0x10, 0x64, 0x10, 0x64, 0x10, 0x64, 0x10, 0x64, 0x10, 0x64, 0x10, 0x64, 0x10, 0x64, 0x10, 0x64, 0x10,
    0x64, 0x10, 0x64, 0x10, 0x64, 0x10, 0x64, 0x10, 0x64, 0x10, 0x64, 0x10, 0x64, 0x10, 0x64, 0x10, 0x64, 0x10, 0x64, 0x10, 0x64, 0x10, 0x64, 0x10, 0x64, 0x10, 0x64, 0x10, 0x64, 0x10, 0x64, 0x10,
    0x64, 0x10, 0x64, 0x10, 0x64, 0x10, 0x64, 0x10, 0x64, 0x10, 0x64, 0x10, 0x64, 0x10, 0x64, 0x10, 0x64, 0x10, 0x64, 0x10, 0x64, 0x10, 0x64, 0x10, 0x64, 0x10, 0x64, 0x10, 0x64, 0x10, 0x64, 0x10,
    0x64, 0x10, 0x64, 0x10, 0x64, 0x10, 0x64, 0x10, 0x64, 0x10, 0x64, 0x10, 0x64, 0x10, 0x64, 0x10, 0x64, 0x10, 0x64, 0x10, 0x64, 0x10, 0x64, 0x10, 0x64, 0x10, 0x64, 0x10, 0x64, 0x10, 0x64, 0x10,
    0x64, 0x10, 0x64, 0x10, 0x64, 0x10, 0x64, 0x10, 0x64, 0x10, 0x64, 0x10, 0x64, 0x10, 0x64, 0x10, 0x64, 0x10, 0x64, 0x10, 0x64, 0x10, 0x64, 0x10, 0x64, 0x10, 0x64, 0x10, 0x64, 0x10, 0x64, 0x10,
    0x64, 0x10, 0x64, 0x10, 0x64, 0x10, 0x64, 0x10, 0x64, 0x10, 0x64, 0x10, 0x64, 0x10, 0x64, 0x10, 0x64, 0x10, 0x64, 0x10, 0x64, 0x10, 0x64, 0x10, 0x64, 0x10, 0x64, 0x10, 0x64, 0x10, 0x64, 0x10,
    0x64, 0x10, 0x64, 0x10, 0x64, 0x10, 0x64, 0x10, 0x64, 0x10, 0x64, 0x10, 0x64, 0x10, 0x64, 0x10, 0x64, 0x10, 0x64, 0x10, 0x64, 0x10, 0x64, 0x10, 0x64, 0x10, 0x64, 0x10, 0x64, 0x10, 0x64, 0x10,
    0x64, 0x10, 0x64, 0x10, 0x64, 0x10, 0x64, 0x10, 0x64, 0x10, 0x64, 0x10, 0x64, 0x10, 0x64, 0x10, 0x64, 0x10, 0x64, 0x10, 0x64, 0x10, 0x64, 0x10, 0x64, 0x10, 0x64, 0x10, 0x64, 0x10, 0x64, 0x10,
    0x64, 0x10, 0x64, 0x10, 0x64, 0x10, 0x64, 0x10, 0x64, 0x10, 0x64, 0x10, 0x64, 0x10, 0x64, 0x10, 0x64, 0x10, 0x64, 0x10, 0x64, 0x10, 0x64, 0x10, 0x64, 0x10, 0x64, 0x10, 0x64, 0x10, 0x64, 0x10,
    0x64, 0x10, 0x64, 0x10, 0x64, 0x10, 0x64, 0x10, 0x64, 0x10, 0x64, 0x10, 0x64, 0x10, 0x64, 0x10, 0x64, 0x10, 0x64, 0x10, 0x64, 0x10, 0x64, 0x10, 0x64, 0x10, 0x64, 0x10, 0x64, 0x10, 0x64, 0x10,
    0x64, 0x10, 0x64, 0x10, 0x64, 0x10, 0x64, 0x10, 0x64, 0x10, 0x64, 0x10, 0x64, 0x10, 0x64, 0x10, 0x64, 0x10, 0x64, 0x10, 0x64, 0x10, 0x64, 0x10, 0x64, 0x10, 0x64, 0x10, 0x64, 0x10, 0x64, 0x10,
    0x64, 0x10, 0x64, 0x10, 0x64, 0x10, 0x64, 0x10, 0x64, 0x10, 0x64, 0x10, 0x64, 0x10, 0x64, 0x10, 0x64, 0x10, 0x64, 0x10, 0x64, 0x10, 0x64, 0x10, 0x64, 0x10, 0x64, 0x10, 0x64, 0x10, 0x64, 0x10,
    0x64, 0x10, 0x64, 0x10, 0x64, 0x10, 0x64, 0x10, 0x64, 0x10, 0x64, 0x10, 0x64, 0x10, 0x64, 0x10, 0x64, 0x10, 0x64, 0x10, 0x64, 0x10, 0x64, 0x10, 0x64, 0x10, 0x64, 0x10, 0x64, 0x10, 0x64, 0x10,
    0x64, 0x10, 0x64, 0x10, 0x64, 0x10, 0x64, 0x10, 0x64, 0x10, 0x64, 0x10, 0x64, 0x10, 0x64, 0x10, 0x64, 0x10, 0x64, 0x10, 0x64, 0x10, 0x64, 0x10, 0x64, 0x10, 0x64, 0x10, 0x64, 0x10, 0x64, 0x10,
    0x64, 0x10, 0x64, 0x10, 0x64, 0x10, 0x64, 0x10, 0x64, 0x10, 0x64, 0x10, 0x64, 0x10, 0x64, 0x10, 0x64, 0x10, 0x64, 0x10, 0x64, 0x10, 0x64, 0x10, 0x64, 0x10, 0x64, 0x10, 0x64, 0x10, 0x64, 0x10,
    0x64, 0x10, 0x64, 0x10, 0x64, 0x10, 0x64, 0x10, 0x64, 0x10, 0x64, 0x10, 0x64, 0x10, 0x64, 0x10, 0x64, 0x10, 0x64, 0x10, 0x64, 0x10, 0x64, 0x10, 0x64, 0x10, 0x64, 0x10, 0x64, 0x10, 0x64, 0x10,
    0x64, 0x10, 0x64, 0x10, 0x64, 0x10, 0x64, 0x10, 0x64, 0x10, 0x64, 0x10, 0x64, 0x10, 0x64, 0x10, 0x64, 0x10, 0x64, 0x10, 0x64, 0x10, 0x64, 0x10, 0x64, 0x10, 0x64, 0x10, 0x64, 0x10, 0x64, 0x10,
    0x64, 0x10, 0x64, 0x10, 0x64, 0x10, 0x64, 0x10, 0x64, 0x10, 0x64, 0x10, 0x64, 0x10, 0x64, 0x10, 0x64, 0x10, 0x64, 0x10, 0x64, 0x10, 0x64, 0x10, 0x64, 0x10, 0x64, 0x10, 0x64, 0x10, 0x64, 0x10,
    0x64, 0x10, 0x64, 0x10, 0x64, 0x10, 0x64, 0x10, 0x64, 0x10, 0x64, 0x10, 0x64, 0x10, 0x64, 0x10, 0x64, 0x10, 0x64, 0x10, 0x64, 0x10, 0x64, 0x10, 0x64, 0x10, 0x64, 0x10, 0x64, 0x10, 0x64, 0x10,
    0x64, 0x10, 0x64, 0x10, 0x64, 0x10, 0x64, 0x10, 0x64, 0x10, 0x64, 0x10, 0x64, 0x10, 0x64, 0x10, 0x64, 0x10, 0x64, 0x10, 0x64, 0x10, 0x64, 0x10, 0x64, 0x10, 0x64, 0x10, 0x64, 0x10, 0x64, 0x10,
    0x64, 0x10, 0x64, 0x10, 0x64, 0x10, 0x64, 0x10, 0x64, 0x10, 0x64, 0x10, 0x64, 0x10, 0x64, 0x10, 0x64, 0x10, 0x64, 0x10, 0x64, 0x10, 0x64, 0x10, 0x64, 0x10, 0x64, 0x10, 0x64, 0x10, 0x64, 0x10,
    0x64, 0x10, 0x64, 0x10, 0x64, 0x10, 0x64, 0x10, 0x64, 0x10, 0x64, 0x10, 0x64, 0x10, 0x64, 0x10, 0x64, 0x10, 0x64, 0x10, 0x64, 0x10, 0x64, 0x10, 0x64, 0x10, 0x64, 0x10, 0x64, 0x10, 0x64, 0x10,
    0x64, 0x10, 0x64, 0x10, 0x64, 0x10, 0x64, 0x10, 0x64, 0x10, 0x64, 0x10, 0x64, 0x10, 0x64, 0x10, 0x64, 0x10, 0x64, 0x10, 0x64, 0x10, 0x64, 0x10, 0x64, 0x10, 0x64, 0x10, 0x64, 0x10, 0x64, 0x10,
    0x64, 0x10, 0x64, 0x10, 0x64, 0x10, 0x64, 0x10, 0x64, 0x10, 0x64, 0x10, 0x64, 0x10, 0x64, 0x10, 0x64, 0x10, 0x64, 0x10, 0x64, 0x10, 0x64, 0x10, 0x64, 0x10, 0x64, 0x10, 0x64, 0x10, 0x64, 0x10,
    0x64, 0x10, 0x64, 0x10, 0x64, 0x10, 0x64, 0x10, 0x64, 0x10, 0x64, 0x10, 0x64, 0x10, 0x64, 0x10, 0x64, 0x10, 0x64, 0x10, 0x64, 0x10, 0x64, 0x10, 0x64, 0x10, 0x64, 0x10, 0x64, 0x10, 0x64, 0x10,
    0x64, 0x10, 0x64, 0x10, 0x64, 0x10, 0x64, 0x10, 0x64, 0x10, 0x64, 0x10, 0x64, 0x10, 0x64, 0x10, 0x64, 0x10, 0x64, 0x10, 0x64, 0x10, 0x64, 0x10, 0x64, 0x10, 0x64, 0x10, 0x64, 0x10, 0x64, 0x10,
    0x64, 0x10, 0x64, 0x10, 0x64, 0x10, 0x64, 0x10, 0x64, 0x10, 0x64, 0x10, 0x64, 0x10, 0x64, 0x10, 0x64, 0x10, 0x64, 0x10, 0x64, 0x10, 0x64, 0x10, 0x64, 0x10, 0x64, 0x10, 0x64, 0x10, 0x64, 0x10,
    0x64, 0x10, 0x64, 0x10, 0x64, 0x10, 0x64, 0x10, 0x64, 0x10, 0x64, 0x10, 0x64, 0x10, 0x64, 0x10, 0x64, 0x10, 0x64, 0x10, 0x64, 0x10, 0x64, 0x10, 0x64, 0x10, 0x64, 0x10, 0x64, 0x10, 0x64, 0x10,
    0x64, 0x10, 0x64, 0x10, 0x64, 0x10, 0x64, 0x10, 0x64, 0x10, 0x64, 0x10, 0x64, 0x10, 0x64, 0x10, 0x64, 0x10, 0x64, 0x10, 0x64, 0x10, 0x64, 0x10, 0x64, 0x10, 0x64, 0x10, 0x64, 0x10, 0x64, 0x10,
    0x64, 0x10, 0x64, 0x10, 0x64, 0x10, 0x64, 0x10, 0x64, 0x10, 0x64, 0x10, 0x64, 0x10, 0x64, 0x10, 0x64, 0x10, 0x64, 0x10, 0x64, 0x10, 0x64, 0x10, 0x64, 0x10, 0x64, 0x10, 0x64, 0x10, 0x64, 0x10,
    0x64, 0x10, 0x64, 0x10, 0x64, 0x10, 0x64, 0x10, 0x64, 0x10, 0x64, 0x10, 0x64, 0x10, 0x64, 0x10, 0x64, 0x10, 0x64, 0x10, 0x64, 0x10, 0x64, 0x10, 0x64, 0x10, 0x64, 0x10, 0x64, 0x10, 0x64, 0x10,
    0x64, 0x10, 0x64, 0x10, 0x64, 0x10, 0x64, 0x10, 0x64, 0x10, 0x64, 0x10, 0x64, 0x10, 0x64, 0x10, 0x64, 0x10, 0x64, 0x10, 0x64, 0x10, 0x64, 0x10, 0x64, 0x10, 0x64, 0x10, 0x64, 0x10, 0x64, 0x10,
    0x64, 0x10, 0x64, 0x10, 0x64, 0x10, 0x64, 0x10, 0x64, 0x10, 0x64, 0x10, 0x64, 0x10, 0x64, 0x10, 0x64, 0x10, 0x64, 0x10, 0x64, 0x10, 0x64, 0x10, 0x64, 0x10, 0x64, 0x10, 0x64, 0x10, 0x64, 0x10,
    0x64, 0x10, 0x64, 0x10, 0x64, 0x10, 0x64, 0x10, 0x64, 0x10, 0x64, 0x10, 0x64, 0x10, 0x64, 0x10, 0x64, 0x10, 0x64, 0x10, 0x64, 0x10, 0x64, 0x10, 0x64, 0x10, 0x64, 0x10, 0x64, 0x10, 0x64, 0x10,
    0x64, 0x10, 0x64, 0x10, 0x64, 0x10, 0x64, 0x10, 0x64, 0x10, 0x64, 0x10, 0x64, 0x10, 0x64, 0x10, 0x64, 0x10, 0x64, 0x10, 0x64, 0x10, 0x64, 0x10, 0x64, 0x10, 0x64, 0x10, 0x64, 0x10, 0x64, 0x10,
    0x64, 0x10, 0x64, 0x10, 0x64, 0x10, 0x64, 0x10, 0x64, 0x10, 0x64, 0x10, 0x64, 0x10, 0x64, 0x10, 0x64, 0x10, 0x64, 0x10, 0x64, 0x10, 0x64, 0x10, 0x64, 0x10, 0x64, 0x10, 0x64, 0x10, 0x64, 0x10,
    0x64, 0x10, 0x64, 0x10, 0x64, 0x10, 0x64, 0x10, 0x64, 0x10, 0x64, 0x10, 0x64, 0x10, 0x64, 0x10, 0x64, 0x10, 0x64, 0x10, 0x64, 0x10, 0x64, 0x10, 0x64, 0x10, 0x64, 0x10, 0x64, 0x10, 0x64, 0x10,
    0x64, 0x10, 0x64, 0x10, 0x64, 0x10, 0x64, 0x10, 0x64, 0x10, 0x64, 0x10, 0x64, 0x10, 0x64, 0x10, 0x64, 0x10, 0x64, 0x10, 0x64, 0x10, 0x64, 0x10, 0x64, 0x10, 0x64, 0x10, 0x64, 0x10, 0x64, 0x10,
    0x64, 0x10, 0x64, 0x10, 0x64, 0x10, 0x64, 0x10, 0x64, 0x10, 0x64, 0x10, 0x64, 0x10, 0x64, 0x10, 0x64, 0x10, 0x64, 0x10, 0x64, 0x10, 0x64, 0x10, 0x64, 0x10, 0x64, 0x10, 0x64, 0x10, 0x64, 0x10,
    0x64, 0x10, 0x64, 0x10, 0x64, 0x10, 0x64, 0x10, 0x64, 0x10, 0x64, 0x10, 0x64, 0x10, 0x64, 0x10, 0x64, 0x10, 0x64, 0x10, 0x64, 0x10, 0x64, 0x10, 0x64, 0x10, 0x64, 0x10, 0x64, 0x10, 0x64, 0x10,
    0x64, 0x10, 0x64, 0x10, 0x64, 0x10, 0x64, 0x10, 0x64, 0x10, 0x64, 0x10, 0x64, 0x10, 0x64, 0x10, 0x64, 0x10, 0x64, 0x10, 0x64, 0x10, 0x64, 0x10, 0x64, 0x10, 0x64, 0x10, 0x64, 0x10, 0x64, 0x10,
    0x64, 0x10, 0x64, 0x10, 0x64, 0x10, 0x64, 0x10, 0x64, 0x10, 0x64, 0x10, 0x64, 0x10, 0x64, 0x10, 0x64, 0x10, 0x64, 0x10, 0x64, 0x10, 0x64, 0x10, 0x64, 0x10, 0x64, 0x10, 0x64, 0x10, 0x64, 0x10,
    0x64, 0x10, 0x64, 0x10, 0x64, 0x10, 0x64, 0x10, 0x64, 0x10, 0x64, 0x10, 0x64, 0x10, 0x64, 0x10, 0x64, 0x10, 0x64, 0x10, 0x64, 0x10, 0x64, 0x10, 0x64, 0x10, 0x64, 0x10, 0x64, 0x10, 0x64, 0x10,
    0x64, 0x10, 0x64, 0x10, 0x64, 0x10, 0x64, 0x10, 0x64, 0x10, 0x64, 0x10, 0x64, 0x10, 0x64, 0x10, 0x64, 0x10, 0x64, 0x10, 0x64, 0x10, 0x64, 0x10, 0x64, 0x10, 0x64, 0x10, 0x64, 0x10, 0x64, 0x10,
    0x64, 0x10, 0x64, 0x10, 0x64, 0x10, 0x64, 0x10, 0x64, 0x10, 0x64, 0x10, 0x64, 0x10, 0x64, 0x10, 0x64, 0x10, 0x64, 0x10, 0x64, 0x10, 0x64, 0x10, 0x64, 0x10, 0x64, 0x10, 0x64, 0x10, 0x64, 0x10,
    0x64, 0x10, 0x64, 0x10, 0x64, 0x10, 0x64, 0x10, 0x64, 0x10, 0x64, 0x10, 0x64, 0x10, 0x64, 0x10, 0x64, 0x10, 0x64, 0x10, 0x64, 0x10, 0x64, 0x10, 0x64, 0x10, 0x64, 0x10, 0x64, 0x10, 0x64, 0x10,
    0x64, 0x10, 0x64, 0x10, 0x64, 0x10, 0x64, 0x10, 0x64, 0x10, 0x64, 0x10, 0x64, 0x10, 0x64, 0x10, 0x64, 0x10, 0x64, 0x10, 0x64, 0x10, 0x64, 0x10, 0x64, 0x10, 0x64, 0x10, 0x64, 0x10, 0x64, 0x10,
    0x64, 0x10, 0x64, 0x10, 0x64, 0x10, 0x64, 0x10, 0x64, 0x10, 0x64, 0x10, 0x64, 0x10, 0x64, 0x10, 0x64, 0x10, 0x64, 0x10, 0x64, 0x10, 0x64, 0x10, 0x64, 0x10, 0x64, 0x10, 0x64, 0x10, 0x64, 0x10,
    0x64, 0x10, 0x64, 0x10, 0x64, 0x10, 0x64, 0x10, 0x64, 0x10, 0x64, 0x10, 0x64, 0x10, 0x64, 0x10, 0x64, 0x10, 0x64, 0x10, 0x64, 0x10, 0x64, 0x10, 0x64, 0x10, 0x64, 0x10, 0x64, 0x10, 0x64, 0x10,
    0x64, 0x10, 0x64, 0x10, 0x64, 0x10, 0x64, 0x10, 0x64, 0x10, 0x64, 0x10, 0x64, 0x10, 0x64, 0x10, 0x64, 0x10, 0x64, 0x10, 0x64, 0x10, 0x64, 0x10, 0x64, 0x10, 0x64, 0x10, 0x64, 0x10, 0x64, 0x10,
    0x64, 0x10, 0x64, 0x10, 0x64, 0x10, 0x64, 0x10, 0x64, 0x10, 0x64, 0x10, 0x64, 0x10, 0x64, 0x10, 0x64, 0x10, 0x64, 0x10, 0x64, 0x10, 0x64, 0x10, 0x64, 0x10, 0x64, 0x10, 0x64, 0x10, 0x64, 0x10,
    0x64, 0x10, 0x64, 0x10, 0x64, 0x10, 0x64, 0x10, 0x64, 0x10, 0x64, 0x10, 0x64, 0x10, 0x64, 0x10, 0x64, 0x10, 0x64, 0x10, 0x64, 0x10, 0x64, 0x10, 0x64, 0x10, 0x64, 0x10, 0x64, 0x10, 0x64, 0x10,
    0x64, 0x10, 0x64, 0x10, 0x64, 0x10, 0x64, 0x10, 0x64, 0x10, 0x64, 0x10, 0x64, 0x10, 0x64, 0x10, 0x64, 0x10, 0x64, 0x10, 0x64, 0x10, 0x64, 0x10, 0x64, 0x10, 0x64, 0x10, 0x64, 0x10, 0x64, 0x10,
    0x64, 0x10, 0x64, 0x10, 0x64, 0x10, 0x64, 0x10, 0x64, 0x10, 0x64, 0x10, 0x64, 0x10, 0x64, 0x10, 0x64, 0x10, 0x64, 0x10, 0x64, 0x10, 0x64, 0x10, 0x64, 0x10, 0x64, 0x10, 0x64, 0x10, 0x64, 0x10,
    0x64, 0x10, 0x64, 0x10, 0x64, 0x10, 0x64, 0x10, 0x64, 0x10, 0x64, 0x10, 0x64, 0x10, 0x64, 0x10, 0x64, 0x10, 0x64, 0x10, 0x64, 0x10, 0x64, 0x10, 0x64, 0x10, 0x64, 0x10, 0x64, 0x10, 0x64, 0x10,
    0x64, 0x10, 0x64, 0x10, 0x64, 0x10, 0x64, 0x10, 0x64, 0x10, 0x64, 0x10, 0x64, 0x10, 0x64, 0x10, 0x64, 0x10, 0x64, 0x10, 0x64, 0x10, 0x64, 0x10, 0x64, 0x10, 0x64, 0x10, 0x64, 0x10, 0x64, 0x10,
    0x64, 0x10, 0x64, 0x10, 0x64, 0x10, 0x64, 0x10, 0x64, 0x10, 0x64, 0x10, 0x64, 0x10, 0x64, 0x10, 0x64, 0x10, 0x64, 0x10, 0x64, 0x10, 0x64, 0x10, 0x64, 0x10, 0x64, 0x10, 0x64, 0x10, 0x64, 0x10,
    0x64, 0x10, 0x64, 0x10, 0x64, 0x10, 0x64, 0x10, 0x64, 0x10, 0x64, 0x10, 0x64, 0x10, 0x64, 0x10, 0x64, 0x10, 0x64, 0x10, 0x64, 0x10, 0x64, 0x10, 0x64, 0x10, 0x64, 0x10, 0x64, 0x10, 0x64, 0x10,
    0x64, 0x10, 0x64, 0x10, 0x64, 0x10, 0x64, 0x10, 0x64, 0x10, 0x64, 0x10, 0x64, 0x10, 0x64, 0x10, 0x64, 0x10, 0x64, 0x10, 0x64, 0x10, 0x64, 0x10, 0x64, 0x10, 0x64, 0x10, 0x64, 0x10, 0x64, 0x10,
    0x64, 0x10, 0x64, 0x10, 0x64, 0x10, 0x64, 0x10, 0x64, 0x10, 0x64, 0x10, 0x64, 0x10, 0x64, 0x10, 0x64, 0x10, 0x64, 0x10, 0x64, 0x10, 0x64, 0x10, 0x64, 0x10, 0x64, 0x10, 0x64, 0x10, 0x64, 0x10,
    0x64, 0x10, 0x64, 0x10, 0x64, 0x10, 0x64, 0x10, 0x64, 0x10, 0x64, 0x10, 0x64, 0x10, 0x64, 0x10, 0x64, 0x10, 0x64, 0x10, 0x64, 0x10, 0x64, 0x10, 0x64, 0x10, 0x64, 0x10, 0x64, 0x10, 0x64, 0x10,
    0x64, 0x10, 0x64, 0x10, 0x64, 0x10, 0x64, 0x10, 0x64, 0x10, 0x64, 0x10, 0x64, 0x10, 0x64, 0x10, 0x64, 0x10, 0x64, 0x10, 0x64, 0x10, 0x64, 0x10, 0x64, 0x10, 0x64, 0x10, 0x64, 0x10, 0x64, 0x10,
    0x64, 0x10, 0x64, 0x10, 0x64, 0x10, 0x64, 0x10, 0x64, 0x10, 0x64, 0x10, 0x64, 0x10, 0x64, 0x10, 0x64, 0x10, 0x64, 0x10, 0x64, 0x10, 0x64, 0x10, 0x64, 0x10, 0x64, 0x10, 0x64, 0x10, 0x64, 0x10,
    0x64, 0x10, 0x64, 0x10, 0x64, 0x10, 0x64, 0x10, 0x64, 0x10, 0x64, 0x10, 0x64, 0x10, 0x64, 0x10, 0x64, 0x10, 0x64, 0x10, 0x64, 0x10, 0x64, 0x10, 0x64, 0x10, 0x64, 0x10, 0x64, 0x10, 0x64, 0x10,
    0x64, 0x10, 0x64, 0x10, 0x64, 0x10, 0x64, 0x10, 0x64, 0x10, 0x64, 0x10, 0x64, 0x10, 0x64, 0x10, 0x64, 0x10, 0x64, 0x10, 0x64, 0x10, 0x64, 0x10, 0x64, 0x10, 0x64, 0x10, 0x64, 0x10, 0x64, 0x10,
    0x64, 0x10, 0x64, 0x10, 0x64, 0x10, 0x64, 0x10, 0x64, 0x10, 0x64, 0x10, 0x64, 0x10, 0x64, 0x10, 0x64, 0x10, 0x64, 0x10, 0x64, 0x10, 0x64, 0x10, 0x64, 0x10, 0x64, 0x10, 0x64, 0x10, 0x64, 0x10,
    0x64, 0x10, 0x64, 0x10, 0x64, 0x10, 0x64, 0x10, 0x64, 0x10, 0x64, 0x10, 0x64, 0x10, 0x64, 0x10, 0x64, 0x10, 0x64, 0x10, 0x64, 0x10, 0x64, 0x10, 0x64, 0x10, 0x64, 0x10, 0x64, 0x10, 0x64, 0x10,
    0x64, 0x10, 0x64, 0x10, 0x64, 0x10, 0x64, 0x10, 0x64, 0x10, 0x64, 0x10, 0x64, 0x10, 0x64, 0x10, 0x64, 0x10, 0x64, 0x10, 0x64, 0x10, 0x64, 0x10, 0x64, 0x10, 0x64, 0x10, 0x64, 0x10, 0x64, 0x10,
    0x64, 0x10, 0x64, 0x10, 0x64, 0x10, 0x64, 0x10, 0x64, 0x10, 0x64, 0x10, 0x64, 0x10, 0x64, 0x10, 0x64, 0x10, 0x64, 0x10, 0x64, 0x10, 0x64, 0x10, 0x64, 0x10, 0x64, 0x10, 0x64, 0x10, 0x64, 0x10,
    0x64, 0x10, 0x64, 0x10, 0x64, 0x10, 0x64, 0x10, 0x64, 0x10, 0x64, 0x10, 0x64, 0x10, 0x64, 0x10, 0x64, 0x10, 0x64, 0x10, 0x64, 0x10, 0x64, 0x10, 0x64, 0x10, 0x64, 0x10, 0x64, 0x10, 0x64, 0x10,
    0x64, 0x10, 0x64, 0x10, 0x64, 0x10, 0x64, 0x10, 0x64, 0x10, 0x64, 0x10, 0x64, 0x10, 0x64, 0x10, 0x64, 0x10, 0x64, 0x10, 0x64, 0x10, 0x64, 0x10, 0x64, 0x10, 0x64, 0x10, 0x64, 0x10, 0x64, 0x10,
    0x64, 0x10, 0x64, 0x10, 0x64, 0x10, 0x64, 0x10, 0x64, 0x10, 0x64, 0x10, 0x64, 0x10, 0x64, 0x10, 0x64, 0x10, 0x64, 0x10, 0x64, 0x10, 0x64, 0x10, 0x64, 0x10, 0x64, 0x10, 0x64, 0x10, 0x64, 0x10,
    0x64, 0x10, 0x64, 0x10, 0x64, 0x10, 0x64, 0x10, 0x64, 0x10, 0x64, 0x10, 0x64, 0x10, 0x64, 0x10, 0x64, 0x10, 0x64, 0x10, 0x64, 0x10, 0x64, 0x10, 0x64, 0x10, 0x64, 0x10, 0x64, 0x10, 0x64, 0x10,
    0x64, 0x10, 0x64, 0x10, 0x64, 0x10, 0x64, 0x10, 0x64, 0x10, 0x64, 0x10, 0x64, 0x10, 0x64, 0x10, 0x64, 0x10, 0x64, 0x10, 0x64, 0x10, 0x64, 0x10, 0x64, 0x10, 0x64, 0x10, 0x64, 0x10, 0x64, 0x10,
    0x64, 0x10, 0x64, 0x10, 0x64, 0x10, 0x64, 0x10, 0x64, 0x10, 0x64, 0x10, 0x64, 0x10, 0x64, 0x10, 0x64, 0x10, 0x64, 0x10, 0x64, 0x10, 0x64, 0x10, 0x64, 0x10, 0x64, 0x10, 0x64, 0x10, 0x64, 0x10,
    0x64, 0x10, 0x64, 0x10, 0x64, 0x10, 0x64, 0x10, 0x64, 0x10, 0x64, 0x10, 0x64, 0x10, 0x64, 0x10, 0x64, 0x10, 0x64, 0x10, 0x64, 0x10, 0x64, 0x10, 0x64, 0x10, 0x64, 0x10, 0x64, 0x10, 0x64, 0x10,
    0x64, 0x10, 0x64, 0x10, 0x64, 0x10, 0x64, 0x10, 0x64, 0x10, 0x64, 0x10, 0x64, 0x10, 0x64, 0x10, 0x64, 0x10, 0x64, 0x10, 0x64, 0x10, 0x64, 0x10, 0x64, 0x10, 0x64, 0x10, 0x64, 0x10, 0x64, 0x10,
    0x64, 0x10, 0x64, 0x10, 0x64, 0x10, 0x64, 0x10, 0x64, 0x10, 0x64, 0x10, 0x64, 0x10, 0x64, 0x10, 0x64, 0x10, 0x64, 0x10, 0x64, 0x10, 0x64, 0x10, 0x64, 0x10, 0x64, 0x10, 0x64, 0x10, 0x64, 0x10,
    0x64, 0x10, 0x64, 0x10, 0x64, 0x10, 0x64, 0x10, 0x64, 0x10, 0x64, 0x10, 0x64, 0x10, 0x64, 0x10, 0x64, 0x10, 0x64, 0x10, 0x64, 0x10, 0x64, 0x10, 0x64, 0x10, 0x64, 0x10, 0x64, 0x10, 0x64, 0x10,
    0x64, 0x10, 0x64, 0x10, 0x64, 0x10, 0x64, 0x10, 0x64, 0x10, 0x64, 0x10, 0x64, 0x10, 0x64, 0x10, 0x64, 0x10, 0x64, 0x10, 0x64, 0x10, 0x64, 0x10, 0x64, 0x10, 0x64, 0x10, 0x64, 0x10, 0x64, 0x10,
    0x64, 0x10, 0x64, 0x10, 0x64, 0x10, 0x64, 0x10, 0x64, 0x10, 0x64, 0x10, 0x64, 0x10, 0x64, 0x10, 0x64, 0x10, 0x64, 0x10, 0x64, 0x10, 0x64, 0x10, 0x64, 0x10, 0x64, 0x10, 0x64, 0x10, 0x64, 0x10,
    0x64, 0x10, 0x64, 0x10, 0x64, 0x10, 0x64, 0x10, 0x64, 0x10, 0x64, 0x10, 0x64, 0x10, 0x64, 0x10, 0x64, 0x10, 0x64, 0x10, 0x64, 0x10, 0x64, 0x10, 0x64, 0x10, 0x64, 0x10, 0x64, 0x10, 0x64, 0x10,
    0x64, 0x10, 0x64, 0x10, 0x64, 0x10, 0x64, 0x10, 0x64, 0x10, 0x64, 0x10, 0x64, 0x10, 0x64, 0x10, 0x64, 0x10, 0x64, 0x10, 0x64, 0x10, 0x64, 0x10, 0x64, 0x10, 0x64, 0x10, 0x64, 0x10, 0x64, 0x10,
    0x64, 0x10, 0x64, 0x10, 0x64, 0x10, 0x64, 0x10, 0x64, 0x10, 0x64, 0x10, 0x64, 0x10, 0x64, 0x10, 0x64, 0x10, 0x64, 0x10, 0x64, 0x10, 0x64, 0x10, 0x64, 0x10, 0x64, 0x10, 0x64, 0x10, 0x64, 0x10,
    0x64, 0x10, 0x64, 0x10, 0x64, 0x10, 0x64, 0x10, 0x64, 0x10, 0x64, 0x10, 0x64, 0x10, 0x64, 0x10, 0x64, 0x10, 0x64, 0x10, 0x64, 0x10, 0x64, 0x10, 0x64, 0x10, 0x64, 0x10, 0x64, 0x10, 0x64, 0x10,
    0x64, 0x10, 0x64, 0x10, 0x64, 0x10, 0x64, 0x10, 0x64, 0x10, 0x64, 0x10, 0x64, 0x10, 0x64, 0x10, 0x64, 0x10, 0x64, 0x10, 0x64, 0x10, 0x64, 0x10, 0x64, 0x10, 0x64, 0x10, 0x64, 0x10, 0x64, 0x10,
    0x64, 0x10, 0x64, 0x10, 0x64, 0x10, 0x64, 0x10, 0x64, 0x10, 0x64, 0x10, 0x64, 0x10, 0x64, 0x10, 0x64, 0x10, 0x64, 0x10, 0x64, 0x10, 0x64, 0x10, 0x64, 0x10, 0x64, 0x10, 0x64, 0x10, 0x64, 0x10,
    0x64, 0x10, 0x64, 0x10, 0x64, 0x10, 0x64, 0x10, 0x64, 0x10, 0x64, 0x10, 0x64, 0x10, 0x64, 0x10, 0x64, 0x10, 0x64, 0x10, 0x64, 0x10, 0x64, 0x10, 0x64, 0x10, 0x64, 0x10, 0x64, 0x10, 0x64, 0x10,
    0x64, 0x10, 0x64, 0x10, 0x64, 0x10, 0x64, 0x10, 0x64, 0x10, 0x64, 0x10, 0x64, 0x10, 0x64, 0x10, 0x64, 0x10, 0x64, 0x10, 0x64, 0x10, 0x64, 0x10, 0x64, 0x10, 0x64, 0x10, 0x64, 0x10, 0x64, 0x10,
    0x64, 0x10, 0x64, 0x10, 0x64, 0x10, 0x64, 0x10, 0x64, 0x10, 0x64, 0x10, 0x64, 0x10, 0x64, 0x10, 0x64, 0x10, 0x64, 0x10, 0x64, 0x10, 0x64, 0x10, 0x64, 0x10, 0x64, 0x10, 0x64, 0x10, 0x64, 0x10,
    0x64, 0x10, 0x64, 0x10, 0x64, 0x10, 0x64, 0x10, 0x64, 0x10, 0x64, 0x10, 0x64, 0x10, 0x64, 0x10, 0x64, 0x10, 0x64, 0x10, 0x64, 0x10, 0x64, 0x10, 0x64, 0x10, 0x64, 0x10, 0x64, 0x10, 0x64, 0x10,
    0x64, 0x10, 0x64, 0x10, 0x64, 0x10, 0x64, 0x10, 0x64, 0x10, 0x64, 0x10, 0x64, 0x10, 0x64, 0x10, 0x64, 0x10, 0x64, 0x10, 0x64, 0x10, 0x64, 0x10, 0x64, 0x10, 0x64, 0x10, 0x64, 0x10, 0x64, 0x10,
    0x64, 0x10, 0x64, 0x10, 0x64, 0x10, 0x64, 0x10, 0x64, 0x10, 0x64, 0x10, 0x64, 0x10, 0x64, 0x10, 0x64, 0x10, 0x64, 0x10, 0x64, 0x10, 0x64, 0x10, 0x64, 0x10, 0x64, 0x10, 0x64, 0x10, 0x64, 0x10,
    0x64, 0x10, 0x64, 0x10, 0x64, 0x10, 0x64, 0x10, 0x64, 0x10, 0x64, 0x10, 0x64, 0x10, 0x64, 0x10, 0x64, 0x10, 0x64, 0x10, 0x64, 0x10, 0x64, 0x10, 0x64, 0x10, 0x64, 0x10, 0x64, 0x10, 0x64, 0x10,
    0x64, 0x10, 0x64, 0x10, 0x64, 0x10, 0x64, 0x10, 0x64, 0x10, 0x64, 0x10, 0x64, 0x10, 0x64, 0x10, 0x64, 0x10, 0x64, 0x10, 0x64, 0x10, 0x64, 0x10, 0x64, 0x10, 0x64, 0x10, 0x64, 0x10, 0x64, 0x10,
    0x64, 0x10, 0x64, 0x10, 0x64, 0x10, 0x64, 0x10, 0x64, 0x10, 0x64, 0x10, 0x64, 0x10, 0x64, 0x10, 0x64, 0x10, 0x64, 0x10, 0x64, 0x10, 0x64, 0x10, 0x64, 0x10, 0x64, 0x10, 0x64, 0x10, 0x64, 0x10,
    0x64, 0x10, 0x64, 0x10, 0x64, 0x10, 0x64, 0x10, 0x64, 0x10, 0x64, 0x10, 0x64, 0x10, 0x64, 0x10, 0x64, 0x10, 0x64, 0x10, 0x64, 0x10, 0x64, 0x10, 0x64, 0x10, 0x64, 0x10, 0x64, 0x10, 0x64, 0x10,
    0x64, 0x10, 0x64, 0x10, 0x64, 0x10, 0x64, 0x10, 0x64, 0x10, 0x64, 0x10, 0x64, 0x10, 0x64, 0x10, 0x64, 0x10, 0x64, 0x10, 0x64, 0x10, 0x64, 0x10, 0x64, 0x10, 0x64, 0x10, 0x64, 0x10, 0x64, 0x10,
    0x64, 0x10, 0x64, 0x10, 0x64, 0x10, 0x64, 0x10, 0x64, 0x10, 0x64, 0x10, 0x64, 0x10, 0x64, 0x10, 0x64, 0x10, 0x64, 0x10, 0x64, 0x10, 0x64, 0x10, 0x64, 0x10, 0x64, 0x10, 0x64, 0x10, 0x64, 0x10,
    0x64, 0x10, 0x64, 0x10, 0x64, 0x10, 0x64, 0x10, 0x64, 0x10, 0x64, 0x10, 0x64, 0x10, 0x64, 0x10, 0x64, 0x10, 0x64, 0x10, 0x64, 0x10, 0x64, 0x10, 0x64, 0x10, 0x64, 0x10, 0x64, 0x10, 0x64, 0x10,
    0x64, 0x10, 0x64, 0x10, 0x64, 0x10, 0x64, 0x10, 0x64, 0x10, 0x64, 0x10, 0x64, 0x10, 0x64, 0x10, 0x64, 0x10, 0x64, 0x10, 0x64, 0x10, 0x64, 0x10, 0x64, 0x10, 0x64, 0x10, 0x64, 0x10, 0x64, 0x10,
    0x64, 0x10, 0x64, 0x10, 0x64, 0x10, 0x64, 0x10, 0x64, 0x10, 0x64, 0x10, 0x64, 0x10, 0x64, 0x10, 0x64, 0x10, 0x64, 0x10, 0x64, 0x10, 0x64, 0x10, 0x64, 0x10, 0x64, 0x10, 0x64, 0x10, 0x64, 0x10,
    0x64, 0x10, 0x64, 0x10, 0x64, 0x10, 0x64, 0x10, 0x64, 0x10, 0x64, 0x10, 0x64, 0x10, 0x64, 0x10, 0x64, 0x10, 0x64, 0x10, 0x64, 0x10, 0x64, 0x10, 0x64, 0x10, 0x64, 0x10, 0x64, 0x10, 0x64, 0x10,
    0x64, 0x10, 0x64, 0x10, 0x64, 0x10, 0x64, 0x10, 0x64, 0x10, 0x64, 0x10, 0x64, 0x10, 0x64, 0x10, 0x64, 0x10, 0x64, 0x10, 0x64, 0x10, 0x64, 0x10, 0x64, 0x10, 0x64, 0x10, 0x64, 0x10, 0x64, 0x10,
    0x64, 0x10, 0x64, 0x10, 0x64, 0x10, 0x64, 0x10, 0x64, 0x10, 0x64, 0x10, 0x64, 0x10, 0x64, 0x10, 0x64, 0x10, 0x64, 0x10, 0x64, 0x10, 0x64, 0x10, 0x64, 0x10, 0x64, 0x10, 0x64, 0x10, 0x64, 0x10,
    0x64, 0x10, 0x64, 0x10, 0x64, 0x10, 0x64, 0x10, 0x64, 0x10, 0x64, 0x10, 0x64, 0x10, 0x64, 0x10, 0x64, 0x10, 0x64, 0x10, 0x64, 0x10, 0x64, 0x10, 0x64, 0x10, 0x64, 0x10, 0x64, 0x10, 0x64, 0x10,
    0x64, 0x10, 0x64, 0x10, 0x64, 0x10, 0x64, 0x10, 0x64, 0x10, 0x64, 0x10, 0x64, 0x10, 0x64, 0x10, 0x64, 0x10, 0x64, 0x10, 0x64, 0x10, 0x64, 0x10, 0x64, 0x10, 0x64, 0x10, 0x64, 0x10, 0x64, 0x10,
    0x64, 0x10, 0x64, 0x10, 0x64, 0x10, 0x64, 0x10, 0x64, 0x10, 0x64, 0x10, 0x64, 0x10, 0x64, 0x10, 0x64, 0x10, 0x64, 0x10, 0x64, 0x10, 0x64, 0x10, 0x64, 0x10, 0x64, 0x10, 0x64, 0x10, 0x64, 0x10,
    0x64, 0x10, 0x64, 0x10, 0x64, 0x10, 0x64, 0x10, 0x64, 0x10, 0x64, 0x10, 0x64, 0x10, 0x64, 0x10, 0x64, 0x10, 0x64, 0x10, 0x64, 0x10, 0x64, 0x10, 0x64, 0x10, 0x64, 0x10, 0x64, 0x10, 0x64, 0x10,
    0x64, 0x10, 0x64, 0x10, 0x64, 0x10, 0x64, 0x10, 0x64, 0x10, 0x64, 0x10, 0x64, 0x10, 0x64, 0x10, 0x64, 0x10, 0x64, 0x10, 0x64, 0x10, 0x64, 0x10, 0x64, 0x10, 0x64, 0x10, 0x64, 0x10, 0x64, 0x10,
    0x64, 0x10, 0x64, 0x10, 0x64, 0x10, 0x64, 0x10, 0x64, 0x10, 0x64, 0x10, 0x64, 0x10, 0x64, 0x10, 0x64, 0x10, 0x64, 0x10, 0x64, 0x10, 0x64, 0x10, 0x64, 0x10, 0x64, 0x10, 0x64, 0x10, 0x64, 0x10,
    0x64, 0x10, 0x64, 0x10, 0x64, 0x10, 0x64, 0x10, 0x64, 0x10, 0x64, 0x10, 0x64, 0x10, 0x64, 0x10, 0x64, 0x10, 0x64, 0x10, 0x64, 0x10, 0x64, 0x10, 0x64, 0x10, 0x64, 0x10, 0x64, 0x10, 0x64, 0x10,
    0x64, 0x10, 0x64, 0x10, 0x64, 0x10, 0x64, 0x10, 0x64, 0x10, 0x64, 0x10, 0x64, 0x10, 0x64, 0x10, 0x64, 0x10, 0x64, 0x10, 0x64, 0x10, 0x64, 0x10, 0x64, 0x10, 0x64, 0x10, 0x64, 0x10, 0x64, 0x10,
    0x64, 0x10, 0x64, 0x10, 0x64, 0x10, 0x64, 0x10, 0x64, 0x10, 0x64, 0x10, 0x64, 0x10, 0x64, 0x10, 0x64, 0x10, 0x64, 0x10, 0x64, 0x10, 0x64, 0x10, 0x64, 0x10, 0x64, 0x10, 0x64, 0x10, 0x64, 0x10,
    0x64, 0x10, 0x64, 0x10, 0x64, 0x10, 0x64, 0x10, 0x64, 0x10, 0x64, 0x10, 0x64, 0x10, 0x64, 0x10, 0x64, 0x10, 0x64, 0x10, 0x64, 0x10, 0x64, 0x10, 0x64, 0x10, 0x64, 0x10, 0x64, 0x10, 0x64, 0x10,
    0x64, 0x10, 0x64, 0x10, 0x64, 0x10, 0x64, 0x10, 0x64, 0x10, 0x64, 0x10, 0x64, 0x10, 0x64, 0x10, 0x64, 0x10, 0x64, 0x10, 0x64, 0x10, 0x64, 0x10, 0x64, 0x10, 0x64, 0x10, 0x64, 0x10, 0x64, 0x10,
    0x64, 0x10, 0x64, 0x10, 0x64, 0x10, 0x64, 0x10, 0x64, 0x10, 0x64, 0x10, 0x64, 0x10, 0x64, 0x10, 0x64, 0x10, 0x64, 0x10, 0x64, 0x10, 0x64, 0x10, 0x64, 0x10, 0x64, 0x10, 0x64, 0x10, 0x64, 0x10,
    0x64, 0x10, 0x64, 0x10, 0x64, 0x10, 0x64, 0x10, 0x64, 0x10, 0x64, 0x10, 0x64, 0x10, 0x64, 0x10, 0x64, 0x10, 0x64, 0x10, 0x64, 0x10, 0x64, 0x10, 0x64, 0x10, 0x64, 0x10, 0x64, 0x10, 0x64, 0x10,
    0x64, 0x10, 0x64, 0x10, 0x64, 0x10, 0x64, 0x10, 0x64, 0x10, 0x64, 0x10, 0x64, 0x10, 0x64, 0x10, 0x64, 0x10, 0x64, 0x10, 0x64, 0x10, 0x64, 0x10, 0x64, 0x10, 0x64, 0x10, 0x64, 0x10, 0x64, 0x10,
    0x64, 0x10, 0x64, 0x10, 0x64, 0x10, 0x64, 0x10, 0x64, 0x10, 0x64, 0x10, 0x64, 0x10, 0x64, 0x10, 0x64, 0x10, 0x64, 0x10, 0x64, 0x10, 0x64, 0x10, 0x64, 0x10, 0x64, 0x10, 0x64, 0x10, 0x64, 0x10,
    0x64, 0x10, 0x64, 0x10, 0x64, 0x10, 0x64, 0x10, 0x64, 0x10, 0x64, 0x10, 0x64, 0x10, 0x64, 0x10, 0x64, 0x10, 0x64, 0x10, 0x64, 0x10, 0x64, 0x10, 0x64, 0x10, 0x64, 0x10, 0x64, 0x10, 0x64, 0x10,
    0x64, 0x10, 0x64, 0x10, 0x64, 0x10, 0x64, 0x10, 0x64, 0x10, 0x64, 0x10, 0x64, 0x10, 0x64, 0x10, 0x64, 0x10, 0x64, 0x10, 0x64, 0x10, 0x64, 0x10, 0x64, 0x10, 0x64, 0x10, 0x64, 0x10, 0x64, 0x10,
    0x64, 0x10, 0x64, 0x10, 0x64, 0x10, 0x64, 0x10, 0x64, 0x10, 0x64, 0x10, 0x64, 0x10, 0x64, 0x10, 0x64, 0x10, 0x64, 0x10, 0x64, 0x10, 0x64, 0x10, 0x64, 0x10, 0x64, 0x10, 0x64, 0x10, 0x64, 0x10,
    0x64, 0x10, 0x64, 0x10, 0x64, 0x10, 0x64, 0x10, 0x64, 0x10, 0x64, 0x10, 0x64, 0x10, 0x64, 0x10, 0x64, 0x10, 0x64, 0x10, 0x64, 0x10, 0x64, 0x10, 0x64, 0x10, 0x64, 0x10, 0x64, 0x10, 0x64, 0x10,
    0x64, 0x10, 0x64, 0x10, 0x64, 0x10, 0x64, 0x10, 0x64, 0x10, 0x64, 0x10, 0x64, 0x10, 0x64, 0x10, 0x64, 0x10, 0x64, 0x10, 0x64, 0x10, 0x64, 0x10, 0x64, 0x10, 0x64, 0x10, 0x64, 0x10, 0x64, 0x10,
    0x64, 0x10, 0x64, 0x10, 0x64, 0x10, 0x64, 0x10, 0x64, 0x10, 0x64, 0x10, 0x64, 0x10, 0x64, 0x10, 0x64, 0x10, 0x64, 0x10, 0x64, 0x10, 0x64, 0x10, 0x64, 0x10, 0x64, 0x10, 0x64, 0x10, 0x64, 0x10,
    0x64, 0x10, 0x64, 0x10, 0x64, 0x10, 0x64, 0x10, 0x64, 0x10, 0x64, 0x10, 0x64, 0x10, 0x64, 0x10, 0x64, 0x10, 0x64, 0x10, 0x64, 0x10, 0x64, 0x10, 0x64, 0x10, 0x64, 0x10, 0x64, 0x10, 0x64, 0x10,
    0x64, 0x10, 0x64, 0x10, 0x64, 0x10, 0x64, 0x10, 0x64, 0x10, 0x64, 0x10, 0x64, 0x10, 0x64, 0x10, 0x64, 0x10, 0x64, 0x10, 0x64, 0x10, 0x64, 0x10, 0x64, 0x10, 0x64, 0x10, 0x64, 0x10, 0x64, 0x10,
    0x64, 0x10, 0x64, 0x10, 0x64, 0x10, 0x64, 0x10, 0x64, 0x10, 0x64, 0x10, 0x64, 0x10, 0x64, 0x10, 0x64, 0x10, 0x64, 0x10, 0x64, 0x10, 0x64, 0x10, 0x64, 0x10, 0x64, 0x10, 0x64, 0x10, 0x64, 0x10,
    0x64, 0x10, 0x64, 0x10, 0x64, 0x10, 0x64, 0x10, 0x64, 0x10, 0x64, 0x10, 0x64, 0x10, 0x64, 0x10, 0x64, 0x10, 0x64, 0x10, 0x64, 0x10, 0x64, 0x10, 0x64, 0x10, 0x64, 0x10, 0x64, 0x10, 0x64, 0x10,
    0x64, 0x10, 0x64, 0x10, 0x64, 0x10, 0x64, 0x10, 0x64, 0x10, 0x64, 0x10, 0x64, 0x10, 0x64, 0x10, 0x64, 0x10, 0x64, 0x10, 0x64, 0x10, 0x64, 0x10, 0x64, 0x10, 0x64, 0x10, 0x64, 0x10, 0x64, 0x10,
    0x64, 0x10, 0x64, 0x10, 0x64, 0x10, 0x64, 0x10, 0x64, 0x10, 0x64, 0x10, 0x64, 0x10, 0x64, 0x10, 0x64, 0x10, 0x64, 0x10, 0x64, 0x10, 0x64, 0x10, 0x64, 0x10, 0x64, 0x10, 0x64, 0x10, 0x64, 0x10,
    0x64, 0x10, 0x64, 0x10, 0x64, 0x10, 0x64, 0x10, 0x64, 0x10, 0x64, 0x10, 0x64, 0x10, 0x64, 0x10, 0x64, 0x10, 0x64, 0x10, 0x64, 0x10, 0x64, 0x10, 0x64, 0x10, 0x64, 0x10, 0x64, 0x10, 0x64, 0x10,
    0x64, 0x10, 0x64, 0x10, 0x64, 0x10, 0x64, 0x10, 0x64, 0x10, 0x64, 0x10, 0x64, 0x10, 0x64, 0x10, 0x64, 0x10, 0x64, 0x10, 0x64, 0x10, 0x64, 0x10, 0x64, 0x10, 0x64, 0x10, 0x64, 0x10, 0x64, 0x10,
    0x64, 0x10, 0x64, 0x10, 0x64, 0x10, 0x64, 0x10, 0x64, 0x10, 0x64, 0x10, 0x64, 0x10, 0x64, 0x10, 0x64, 0x10, 0x64, 0x10, 0x64, 0x10, 0x64, 0x10, 0x64, 0x10, 0x64, 0x10, 0x64, 0x10, 0x64, 0x10,
    0x64, 0x10, 0x64, 0x10, 0x64, 0x10, 0x64, 0x10, 0x64, 0x10, 0x64, 0x10, 0x64, 0x10, 0x64, 0x10, 0x64, 0x10, 0x64, 0x10, 0x64, 0x10, 0x64, 0x10, 0x64, 0x10, 0x64, 0x10, 0x64, 0x10, 0x64, 0x10,
    0x64, 0x10, 0x64, 0x10, 0x64, 0x10, 0x64, 0x10, 0x64, 0x10, 0x64, 0x10, 0x64, 0x10, 0x64, 0x10, 0x64, 0x10, 0x64, 0x10, 0x64, 0x10, 0x64, 0x10, 0x64, 0x10, 0x64, 0x10, 0x64, 0x10, 0x64, 0x10,
    0x64, 0x10, 0x64, 0x10, 0x64, 0x10, 0x64, 0x10, 0x64, 0x10, 0x64, 0x10, 0x64, 0x10, 0x64, 0x10, 0x64, 0x10, 0x64, 0x10, 0x64, 0x10, 0x64, 0x10, 0x64, 0x10, 0x64, 0x10, 0x64, 0x10, 0x64, 0x10,
    0x64, 0x10, 0x64, 0x10, 0x64, 0x10, 0x64, 0x10, 0x64, 0x10, 0x64, 0x10, 0x64, 0x10, 0x64, 0x10, 0x64, 0x10, 0x64, 0x10, 0x64, 0x10, 0x64, 0x10, 0x64, 0x10, 0x64, 0x10, 0x64, 0x10, 0x64, 0x10,
    0x64, 0x10, 0x64, 0x10, 0x64, 0x10, 0x64, 0x10, 0x64, 0x10, 0x64, 0x10, 0x64, 0x10, 0x64, 0x10, 0x64, 0x10, 0x64, 0x10, 0x64, 0x10, 0x64, 0x10, 0x64, 0x10, 0x64, 0x10, 0x64, 0x10, 0x64, 0x10,
    0x64, 0x10, 0x64, 0x10, 0x64, 0x10, 0x64, 0x10, 0x64, 0x10, 0x64, 0x10, 0x64, 0x10, 0x64, 0x10, 0x64, 0x10, 0x64, 0x10, 0x64, 0x10, 0x64, 0x10, 0x64, 0x10, 0x64, 0x10, 0x64, 0x10, 0x64, 0x10,
    0x64, 0x10, 0x64, 0x10, 0x64, 0x10, 0x64, 0x10, 0x64, 0x10, 0x64, 0x10, 0x64, 0x10, 0x64, 0x10, 0x64, 0x10, 0x64, 0x10, 0x64, 0x10, 0x64, 0x10, 0x64, 0x10, 0x64, 0x10, 0x64, 0x10, 0x64, 0x10,
    0x64, 0x10, 0x64, 0x10, 0x64, 0x10, 0x64, 0x10, 0x64, 0x10, 0x64, 0x10, 0x64, 0x10, 0x64, 0x10, 0x64, 0x10, 0x64, 0x10, 0x64, 0x10, 0x64, 0x10, 0x64, 0x10, 0x64, 0x10, 0x64, 0x10, 0x64, 0x10,
    0x64, 0x10, 0x64, 0x10, 0x64, 0x10, 0x64, 0x10, 0x64, 0x10, 0x64, 0x10, 0x64, 0x10, 0x64, 0x10, 0x64, 0x10, 0x64, 0x10, 0x64, 0x10, 0x64, 0x10, 0x64, 0x10, 0x64, 0x10, 0x64, 0x10, 0x64, 0x10,
    0x64, 0x10, 0x64, 0x10, 0x64, 0x10, 0x64, 0x10, 0x64, 0x10, 0x64, 0x10, 0x64, 0x10, 0x64, 0x10, 0x64, 0x10, 0x64, 0x10, 0x64, 0x10, 0x64, 0x10, 0x64, 0x10, 0x64, 0x10, 0x64, 0x10, 0x64, 0x10,
    0x64, 0x10, 0x64, 0x10, 0x64, 0x10, 0x64, 0x10, 0x64, 0x10, 0x64, 0x10, 0x64, 0x10, 0x64, 0x10, 0x64, 0x10, 0x64, 0x10, 0x64, 0x10, 0x64, 0x10, 0x64, 0x10, 0x64, 0x10, 0x64, 0x10, 0x64, 0x10,
    0x64, 0x10, 0x64, 0x10, 0x64, 0x10, 0x64, 0x10, 0x64, 0x10, 0x64, 0x10, 0x64, 0x10, 0x64, 0x10, 0x64, 0x10, 0x64, 0x10, 0x64, 0x10, 0x64, 0x10, 0x64, 0x10, 0x64, 0x10, 0x64, 0x10, 0x64, 0x10,
    0x64, 0x10, 0x64, 0x10, 0x64, 0x10, 0x64, 0x10, 0x64, 0x10, 0x64, 0x10, 0x64, 0x10, 0x64, 0x10, 0x64, 0x10, 0x64, 0x10, 0x64, 0x10, 0x64, 0x10, 0x64, 0x10, 0x64, 0x10, 0x64, 0x10, 0x64, 0x10,
    0x64, 0x10, 0x64, 0x10, 0x64, 0x10, 0x64, 0x10, 0x64, 0x10, 0x64, 0x10, 0x64, 0x10, 0x64, 0x10, 0x64, 0x10, 0x64, 0x10, 0x64, 0x10, 0x64, 0x10, 0x64, 0x10, 0x64, 0x10, 0x64, 0x10, 0x64, 0x10,
    0x64, 0x10, 0x64, 0x10, 0x64, 0x10, 0x64, 0x10, 0x64, 0x10, 0x64, 0x10, 0x64, 0x10, 0x64, 0x10, 0x64, 0x10, 0x64, 0x10, 0x64, 0x10, 0x64, 0x10, 0x64, 0x10, 0x64, 0x10, 0x64, 0x10, 0x64, 0x10,
    0x64, 0x10, 0x64, 0x10, 0x64, 0x10, 0x64, 0x10, 0x64, 0x10, 0x64, 0x10, 0x64, 0x10, 0x64, 0x10, 0x64, 0x10, 0x64, 0x10, 0x64, 0x10, 0x64, 0x10, 0x64, 0x10, 0x64, 0x10, 0x64, 0x10, 0x64, 0x10,
    0x64, 0x10, 0x64, 0x10, 0x64, 0x10, 0x64, 0x10, 0x64, 0x10, 0x64, 0x10, 0x64, 0x10, 0x64, 0x10, 0x64, 0x10, 0x64, 0x10, 0x64, 0x10, 0x64, 0x10, 0x64, 0x10, 0x64, 0x10, 0x64, 0x10, 0x64, 0x10,
    0x64, 0x10, 0x64, 0x10, 0x64, 0x10, 0x64, 0x10, 0x64, 0x10, 0x64, 0x10, 0x64, 0x10, 0x64, 0x10, 0x64, 0x10, 0x64, 0x10, 0x64, 0x10, 0x64, 0x10, 0x64, 0x10, 0x64, 0x10, 0x64, 0x10, 0x64, 0x10,
    0x64, 0x10, 0x64, 0x10, 0x64, 0x10, 0x64, 0x10, 0x64, 0x10, 0x64, 0x10, 0x64, 0x10, 0x64, 0x10, 0x64, 0x10, 0x64, 0x10, 0x64, 0x10, 0x64, 0x10, 0x64, 0x10, 0x64, 0x10, 0x64, 0x10, 0x64, 0x10,
    0x64, 0x10, 0x64, 0x10, 0x64, 0x10, 0x64, 0x10, 0x64, 0x10, 0x64, 0x10, 0x64, 0x10, 0x64, 0x10, 0x64, 0x10, 0x64, 0x10, 0x64, 0x10, 0x64, 0x10, 0x64, 0x10, 0x64, 0x10, 0x64, 0x10, 0x64, 0x10,
    0x64, 0x10, 0x64, 0x10, 0x64, 0x10, 0x64, 0x10, 0x64, 0x10, 0x64, 0x10, 0x64, 0x10, 0x64, 0x10, 0x64, 0x10, 0x64, 0x10, 0x64, 0x10, 0x64, 0x10, 0x64, 0x10, 0x64, 0x10, 0x64, 0x10, 0x64, 0x10,
    0x64, 0x10, 0x64, 0x10, 0x64, 0x10, 0x64, 0x10, 0x64, 0x10, 0x64, 0x10, 0x64, 0x10, 0x64, 0x10, 0x64, 0x10, 0x64, 0x10, 0x64, 0x10, 0x64, 0x10, 0x64, 0x10, 0x64, 0x10, 0x64, 0x10, 0x64, 0x10,
    0x64, 0x10, 0x64, 0x10, 0x64, 0x10, 0x64, 0x10, 0x64, 0x10, 0x64, 0x10, 0x64, 0x10, 0x64, 0x10, 0x64, 0x10, 0x64, 0x10, 0x64, 0x10, 0x64, 0x10, 0x64, 0x10, 0x64, 0x10, 0x64, 0x10, 0x64, 0x10,
    0x64, 0x10, 0x64, 0x10, 0x64, 0x10, 0x64, 0x10, 0x64, 0x10, 0x64, 0x10, 0x64, 0x10, 0x64, 0x10, 0x64, 0x10, 0x64, 0x10, 0x64, 0x10, 0x64, 0x10, 0x64, 0x10, 0x64, 0x10, 0x64, 0x10, 0x64, 0x10,
    0x64, 0x10, 0x64, 0x10, 0x64, 0x10, 0x64, 0x10, 0x64, 0x10, 0x64, 0x10, 0x64, 0x10, 0x64, 0x10, 0x64, 0x10, 0x64, 0x10, 0x64, 0x10, 0x64, 0x10, 0x64, 0x10, 0x64, 0x10, 0x64, 0x10, 0x64, 0x10,
    0x64, 0x10, 0x64, 0x10, 0x64, 0x10, 0x64, 0x10, 0x64, 0x10, 0x64, 0x10, 0x64, 0x10, 0x64, 0x10, 0x64, 0x10, 0x64, 0x10, 0x64, 0x10, 0x64, 0x10, 0x64, 0x10, 0x64, 0x10, 0x64, 0x10, 0x64, 0x10,
    0x64, 0x10, 0x64, 0x10, 0x64, 0x10, 0x64, 0x10, 0x64, 0x10, 0x64, 0x10, 0x64, 0x10, 0x64, 0x10, 0x64, 0x10, 0x64, 0x10, 0x64, 0x10, 0x64, 0x10, 0x64, 0x10, 0x64, 0x10, 0x64, 0x10, 0x64, 0x10,
    0x64, 0x10, 0x64, 0x10, 0x64, 0x10, 0x64, 0x10, 0x64, 0x10, 0x64, 0x10, 0x64, 0x10, 0x64, 0x10, 0x64, 0x10, 0x64, 0x10, 0x64, 0x10, 0x64, 0x10, 0x64, 0x10, 0x64, 0x10, 0x64, 0x10, 0x64, 0x10,
    0x64, 0x10, 0x64, 0x10, 0x64, 0x10, 0x64, 0x10, 0x64, 0x10, 0x64, 0x10, 0x64, 0x10, 0x64, 0x10, 0x64, 0x10, 0x64, 0x10, 0x64, 0x10, 0x64, 0x10, 0x64, 0x10, 0x64, 0x10, 0x64, 0x10, 0x64, 0x10,
    0x64, 0x10, 0x64, 0x10, 0x64, 0x10, 0x64, 0x10, 0x64, 0x10, 0x64, 0x10, 0x64, 0x10, 0x64, 0x10, 0x64, 0x10, 0x64, 0x10, 0x64, 0x10, 0x64, 0x10, 0x64, 0x10, 0x64, 0x10, 0x64, 0x10, 0x64, 0x10,
    0x64, 0x10, 0x64, 0x10, 0x64, 0x10, 0x64, 0x10, 0x64, 0x10, 0x64, 0x10, 0x64, 0x10, 0x64, 0x10, 0x64, 0x10, 0x64, 0x10, 0x64, 0x10, 0x64, 0x10, 0x64, 0x10, 0x64, 0x10, 0x64, 0x10, 0x64, 0x10,
    0x64, 0x10, 0x64, 0x10, 0x64, 0x10, 0x64, 0x10, 0x64, 0x10, 0x64, 0x10, 0x64, 0x10, 0x64, 0x10, 0x64, 0x10, 0x64, 0x10, 0x64, 0x10, 0x64, 0x10, 0x64, 0x10, 0x64, 0x10, 0x64, 0x10, 0x64, 0x10,
    0x64, 0x10, 0x64, 0x10, 0x64, 0x10, 0x64, 0x10, 0x64, 0x10, 0x64, 0x10, 0x64, 0x10, 0x64, 0x10, 0x64, 0x10, 0x64, 0x10, 0x64, 0x10, 0x64, 0x10, 0x64, 0x10, 0x64, 0x10, 0x64, 0x10, 0x64, 0x10,
    0x64, 0x10, 0x64, 0x10, 0x64, 0x10, 0x64, 0x10, 0x64, 0x10, 0x64, 0x10, 0x64, 0x10, 0x64, 0x10, 0x64, 0x10, 0x64, 0x10, 0x64, 0x10, 0x64, 0x10, 0x64, 0x10, 0x64, 0x10, 0x64, 0x10, 0x64, 0x10,
    0x64, 0x10, 0x64, 0x10, 0x64, 0x10, 0x64, 0x10, 0x64, 0x10, 0x64, 0x10, 0x64, 0x10, 0x64, 0x10, 0x64, 0x10, 0x64, 0x10, 0x64, 0x10, 0x64, 0x10, 0x64, 0x10, 0x64, 0x10, 0x64, 0x10, 0x64, 0x10,
    0x64, 0x10, 0x64, 0x10, 0x64, 0x10, 0x64, 0x10, 0x64, 0x10, 0x64, 0x10, 0x64, 0x10, 0x64, 0x10, 0x64, 0x10, 0x64, 0x10, 0x64, 0x10, 0x64, 0x10, 0x64, 0x10, 0x64, 0x10, 0x64, 0x10, 0x64, 0x10,
    0x64, 0x10, 0x64, 0x10, 0x64, 0x10, 0x64, 0x10, 0x64, 0x10, 0x64, 0x10, 0x64, 0x10, 0x64, 0x10, 0x64, 0x10, 0x64, 0x10, 0x64, 0x10, 0x64, 0x10, 0x64, 0x10, 0x64, 0x10, 0x64, 0x10, 0x64, 0x10,
    0x64, 0x10, 0x64, 0x10, 0x64, 0x10, 0x64, 0x10, 0x64, 0x10, 0x64, 0x10, 0x64, 0x10, 0x64, 0x10, 0x64, 0x10, 0x64, 0x10, 0x64, 0x10, 0x64, 0x10, 0x64, 0x10, 0x64, 0x10, 0x64, 0x10, 0x64, 0x10,
    0x64, 0x10, 0x64, 0x10, 0x64, 0x10, 0x64, 0x10, 0x64, 0x10, 0x64, 0x10, 0x64, 0x10, 0x64, 0x10, 0x64, 0x10, 0x64, 0x10, 0x64, 0x10, 0x64, 0x10, 0x64, 0x10, 0x64, 0x10, 0x64, 0x10, 0x64, 0x10,
    0x64, 0x10, 0x64, 0x10, 0x64, 0x10, 0x64, 0x10, 0x64, 0x10, 0x64, 0x10, 0x64, 0x10, 0x64, 0x10, 0x64, 0x10, 0x64, 0x10, 0x64, 0x10, 0x64, 0x10, 0x64, 0x10, 0x64, 0x10, 0x64, 0x10, 0x64, 0x10,
    0x64, 0x10, 0x64, 0x10, 0x64, 0x10, 0x64, 0x10, 0x64, 0x10, 0x64, 0x10, 0x64, 0x10, 0x64, 0x10, 0x64, 0x10, 0x64, 0x10, 0x64, 0x10, 0x64, 0x10, 0x64, 0x10, 0x64, 0x10, 0x64, 0x10, 0x64, 0x10,
    0x64, 0x10, 0x64, 0x10, 0x64, 0x10, 0x64, 0x10, 0x64, 0x10, 0x64, 0x10, 0x64, 0x10, 0x64, 0x10, 0x64, 0x10, 0x64, 0x10, 0x64, 0x10, 0x64, 0x10, 0x64, 0x10, 0x64, 0x10, 0x64, 0x10, 0x64, 0x10,
    0x64, 0x10, 0x64, 0x10, 0x64, 0x10, 0x64, 0x10, 0x64, 0x10, 0x64, 0x10, 0x64, 0x10, 0x64, 0x10, 0x64, 0x10, 0x64, 0x10, 0x64, 0x10, 0x64, 0x10, 0x64, 0x10, 0x64, 0x10, 0x64, 0x10, 0x64, 0x10,
    0x64, 0x10, 0x64, 0x10, 0x64, 0x10, 0x64, 0x10, 0x64, 0x10, 0x64, 0x10, 0x64, 0x10, 0x64, 0x10, 0x64, 0x10, 0x64, 0x10, 0x64, 0x10, 0x64, 0x10, 0x64, 0x10, 0x64, 0x10, 0x64, 0x10, 0x64, 0x10,
    0x64, 0x10, 0x64, 0x10, 0x64, 0x10, 0x64, 0x10, 0x64, 0x10, 0x64, 0x10, 0x64, 0x10, 0x64, 0x10, 0x64, 0x10, 0x64, 0x10, 0x64, 0x10, 0x64, 0x10, 0x64, 0x10, 0x64, 0x10, 0x64, 0x10, 0x64, 0x10,
    0x64, 0x10, 0x64, 0x10, 0x64, 0x10, 0x64, 0x10, 0x64, 0x10, 0x64, 0x10, 0x64, 0x10, 0x64, 0x10, 0x64, 0x10, 0x64, 0x10, 0x64, 0x10, 0x64, 0x10, 0x64, 0x10, 0x64, 0x10, 0x64, 0x10, 0x64, 0x10,
    0x64, 0x10, 0x64, 0x10, 0x64, 0x10, 0x64, 0x10, 0x64, 0x10, 0x64, 0x10, 0x64, 0x10, 0x64, 0x10, 0x64, 0x10, 0x64, 0x10, 0x64, 0x10, 0x64, 0x10, 0x64, 0x10, 0x64, 0x10, 0x64, 0x10, 0x64, 0x10,
    0x64, 0x10, 0x64, 0x10, 0x64, 0x10, 0x64, 0x10, 0x64, 0x10, 0x64, 0x10, 0x64, 0x10, 0x64, 0x10, 0x64, 0x10, 0x64, 0x10, 0x64, 0x10, 0x64, 0x10, 0x64, 0x10, 0x64, 0x10, 0x64, 0x10, 0x64, 0x10,
    0x64, 0x10, 0x64, 0x10, 0x64, 0x10, 0x64, 0x10, 0x64, 0x10, 0x64, 0x10, 0x64, 0x10, 0x64, 0x10, 0x64, 0x10, 0x64, 0x10, 0x64, 0x10, 0x64, 0x10, 0x64, 0x10, 0x64, 0x10, 0x64, 0x10, 0x64, 0x10,
    0x64, 0x10, 0x64, 0x10, 0x64, 0x10, 0x64, 0x10, 0x64, 0x10, 0x64, 0x10, 0x64, 0x10, 0x64, 0x10, 0x64, 0x10, 0x64, 0x10, 0x64, 0x10, 0x64, 0x10, 0x64, 0x10, 0x64, 0x10, 0x64, 0x10, 0x64, 0x10,
    0x64, 0x10, 0x64, 0x10, 0x64, 0x10, 0x64, 0x10, 0x64, 0x10, 0x64, 0x10, 0x64, 0x10, 0x64, 0x10, 0x64, 0x10, 0x64, 0x10, 0x64, 0x10, 0x64, 0x10, 0x64, 0x10, 0x64, 0x10, 0x64, 0x10, 0x64, 0x10,
    0x64, 0x10, 0x64, 0x10, 0x64, 0x10, 0x64, 0x10, 0x64, 0x10, 0x64, 0x10, 0x64, 0x10, 0x64, 0x10, 0x64, 0x10, 0x64, 0x10, 0x64, 0x10, 0x64, 0x10, 0x64, 0x10, 0x64, 0x10, 0x64, 0x10, 0x64, 0x10,
    0x64, 0x10, 0x64, 0x10, 0x64, 0x10, 0x64, 0x10, 0x64, 0x10, 0x64, 0x10, 0x64, 0x10, 0x64, 0x10, 0x64, 0x10, 0x64, 0x10, 0x64, 0x10, 0x64, 0x10, 0x64, 0x10, 0x64, 0x10, 0x64, 0x10, 0x64, 0x10,
    0x64, 0x10, 0x64, 0x10, 0x64, 0x10, 0x64, 0x10, 0x64, 0x10, 0x64, 0x10, 0x64, 0x10, 0x64, 0x10, 0x64, 0x10, 0x64, 0x10, 0x64, 0x10, 0x64, 0x10, 0x64, 0x10, 0x64, 0x10, 0x64, 0x10, 0x64, 0x10,
    0x64, 0x10, 0x64, 0x10, 0x64, 0x10, 0x64, 0x10, 0x64, 0x10, 0x64, 0x10, 0x64, 0x10, 0x64, 0x10, 0x64, 0x10, 0x64, 0x10, 0x64, 0x10, 0x64, 0x10, 0x64, 0x10, 0x64, 0x10, 0x64, 0x10, 0x64, 0x10,
    0x64, 0x10, 0x64, 0x10, 0x64, 0x10, 0x64, 0x10, 0x64, 0x10, 0x64, 0x10, 0x64, 0x10, 0x64, 0x10, 0x64, 0x10, 0x64, 0x10, 0x64, 0x10, 0x64, 0x10, 0x64, 0x10, 0x64, 0x10, 0x64, 0x10, 0x64, 0x10,
    0x64, 0x10, 0x64, 0x10, 0x64, 0x10, 0x64, 0x10, 0x64, 0x10, 0x64, 0x10, 0x64, 0x10, 0x64, 0x10, 0x64, 0x10, 0x64, 0x10, 0x64, 0x10, 0x64, 0x10, 0x64, 0x10, 0x64, 0x10, 0x64, 0x10, 0x64, 0x10,
    0x64, 0x10, 0x64, 0x10, 0x64, 0x10, 0x64, 0x10, 0x64, 0x10, 0x64, 0x10, 0x64, 0x10, 0x64, 0x10, 0x64, 0x10, 0x64, 0x10, 0x64, 0x10, 0x64, 0x10, 0x64, 0x10, 0x64, 0x10, 0x64, 0x10, 0x64, 0x10,
    0x64, 0x10, 0x64, 0x10, 0x64, 0x10, 0x64, 0x10, 0x64, 0x10, 0x64, 0x10, 0x64, 0x10, 0x64, 0x10, 0x64, 0x10, 0x64, 0x10, 0x64, 0x10, 0x64, 0x10, 0x64, 0x10, 0x64, 0x10, 0x64, 0x10, 0x64, 0x10,
    0x64, 0x10, 0x64, 0x10, 0x64, 0x10, 0x64, 0x10, 0x64, 0x10, 0x64, 0x10, 0x64, 0x10, 0x64, 0x10, 0x64, 0x10, 0x64, 0x10, 0x64, 0x10, 0x64, 0x10, 0x64, 0x10, 0x64, 0x10, 0x64, 0x10, 0x64, 0x10,
    0x64, 0x10, 0x64, 0x10, 0x64, 0x10, 0x64, 0x10, 0x64, 0x10, 0x64, 0x10, 0x64, 0x10, 0x64, 0x10, 0x64, 0x10, 0x64, 0x10, 0x64, 0x10, 0x64, 0x10, 0x64, 0x10, 0x64, 0x10, 0x64, 0x10, 0x64, 0x10,
    0x64, 0x10, 0x64, 0x10, 0x64, 0x10, 0x64, 0x10, 0x64, 0x10, 0x64, 0x10, 0x64, 0x10, 0x64, 0x10, 0x64, 0x10, 0x64, 0x10, 0x64, 0x10, 0x64, 0x10, 0x64, 0x10, 0x64, 0x10, 0x64, 0x10, 0x64, 0x10,
    0x64, 0x10, 0x64, 0x10, 0x64, 0x10, 0x64, 0x10, 0x64, 0x10, 0x64, 0x10, 0x64, 0x10, 0x64, 0x10, 0x64, 0x10, 0x64, 0x10, 0x64, 0x10, 0x64, 0x10, 0x64, 0x10, 0x64, 0x10, 0x64, 0x10, 0x64, 0x10,
    0x64, 0x10, 0x64, 0x10, 0x64, 0x10, 0x64, 0x10, 0x64, 0x10, 0x64, 0x10, 0x64, 0x10, 0x64, 0x10, 0x64, 0x10, 0x64, 0x10, 0x64, 0x10, 0x64, 0x10, 0x64, 0x10, 0x64, 0x10, 0x64, 0x10, 0x64, 0x10,
    0x64, 0x10, 0x64, 0x10, 0x64, 0x10, 0x64, 0x10, 0x64, 0x10, 0x64, 0x10, 0x64, 0x10, 0x64, 0x10, 0x64, 0x10, 0x64, 0x10, 0x64, 0x10, 0x64, 0x10, 0x64, 0x10, 0x64, 0x10, 0x64, 0x10, 0x64, 0x10,
    0x64, 0x10, 0x64, 0x10, 0x64, 0x10, 0x64, 0x10, 0x64, 0x10, 0x64, 0x10, 0x64, 0x10, 0x64, 0x10, 0x64, 0x10, 0x64, 0x10, 0x64, 0x10, 0x64, 0x10, 0x64, 0x10, 0x64, 0x10, 0x64, 0x10, 0x64, 0x10,
    0x64, 0x10, 0x64, 0x10, 0x64, 0x10, 0x64, 0x10, 0x64, 0x10, 0x64, 0x10, 0x64, 0x10, 0x64, 0x10, 0x64, 0x10, 0x64, 0x10, 0x64, 0x10, 0x64, 0x10, 0x64, 0x10, 0x64, 0x10, 0x64, 0x10, 0x64, 0x10,
    0x64, 0x10, 0x64, 0x10, 0x64, 0x10, 0x64, 0x10, 0x64, 0x10, 0x64, 0x10, 0x64, 0x10, 0x64, 0x10, 0x64, 0x10, 0x64, 0x10, 0x64, 0x10, 0x64, 0x10, 0x64, 0x10, 0x64, 0x10, 0x64, 0x10, 0x64, 0x10,
    0x64, 0x10, 0x64, 0x10, 0x64, 0x10, 0x64, 0x10, 0x64, 0x10, 0x64, 0x10, 0x64, 0x10, 0x64, 0x10, 0x64, 0x10, 0x64, 0x10, 0x64, 0x10, 0x64, 0x10, 0x64, 0x10, 0x64, 0x10, 0x64, 0x10, 0x64, 0x10,
    0x64, 0x10, 0x64, 0x10, 0x64, 0x10, 0x64, 0x10, 0x64, 0x10, 0x64, 0x10, 0x64, 0x10, 0x64, 0x10, 0x64, 0x10, 0x64, 0x10, 0x64, 0x10, 0x64, 0x10, 0x64, 0x10, 0x64, 0x10, 0x64, 0x10, 0x64, 0x10,
    0x64, 0x10, 0x64, 0x10, 0x64, 0x10, 0x64, 0x10, 0x64, 0x10, 0x64, 0x10, 0x64, 0x10, 0x64, 0x10, 0x64, 0x10, 0x64, 0x10, 0x64, 0x10, 0x64, 0x10, 0x64, 0x10, 0x64, 0x10, 0x64, 0x10, 0x64, 0x10,
    0x64, 0x10, 0x64, 0x10, 0x64, 0x10, 0x64, 0x10, 0x64, 0x10, 0x64, 0x10, 0x64, 0x10, 0x64, 0x10, 0x64, 0x10, 0x64, 0x10, 0x64, 0x10, 0x64, 0x10, 0x64, 0x10, 0x64, 0x10, 0x64, 0x10, 0x64, 0x10,
    0x64, 0x10, 0x64, 0x10, 0x64, 0x10, 0x64, 0x10, 0x64, 0x10, 0x64, 0x10, 0x64, 0x10, 0x64, 0x10, 0x64, 0x10, 0x64, 0x10, 0x64, 0x10, 0x64, 0x10, 0x64, 0x10, 0x64, 0x10, 0x64, 0x10, 0x64, 0x10,
    0x64, 0x10, 0x64, 0x10, 0x64, 0x10, 0x64, 0x10, 0x64, 0x10, 0x64, 0x10, 0x64, 0x10, 0x64, 0x10, 0x64, 0x10, 0x64, 0x10, 0x64, 0x10, 0x64, 0x10, 0x64, 0x10, 0x64, 0x10, 0x64, 0x10, 0x64, 0x10,
    0x64, 0x10, 0x64, 0x10, 0x64, 0x10, 0x64, 0x10, 0x64, 0x10, 0x64, 0x10, 0x64, 0x10, 0x64, 0x10, 0x64, 0x10, 0x64, 0x10, 0x64, 0x10, 0x64, 0x10, 0x64, 0x10, 0x64, 0x10, 0x64, 0x10, 0x64, 0x10,
    0x64, 0x10, 0x64, 0x10, 0x64, 0x10, 0x64, 0x10, 0x64, 0x10, 0x64, 0x10, 0x64, 0x10, 0x64, 0x10, 0x64, 0x10, 0x64, 0x10, 0x64, 0x10, 0x64, 0x10, 0x64, 0x10, 0x64, 0x10, 0x64, 0x10, 0x64, 0x10,
    0x64, 0x10, 0x64, 0x10, 0x64, 0x10, 0x64, 0x10, 0x64, 0x10, 0x64, 0x10, 0x64, 0x10, 0x64, 0x10, 0x64, 0x10, 0x64, 0x10, 0x64, 0x10, 0x64, 0x10, 0x64, 0x10, 0x64, 0x10, 0x64, 0x10, 0x64, 0x10,
    0x64, 0x10, 0x64, 0x10, 0x64, 0x10, 0x64, 0x10, 0x64, 0x10, 0x64, 0x10, 0x64, 0x10, 0x64, 0x10, 0x64, 0x10, 0x64, 0x10, 0x64, 0x10, 0x64, 0x10, 0x64, 0x10, 0x64, 0x10, 0x64, 0x10, 0x64, 0x10,
    0x64, 0x10, 0x64, 0x10, 0x64, 0x10, 0x64, 0x10, 0x64, 0x10, 0x64, 0x10, 0x64, 0x10, 0x64, 0x10, 0x64, 0x10, 0x64, 0x10, 0x64, 0x10, 0x64, 0x10, 0x64, 0x10, 0x64, 0x10, 0x64, 0x10, 0x64, 0x10,
    0x64, 0x10, 0x64, 0x10, 0x64, 0x10, 0x64, 0x10, 0x64, 0x10, 0x64, 0x10, 0x64, 0x10, 0x64, 0x10, 0x64, 0x10, 0x64, 0x10, 0x64, 0x10, 0x64, 0x10, 0x64, 0x10, 0x64, 0x10, 0x64, 0x10, 0x64, 0x10,
    0x64, 0x10, 0x64, 0x10, 0x64, 0x10, 0x64, 0x10, 0x64, 0x10, 0x64, 0x10, 0x64, 0x10, 0x64, 0x10, 0x64, 0x10, 0x64, 0x10, 0x64, 0x10, 0x64, 0x10, 0x64, 0x10, 0x64, 0x10, 0x64, 0x10, 0x64, 0x10,
    0x64, 0x10, 0x64, 0x10, 0x64, 0x10, 0x64, 0x10, 0x64, 0x10, 0x64, 0x10, 0x64, 0x10, 0x64, 0x10, 0x64, 0x10, 0x64, 0x10, 0x64, 0x10, 0x64, 0x10, 0x64, 0x10, 0x64, 0x10, 0x64, 0x10, 0x64, 0x10,
    0x64, 0x10, 0x64, 0x10, 0x64, 0x10, 0x64, 0x10, 0x64, 0x10, 0x64, 0x10, 0x64, 0x10, 0x64, 0x10, 0x64, 0x10, 0x64, 0x10, 0x64, 0x10, 0x64, 0x10, 0x64, 0x10, 0x64, 0x10, 0x64, 0x10, 0x64, 0x10,
    0x64, 0x10, 0x64, 0x10, 0x64, 0x10, 0x64, 0x10, 0x64, 0x10, 0x64, 0x10, 0x64, 0x10, 0x64, 0x10, 0x64, 0x10, 0x64, 0x10, 0x64, 0x10, 0x64, 0x10, 0x64, 0x10, 0x64, 0x10, 0x64, 0x10, 0x64, 0x10,
    0x64, 0x10, 0x64, 0x10, 0x64, 0x10, 0x64, 0x10, 0x64, 0x10, 0x64, 0x10, 0x64, 0x10, 0x64, 0x10, 0x64, 0x10, 0x64, 0x10, 0x64, 0x10, 0x64, 0x10, 0x64, 0x10, 0x64, 0x10, 0x64, 0x10, 0x64, 0x10,
    0x64, 0x10, 0x64, 0x10, 0x64, 0x10, 0x64, 0x10, 0x64, 0x10, 0x64, 0x10, 0x64, 0x10, 0x64, 0x10, 0x64, 0x10, 0x64, 0x10, 0x64, 0x10, 0x64, 0x10, 0x64, 0x10, 0x64, 0x10, 0x64, 0x10, 0x64, 0x10,
    0x64, 0x10, 0x64, 0x10, 0x64, 0x10, 0x64, 0x10, 0x64, 0x10, 0x64, 0x10, 0x64, 0x10, 0x64, 0x10, 0x64, 0x10, 0x64, 0x10, 0x64, 0x10, 0x64, 0x10, 0x64, 0x10, 0x64, 0x10, 0x64, 0x10, 0x64, 0x10,
    0x64, 0x10, 0x64, 0x10, 0x64, 0x10, 0x64, 0x10, 0x64, 0x10, 0x64, 0x10, 0x64, 0x10, 0x64, 0x10, 0x64, 0x10, 0x64, 0x10, 0x64, 0x10, 0x64, 0x10, 0x64, 0x10, 0x64, 0x10, 0x64, 0x10, 0x64, 0x10,
    0x64, 0x10, 0x64, 0x10, 0x64, 0x10, 0x64, 0x10, 0x64, 0x10, 0x64, 0x10, 0x64, 0x10, 0x64, 0x10, 0x64, 0x10, 0x64, 0x10, 0x64, 0x10, 0x64, 0x10, 0x64, 0x10, 0x64, 0x10, 0x64, 0x10, 0x64, 0x10,
    0x64, 0x10, 0x64, 0x10, 0x64, 0x10, 0x64, 0x10, 0x64, 0x10, 0x64, 0x10, 0x64, 0x10, 0x64, 0x10, 0x64, 0x10, 0x64, 0x10, 0x64, 0x10, 0x64, 0x10, 0x64, 0x10, 0x64, 0x10, 0x64, 0x10, 0x64, 0x10,
    0x64, 0x10, 0x64, 0x10, 0x64, 0x10, 0x64, 0x10, 0x64, 0x10, 0x64, 0x10, 0x64, 0x10, 0x64, 0x10, 0x64, 0x10, 0x64, 0x10, 0x64, 0x10, 0x64, 0x10, 0x64, 0x10, 0x64, 0x10, 0x64, 0x10, 0x64, 0x10,
    0x64, 0x10, 0x64, 0x10, 0x64, 0x10, 0x64, 0x10, 0x64, 0x10, 0x64, 0x10, 0x64, 0x10, 0x64, 0x10, 0x64, 0x10, 0x64, 0x10, 0x64, 0x10, 0x64, 0x10, 0x64, 0x10, 0x64, 0x10, 0x64, 0x10, 0x64, 0x10,
    0x64, 0x10, 0x64, 0x10, 0x64, 0x10, 0x64, 0x10, 0x64, 0x10, 0x64, 0x10, 0x64, 0x10, 0x64, 0x10, 0x64, 0x10, 0x64, 0x10, 0x64, 0x10, 0x64, 0x10, 0x64, 0x10, 0x64, 0x10, 0x64, 0x10, 0x64, 0x10,
    0x64, 0x10, 0x64, 0x10, 0x64, 0x10, 0x64, 0x10, 0x64, 0x10, 0x64, 0x10, 0x64, 0x10, 0x64, 0x10, 0x64, 0x10, 0x64, 0x10, 0x64, 0x10, 0x64, 0x10, 0x64, 0x10, 0x64, 0x10, 0x64, 0x10, 0x64, 0x10,
};

const lv_img_dsc_t dongle_screen_background = {
    .header = {
        .cf = LV_IMG_CF_TRUE_COLOR,
        .always_zero = 0,
        .reserved = 0,
        .w = 280,
        .h = 240,
    },
    .data_size = 134400,
    .data = background_map,
};
